fixture_id,season,date,stage,group,matchday,home_team,away_team,home_goals,away_goals,status
441789,2023/24,2023-08-18 18:30:00+00:00,REGULAR_SEASON,,1,SV Werder Bremen,FC Bayern München,0,4,FINISHED
441792,2023/24,2023-08-19 13:30:00+00:00,REGULAR_SEASON,,1,Bayer 04 Leverkusen,RB Leipzig,3,2,FINISHED
441794,2023/24,2023-08-19 13:30:00+00:00,REGULAR_SEASON,,1,VfL Wolfsburg,1. FC Heidenheim 1846,2,0,FINISHED
441795,2023/24,2023-08-19 13:30:00+00:00,REGULAR_SEASON,,1,TSG 1899 Hoffenheim,SC Freiburg,1,2,FINISHED
441796,2023/24,2023-08-19 13:30:00+00:00,REGULAR_SEASON,,1,FC Augsburg,Borussia Mönchengladbach,4,4,FINISHED
441797,2023/24,2023-08-19 13:30:00+00:00,REGULAR_SEASON,,1,VfB Stuttgart,VfL Bochum 1848,5,0,FINISHED
441790,2023/24,2023-08-19 16:30:00+00:00,REGULAR_SEASON,,1,Borussia Dortmund,1. FC Köln,1,0,FINISHED
441791,2023/24,2023-08-20 13:30:00+00:00,REGULAR_SEASON,,1,1. FC Union Berlin,1. FSV Mainz 05,4,1,FINISHED
441793,2023/24,2023-08-20 15:30:00+00:00,REGULAR_SEASON,,1,Eintracht Frankfurt,SV Darmstadt 98,1,0,FINISHED
441799,2023/24,2023-08-25 18:30:00+00:00,REGULAR_SEASON,,2,RB Leipzig,VfB Stuttgart,5,1,FINISHED
441800,2023/24,2023-08-26 13:30:00+00:00,REGULAR_SEASON,,2,SC Freiburg,SV Werder Bremen,1,0,FINISHED
441805,2023/24,2023-08-26 13:30:00+00:00,REGULAR_SEASON,,2,1. FC Heidenheim 1846,TSG 1899 Hoffenheim,2,3,FINISHED
441803,2023/24,2023-08-26 13:30:00+00:00,REGULAR_SEASON,,2,1. FC Köln,VfL Wolfsburg,1,2,FINISHED
441806,2023/24,2023-08-26 13:30:00+00:00,REGULAR_SEASON,,2,SV Darmstadt 98,1. FC Union Berlin,1,4,FINISHED
441804,2023/24,2023-08-26 13:30:00+00:00,REGULAR_SEASON,,2,VfL Bochum 1848,Borussia Dortmund,1,1,FINISHED
441802,2023/24,2023-08-26 16:30:00+00:00,REGULAR_SEASON,,2,Borussia Mönchengladbach,Bayer 04 Leverkusen,0,3,FINISHED
441801,2023/24,2023-08-27 13:30:00+00:00,REGULAR_SEASON,,2,1. FSV Mainz 05,Eintracht Frankfurt,1,1,FINISHED
441798,2023/24,2023-08-27 15:30:00+00:00,REGULAR_SEASON,,2,FC Bayern München,FC Augsburg,3,1,FINISHED
441807,2023/24,2023-09-01 18:30:00+00:00,REGULAR_SEASON,,3,Borussia Dortmund,1. FC Heidenheim 1846,2,2,FINISHED
441812,2023/24,2023-09-02 13:30:00+00:00,REGULAR_SEASON,,3,TSG 1899 Hoffenheim,VfL Wolfsburg,3,1,FINISHED
441815,2023/24,2023-09-02 13:30:00+00:00,REGULAR_SEASON,,3,VfB Stuttgart,SC Freiburg,5,0,FINISHED
441813,2023/24,2023-09-02 13:30:00+00:00,REGULAR_SEASON,,3,SV Werder Bremen,1. FSV Mainz 05,4,0,FINISHED
441809,2023/24,2023-09-02 13:30:00+00:00,REGULAR_SEASON,,3,Bayer 04 Leverkusen,SV Darmstadt 98,5,1,FINISHED
441814,2023/24,2023-09-02 13:30:00+00:00,REGULAR_SEASON,,3,FC Augsburg,VfL Bochum 1848,2,2,FINISHED
441811,2023/24,2023-09-02 16:30:00+00:00,REGULAR_SEASON,,3,Borussia Mönchengladbach,FC Bayern München,1,2,FINISHED
441810,2023/24,2023-09-03 13:30:00+00:00,REGULAR_SEASON,,3,Eintracht Frankfurt,1. FC Köln,1,1,FINISHED
441808,2023/24,2023-09-03 15:30:00+00:00,REGULAR_SEASON,,3,1. FC Union Berlin,RB Leipzig,0,3,FINISHED
441816,2023/24,2023-09-15 18:30:00+00:00,REGULAR_SEASON,,4,FC Bayern München,Bayer 04 Leverkusen,2,2,FINISHED
441821,2023/24,2023-09-16 13:30:00+00:00,REGULAR_SEASON,,4,1. FC Köln,TSG 1899 Hoffenheim,1,3,FINISHED
441818,2023/24,2023-09-16 13:30:00+00:00,REGULAR_SEASON,,4,SC Freiburg,Borussia Dortmund,2,4,FINISHED
441820,2023/24,2023-09-16 13:30:00+00:00,REGULAR_SEASON,,4,1. FSV Mainz 05,VfB Stuttgart,1,3,FINISHED
441817,2023/24,2023-09-16 13:30:00+00:00,REGULAR_SEASON,,4,RB Leipzig,FC Augsburg,3,0,FINISHED
441819,2023/24,2023-09-16 13:30:00+00:00,REGULAR_SEASON,,4,VfL Wolfsburg,1. FC Union Berlin,2,1,FINISHED
441822,2023/24,2023-09-16 16:30:00+00:00,REGULAR_SEASON,,4,VfL Bochum 1848,Eintracht Frankfurt,1,1,FINISHED
441823,2023/24,2023-09-17 13:30:00+00:00,REGULAR_SEASON,,4,1. FC Heidenheim 1846,SV Werder Bremen,4,2,FINISHED
441824,2023/24,2023-09-17 15:30:00+00:00,REGULAR_SEASON,,4,SV Darmstadt 98,Borussia Mönchengladbach,3,3,FINISHED
441833,2023/24,2023-09-22 18:30:00+00:00,REGULAR_SEASON,,5,VfB Stuttgart,SV Darmstadt 98,3,1,FINISHED
441825,2023/24,2023-09-23 13:30:00+00:00,REGULAR_SEASON,,5,FC Bayern München,VfL Bochum 1848,7,0,FINISHED
441830,2023/24,2023-09-23 13:30:00+00:00,REGULAR_SEASON,,5,Borussia Mönchengladbach,RB Leipzig,0,1,FINISHED
441827,2023/24,2023-09-23 13:30:00+00:00,REGULAR_SEASON,,5,1. FC Union Berlin,TSG 1899 Hoffenheim,0,2,FINISHED
441826,2023/24,2023-09-23 13:30:00+00:00,REGULAR_SEASON,,5,Borussia Dortmund,VfL Wolfsburg,1,0,FINISHED
441832,2023/24,2023-09-23 13:30:00+00:00,REGULAR_SEASON,,5,FC Augsburg,1. FSV Mainz 05,2,1,FINISHED
441831,2023/24,2023-09-23 16:30:00+00:00,REGULAR_SEASON,,5,SV Werder Bremen,1. FC Köln,2,1,FINISHED
441828,2023/24,2023-09-24 13:30:00+00:00,REGULAR_SEASON,,5,Bayer 04 Leverkusen,1. FC Heidenheim 1846,4,1,FINISHED
441829,2023/24,2023-09-24 15:30:00+00:00,REGULAR_SEASON,,5,Eintracht Frankfurt,SC Freiburg,0,0,FINISHED
441839,2023/24,2023-09-29 18:30:00+00:00,REGULAR_SEASON,,6,TSG 1899 Hoffenheim,Borussia Dortmund,1,3,FINISHED
441836,2023/24,2023-09-30 13:30:00+00:00,REGULAR_SEASON,,6,VfL Wolfsburg,Eintracht Frankfurt,2,0,FINISHED
441837,2023/24,2023-09-30 13:30:00+00:00,REGULAR_SEASON,,6,1. FSV Mainz 05,Bayer 04 Leverkusen,0,3,FINISHED
441838,2023/24,2023-09-30 13:30:00+00:00,REGULAR_SEASON,,6,1. FC Köln,VfB Stuttgart,0,2,FINISHED
441840,2023/24,2023-09-30 13:30:00+00:00,REGULAR_SEASON,,6,VfL Bochum 1848,Borussia Mönchengladbach,1,3,FINISHED
441841,2023/24,2023-09-30 13:30:00+00:00,REGULAR_SEASON,,6,1. FC Heidenheim 1846,1. FC Union Berlin,1,0,FINISHED
441834,2023/24,2023-09-30 16:30:00+00:00,REGULAR_SEASON,,6,RB Leipzig,FC Bayern München,2,2,FINISHED
441842,2023/24,2023-10-01 13:30:00+00:00,REGULAR_SEASON,,6,SV Darmstadt 98,SV Werder Bremen,4,2,FINISHED
441835,2023/24,2023-10-01 15:30:00+00:00,REGULAR_SEASON,,6,SC Freiburg,FC Augsburg,2,0,FINISHED
441848,2023/24,2023-10-06 18:30:00+00:00,REGULAR_SEASON,,7,Borussia Mönchengladbach,1. FSV Mainz 05,2,2,FINISHED
441851,2023/24,2023-10-07 13:30:00+00:00,REGULAR_SEASON,,7,VfB Stuttgart,VfL Wolfsburg,3,1,FINISHED
441850,2023/24,2023-10-07 13:30:00+00:00,REGULAR_SEASON,,7,FC Augsburg,SV Darmstadt 98,1,2,FINISHED
441844,2023/24,2023-10-07 13:30:00+00:00,REGULAR_SEASON,,7,Borussia Dortmund,1. FC Union Berlin,4,2,FINISHED
441845,2023/24,2023-10-07 13:30:00+00:00,REGULAR_SEASON,,7,RB Leipzig,VfL Bochum 1848,0,0,FINISHED
441849,2023/24,2023-10-07 16:30:00+00:00,REGULAR_SEASON,,7,SV Werder Bremen,TSG 1899 Hoffenheim,2,3,FINISHED
441846,2023/24,2023-10-08 13:30:00+00:00,REGULAR_SEASON,,7,Bayer 04 Leverkusen,1. FC Köln,3,0,FINISHED
441843,2023/24,2023-10-08 15:30:00+00:00,REGULAR_SEASON,,7,FC Bayern München,SC Freiburg,3,0,FINISHED
441847,2023/24,2023-10-08 17:30:00+00:00,REGULAR_SEASON,,7,Eintracht Frankfurt,1. FC Heidenheim 1846,2,0,FINISHED
441852,2023/24,2023-10-20 18:30:00+00:00,REGULAR_SEASON,,8,Borussia Dortmund,SV Werder Bremen,1,0,FINISHED
441854,2023/24,2023-10-21 13:30:00+00:00,REGULAR_SEASON,,8,SC Freiburg,VfL Bochum 1848,2,1,FINISHED
441853,2023/24,2023-10-21 13:30:00+00:00,REGULAR_SEASON,,8,1. FC Union Berlin,VfB Stuttgart,0,3,FINISHED
441855,2023/24,2023-10-21 13:30:00+00:00,REGULAR_SEASON,,8,VfL Wolfsburg,Bayer 04 Leverkusen,1,2,FINISHED
441860,2023/24,2023-10-21 13:30:00+00:00,REGULAR_SEASON,,8,SV Darmstadt 98,RB Leipzig,1,3,FINISHED
441858,2023/24,2023-10-21 13:30:00+00:00,REGULAR_SEASON,,8,TSG 1899 Hoffenheim,Eintracht Frankfurt,1,3,FINISHED
441856,2023/24,2023-10-21 16:30:00+00:00,REGULAR_SEASON,,8,1. FSV Mainz 05,FC Bayern München,1,3,FINISHED
441857,2023/24,2023-10-22 13:30:00+00:00,REGULAR_SEASON,,8,1. FC Köln,Borussia Mönchengladbach,3,1,FINISHED
441859,2023/24,2023-10-22 15:30:00+00:00,REGULAR_SEASON,,8,1. FC Heidenheim 1846,FC Augsburg,2,5,FINISHED
441867,2023/24,2023-10-27 18:30:00+00:00,REGULAR_SEASON,,9,VfL Bochum 1848,1. FSV Mainz 05,2,2,FINISHED
441869,2023/24,2023-10-28 13:30:00+00:00,REGULAR_SEASON,,9,VfB Stuttgart,TSG 1899 Hoffenheim,2,3,FINISHED
441868,2023/24,2023-10-28 13:30:00+00:00,REGULAR_SEASON,,9,FC Augsburg,VfL Wolfsburg,3,2,FINISHED
441865,2023/24,2023-10-28 13:30:00+00:00,REGULAR_SEASON,,9,Borussia Mönchengladbach,1. FC Heidenheim 1846,2,1,FINISHED
441866,2023/24,2023-10-28 13:30:00+00:00,REGULAR_SEASON,,9,SV Werder Bremen,1. FC Union Berlin,2,0,FINISHED
441861,2023/24,2023-10-28 13:30:00+00:00,REGULAR_SEASON,,9,FC Bayern München,SV Darmstadt 98,8,0,FINISHED
441862,2023/24,2023-10-28 16:30:00+00:00,REGULAR_SEASON,,9,RB Leipzig,1. FC Köln,6,0,FINISHED
441864,2023/24,2023-10-29 14:30:00+00:00,REGULAR_SEASON,,9,Eintracht Frankfurt,Borussia Dortmund,3,3,FINISHED
441863,2023/24,2023-10-29 16:30:00+00:00,REGULAR_SEASON,,9,Bayer 04 Leverkusen,SC Freiburg,2,1,FINISHED
441878,2023/24,2023-11-03 19:30:00+00:00,REGULAR_SEASON,,10,SV Darmstadt 98,VfL Bochum 1848,1,2,FINISHED
441874,2023/24,2023-11-04 14:30:00+00:00,REGULAR_SEASON,,10,1. FSV Mainz 05,RB Leipzig,2,0,FINISHED
441876,2023/24,2023-11-04 14:30:00+00:00,REGULAR_SEASON,,10,TSG 1899 Hoffenheim,Bayer 04 Leverkusen,2,3,FINISHED
441871,2023/24,2023-11-04 14:30:00+00:00,REGULAR_SEASON,,10,1. FC Union Berlin,Eintracht Frankfurt,0,3,FINISHED
441875,2023/24,2023-11-04 14:30:00+00:00,REGULAR_SEASON,,10,1. FC Köln,FC Augsburg,1,1,FINISHED
441872,2023/24,2023-11-04 14:30:00+00:00,REGULAR_SEASON,,10,SC Freiburg,Borussia Mönchengladbach,3,3,FINISHED
441870,2023/24,2023-11-04 17:30:00+00:00,REGULAR_SEASON,,10,Borussia Dortmund,FC Bayern München,0,4,FINISHED
441873,2023/24,2023-11-05 14:30:00+00:00,REGULAR_SEASON,,10,VfL Wolfsburg,SV Werder Bremen,2,2,FINISHED
441877,2023/24,2023-11-05 16:30:00+00:00,REGULAR_SEASON,,10,1. FC Heidenheim 1846,VfB Stuttgart,2,0,FINISHED
441882,2023/24,2023-11-10 19:30:00+00:00,REGULAR_SEASON,,11,Borussia Mönchengladbach,VfL Wolfsburg,4,0,FINISHED
441887,2023/24,2023-11-11 14:30:00+00:00,REGULAR_SEASON,,11,SV Darmstadt 98,1. FSV Mainz 05,0,0,FINISHED
441886,2023/24,2023-11-11 14:30:00+00:00,REGULAR_SEASON,,11,VfB Stuttgart,Borussia Dortmund,2,1,FINISHED
441885,2023/24,2023-11-11 14:30:00+00:00,REGULAR_SEASON,,11,FC Augsburg,TSG 1899 Hoffenheim,1,1,FINISHED
441879,2023/24,2023-11-11 14:30:00+00:00,REGULAR_SEASON,,11,FC Bayern München,1. FC Heidenheim 1846,4,2,FINISHED
441884,2023/24,2023-11-11 17:30:00+00:00,REGULAR_SEASON,,11,VfL Bochum 1848,1. FC Köln,1,1,FINISHED
441881,2023/24,2023-11-12 14:30:00+00:00,REGULAR_SEASON,,11,Bayer 04 Leverkusen,1. FC Union Berlin,4,0,FINISHED
441883,2023/24,2023-11-12 16:30:00+00:00,REGULAR_SEASON,,11,SV Werder Bremen,Eintracht Frankfurt,2,2,FINISHED
441880,2023/24,2023-11-12 18:30:00+00:00,REGULAR_SEASON,,11,RB Leipzig,SC Freiburg,3,1,FINISHED
441893,2023/24,2023-11-24 19:30:00+00:00,REGULAR_SEASON,,12,1. FC Köln,FC Bayern München,0,1,FINISHED
441892,2023/24,2023-11-25 14:30:00+00:00,REGULAR_SEASON,,12,VfL Wolfsburg,RB Leipzig,2,1,FINISHED
441895,2023/24,2023-11-25 14:30:00+00:00,REGULAR_SEASON,,12,SV Werder Bremen,Bayer 04 Leverkusen,0,3,FINISHED
441889,2023/24,2023-11-25 14:30:00+00:00,REGULAR_SEASON,,12,1. FC Union Berlin,FC Augsburg,1,1,FINISHED
441890,2023/24,2023-11-25 14:30:00+00:00,REGULAR_SEASON,,12,SC Freiburg,SV Darmstadt 98,1,1,FINISHED
441888,2023/24,2023-11-25 14:30:00+00:00,REGULAR_SEASON,,12,Borussia Dortmund,Borussia Mönchengladbach,4,2,FINISHED
441891,2023/24,2023-11-25 17:30:00+00:00,REGULAR_SEASON,,12,Eintracht Frankfurt,VfB Stuttgart,1,2,FINISHED
441896,2023/24,2023-11-26 14:30:00+00:00,REGULAR_SEASON,,12,1. FC Heidenheim 1846,VfL Bochum 1848,0,0,FINISHED
441894,2023/24,2023-11-26 16:30:00+00:00,REGULAR_SEASON,,12,TSG 1899 Hoffenheim,1. FSV Mainz 05,1,1,FINISHED
441905,2023/24,2023-12-01 19:30:00+00:00,REGULAR_SEASON,,13,SV Darmstadt 98,1. FC Köln,0,1,FINISHED
441898,2023/24,2023-12-02 14:30:00+00:00,REGULAR_SEASON,,13,RB Leipzig,1. FC Heidenheim 1846,2,1,FINISHED
441902,2023/24,2023-12-02 14:30:00+00:00,REGULAR_SEASON,,13,VfL Bochum 1848,VfL Wolfsburg,3,1,FINISHED
441901,2023/24,2023-12-02 14:30:00+00:00,REGULAR_SEASON,,13,Borussia Mönchengladbach,TSG 1899 Hoffenheim,2,1,FINISHED
441904,2023/24,2023-12-02 17:30:00+00:00,REGULAR_SEASON,,13,VfB Stuttgart,SV Werder Bremen,2,0,FINISHED
441900,2023/24,2023-12-03 14:30:00+00:00,REGULAR_SEASON,,13,1. FSV Mainz 05,SC Freiburg,0,1,FINISHED
441899,2023/24,2023-12-03 16:30:00+00:00,REGULAR_SEASON,,13,Bayer 04 Leverkusen,Borussia Dortmund,1,1,FINISHED
441903,2023/24,2023-12-03 18:30:00+00:00,REGULAR_SEASON,,13,FC Augsburg,Eintracht Frankfurt,2,1,FINISHED
441911,2023/24,2023-12-08 19:30:00+00:00,REGULAR_SEASON,,14,TSG 1899 Hoffenheim,VfL Bochum 1848,3,1,FINISHED
441907,2023/24,2023-12-09 14:30:00+00:00,REGULAR_SEASON,,14,1. FC Union Berlin,Borussia Mönchengladbach,3,1,FINISHED
441908,2023/24,2023-12-09 14:30:00+00:00,REGULAR_SEASON,,14,Eintracht Frankfurt,FC Bayern München,5,1,FINISHED
441909,2023/24,2023-12-09 14:30:00+00:00,REGULAR_SEASON,,14,VfL Wolfsburg,SC Freiburg,0,1,FINISHED
441912,2023/24,2023-12-09 14:30:00+00:00,REGULAR_SEASON,,14,SV Werder Bremen,FC Augsburg,2,0,FINISHED
441914,2023/24,2023-12-09 14:30:00+00:00,REGULAR_SEASON,,14,1. FC Heidenheim 1846,SV Darmstadt 98,3,2,FINISHED
441906,2023/24,2023-12-09 17:30:00+00:00,REGULAR_SEASON,,14,Borussia Dortmund,RB Leipzig,2,3,FINISHED
441913,2023/24,2023-12-10 14:30:00+00:00,REGULAR_SEASON,,14,VfB Stuttgart,Bayer 04 Leverkusen,1,1,FINISHED
441910,2023/24,2023-12-10 16:30:00+00:00,REGULAR_SEASON,,14,1. FC Köln,1. FSV Mainz 05,0,0,FINISHED
441920,2023/24,2023-12-15 19:30:00+00:00,REGULAR_SEASON,,15,Borussia Mönchengladbach,SV Werder Bremen,2,2,FINISHED
441923,2023/24,2023-12-16 14:30:00+00:00,REGULAR_SEASON,,15,SV Darmstadt 98,VfL Wolfsburg,0,1,FINISHED
441922,2023/24,2023-12-16 14:30:00+00:00,REGULAR_SEASON,,15,FC Augsburg,Borussia Dortmund,1,1,FINISHED
441921,2023/24,2023-12-16 14:30:00+00:00,REGULAR_SEASON,,15,VfL Bochum 1848,1. FC Union Berlin,3,0,FINISHED
441919,2023/24,2023-12-16 14:30:00+00:00,REGULAR_SEASON,,15,1. FSV Mainz 05,1. FC Heidenheim 1846,0,1,FINISHED
441916,2023/24,2023-12-16 17:30:00+00:00,REGULAR_SEASON,,15,RB Leipzig,TSG 1899 Hoffenheim,3,1,FINISHED
441917,2023/24,2023-12-17 14:30:00+00:00,REGULAR_SEASON,,15,SC Freiburg,1. FC Köln,2,0,FINISHED
441918,2023/24,2023-12-17 16:30:00+00:00,REGULAR_SEASON,,15,Bayer 04 Leverkusen,Eintracht Frankfurt,3,0,FINISHED
441915,2023/24,2023-12-17 18:30:00+00:00,REGULAR_SEASON,,15,FC Bayern München,VfB Stuttgart,3,0,FINISHED
441930,2023/24,2023-12-19 17:30:00+00:00,REGULAR_SEASON,,16,SV Werder Bremen,RB Leipzig,1,1,FINISHED
441929,2023/24,2023-12-19 19:30:00+00:00,REGULAR_SEASON,,16,TSG 1899 Hoffenheim,SV Darmstadt 98,3,3,FINISHED
441924,2023/24,2023-12-19 19:30:00+00:00,REGULAR_SEASON,,16,Borussia Dortmund,1. FSV Mainz 05,1,1,FINISHED
441925,2023/24,2023-12-20 17:30:00+00:00,REGULAR_SEASON,,16,1. FC Union Berlin,1. FC Köln,2,0,FINISHED
441928,2023/24,2023-12-20 19:30:00+00:00,REGULAR_SEASON,,16,VfL Wolfsburg,FC Bayern München,1,2,FINISHED
441931,2023/24,2023-12-20 19:30:00+00:00,REGULAR_SEASON,,16,VfB Stuttgart,FC Augsburg,3,0,FINISHED
441926,2023/24,2023-12-20 19:30:00+00:00,REGULAR_SEASON,,16,Bayer 04 Leverkusen,VfL Bochum 1848,4,0,FINISHED
441927,2023/24,2023-12-20 19:30:00+00:00,REGULAR_SEASON,,16,Eintracht Frankfurt,Borussia Mönchengladbach,2,1,FINISHED
441932,2023/24,2023-12-20 19:30:00+00:00,REGULAR_SEASON,,16,1. FC Heidenheim 1846,SC Freiburg,3,2,FINISHED
441933,2023/24,2024-01-12 19:30:00+00:00,REGULAR_SEASON,,17,FC Bayern München,TSG 1899 Hoffenheim,3,0,FINISHED
441938,2023/24,2024-01-13 14:30:00+00:00,REGULAR_SEASON,,17,1. FC Köln,1. FC Heidenheim 1846,1,1,FINISHED
441940,2023/24,2024-01-13 14:30:00+00:00,REGULAR_SEASON,,17,FC Augsburg,Bayer 04 Leverkusen,0,1,FINISHED
441935,2023/24,2024-01-13 14:30:00+00:00,REGULAR_SEASON,,17,SC Freiburg,1. FC Union Berlin,0,0,FINISHED
441934,2023/24,2024-01-13 14:30:00+00:00,REGULAR_SEASON,,17,RB Leipzig,Eintracht Frankfurt,0,1,FINISHED
441936,2023/24,2024-01-13 14:30:00+00:00,REGULAR_SEASON,,17,1. FSV Mainz 05,VfL Wolfsburg,1,1,FINISHED
441941,2023/24,2024-01-13 17:30:00+00:00,REGULAR_SEASON,,17,SV Darmstadt 98,Borussia Dortmund,0,3,FINISHED
441939,2023/24,2024-01-14 14:30:00+00:00,REGULAR_SEASON,,17,VfL Bochum 1848,SV Werder Bremen,1,1,FINISHED
441937,2023/24,2024-01-14 16:30:00+00:00,REGULAR_SEASON,,17,Borussia Mönchengladbach,VfB Stuttgart,3,1,FINISHED
441946,2023/24,2024-01-20 14:30:00+00:00,REGULAR_SEASON,,18,SV Darmstadt 98,Eintracht Frankfurt,2,2,FINISHED
441950,2023/24,2024-01-20 14:30:00+00:00,REGULAR_SEASON,,18,VfL Bochum 1848,VfB Stuttgart,1,0,FINISHED
441943,2023/24,2024-01-20 14:30:00+00:00,REGULAR_SEASON,,18,1. FC Köln,Borussia Dortmund,0,4,FINISHED
441947,2023/24,2024-01-20 14:30:00+00:00,REGULAR_SEASON,,18,1. FC Heidenheim 1846,VfL Wolfsburg,1,1,FINISHED
441948,2023/24,2024-01-20 14:30:00+00:00,REGULAR_SEASON,,18,SC Freiburg,TSG 1899 Hoffenheim,3,2,FINISHED
441945,2023/24,2024-01-20 17:30:00+00:00,REGULAR_SEASON,,18,RB Leipzig,Bayer 04 Leverkusen,2,3,FINISHED
441942,2023/24,2024-01-21 14:30:00+00:00,REGULAR_SEASON,,18,FC Bayern München,SV Werder Bremen,0,1,FINISHED
441949,2023/24,2024-01-21 16:30:00+00:00,REGULAR_SEASON,,18,Borussia Mönchengladbach,FC Augsburg,1,2,FINISHED
441897,2023/24,2024-01-24 19:30:00+00:00,REGULAR_SEASON,,13,FC Bayern München,1. FC Union Berlin,1,0,FINISHED
441954,2023/24,2024-01-26 19:30:00+00:00,REGULAR_SEASON,,19,Eintracht Frankfurt,1. FSV Mainz 05,1,0,FINISHED
441956,2023/24,2024-01-27 14:30:00+00:00,REGULAR_SEASON,,19,VfL Wolfsburg,1. FC Köln,1,1,FINISHED
441953,2023/24,2024-01-27 14:30:00+00:00,REGULAR_SEASON,,19,SV Werder Bremen,SC Freiburg,3,1,FINISHED
441958,2023/24,2024-01-27 14:30:00+00:00,REGULAR_SEASON,,19,TSG 1899 Hoffenheim,1. FC Heidenheim 1846,1,1,FINISHED
441952,2023/24,2024-01-27 14:30:00+00:00,REGULAR_SEASON,,19,VfB Stuttgart,RB Leipzig,5,2,FINISHED
441951,2023/24,2024-01-27 14:30:00+00:00,REGULAR_SEASON,,19,FC Augsburg,FC Bayern München,2,3,FINISHED
441955,2023/24,2024-01-27 17:30:00+00:00,REGULAR_SEASON,,19,Bayer 04 Leverkusen,Borussia Mönchengladbach,0,0,FINISHED
441959,2023/24,2024-01-28 14:30:00+00:00,REGULAR_SEASON,,19,1. FC Union Berlin,SV Darmstadt 98,1,0,FINISHED
441957,2023/24,2024-01-28 16:30:00+00:00,REGULAR_SEASON,,19,Borussia Dortmund,VfL Bochum 1848,3,1,FINISHED
441960,2023/24,2024-02-02 19:30:00+00:00,REGULAR_SEASON,,20,1. FC Heidenheim 1846,Borussia Dortmund,0,0,FINISHED
441962,2023/24,2024-02-03 14:30:00+00:00,REGULAR_SEASON,,20,SV Darmstadt 98,Bayer 04 Leverkusen,0,2,FINISHED
441964,2023/24,2024-02-03 14:30:00+00:00,REGULAR_SEASON,,20,FC Bayern München,Borussia Mönchengladbach,3,1,FINISHED
441966,2023/24,2024-02-03 14:30:00+00:00,REGULAR_SEASON,,20,1. FSV Mainz 05,SV Werder Bremen,0,1,FINISHED
441967,2023/24,2024-02-03 14:30:00+00:00,REGULAR_SEASON,,20,VfL Bochum 1848,FC Augsburg,1,1,FINISHED
441968,2023/24,2024-02-03 14:30:00+00:00,REGULAR_SEASON,,20,SC Freiburg,VfB Stuttgart,1,3,FINISHED
441963,2023/24,2024-02-03 17:30:00+00:00,REGULAR_SEASON,,20,1. FC Köln,Eintracht Frankfurt,2,0,FINISHED
441965,2023/24,2024-02-04 14:30:00+00:00,REGULAR_SEASON,,20,VfL Wolfsburg,TSG 1899 Hoffenheim,2,2,FINISHED
441961,2023/24,2024-02-04 16:30:00+00:00,REGULAR_SEASON,,20,RB Leipzig,1. FC Union Berlin,2,0,FINISHED
441944,2023/24,2024-02-07 17:30:00+00:00,REGULAR_SEASON,,18,1. FSV Mainz 05,1. FC Union Berlin,1,1,FINISHED
441971,2023/24,2024-02-09 19:30:00+00:00,REGULAR_SEASON,,21,Borussia Dortmund,SC Freiburg,3,0,FINISHED
441976,2023/24,2024-02-10 14:30:00+00:00,REGULAR_SEASON,,21,SV Werder Bremen,1. FC Heidenheim 1846,1,2,FINISHED
441970,2023/24,2024-02-10 14:30:00+00:00,REGULAR_SEASON,,21,FC Augsburg,RB Leipzig,2,2,FINISHED
441975,2023/24,2024-02-10 14:30:00+00:00,REGULAR_SEASON,,21,Eintracht Frankfurt,VfL Bochum 1848,1,1,FINISHED
441972,2023/24,2024-02-10 14:30:00+00:00,REGULAR_SEASON,,21,1. FC Union Berlin,VfL Wolfsburg,1,0,FINISHED
441977,2023/24,2024-02-10 14:30:00+00:00,REGULAR_SEASON,,21,Borussia Mönchengladbach,SV Darmstadt 98,0,0,FINISHED
441969,2023/24,2024-02-10 17:30:00+00:00,REGULAR_SEASON,,21,Bayer 04 Leverkusen,FC Bayern München,3,0,FINISHED
441973,2023/24,2024-02-11 14:30:00+00:00,REGULAR_SEASON,,21,VfB Stuttgart,1. FSV Mainz 05,3,1,FINISHED
441974,2023/24,2024-02-11 16:30:00+00:00,REGULAR_SEASON,,21,TSG 1899 Hoffenheim,1. FC Köln,1,1,FINISHED
441984,2023/24,2024-02-16 19:30:00+00:00,REGULAR_SEASON,,22,1. FC Köln,SV Werder Bremen,0,1,FINISHED
441979,2023/24,2024-02-17 14:30:00+00:00,REGULAR_SEASON,,22,VfL Wolfsburg,Borussia Dortmund,1,1,FINISHED
441985,2023/24,2024-02-17 14:30:00+00:00,REGULAR_SEASON,,22,1. FSV Mainz 05,FC Augsburg,1,0,FINISHED
441980,2023/24,2024-02-17 14:30:00+00:00,REGULAR_SEASON,,22,TSG 1899 Hoffenheim,1. FC Union Berlin,0,1,FINISHED
441981,2023/24,2024-02-17 14:30:00+00:00,REGULAR_SEASON,,22,1. FC Heidenheim 1846,Bayer 04 Leverkusen,1,2,FINISHED
441986,2023/24,2024-02-17 14:30:00+00:00,REGULAR_SEASON,,22,SV Darmstadt 98,VfB Stuttgart,1,2,FINISHED
441983,2023/24,2024-02-17 17:30:00+00:00,REGULAR_SEASON,,22,RB Leipzig,Borussia Mönchengladbach,2,0,FINISHED
441982,2023/24,2024-02-18 14:30:00+00:00,REGULAR_SEASON,,22,SC Freiburg,Eintracht Frankfurt,3,3,FINISHED
441978,2023/24,2024-02-18 16:30:00+00:00,REGULAR_SEASON,,22,VfL Bochum 1848,FC Bayern München,3,2,FINISHED
441990,2023/24,2024-02-23 19:30:00+00:00,REGULAR_SEASON,,23,Bayer 04 Leverkusen,1. FSV Mainz 05,2,1,FINISHED
441995,2023/24,2024-02-24 14:30:00+00:00,REGULAR_SEASON,,23,SV Werder Bremen,SV Darmstadt 98,1,1,FINISHED
441991,2023/24,2024-02-24 14:30:00+00:00,REGULAR_SEASON,,23,VfB Stuttgart,1. FC Köln,1,1,FINISHED
441994,2023/24,2024-02-24 14:30:00+00:00,REGULAR_SEASON,,23,1. FC Union Berlin,1. FC Heidenheim 1846,2,2,FINISHED
441993,2023/24,2024-02-24 14:40:00+00:00,REGULAR_SEASON,,23,Borussia Mönchengladbach,VfL Bochum 1848,5,2,FINISHED
441987,2023/24,2024-02-24 17:30:00+00:00,REGULAR_SEASON,,23,FC Bayern München,RB Leipzig,2,1,FINISHED
441989,2023/24,2024-02-25 14:30:00+00:00,REGULAR_SEASON,,23,Eintracht Frankfurt,VfL Wolfsburg,2,2,FINISHED
441992,2023/24,2024-02-25 16:30:00+00:00,REGULAR_SEASON,,23,Borussia Dortmund,TSG 1899 Hoffenheim,2,3,FINISHED
441988,2023/24,2024-02-25 18:30:00+00:00,REGULAR_SEASON,,23,FC Augsburg,SC Freiburg,2,1,FINISHED
441996,2023/24,2024-03-01 19:30:00+00:00,REGULAR_SEASON,,24,SC Freiburg,FC Bayern München,2,2,FINISHED
441997,2023/24,2024-03-02 14:30:00+00:00,REGULAR_SEASON,,24,1. FC Union Berlin,Borussia Dortmund,0,2,FINISHED
441998,2023/24,2024-03-02 14:30:00+00:00,REGULAR_SEASON,,24,VfL Bochum 1848,RB Leipzig,1,4,FINISHED
442000,2023/24,2024-03-02 14:30:00+00:00,REGULAR_SEASON,,24,1. FC Heidenheim 1846,Eintracht Frankfurt,1,2,FINISHED
442001,2023/24,2024-03-02 14:30:00+00:00,REGULAR_SEASON,,24,1. FSV Mainz 05,Borussia Mönchengladbach,1,1,FINISHED
442003,2023/24,2024-03-02 14:30:00+00:00,REGULAR_SEASON,,24,SV Darmstadt 98,FC Augsburg,0,6,FINISHED
442004,2023/24,2024-03-02 17:30:00+00:00,REGULAR_SEASON,,24,VfL Wolfsburg,VfB Stuttgart,2,3,FINISHED
441999,2023/24,2024-03-03 14:30:00+00:00,REGULAR_SEASON,,24,1. FC Köln,Bayer 04 Leverkusen,0,2,FINISHED
442002,2023/24,2024-03-03 16:30:00+00:00,REGULAR_SEASON,,24,TSG 1899 Hoffenheim,SV Werder Bremen,2,1,FINISHED
442006,2023/24,2024-03-08 19:30:00+00:00,REGULAR_SEASON,,25,VfB Stuttgart,1. FC Union Berlin,2,0,FINISHED
442009,2023/24,2024-03-09 14:30:00+00:00,REGULAR_SEASON,,25,FC Bayern München,1. FSV Mainz 05,8,1,FINISHED
442010,2023/24,2024-03-09 14:30:00+00:00,REGULAR_SEASON,,25,Borussia Mönchengladbach,1. FC Köln,3,3,FINISHED
442012,2023/24,2024-03-09 14:30:00+00:00,REGULAR_SEASON,,25,FC Augsburg,1. FC Heidenheim 1846,1,0,FINISHED
442013,2023/24,2024-03-09 14:30:00+00:00,REGULAR_SEASON,,25,RB Leipzig,SV Darmstadt 98,2,0,FINISHED
442005,2023/24,2024-03-09 17:30:00+00:00,REGULAR_SEASON,,25,SV Werder Bremen,Borussia Dortmund,1,2,FINISHED
442007,2023/24,2024-03-10 14:30:00+00:00,REGULAR_SEASON,,25,VfL Bochum 1848,SC Freiburg,1,2,FINISHED
442011,2023/24,2024-03-10 16:30:00+00:00,REGULAR_SEASON,,25,Eintracht Frankfurt,TSG 1899 Hoffenheim,3,1,FINISHED
442008,2023/24,2024-03-10 18:30:00+00:00,REGULAR_SEASON,,25,Bayer 04 Leverkusen,VfL Wolfsburg,2,0,FINISHED
442015,2023/24,2024-03-15 19:30:00+00:00,REGULAR_SEASON,,26,1. FC Köln,RB Leipzig,1,5,FINISHED
442014,2023/24,2024-03-16 14:30:00+00:00,REGULAR_SEASON,,26,SV Darmstadt 98,FC Bayern München,2,5,FINISHED
442021,2023/24,2024-03-16 14:30:00+00:00,REGULAR_SEASON,,26,VfL Wolfsburg,FC Augsburg,1,3,FINISHED
442020,2023/24,2024-03-16 14:30:00+00:00,REGULAR_SEASON,,26,1. FSV Mainz 05,VfL Bochum 1848,2,0,FINISHED
442019,2023/24,2024-03-16 14:30:00+00:00,REGULAR_SEASON,,26,1. FC Union Berlin,SV Werder Bremen,2,1,FINISHED
442018,2023/24,2024-03-16 14:30:00+00:00,REGULAR_SEASON,,26,1. FC Heidenheim 1846,Borussia Mönchengladbach,1,1,FINISHED
442022,2023/24,2024-03-16 17:30:00+00:00,REGULAR_SEASON,,26,TSG 1899 Hoffenheim,VfB Stuttgart,0,3,FINISHED
442016,2023/24,2024-03-17 14:30:00+00:00,REGULAR_SEASON,,26,SC Freiburg,Bayer 04 Leverkusen,2,3,FINISHED
442017,2023/24,2024-03-17 16:30:00+00:00,REGULAR_SEASON,,26,Borussia Dortmund,Eintracht Frankfurt,3,1,FINISHED
442027,2023/24,2024-03-30 14:30:00+00:00,REGULAR_SEASON,,27,RB Leipzig,1. FSV Mainz 05,0,0,FINISHED
442029,2023/24,2024-03-30 14:30:00+00:00,REGULAR_SEASON,,27,Bayer 04 Leverkusen,TSG 1899 Hoffenheim,2,1,FINISHED
442025,2023/24,2024-03-30 14:30:00+00:00,REGULAR_SEASON,,27,Borussia Mönchengladbach,SC Freiburg,0,3,FINISHED
442026,2023/24,2024-03-30 14:30:00+00:00,REGULAR_SEASON,,27,SV Werder Bremen,VfL Wolfsburg,0,2,FINISHED
442024,2023/24,2024-03-30 14:30:00+00:00,REGULAR_SEASON,,27,Eintracht Frankfurt,1. FC Union Berlin,0,0,FINISHED
442023,2023/24,2024-03-30 17:30:00+00:00,REGULAR_SEASON,,27,FC Bayern München,Borussia Dortmund,0,2,FINISHED
442028,2023/24,2024-03-31 13:30:00+00:00,REGULAR_SEASON,,27,FC Augsburg,1. FC Köln,1,1,FINISHED
442030,2023/24,2024-03-31 15:30:00+00:00,REGULAR_SEASON,,27,VfB Stuttgart,1. FC Heidenheim 1846,3,3,FINISHED
442031,2023/24,2024-03-31 17:30:00+00:00,REGULAR_SEASON,,27,VfL Bochum 1848,SV Darmstadt 98,2,2,FINISHED
442036,2023/24,2024-04-05 18:30:00+00:00,REGULAR_SEASON,,28,Eintracht Frankfurt,SV Werder Bremen,1,1,FINISHED
442033,2023/24,2024-04-06 13:30:00+00:00,REGULAR_SEASON,,28,SC Freiburg,RB Leipzig,1,4,FINISHED
442034,2023/24,2024-04-06 13:30:00+00:00,REGULAR_SEASON,,28,1. FC Union Berlin,Bayer 04 Leverkusen,0,1,FINISHED
442032,2023/24,2024-04-06 13:30:00+00:00,REGULAR_SEASON,,28,1. FC Heidenheim 1846,FC Bayern München,3,2,FINISHED
442040,2023/24,2024-04-06 13:30:00+00:00,REGULAR_SEASON,,28,1. FSV Mainz 05,SV Darmstadt 98,4,0,FINISHED
442037,2023/24,2024-04-06 13:30:00+00:00,REGULAR_SEASON,,28,1. FC Köln,VfL Bochum 1848,2,1,FINISHED
442039,2023/24,2024-04-06 16:30:00+00:00,REGULAR_SEASON,,28,Borussia Dortmund,VfB Stuttgart,0,1,FINISHED
442038,2023/24,2024-04-07 13:30:00+00:00,REGULAR_SEASON,,28,TSG 1899 Hoffenheim,FC Augsburg,3,1,FINISHED
442035,2023/24,2024-04-07 15:30:00+00:00,REGULAR_SEASON,,28,VfL Wolfsburg,Borussia Mönchengladbach,1,3,FINISHED
442042,2023/24,2024-04-12 18:30:00+00:00,REGULAR_SEASON,,29,FC Augsburg,1. FC Union Berlin,2,0,FINISHED
442047,2023/24,2024-04-13 13:30:00+00:00,REGULAR_SEASON,,29,1. FSV Mainz 05,TSG 1899 Hoffenheim,4,1,FINISHED
442046,2023/24,2024-04-13 13:30:00+00:00,REGULAR_SEASON,,29,FC Bayern München,1. FC Köln,2,0,FINISHED
442045,2023/24,2024-04-13 13:30:00+00:00,REGULAR_SEASON,,29,RB Leipzig,VfL Wolfsburg,3,0,FINISHED
442049,2023/24,2024-04-13 13:30:00+00:00,REGULAR_SEASON,,29,VfL Bochum 1848,1. FC Heidenheim 1846,1,1,FINISHED
442041,2023/24,2024-04-13 13:30:00+00:00,REGULAR_SEASON,,29,Borussia Mönchengladbach,Borussia Dortmund,1,2,FINISHED
442044,2023/24,2024-04-13 16:30:00+00:00,REGULAR_SEASON,,29,VfB Stuttgart,Eintracht Frankfurt,3,0,FINISHED
442043,2023/24,2024-04-14 13:30:00+00:00,REGULAR_SEASON,,29,SV Darmstadt 98,SC Freiburg,0,1,FINISHED
442048,2023/24,2024-04-14 15:30:00+00:00,REGULAR_SEASON,,29,Bayer 04 Leverkusen,SV Werder Bremen,5,0,FINISHED
442056,2023/24,2024-04-19 18:30:00+00:00,REGULAR_SEASON,,30,Eintracht Frankfurt,FC Augsburg,3,1,FINISHED
442058,2023/24,2024-04-20 13:30:00+00:00,REGULAR_SEASON,,30,1. FC Köln,SV Darmstadt 98,0,2,FINISHED
442055,2023/24,2024-04-20 13:30:00+00:00,REGULAR_SEASON,,30,VfL Wolfsburg,VfL Bochum 1848,1,0,FINISHED
442054,2023/24,2024-04-20 13:30:00+00:00,REGULAR_SEASON,,30,TSG 1899 Hoffenheim,Borussia Mönchengladbach,4,3,FINISHED
442051,2023/24,2024-04-20 13:30:00+00:00,REGULAR_SEASON,,30,1. FC Heidenheim 1846,RB Leipzig,1,2,FINISHED
442050,2023/24,2024-04-20 16:30:00+00:00,REGULAR_SEASON,,30,1. FC Union Berlin,FC Bayern München,1,5,FINISHED
442057,2023/24,2024-04-21 13:30:00+00:00,REGULAR_SEASON,,30,SV Werder Bremen,VfB Stuttgart,2,1,FINISHED
442052,2023/24,2024-04-21 15:30:00+00:00,REGULAR_SEASON,,30,Borussia Dortmund,Bayer 04 Leverkusen,1,1,FINISHED
442053,2023/24,2024-04-21 17:30:00+00:00,REGULAR_SEASON,,30,SC Freiburg,1. FSV Mainz 05,1,1,FINISHED
442064,2023/24,2024-04-26 18:30:00+00:00,REGULAR_SEASON,,31,VfL Bochum 1848,TSG 1899 Hoffenheim,3,2,FINISHED
442059,2023/24,2024-04-27 13:30:00+00:00,REGULAR_SEASON,,31,RB Leipzig,Borussia Dortmund,4,1,FINISHED
442061,2023/24,2024-04-27 13:30:00+00:00,REGULAR_SEASON,,31,FC Bayern München,Eintracht Frankfurt,2,1,FINISHED
442062,2023/24,2024-04-27 13:30:00+00:00,REGULAR_SEASON,,31,SC Freiburg,VfL Wolfsburg,1,2,FINISHED
442065,2023/24,2024-04-27 13:30:00+00:00,REGULAR_SEASON,,31,FC Augsburg,SV Werder Bremen,0,3,FINISHED
442066,2023/24,2024-04-27 16:30:00+00:00,REGULAR_SEASON,,31,Bayer 04 Leverkusen,VfB Stuttgart,2,2,FINISHED
442060,2023/24,2024-04-28 13:30:00+00:00,REGULAR_SEASON,,31,Borussia Mönchengladbach,1. FC Union Berlin,0,0,FINISHED
442063,2023/24,2024-04-28 15:30:00+00:00,REGULAR_SEASON,,31,1. FSV Mainz 05,1. FC Köln,1,1,FINISHED
442067,2023/24,2024-04-28 17:30:00+00:00,REGULAR_SEASON,,31,SV Darmstadt 98,1. FC Heidenheim 1846,0,1,FINISHED
442069,2023/24,2024-05-03 18:30:00+00:00,REGULAR_SEASON,,32,TSG 1899 Hoffenheim,RB Leipzig,1,1,FINISHED
442076,2023/24,2024-05-04 13:30:00+00:00,REGULAR_SEASON,,32,VfL Wolfsburg,SV Darmstadt 98,3,0,FINISHED
442075,2023/24,2024-05-04 13:30:00+00:00,REGULAR_SEASON,,32,Borussia Dortmund,FC Augsburg,5,1,FINISHED
442068,2023/24,2024-05-04 13:30:00+00:00,REGULAR_SEASON,,32,VfB Stuttgart,FC Bayern München,3,1,FINISHED
442073,2023/24,2024-05-04 13:30:00+00:00,REGULAR_SEASON,,32,SV Werder Bremen,Borussia Mönchengladbach,2,2,FINISHED
442070,2023/24,2024-05-04 16:30:00+00:00,REGULAR_SEASON,,32,1. FC Köln,SC Freiburg,0,0,FINISHED
442074,2023/24,2024-05-05 13:30:00+00:00,REGULAR_SEASON,,32,1. FC Union Berlin,VfL Bochum 1848,3,4,FINISHED
442071,2023/24,2024-05-05 15:30:00+00:00,REGULAR_SEASON,,32,Eintracht Frankfurt,Bayer 04 Leverkusen,1,5,FINISHED
442072,2023/24,2024-05-05 17:30:00+00:00,REGULAR_SEASON,,32,1. FC Heidenheim 1846,1. FSV Mainz 05,1,1,FINISHED
442084,2023/24,2024-05-10 18:30:00+00:00,REGULAR_SEASON,,33,FC Augsburg,VfB Stuttgart,0,1,FINISHED
442080,2023/24,2024-05-11 13:30:00+00:00,REGULAR_SEASON,,33,Borussia Mönchengladbach,Eintracht Frankfurt,1,1,FINISHED
442083,2023/24,2024-05-11 13:30:00+00:00,REGULAR_SEASON,,33,RB Leipzig,SV Werder Bremen,1,1,FINISHED
442078,2023/24,2024-05-11 13:30:00+00:00,REGULAR_SEASON,,33,1. FC Köln,1. FC Union Berlin,3,2,FINISHED
442085,2023/24,2024-05-11 13:30:00+00:00,REGULAR_SEASON,,33,SC Freiburg,1. FC Heidenheim 1846,1,1,FINISHED
442077,2023/24,2024-05-11 16:30:00+00:00,REGULAR_SEASON,,33,1. FSV Mainz 05,Borussia Dortmund,3,0,FINISHED
442082,2023/24,2024-05-12 13:30:00+00:00,REGULAR_SEASON,,33,SV Darmstadt 98,TSG 1899 Hoffenheim,0,6,FINISHED
442081,2023/24,2024-05-12 15:30:00+00:00,REGULAR_SEASON,,33,FC Bayern München,VfL Wolfsburg,2,0,FINISHED
442079,2023/24,2024-05-12 17:30:00+00:00,REGULAR_SEASON,,33,VfL Bochum 1848,Bayer 04 Leverkusen,0,5,FINISHED
442093,2023/24,2024-05-18 13:30:00+00:00,REGULAR_SEASON,,34,Bayer 04 Leverkusen,FC Augsburg,2,1,FINISHED
442089,2023/24,2024-05-18 13:30:00+00:00,REGULAR_SEASON,,34,VfL Wolfsburg,1. FSV Mainz 05,1,3,FINISHED
442091,2023/24,2024-05-18 13:30:00+00:00,REGULAR_SEASON,,34,1. FC Heidenheim 1846,1. FC Köln,4,1,FINISHED
442094,2023/24,2024-05-18 13:30:00+00:00,REGULAR_SEASON,,34,Borussia Dortmund,SV Darmstadt 98,4,0,FINISHED
442092,2023/24,2024-05-18 13:30:00+00:00,REGULAR_SEASON,,34,SV Werder Bremen,VfL Bochum 1848,4,1,FINISHED
442087,2023/24,2024-05-18 13:30:00+00:00,REGULAR_SEASON,,34,Eintracht Frankfurt,RB Leipzig,2,2,FINISHED
442090,2023/24,2024-05-18 13:30:00+00:00,REGULAR_SEASON,,34,VfB Stuttgart,Borussia Mönchengladbach,4,0,FINISHED
442088,2023/24,2024-05-18 13:30:00+00:00,REGULAR_SEASON,,34,1. FC Union Berlin,SC Freiburg,2,1,FINISHED
442086,2023/24,2024-05-18 13:30:00+00:00,REGULAR_SEASON,,34,TSG 1899 Hoffenheim,FC Bayern München,4,2,FINISHED
502371,2024/25,2024-08-23 18:30:00+00:00,REGULAR_SEASON,,1,Borussia Mönchengladbach,Bayer 04 Leverkusen,2,3,FINISHED
502376,2024/25,2024-08-24 13:30:00+00:00,REGULAR_SEASON,,1,FC Augsburg,SV Werder Bremen,2,2,FINISHED
502378,2024/25,2024-08-24 13:30:00+00:00,REGULAR_SEASON,,1,1. FSV Mainz 05,1. FC Union Berlin,1,1,FINISHED
502372,2024/25,2024-08-24 13:30:00+00:00,REGULAR_SEASON,,1,RB Leipzig,VfL Bochum 1848,1,0,FINISHED
502374,2024/25,2024-08-24 13:30:00+00:00,REGULAR_SEASON,,1,TSG 1899 Hoffenheim,Holstein Kiel,3,2,FINISHED
502375,2024/25,2024-08-24 13:30:00+00:00,REGULAR_SEASON,,1,SC Freiburg,VfB Stuttgart,3,1,FINISHED
502373,2024/25,2024-08-24 16:30:00+00:00,REGULAR_SEASON,,1,Borussia Dortmund,Eintracht Frankfurt,2,0,FINISHED
502377,2024/25,2024-08-25 13:30:00+00:00,REGULAR_SEASON,,1,VfL Wolfsburg,FC Bayern München,2,3,FINISHED
502379,2024/25,2024-08-25 15:30:00+00:00,REGULAR_SEASON,,1,FC St. Pauli 1910,1. FC Heidenheim 1846,0,2,FINISHED
502386,2024/25,2024-08-30 18:30:00+00:00,REGULAR_SEASON,,2,1. FC Union Berlin,FC St. Pauli 1910,1,0,FINISHED
502387,2024/25,2024-08-31 13:30:00+00:00,REGULAR_SEASON,,2,VfL Bochum 1848,Borussia Mönchengladbach,0,2,FINISHED
502383,2024/25,2024-08-31 13:30:00+00:00,REGULAR_SEASON,,2,Eintracht Frankfurt,TSG 1899 Hoffenheim,3,1,FINISHED
502388,2024/25,2024-08-31 13:30:00+00:00,REGULAR_SEASON,,2,Holstein Kiel,VfL Wolfsburg,0,2,FINISHED
502385,2024/25,2024-08-31 13:30:00+00:00,REGULAR_SEASON,,2,SV Werder Bremen,Borussia Dortmund,0,0,FINISHED
502381,2024/25,2024-08-31 13:30:00+00:00,REGULAR_SEASON,,2,VfB Stuttgart,1. FSV Mainz 05,3,3,FINISHED
502380,2024/25,2024-08-31 16:30:00+00:00,REGULAR_SEASON,,2,Bayer 04 Leverkusen,RB Leipzig,2,3,FINISHED
502384,2024/25,2024-09-01 13:30:00+00:00,REGULAR_SEASON,,2,1. FC Heidenheim 1846,FC Augsburg,4,0,FINISHED
502382,2024/25,2024-09-01 15:30:00+00:00,REGULAR_SEASON,,2,FC Bayern München,SC Freiburg,2,0,FINISHED
502390,2024/25,2024-09-13 18:30:00+00:00,REGULAR_SEASON,,3,Borussia Dortmund,1. FC Heidenheim 1846,4,2,FINISHED
502396,2024/25,2024-09-14 13:30:00+00:00,REGULAR_SEASON,,3,Borussia Mönchengladbach,VfB Stuttgart,1,3,FINISHED
502392,2024/25,2024-09-14 13:30:00+00:00,REGULAR_SEASON,,3,SC Freiburg,VfL Bochum 1848,2,1,FINISHED
502389,2024/25,2024-09-14 13:30:00+00:00,REGULAR_SEASON,,3,RB Leipzig,1. FC Union Berlin,0,0,FINISHED
502391,2024/25,2024-09-14 13:30:00+00:00,REGULAR_SEASON,,3,TSG 1899 Hoffenheim,Bayer 04 Leverkusen,1,4,FINISHED
502394,2024/25,2024-09-14 13:30:00+00:00,REGULAR_SEASON,,3,VfL Wolfsburg,Eintracht Frankfurt,1,2,FINISHED
502397,2024/25,2024-09-14 16:30:00+00:00,REGULAR_SEASON,,3,Holstein Kiel,FC Bayern München,1,6,FINISHED
502393,2024/25,2024-09-15 13:30:00+00:00,REGULAR_SEASON,,3,FC Augsburg,FC St. Pauli 1910,3,1,FINISHED
502395,2024/25,2024-09-15 15:30:00+00:00,REGULAR_SEASON,,3,1. FSV Mainz 05,SV Werder Bremen,1,2,FINISHED
502403,2024/25,2024-09-20 18:30:00+00:00,REGULAR_SEASON,,4,FC Augsburg,1. FSV Mainz 05,2,3,FINISHED
502401,2024/25,2024-09-21 13:30:00+00:00,REGULAR_SEASON,,4,1. FC Heidenheim 1846,SC Freiburg,0,3,FINISHED
502405,2024/25,2024-09-21 13:30:00+00:00,REGULAR_SEASON,,4,VfL Bochum 1848,Holstein Kiel,2,2,FINISHED
502404,2024/25,2024-09-21 13:30:00+00:00,REGULAR_SEASON,,4,1. FC Union Berlin,TSG 1899 Hoffenheim,2,1,FINISHED
502402,2024/25,2024-09-21 13:30:00+00:00,REGULAR_SEASON,,4,SV Werder Bremen,FC Bayern München,0,5,FINISHED
502400,2024/25,2024-09-21 16:30:00+00:00,REGULAR_SEASON,,4,Eintracht Frankfurt,Borussia Mönchengladbach,2,0,FINISHED
502398,2024/25,2024-09-22 13:30:00+00:00,REGULAR_SEASON,,4,Bayer 04 Leverkusen,VfL Wolfsburg,4,3,FINISHED
502399,2024/25,2024-09-22 15:30:00+00:00,REGULAR_SEASON,,4,VfB Stuttgart,Borussia Dortmund,5,1,FINISHED
502406,2024/25,2024-09-22 17:30:00+00:00,REGULAR_SEASON,,4,FC St. Pauli 1910,RB Leipzig,0,0,FINISHED
502409,2024/25,2024-09-27 18:30:00+00:00,REGULAR_SEASON,,5,Borussia Dortmund,VfL Bochum 1848,4,2,FINISHED
502414,2024/25,2024-09-28 13:30:00+00:00,REGULAR_SEASON,,5,Borussia Mönchengladbach,1. FC Union Berlin,1,0,FINISHED
502411,2024/25,2024-09-28 13:30:00+00:00,REGULAR_SEASON,,5,SC Freiburg,FC St. Pauli 1910,0,3,FINISHED
502408,2024/25,2024-09-28 13:30:00+00:00,REGULAR_SEASON,,5,RB Leipzig,FC Augsburg,4,0,FINISHED
502413,2024/25,2024-09-28 13:30:00+00:00,REGULAR_SEASON,,5,1. FSV Mainz 05,1. FC Heidenheim 1846,0,2,FINISHED
502412,2024/25,2024-09-28 13:30:00+00:00,REGULAR_SEASON,,5,VfL Wolfsburg,VfB Stuttgart,2,2,FINISHED
502407,2024/25,2024-09-28 16:30:00+00:00,REGULAR_SEASON,,5,FC Bayern München,Bayer 04 Leverkusen,1,1,FINISHED
502415,2024/25,2024-09-29 13:30:00+00:00,REGULAR_SEASON,,5,Holstein Kiel,Eintracht Frankfurt,2,4,FINISHED
502410,2024/25,2024-09-29 15:30:00+00:00,REGULAR_SEASON,,5,TSG 1899 Hoffenheim,SV Werder Bremen,3,4,FINISHED
502421,2024/25,2024-10-04 18:30:00+00:00,REGULAR_SEASON,,6,FC Augsburg,Borussia Mönchengladbach,2,1,FINISHED
502416,2024/25,2024-10-05 13:30:00+00:00,REGULAR_SEASON,,6,Bayer 04 Leverkusen,Holstein Kiel,2,2,FINISHED
502420,2024/25,2024-10-05 13:30:00+00:00,REGULAR_SEASON,,6,SV Werder Bremen,SC Freiburg,0,1,FINISHED
502422,2024/25,2024-10-05 13:30:00+00:00,REGULAR_SEASON,,6,1. FC Union Berlin,Borussia Dortmund,2,1,FINISHED
502423,2024/25,2024-10-05 13:30:00+00:00,REGULAR_SEASON,,6,VfL Bochum 1848,VfL Wolfsburg,1,3,FINISHED
502424,2024/25,2024-10-05 16:30:00+00:00,REGULAR_SEASON,,6,FC St. Pauli 1910,1. FSV Mainz 05,0,3,FINISHED
502419,2024/25,2024-10-06 13:30:00+00:00,REGULAR_SEASON,,6,1. FC Heidenheim 1846,RB Leipzig,0,1,FINISHED
502418,2024/25,2024-10-06 15:30:00+00:00,REGULAR_SEASON,,6,Eintracht Frankfurt,FC Bayern München,3,3,FINISHED
502417,2024/25,2024-10-06 17:30:00+00:00,REGULAR_SEASON,,6,VfB Stuttgart,TSG 1899 Hoffenheim,1,1,FINISHED
502427,2024/25,2024-10-18 18:30:00+00:00,REGULAR_SEASON,,7,Borussia Dortmund,FC St. Pauli 1910,2,1,FINISHED
502425,2024/25,2024-10-19 13:30:00+00:00,REGULAR_SEASON,,7,Bayer 04 Leverkusen,Eintracht Frankfurt,2,1,FINISHED
502429,2024/25,2024-10-19 13:30:00+00:00,REGULAR_SEASON,,7,SC Freiburg,FC Augsburg,3,1,FINISHED
502432,2024/25,2024-10-19 13:30:00+00:00,REGULAR_SEASON,,7,Borussia Mönchengladbach,1. FC Heidenheim 1846,3,2,FINISHED
502431,2024/25,2024-10-19 13:30:00+00:00,REGULAR_SEASON,,7,1. FSV Mainz 05,RB Leipzig,0,2,FINISHED
502428,2024/25,2024-10-19 13:30:00+00:00,REGULAR_SEASON,,7,TSG 1899 Hoffenheim,VfL Bochum 1848,3,1,FINISHED
502426,2024/25,2024-10-19 16:30:00+00:00,REGULAR_SEASON,,7,FC Bayern München,VfB Stuttgart,4,0,FINISHED
502433,2024/25,2024-10-20 13:30:00+00:00,REGULAR_SEASON,,7,Holstein Kiel,1. FC Union Berlin,0,2,FINISHED
502430,2024/25,2024-10-20 15:30:00+00:00,REGULAR_SEASON,,7,VfL Wolfsburg,SV Werder Bremen,2,4,FINISHED
502439,2024/25,2024-10-25 18:30:00+00:00,REGULAR_SEASON,,8,1. FSV Mainz 05,Borussia Mönchengladbach,1,1,FINISHED
502434,2024/25,2024-10-26 13:30:00+00:00,REGULAR_SEASON,,8,VfB Stuttgart,Holstein Kiel,2,1,FINISHED
502435,2024/25,2024-10-26 13:30:00+00:00,REGULAR_SEASON,,8,RB Leipzig,SC Freiburg,3,1,FINISHED
502438,2024/25,2024-10-26 13:30:00+00:00,REGULAR_SEASON,,8,FC Augsburg,Borussia Dortmund,2,1,FINISHED
502442,2024/25,2024-10-26 13:30:00+00:00,REGULAR_SEASON,,8,FC St. Pauli 1910,VfL Wolfsburg,0,0,FINISHED
502437,2024/25,2024-10-26 16:30:00+00:00,REGULAR_SEASON,,8,SV Werder Bremen,Bayer 04 Leverkusen,2,2,FINISHED
502441,2024/25,2024-10-27 14:30:00+00:00,REGULAR_SEASON,,8,VfL Bochum 1848,FC Bayern München,0,5,FINISHED
502440,2024/25,2024-10-27 16:30:00+00:00,REGULAR_SEASON,,8,1. FC Union Berlin,Eintracht Frankfurt,1,1,FINISHED
502436,2024/25,2024-10-27 18:30:00+00:00,REGULAR_SEASON,,8,1. FC Heidenheim 1846,TSG 1899 Hoffenheim,0,0,FINISHED
502443,2024/25,2024-11-01 19:30:00+00:00,REGULAR_SEASON,,9,Bayer 04 Leverkusen,VfB Stuttgart,0,0,FINISHED
502451,2024/25,2024-11-02 14:30:00+00:00,REGULAR_SEASON,,9,Holstein Kiel,1. FC Heidenheim 1846,1,0,FINISHED
502449,2024/25,2024-11-02 14:30:00+00:00,REGULAR_SEASON,,9,VfL Wolfsburg,FC Augsburg,1,1,FINISHED
502444,2024/25,2024-11-02 14:30:00+00:00,REGULAR_SEASON,,9,FC Bayern München,1. FC Union Berlin,3,0,FINISHED
502447,2024/25,2024-11-02 14:30:00+00:00,REGULAR_SEASON,,9,TSG 1899 Hoffenheim,FC St. Pauli 1910,0,2,FINISHED
502446,2024/25,2024-11-02 14:30:00+00:00,REGULAR_SEASON,,9,Eintracht Frankfurt,VfL Bochum 1848,7,2,FINISHED
502445,2024/25,2024-11-02 17:30:00+00:00,REGULAR_SEASON,,9,Borussia Dortmund,RB Leipzig,2,1,FINISHED
502448,2024/25,2024-11-03 14:30:00+00:00,REGULAR_SEASON,,9,SC Freiburg,1. FSV Mainz 05,0,0,FINISHED
502450,2024/25,2024-11-03 16:30:00+00:00,REGULAR_SEASON,,9,Borussia Mönchengladbach,SV Werder Bremen,4,1,FINISHED
502458,2024/25,2024-11-08 19:30:00+00:00,REGULAR_SEASON,,10,1. FC Union Berlin,SC Freiburg,0,0,FINISHED
502460,2024/25,2024-11-09 14:30:00+00:00,REGULAR_SEASON,,10,FC St. Pauli 1910,FC Bayern München,0,1,FINISHED
502459,2024/25,2024-11-09 14:30:00+00:00,REGULAR_SEASON,,10,VfL Bochum 1848,Bayer 04 Leverkusen,1,1,FINISHED
502455,2024/25,2024-11-09 14:30:00+00:00,REGULAR_SEASON,,10,SV Werder Bremen,Holstein Kiel,2,1,FINISHED
502457,2024/25,2024-11-09 14:30:00+00:00,REGULAR_SEASON,,10,1. FSV Mainz 05,Borussia Dortmund,3,1,FINISHED
502453,2024/25,2024-11-09 17:30:00+00:00,REGULAR_SEASON,,10,RB Leipzig,Borussia Mönchengladbach,0,0,FINISHED
502456,2024/25,2024-11-10 14:30:00+00:00,REGULAR_SEASON,,10,FC Augsburg,TSG 1899 Hoffenheim,0,0,FINISHED
502452,2024/25,2024-11-10 16:30:00+00:00,REGULAR_SEASON,,10,VfB Stuttgart,Eintracht Frankfurt,2,3,FINISHED
502454,2024/25,2024-11-10 18:30:00+00:00,REGULAR_SEASON,,10,1. FC Heidenheim 1846,VfL Wolfsburg,1,3,FINISHED
502463,2024/25,2024-11-22 19:30:00+00:00,REGULAR_SEASON,,11,FC Bayern München,FC Augsburg,3,0,FINISHED
502462,2024/25,2024-11-23 14:30:00+00:00,REGULAR_SEASON,,11,VfB Stuttgart,VfL Bochum 1848,2,0,FINISHED
502461,2024/25,2024-11-23 14:30:00+00:00,REGULAR_SEASON,,11,Bayer 04 Leverkusen,1. FC Heidenheim 1846,5,2,FINISHED
502467,2024/25,2024-11-23 14:30:00+00:00,REGULAR_SEASON,,11,VfL Wolfsburg,1. FC Union Berlin,1,0,FINISHED
502464,2024/25,2024-11-23 14:30:00+00:00,REGULAR_SEASON,,11,Borussia Dortmund,SC Freiburg,4,0,FINISHED
502466,2024/25,2024-11-23 14:30:00+00:00,REGULAR_SEASON,,11,TSG 1899 Hoffenheim,RB Leipzig,4,3,FINISHED
502465,2024/25,2024-11-23 17:30:00+00:00,REGULAR_SEASON,,11,Eintracht Frankfurt,SV Werder Bremen,1,0,FINISHED
502469,2024/25,2024-11-24 14:30:00+00:00,REGULAR_SEASON,,11,Holstein Kiel,1. FSV Mainz 05,0,3,FINISHED
502468,2024/25,2024-11-24 16:30:00+00:00,REGULAR_SEASON,,11,Borussia Mönchengladbach,FC St. Pauli 1910,2,0,FINISHED
502478,2024/25,2024-11-29 19:30:00+00:00,REGULAR_SEASON,,12,FC St. Pauli 1910,Holstein Kiel,3,1,FINISHED
502475,2024/25,2024-11-30 14:30:00+00:00,REGULAR_SEASON,,12,FC Augsburg,VfL Bochum 1848,1,0,FINISHED
502477,2024/25,2024-11-30 14:30:00+00:00,REGULAR_SEASON,,12,1. FC Union Berlin,Bayer 04 Leverkusen,1,2,FINISHED
502474,2024/25,2024-11-30 14:30:00+00:00,REGULAR_SEASON,,12,SC Freiburg,Borussia Mönchengladbach,3,1,FINISHED
502473,2024/25,2024-11-30 14:30:00+00:00,REGULAR_SEASON,,12,SV Werder Bremen,VfB Stuttgart,2,2,FINISHED
502470,2024/25,2024-11-30 14:30:00+00:00,REGULAR_SEASON,,12,RB Leipzig,VfL Wolfsburg,1,5,FINISHED
502471,2024/25,2024-11-30 17:30:00+00:00,REGULAR_SEASON,,12,Borussia Dortmund,FC Bayern München,1,1,FINISHED
502476,2024/25,2024-12-01 14:30:00+00:00,REGULAR_SEASON,,12,1. FSV Mainz 05,TSG 1899 Hoffenheim,2,0,FINISHED
502472,2024/25,2024-12-01 16:30:00+00:00,REGULAR_SEASON,,12,1. FC Heidenheim 1846,Eintracht Frankfurt,0,4,FINISHED
502480,2024/25,2024-12-06 19:30:00+00:00,REGULAR_SEASON,,13,VfB Stuttgart,1. FC Union Berlin,3,2,FINISHED
502479,2024/25,2024-12-07 14:30:00+00:00,REGULAR_SEASON,,13,Bayer 04 Leverkusen,FC St. Pauli 1910,2,1,FINISHED
502482,2024/25,2024-12-07 14:30:00+00:00,REGULAR_SEASON,,13,Eintracht Frankfurt,FC Augsburg,2,2,FINISHED
502481,2024/25,2024-12-07 14:30:00+00:00,REGULAR_SEASON,,13,FC Bayern München,1. FC Heidenheim 1846,4,2,FINISHED
502486,2024/25,2024-12-07 14:30:00+00:00,REGULAR_SEASON,,13,VfL Bochum 1848,SV Werder Bremen,0,1,FINISHED
502487,2024/25,2024-12-07 14:30:00+00:00,REGULAR_SEASON,,13,Holstein Kiel,RB Leipzig,0,2,FINISHED
502485,2024/25,2024-12-07 17:30:00+00:00,REGULAR_SEASON,,13,Borussia Mönchengladbach,Borussia Dortmund,1,1,FINISHED
502484,2024/25,2024-12-08 14:30:00+00:00,REGULAR_SEASON,,13,VfL Wolfsburg,1. FSV Mainz 05,4,3,FINISHED
502483,2024/25,2024-12-08 16:30:00+00:00,REGULAR_SEASON,,13,TSG 1899 Hoffenheim,SC Freiburg,1,1,FINISHED
502491,2024/25,2024-12-13 19:30:00+00:00,REGULAR_SEASON,,14,SC Freiburg,VfL Wolfsburg,3,2,FINISHED
502492,2024/25,2024-12-14 14:30:00+00:00,REGULAR_SEASON,,14,1. FSV Mainz 05,FC Bayern München,2,1,FINISHED
502493,2024/25,2024-12-14 14:30:00+00:00,REGULAR_SEASON,,14,Borussia Mönchengladbach,Holstein Kiel,4,1,FINISHED
502496,2024/25,2024-12-14 14:30:00+00:00,REGULAR_SEASON,,14,FC Augsburg,Bayer 04 Leverkusen,0,2,FINISHED
502494,2024/25,2024-12-14 14:30:00+00:00,REGULAR_SEASON,,14,1. FC Union Berlin,VfL Bochum 1848,0,2,AWARDED
502495,2024/25,2024-12-14 17:30:00+00:00,REGULAR_SEASON,,14,FC St. Pauli 1910,SV Werder Bremen,0,2,FINISHED
502490,2024/25,2024-12-15 14:30:00+00:00,REGULAR_SEASON,,14,1. FC Heidenheim 1846,VfB Stuttgart,1,3,FINISHED
502489,2024/25,2024-12-15 16:30:00+00:00,REGULAR_SEASON,,14,Borussia Dortmund,TSG 1899 Hoffenheim,1,1,FINISHED
502488,2024/25,2024-12-15 18:30:00+00:00,REGULAR_SEASON,,14,RB Leipzig,Eintracht Frankfurt,2,1,FINISHED
502499,2024/25,2024-12-20 19:30:00+00:00,REGULAR_SEASON,,15,FC Bayern München,RB Leipzig,5,1,FINISHED
502505,2024/25,2024-12-21 14:30:00+00:00,REGULAR_SEASON,,15,Holstein Kiel,FC Augsburg,5,1,FINISHED
502500,2024/25,2024-12-21 14:30:00+00:00,REGULAR_SEASON,,15,Eintracht Frankfurt,1. FSV Mainz 05,1,3,FINISHED
502502,2024/25,2024-12-21 14:30:00+00:00,REGULAR_SEASON,,15,SV Werder Bremen,1. FC Union Berlin,4,1,FINISHED
502501,2024/25,2024-12-21 14:30:00+00:00,REGULAR_SEASON,,15,TSG 1899 Hoffenheim,Borussia Mönchengladbach,1,2,FINISHED
502498,2024/25,2024-12-21 14:30:00+00:00,REGULAR_SEASON,,15,VfB Stuttgart,FC St. Pauli 1910,0,1,FINISHED
502497,2024/25,2024-12-21 17:30:00+00:00,REGULAR_SEASON,,15,Bayer 04 Leverkusen,SC Freiburg,5,1,FINISHED
502504,2024/25,2024-12-22 14:30:00+00:00,REGULAR_SEASON,,15,VfL Bochum 1848,1. FC Heidenheim 1846,2,0,FINISHED
502503,2024/25,2024-12-22 16:30:00+00:00,REGULAR_SEASON,,15,VfL Wolfsburg,Borussia Dortmund,1,3,FINISHED
502507,2024/25,2025-01-10 19:45:00+00:00,REGULAR_SEASON,,16,Borussia Dortmund,Bayer 04 Leverkusen,2,3,FINISHED
502512,2024/25,2025-01-11 14:30:00+00:00,REGULAR_SEASON,,16,1. FSV Mainz 05,VfL Bochum 1848,2,0,FINISHED
502514,2024/25,2025-01-11 14:30:00+00:00,REGULAR_SEASON,,16,FC St. Pauli 1910,Eintracht Frankfurt,0,1,FINISHED
502510,2024/25,2025-01-11 14:30:00+00:00,REGULAR_SEASON,,16,SC Freiburg,Holstein Kiel,3,2,FINISHED
502509,2024/25,2025-01-11 14:30:00+00:00,REGULAR_SEASON,,16,1. FC Heidenheim 1846,1. FC Union Berlin,2,0,FINISHED
502508,2024/25,2025-01-11 14:30:00+00:00,REGULAR_SEASON,,16,TSG 1899 Hoffenheim,VfL Wolfsburg,0,1,FINISHED
502513,2024/25,2025-01-11 17:30:00+00:00,REGULAR_SEASON,,16,Borussia Mönchengladbach,FC Bayern München,0,1,FINISHED
502506,2024/25,2025-01-12 14:30:00+00:00,REGULAR_SEASON,,16,RB Leipzig,SV Werder Bremen,4,2,FINISHED
502511,2024/25,2025-01-12 16:30:00+00:00,REGULAR_SEASON,,16,FC Augsburg,VfB Stuttgart,0,1,FINISHED
502523,2024/25,2025-01-14 17:30:00+00:00,REGULAR_SEASON,,17,Holstein Kiel,Borussia Dortmund,4,2,FINISHED
502515,2024/25,2025-01-14 19:30:00+00:00,REGULAR_SEASON,,17,Bayer 04 Leverkusen,1. FSV Mainz 05,1,0,FINISHED
502520,2024/25,2025-01-14 19:30:00+00:00,REGULAR_SEASON,,17,VfL Wolfsburg,Borussia Mönchengladbach,5,1,FINISHED
502518,2024/25,2025-01-14 19:30:00+00:00,REGULAR_SEASON,,17,Eintracht Frankfurt,SC Freiburg,4,1,FINISHED
502522,2024/25,2025-01-15 17:30:00+00:00,REGULAR_SEASON,,17,VfL Bochum 1848,FC St. Pauli 1910,1,0,FINISHED
502517,2024/25,2025-01-15 19:30:00+00:00,REGULAR_SEASON,,17,FC Bayern München,TSG 1899 Hoffenheim,5,0,FINISHED
502516,2024/25,2025-01-15 19:30:00+00:00,REGULAR_SEASON,,17,VfB Stuttgart,RB Leipzig,2,1,FINISHED
502521,2024/25,2025-01-15 19:30:00+00:00,REGULAR_SEASON,,17,1. FC Union Berlin,FC Augsburg,0,2,FINISHED
502519,2024/25,2025-01-15 19:30:00+00:00,REGULAR_SEASON,,17,SV Werder Bremen,1. FC Heidenheim 1846,3,3,FINISHED
502526,2024/25,2025-01-17 19:30:00+00:00,REGULAR_SEASON,,18,Eintracht Frankfurt,Borussia Dortmund,2,0,FINISHED
502528,2024/25,2025-01-18 14:30:00+00:00,REGULAR_SEASON,,18,VfB Stuttgart,SC Freiburg,4,0,FINISHED
502530,2024/25,2025-01-18 14:30:00+00:00,REGULAR_SEASON,,18,FC Bayern München,VfL Wolfsburg,3,2,FINISHED
502532,2024/25,2025-01-18 14:30:00+00:00,REGULAR_SEASON,,18,1. FC Heidenheim 1846,FC St. Pauli 1910,0,2,FINISHED
502525,2024/25,2025-01-18 14:30:00+00:00,REGULAR_SEASON,,18,VfL Bochum 1848,RB Leipzig,3,3,FINISHED
502527,2024/25,2025-01-18 14:30:00+00:00,REGULAR_SEASON,,18,Holstein Kiel,TSG 1899 Hoffenheim,1,3,FINISHED
502524,2024/25,2025-01-18 17:30:00+00:00,REGULAR_SEASON,,18,Bayer 04 Leverkusen,Borussia Mönchengladbach,3,1,FINISHED
502531,2024/25,2025-01-19 14:30:00+00:00,REGULAR_SEASON,,18,1. FC Union Berlin,1. FSV Mainz 05,2,1,FINISHED
502529,2024/25,2025-01-19 16:30:00+00:00,REGULAR_SEASON,,18,SV Werder Bremen,FC Augsburg,0,2,FINISHED
502541,2024/25,2025-01-24 19:30:00+00:00,REGULAR_SEASON,,19,VfL Wolfsburg,Holstein Kiel,2,2,FINISHED
502537,2024/25,2025-01-25 14:30:00+00:00,REGULAR_SEASON,,19,FC Augsburg,1. FC Heidenheim 1846,2,1,FINISHED
502534,2024/25,2025-01-25 14:30:00+00:00,REGULAR_SEASON,,19,1. FSV Mainz 05,VfB Stuttgart,2,0,FINISHED
502535,2024/25,2025-01-25 14:30:00+00:00,REGULAR_SEASON,,19,SC Freiburg,FC Bayern München,1,2,FINISHED
502533,2024/25,2025-01-25 14:30:00+00:00,REGULAR_SEASON,,19,RB Leipzig,Bayer 04 Leverkusen,2,2,FINISHED
502538,2024/25,2025-01-25 14:30:00+00:00,REGULAR_SEASON,,19,Borussia Dortmund,SV Werder Bremen,2,2,FINISHED
502540,2024/25,2025-01-25 17:30:00+00:00,REGULAR_SEASON,,19,Borussia Mönchengladbach,VfL Bochum 1848,3,0,FINISHED
502536,2024/25,2025-01-26 14:30:00+00:00,REGULAR_SEASON,,19,TSG 1899 Hoffenheim,Eintracht Frankfurt,2,2,FINISHED
502539,2024/25,2025-01-26 16:30:00+00:00,REGULAR_SEASON,,19,FC St. Pauli 1910,1. FC Union Berlin,3,0,FINISHED
502548,2024/25,2025-01-31 19:30:00+00:00,REGULAR_SEASON,,20,SV Werder Bremen,1. FSV Mainz 05,1,0,FINISHED
502546,2024/25,2025-02-01 14:30:00+00:00,REGULAR_SEASON,,20,FC St. Pauli 1910,FC Augsburg,1,1,FINISHED
502543,2024/25,2025-02-01 14:30:00+00:00,REGULAR_SEASON,,20,1. FC Heidenheim 1846,Borussia Dortmund,1,2,FINISHED
502550,2024/25,2025-02-01 14:30:00+00:00,REGULAR_SEASON,,20,FC Bayern München,Holstein Kiel,4,3,FINISHED
502545,2024/25,2025-02-01 14:30:00+00:00,REGULAR_SEASON,,20,VfL Bochum 1848,SC Freiburg,0,1,FINISHED
502549,2024/25,2025-02-01 14:30:00+00:00,REGULAR_SEASON,,20,VfB Stuttgart,Borussia Mönchengladbach,1,2,FINISHED
502542,2024/25,2025-02-01 17:30:00+00:00,REGULAR_SEASON,,20,1. FC Union Berlin,RB Leipzig,0,0,FINISHED
502547,2024/25,2025-02-02 14:30:00+00:00,REGULAR_SEASON,,20,Eintracht Frankfurt,VfL Wolfsburg,1,1,FINISHED
502544,2024/25,2025-02-02 16:30:00+00:00,REGULAR_SEASON,,20,Bayer 04 Leverkusen,TSG 1899 Hoffenheim,3,1,FINISHED
502555,2024/25,2025-02-07 19:30:00+00:00,REGULAR_SEASON,,21,FC Bayern München,SV Werder Bremen,3,0,FINISHED
502552,2024/25,2025-02-08 14:30:00+00:00,REGULAR_SEASON,,21,Borussia Dortmund,VfB Stuttgart,1,2,FINISHED
502554,2024/25,2025-02-08 14:30:00+00:00,REGULAR_SEASON,,21,SC Freiburg,1. FC Heidenheim 1846,1,0,FINISHED
502556,2024/25,2025-02-08 14:30:00+00:00,REGULAR_SEASON,,21,1. FSV Mainz 05,FC Augsburg,0,0,FINISHED
502551,2024/25,2025-02-08 14:30:00+00:00,REGULAR_SEASON,,21,VfL Wolfsburg,Bayer 04 Leverkusen,0,0,FINISHED
502557,2024/25,2025-02-08 14:30:00+00:00,REGULAR_SEASON,,21,TSG 1899 Hoffenheim,1. FC Union Berlin,0,4,FINISHED
502553,2024/25,2025-02-08 17:30:00+00:00,REGULAR_SEASON,,21,Borussia Mönchengladbach,Eintracht Frankfurt,1,1,FINISHED
502558,2024/25,2025-02-09 14:30:00+00:00,REGULAR_SEASON,,21,Holstein Kiel,VfL Bochum 1848,2,2,FINISHED
502559,2024/25,2025-02-09 16:30:00+00:00,REGULAR_SEASON,,21,RB Leipzig,FC St. Pauli 1910,2,0,FINISHED
502561,2024/25,2025-02-14 19:30:00+00:00,REGULAR_SEASON,,22,FC Augsburg,RB Leipzig,0,0,FINISHED
502562,2024/25,2025-02-15 14:30:00+00:00,REGULAR_SEASON,,22,VfL Bochum 1848,Borussia Dortmund,2,0,FINISHED
502564,2024/25,2025-02-15 14:30:00+00:00,REGULAR_SEASON,,22,FC St. Pauli 1910,SC Freiburg,0,1,FINISHED
502565,2024/25,2025-02-15 14:30:00+00:00,REGULAR_SEASON,,22,VfB Stuttgart,VfL Wolfsburg,1,2,FINISHED
502567,2024/25,2025-02-15 14:30:00+00:00,REGULAR_SEASON,,22,1. FC Union Berlin,Borussia Mönchengladbach,1,2,FINISHED
502560,2024/25,2025-02-15 17:30:00+00:00,REGULAR_SEASON,,22,Bayer 04 Leverkusen,FC Bayern München,0,0,FINISHED
502563,2024/25,2025-02-16 14:30:00+00:00,REGULAR_SEASON,,22,SV Werder Bremen,TSG 1899 Hoffenheim,1,3,FINISHED
502568,2024/25,2025-02-16 16:30:00+00:00,REGULAR_SEASON,,22,Eintracht Frankfurt,Holstein Kiel,3,1,FINISHED
502566,2024/25,2025-02-16 18:30:00+00:00,REGULAR_SEASON,,22,1. FC Heidenheim 1846,1. FSV Mainz 05,0,2,FINISHED
502573,2024/25,2025-02-21 19:30:00+00:00,REGULAR_SEASON,,23,SC Freiburg,SV Werder Bremen,5,0,FINISHED
502574,2024/25,2025-02-22 14:30:00+00:00,REGULAR_SEASON,,23,Borussia Mönchengladbach,FC Augsburg,0,3,FINISHED
502569,2024/25,2025-02-22 14:30:00+00:00,REGULAR_SEASON,,23,Holstein Kiel,Bayer 04 Leverkusen,0,2,FINISHED
502577,2024/25,2025-02-22 14:30:00+00:00,REGULAR_SEASON,,23,1. FSV Mainz 05,FC St. Pauli 1910,2,0,FINISHED
502576,2024/25,2025-02-22 14:30:00+00:00,REGULAR_SEASON,,23,VfL Wolfsburg,VfL Bochum 1848,1,1,FINISHED
502575,2024/25,2025-02-22 17:30:00+00:00,REGULAR_SEASON,,23,Borussia Dortmund,1. FC Union Berlin,6,0,FINISHED
502572,2024/25,2025-02-23 14:30:00+00:00,REGULAR_SEASON,,23,RB Leipzig,1. FC Heidenheim 1846,2,2,FINISHED
502571,2024/25,2025-02-23 16:30:00+00:00,REGULAR_SEASON,,23,FC Bayern München,Eintracht Frankfurt,4,0,FINISHED
502570,2024/25,2025-02-23 18:30:00+00:00,REGULAR_SEASON,,23,TSG 1899 Hoffenheim,VfB Stuttgart,1,1,FINISHED
502579,2024/25,2025-02-28 19:30:00+00:00,REGULAR_SEASON,,24,VfB Stuttgart,FC Bayern München,1,3,FINISHED
502583,2024/25,2025-03-01 14:30:00+00:00,REGULAR_SEASON,,24,SV Werder Bremen,VfL Wolfsburg,1,2,FINISHED
502581,2024/25,2025-03-01 14:30:00+00:00,REGULAR_SEASON,,24,VfL Bochum 1848,TSG 1899 Hoffenheim,0,1,FINISHED
502585,2024/25,2025-03-01 14:30:00+00:00,REGULAR_SEASON,,24,1. FC Heidenheim 1846,Borussia Mönchengladbach,0,3,FINISHED
502584,2024/25,2025-03-01 14:30:00+00:00,REGULAR_SEASON,,24,RB Leipzig,1. FSV Mainz 05,1,2,FINISHED
502580,2024/25,2025-03-01 14:30:00+00:00,REGULAR_SEASON,,24,FC St. Pauli 1910,Borussia Dortmund,0,2,FINISHED
502578,2024/25,2025-03-01 17:30:00+00:00,REGULAR_SEASON,,24,Eintracht Frankfurt,Bayer 04 Leverkusen,1,4,FINISHED
502586,2024/25,2025-03-02 14:30:00+00:00,REGULAR_SEASON,,24,1. FC Union Berlin,Holstein Kiel,0,1,FINISHED
502582,2024/25,2025-03-02 16:30:00+00:00,REGULAR_SEASON,,24,FC Augsburg,SC Freiburg,0,0,FINISHED
502592,2024/25,2025-03-07 19:30:00+00:00,REGULAR_SEASON,,25,Borussia Mönchengladbach,1. FSV Mainz 05,1,3,FINISHED
502591,2024/25,2025-03-08 14:30:00+00:00,REGULAR_SEASON,,25,Borussia Dortmund,FC Augsburg,0,1,FINISHED
502590,2024/25,2025-03-08 14:30:00+00:00,REGULAR_SEASON,,25,Bayer 04 Leverkusen,SV Werder Bremen,0,2,FINISHED
502595,2024/25,2025-03-08 14:30:00+00:00,REGULAR_SEASON,,25,VfL Wolfsburg,FC St. Pauli 1910,1,1,FINISHED
502594,2024/25,2025-03-08 14:30:00+00:00,REGULAR_SEASON,,25,FC Bayern München,VfL Bochum 1848,2,3,FINISHED
502587,2024/25,2025-03-08 14:30:00+00:00,REGULAR_SEASON,,25,Holstein Kiel,VfB Stuttgart,2,2,FINISHED
502588,2024/25,2025-03-08 17:30:00+00:00,REGULAR_SEASON,,25,SC Freiburg,RB Leipzig,0,0,FINISHED
502593,2024/25,2025-03-09 14:30:00+00:00,REGULAR_SEASON,,25,Eintracht Frankfurt,1. FC Union Berlin,1,2,FINISHED
502589,2024/25,2025-03-09 16:30:00+00:00,REGULAR_SEASON,,25,TSG 1899 Hoffenheim,1. FC Heidenheim 1846,1,1,FINISHED
502600,2024/25,2025-03-14 19:30:00+00:00,REGULAR_SEASON,,26,FC St. Pauli 1910,TSG 1899 Hoffenheim,1,0,FINISHED
502597,2024/25,2025-03-15 14:30:00+00:00,REGULAR_SEASON,,26,1. FC Union Berlin,FC Bayern München,1,1,FINISHED
502601,2024/25,2025-03-15 14:30:00+00:00,REGULAR_SEASON,,26,1. FSV Mainz 05,SC Freiburg,2,2,FINISHED
502602,2024/25,2025-03-15 14:30:00+00:00,REGULAR_SEASON,,26,FC Augsburg,VfL Wolfsburg,1,0,FINISHED
502603,2024/25,2025-03-15 14:30:00+00:00,REGULAR_SEASON,,26,SV Werder Bremen,Borussia Mönchengladbach,2,4,FINISHED
502598,2024/25,2025-03-15 17:30:00+00:00,REGULAR_SEASON,,26,RB Leipzig,Borussia Dortmund,2,0,FINISHED
502599,2024/25,2025-03-16 15:20:00+00:00,REGULAR_SEASON,,26,VfL Bochum 1848,Eintracht Frankfurt,1,3,FINISHED
502604,2024/25,2025-03-16 16:30:00+00:00,REGULAR_SEASON,,26,1. FC Heidenheim 1846,Holstein Kiel,3,1,FINISHED
502596,2024/25,2025-03-16 18:30:00+00:00,REGULAR_SEASON,,26,VfB Stuttgart,Bayer 04 Leverkusen,3,4,FINISHED
502612,2024/25,2025-03-28 19:30:00+00:00,REGULAR_SEASON,,27,Bayer 04 Leverkusen,VfL Bochum 1848,3,1,FINISHED
502609,2024/25,2025-03-29 14:30:00+00:00,REGULAR_SEASON,,27,TSG 1899 Hoffenheim,FC Augsburg,1,1,FINISHED
502606,2024/25,2025-03-29 14:30:00+00:00,REGULAR_SEASON,,27,Borussia Mönchengladbach,RB Leipzig,1,0,FINISHED
502607,2024/25,2025-03-29 14:30:00+00:00,REGULAR_SEASON,,27,VfL Wolfsburg,1. FC Heidenheim 1846,0,1,FINISHED
502613,2024/25,2025-03-29 14:30:00+00:00,REGULAR_SEASON,,27,FC Bayern München,FC St. Pauli 1910,3,2,FINISHED
502608,2024/25,2025-03-29 14:30:00+00:00,REGULAR_SEASON,,27,Holstein Kiel,SV Werder Bremen,0,3,FINISHED
502605,2024/25,2025-03-29 17:30:00+00:00,REGULAR_SEASON,,27,Eintracht Frankfurt,VfB Stuttgart,1,0,FINISHED
502611,2024/25,2025-03-30 13:30:00+00:00,REGULAR_SEASON,,27,SC Freiburg,1. FC Union Berlin,1,2,FINISHED
502610,2024/25,2025-03-30 15:30:00+00:00,REGULAR_SEASON,,27,Borussia Dortmund,1. FSV Mainz 05,3,1,FINISHED
502616,2024/25,2025-04-04 18:30:00+00:00,REGULAR_SEASON,,28,FC Augsburg,FC Bayern München,1,3,FINISHED
502615,2024/25,2025-04-05 13:30:00+00:00,REGULAR_SEASON,,28,VfL Bochum 1848,VfB Stuttgart,0,4,FINISHED
502614,2024/25,2025-04-05 13:30:00+00:00,REGULAR_SEASON,,28,1. FC Heidenheim 1846,Bayer 04 Leverkusen,0,1,FINISHED
502617,2024/25,2025-04-05 13:30:00+00:00,REGULAR_SEASON,,28,SC Freiburg,Borussia Dortmund,1,4,FINISHED
502622,2024/25,2025-04-05 13:30:00+00:00,REGULAR_SEASON,,28,1. FSV Mainz 05,Holstein Kiel,1,1,FINISHED
502619,2024/25,2025-04-05 13:30:00+00:00,REGULAR_SEASON,,28,RB Leipzig,TSG 1899 Hoffenheim,3,1,FINISHED
502618,2024/25,2025-04-05 16:30:00+00:00,REGULAR_SEASON,,28,SV Werder Bremen,Eintracht Frankfurt,2,0,FINISHED
502621,2024/25,2025-04-06 13:30:00+00:00,REGULAR_SEASON,,28,FC St. Pauli 1910,Borussia Mönchengladbach,1,1,FINISHED
502620,2024/25,2025-04-06 15:30:00+00:00,REGULAR_SEASON,,28,1. FC Union Berlin,VfL Wolfsburg,1,0,FINISHED
502623,2024/25,2025-04-11 18:30:00+00:00,REGULAR_SEASON,,29,VfL Wolfsburg,RB Leipzig,2,3,FINISHED
502628,2024/25,2025-04-12 13:30:00+00:00,REGULAR_SEASON,,29,VfL Bochum 1848,FC Augsburg,1,2,FINISHED
502631,2024/25,2025-04-12 13:30:00+00:00,REGULAR_SEASON,,29,Holstein Kiel,FC St. Pauli 1910,1,2,FINISHED
502627,2024/25,2025-04-12 13:30:00+00:00,REGULAR_SEASON,,29,Borussia Mönchengladbach,SC Freiburg,1,2,FINISHED
502630,2024/25,2025-04-12 13:30:00+00:00,REGULAR_SEASON,,29,Bayer 04 Leverkusen,1. FC Union Berlin,0,0,FINISHED
502629,2024/25,2025-04-12 13:30:00+00:00,REGULAR_SEASON,,29,TSG 1899 Hoffenheim,1. FSV Mainz 05,2,0,FINISHED
502624,2024/25,2025-04-12 16:30:00+00:00,REGULAR_SEASON,,29,FC Bayern München,Borussia Dortmund,2,2,FINISHED
502626,2024/25,2025-04-13 13:30:00+00:00,REGULAR_SEASON,,29,VfB Stuttgart,SV Werder Bremen,1,2,FINISHED
502625,2024/25,2025-04-13 15:30:00+00:00,REGULAR_SEASON,,29,Eintracht Frankfurt,1. FC Heidenheim 1846,3,0,FINISHED
502634,2024/25,2025-04-19 13:30:00+00:00,REGULAR_SEASON,,30,1. FC Heidenheim 1846,FC Bayern München,0,4,FINISHED
502640,2024/25,2025-04-19 13:30:00+00:00,REGULAR_SEASON,,30,RB Leipzig,Holstein Kiel,1,1,FINISHED
502639,2024/25,2025-04-19 13:30:00+00:00,REGULAR_SEASON,,30,SV Werder Bremen,VfL Bochum 1848,1,0,FINISHED
502636,2024/25,2025-04-19 13:30:00+00:00,REGULAR_SEASON,,30,SC Freiburg,TSG 1899 Hoffenheim,3,2,FINISHED
502637,2024/25,2025-04-19 13:30:00+00:00,REGULAR_SEASON,,30,1. FSV Mainz 05,VfL Wolfsburg,2,2,FINISHED
502633,2024/25,2025-04-19 16:30:00+00:00,REGULAR_SEASON,,30,1. FC Union Berlin,VfB Stuttgart,4,4,FINISHED
502635,2024/25,2025-04-20 13:30:00+00:00,REGULAR_SEASON,,30,FC Augsburg,Eintracht Frankfurt,0,0,FINISHED
502638,2024/25,2025-04-20 15:30:00+00:00,REGULAR_SEASON,,30,Borussia Dortmund,Borussia Mönchengladbach,3,2,FINISHED
502632,2024/25,2025-04-20 17:30:00+00:00,REGULAR_SEASON,,30,FC St. Pauli 1910,Bayer 04 Leverkusen,1,1,FINISHED
502643,2024/25,2025-04-25 18:30:00+00:00,REGULAR_SEASON,,31,VfB Stuttgart,1. FC Heidenheim 1846,0,1,FINISHED
502646,2024/25,2025-04-26 13:30:00+00:00,REGULAR_SEASON,,31,Holstein Kiel,Borussia Mönchengladbach,4,3,FINISHED
502645,2024/25,2025-04-26 13:30:00+00:00,REGULAR_SEASON,,31,FC Bayern München,1. FSV Mainz 05,3,0,FINISHED
502642,2024/25,2025-04-26 13:30:00+00:00,REGULAR_SEASON,,31,TSG 1899 Hoffenheim,Borussia Dortmund,2,3,FINISHED
502649,2024/25,2025-04-26 13:30:00+00:00,REGULAR_SEASON,,31,Bayer 04 Leverkusen,FC Augsburg,2,0,FINISHED
502644,2024/25,2025-04-26 13:30:00+00:00,REGULAR_SEASON,,31,VfL Wolfsburg,SC Freiburg,0,1,FINISHED
502641,2024/25,2025-04-26 16:30:00+00:00,REGULAR_SEASON,,31,Eintracht Frankfurt,RB Leipzig,4,0,FINISHED
502647,2024/25,2025-04-27 13:30:00+00:00,REGULAR_SEASON,,31,VfL Bochum 1848,1. FC Union Berlin,1,1,FINISHED
502648,2024/25,2025-04-27 15:30:00+00:00,REGULAR_SEASON,,31,SV Werder Bremen,FC St. Pauli 1910,0,0,FINISHED
502657,2024/25,2025-05-02 18:30:00+00:00,REGULAR_SEASON,,32,1. FC Heidenheim 1846,VfL Bochum 1848,0,0,FINISHED
502655,2024/25,2025-05-03 13:30:00+00:00,REGULAR_SEASON,,32,1. FC Union Berlin,SV Werder Bremen,2,2,FINISHED
502654,2024/25,2025-05-03 13:30:00+00:00,REGULAR_SEASON,,32,Borussia Mönchengladbach,TSG 1899 Hoffenheim,4,4,FINISHED
502651,2024/25,2025-05-03 13:30:00+00:00,REGULAR_SEASON,,32,FC St. Pauli 1910,VfB Stuttgart,0,1,FINISHED
502652,2024/25,2025-05-03 13:30:00+00:00,REGULAR_SEASON,,32,RB Leipzig,FC Bayern München,3,3,FINISHED
502656,2024/25,2025-05-03 16:30:00+00:00,REGULAR_SEASON,,32,Borussia Dortmund,VfL Wolfsburg,4,0,FINISHED
502658,2024/25,2025-05-04 13:30:00+00:00,REGULAR_SEASON,,32,FC Augsburg,Holstein Kiel,1,3,FINISHED
502650,2024/25,2025-05-04 15:30:00+00:00,REGULAR_SEASON,,32,SC Freiburg,Bayer 04 Leverkusen,2,2,FINISHED
502653,2024/25,2025-05-04 17:30:00+00:00,REGULAR_SEASON,,32,1. FSV Mainz 05,Eintracht Frankfurt,1,1,FINISHED
502661,2024/25,2025-05-09 18:30:00+00:00,REGULAR_SEASON,,33,VfL Wolfsburg,TSG 1899 Hoffenheim,2,2,FINISHED
502662,2024/25,2025-05-10 13:30:00+00:00,REGULAR_SEASON,,33,1. FC Union Berlin,1. FC Heidenheim 1846,0,3,FINISHED
502663,2024/25,2025-05-10 13:30:00+00:00,REGULAR_SEASON,,33,Holstein Kiel,SC Freiburg,1,2,FINISHED
502659,2024/25,2025-05-10 13:30:00+00:00,REGULAR_SEASON,,33,SV Werder Bremen,RB Leipzig,0,0,FINISHED
502665,2024/25,2025-05-10 13:30:00+00:00,REGULAR_SEASON,,33,VfL Bochum 1848,1. FSV Mainz 05,1,4,FINISHED
502666,2024/25,2025-05-10 16:30:00+00:00,REGULAR_SEASON,,33,FC Bayern München,Borussia Mönchengladbach,2,0,FINISHED
502660,2024/25,2025-05-11 13:30:00+00:00,REGULAR_SEASON,,33,Bayer 04 Leverkusen,Borussia Dortmund,2,4,FINISHED
502667,2024/25,2025-05-11 15:30:00+00:00,REGULAR_SEASON,,33,Eintracht Frankfurt,FC St. Pauli 1910,2,2,FINISHED
502664,2024/25,2025-05-11 17:30:00+00:00,REGULAR_SEASON,,33,VfB Stuttgart,FC Augsburg,4,0,FINISHED
502674,2024/25,2025-05-17 13:30:00+00:00,REGULAR_SEASON,,34,FC Augsburg,1. FC Union Berlin,1,2,FINISHED
502675,2024/25,2025-05-17 13:30:00+00:00,REGULAR_SEASON,,34,FC St. Pauli 1910,VfL Bochum 1848,0,2,FINISHED
502673,2024/25,2025-05-17 13:30:00+00:00,REGULAR_SEASON,,34,Borussia Mönchengladbach,VfL Wolfsburg,0,1,FINISHED
502668,2024/25,2025-05-17 13:30:00+00:00,REGULAR_SEASON,,34,1. FSV Mainz 05,Bayer 04 Leverkusen,2,2,FINISHED
502672,2024/25,2025-05-17 13:30:00+00:00,REGULAR_SEASON,,34,1. FC Heidenheim 1846,SV Werder Bremen,1,4,FINISHED
502671,2024/25,2025-05-17 13:30:00+00:00,REGULAR_SEASON,,34,SC Freiburg,Eintracht Frankfurt,1,3,FINISHED
502670,2024/25,2025-05-17 13:30:00+00:00,REGULAR_SEASON,,34,TSG 1899 Hoffenheim,FC Bayern München,0,4,FINISHED
502669,2024/25,2025-05-17 13:30:00+00:00,REGULAR_SEASON,,34,RB Leipzig,VfB Stuttgart,2,3,FINISHED
502676,2024/25,2025-05-17 13:30:00+00:00,REGULAR_SEASON,,34,Borussia Dortmund,Holstein Kiel,3,0,FINISHED
540406,2025/26,2025-08-22 18:30:00+00:00,REGULAR_SEASON,,1,FC Bayern München,RB Leipzig,6,0,FINISHED
540408,2025/26,2025-08-23 13:30:00+00:00,REGULAR_SEASON,,1,Bayer 04 Leverkusen,TSG 1899 Hoffenheim,1,2,FINISHED
540412,2025/26,2025-08-23 13:30:00+00:00,REGULAR_SEASON,,1,1. FC Union Berlin,VfB Stuttgart,2,1,FINISHED
540407,2025/26,2025-08-23 13:30:00+00:00,REGULAR_SEASON,,1,Eintracht Frankfurt,SV Werder Bremen,4,1,FINISHED
540414,2025/26,2025-08-23 13:30:00+00:00,REGULAR_SEASON,,1,1. FC Heidenheim 1846,VfL Wolfsburg,1,3,FINISHED
540409,2025/26,2025-08-23 13:30:00+00:00,REGULAR_SEASON,,1,SC Freiburg,FC Augsburg,1,3,FINISHED
540413,2025/26,2025-08-23 16:30:00+00:00,REGULAR_SEASON,,1,FC St. Pauli 1910,Borussia Dortmund,3,3,FINISHED
540410,2025/26,2025-08-24 13:30:00+00:00,REGULAR_SEASON,,1,1. FSV Mainz 05,1. FC Köln,0,1,FINISHED
540411,2025/26,2025-08-24 15:30:00+00:00,REGULAR_SEASON,,1,Borussia Mönchengladbach,Hamburger SV,0,0,FINISHED
540423,2025/26,2025-08-29 18:30:00+00:00,REGULAR_SEASON,,2,Hamburger SV,FC St. Pauli 1910,0,2,FINISHED
540417,2025/26,2025-08-30 13:30:00+00:00,REGULAR_SEASON,,2,SV Werder Bremen,Bayer 04 Leverkusen,3,3,FINISHED
540416,2025/26,2025-08-30 13:30:00+00:00,REGULAR_SEASON,,2,RB Leipzig,1. FC Heidenheim 1846,2,0,FINISHED
540418,2025/26,2025-08-30 13:30:00+00:00,REGULAR_SEASON,,2,VfB Stuttgart,Borussia Mönchengladbach,1,0,FINISHED
540421,2025/26,2025-08-30 13:30:00+00:00,REGULAR_SEASON,,2,TSG 1899 Hoffenheim,Eintracht Frankfurt,1,3,FINISHED
540420,2025/26,2025-08-30 16:30:00+00:00,REGULAR_SEASON,,2,FC Augsburg,FC Bayern München,2,3,FINISHED
540419,2025/26,2025-08-31 13:30:00+00:00,REGULAR_SEASON,,2,VfL Wolfsburg,1. FSV Mainz 05,1,1,FINISHED
540415,2025/26,2025-08-31 15:30:00+00:00,REGULAR_SEASON,,2,Borussia Dortmund,1. FC Union Berlin,3,0,FINISHED
540422,2025/26,2025-08-31 17:30:00+00:00,REGULAR_SEASON,,2,1. FC Köln,SC Freiburg,4,1,FINISHED
540425,2025/26,2025-09-12 18:30:00+00:00,REGULAR_SEASON,,3,Bayer 04 Leverkusen,Eintracht Frankfurt,3,1,FINISHED
540426,2025/26,2025-09-13 13:30:00+00:00,REGULAR_SEASON,,3,SC Freiburg,VfB Stuttgart,3,1,FINISHED
540432,2025/26,2025-09-13 13:30:00+00:00,REGULAR_SEASON,,3,1. FC Heidenheim 1846,Borussia Dortmund,0,2,FINISHED
540430,2025/26,2025-09-13 13:30:00+00:00,REGULAR_SEASON,,3,1. FC Union Berlin,TSG 1899 Hoffenheim,2,4,FINISHED
540427,2025/26,2025-09-13 13:30:00+00:00,REGULAR_SEASON,,3,1. FSV Mainz 05,RB Leipzig,0,1,FINISHED
540429,2025/26,2025-09-13 13:30:00+00:00,REGULAR_SEASON,,3,VfL Wolfsburg,1. FC Köln,3,3,FINISHED
540424,2025/26,2025-09-13 16:30:00+00:00,REGULAR_SEASON,,3,FC Bayern München,Hamburger SV,5,0,FINISHED
540431,2025/26,2025-09-14 13:30:00+00:00,REGULAR_SEASON,,3,FC St. Pauli 1910,FC Augsburg,2,1,FINISHED
540428,2025/26,2025-09-14 15:30:00+00:00,REGULAR_SEASON,,3,Borussia Mönchengladbach,SV Werder Bremen,0,4,FINISHED
540438,2025/26,2025-09-19 18:30:00+00:00,REGULAR_SEASON,,4,VfB Stuttgart,FC St. Pauli 1910,2,0,FINISHED
540441,2025/26,2025-09-20 13:30:00+00:00,REGULAR_SEASON,,4,Hamburger SV,1. FC Heidenheim 1846,2,1,FINISHED
540440,2025/26,2025-09-20 13:30:00+00:00,REGULAR_SEASON,,4,TSG 1899 Hoffenheim,FC Bayern München,1,4,FINISHED
540439,2025/26,2025-09-20 13:30:00+00:00,REGULAR_SEASON,,4,FC Augsburg,1. FSV Mainz 05,1,4,FINISHED
540437,2025/26,2025-09-20 13:30:00+00:00,REGULAR_SEASON,,4,SV Werder Bremen,SC Freiburg,0,3,FINISHED
540436,2025/26,2025-09-20 16:30:00+00:00,REGULAR_SEASON,,4,RB Leipzig,1. FC Köln,3,1,FINISHED
540434,2025/26,2025-09-21 13:30:00+00:00,REGULAR_SEASON,,4,Eintracht Frankfurt,1. FC Union Berlin,3,4,FINISHED
540433,2025/26,2025-09-21 15:30:00+00:00,REGULAR_SEASON,,4,Bayer 04 Leverkusen,Borussia Mönchengladbach,1,1,FINISHED
540435,2025/26,2025-09-21 17:30:00+00:00,REGULAR_SEASON,,4,Borussia Dortmund,VfL Wolfsburg,1,0,FINISHED
540442,2025/26,2025-09-26 18:30:00+00:00,REGULAR_SEASON,,5,FC Bayern München,SV Werder Bremen,4,0,FINISHED
540448,2025/26,2025-09-27 13:30:00+00:00,REGULAR_SEASON,,5,FC St. Pauli 1910,Bayer 04 Leverkusen,1,2,FINISHED
540446,2025/26,2025-09-27 13:30:00+00:00,REGULAR_SEASON,,5,VfL Wolfsburg,RB Leipzig,0,1,FINISHED
540444,2025/26,2025-09-27 13:30:00+00:00,REGULAR_SEASON,,5,1. FSV Mainz 05,Borussia Dortmund,0,2,FINISHED
540449,2025/26,2025-09-27 13:30:00+00:00,REGULAR_SEASON,,5,1. FC Heidenheim 1846,FC Augsburg,2,1,FINISHED
540445,2025/26,2025-09-27 16:30:00+00:00,REGULAR_SEASON,,5,Borussia Mönchengladbach,Eintracht Frankfurt,4,6,FINISHED
540443,2025/26,2025-09-28 13:30:00+00:00,REGULAR_SEASON,,5,SC Freiburg,TSG 1899 Hoffenheim,1,1,FINISHED
540450,2025/26,2025-09-28 15:30:00+00:00,REGULAR_SEASON,,5,1. FC Köln,VfB Stuttgart,1,2,FINISHED
540447,2025/26,2025-09-28 17:30:00+00:00,REGULAR_SEASON,,5,1. FC Union Berlin,Hamburger SV,0,0,FINISHED
540458,2025/26,2025-10-03 18:30:00+00:00,REGULAR_SEASON,,6,TSG 1899 Hoffenheim,1. FC Köln,0,1,FINISHED
540453,2025/26,2025-10-04 13:30:00+00:00,REGULAR_SEASON,,6,Borussia Dortmund,RB Leipzig,1,1,FINISHED
540451,2025/26,2025-10-04 13:30:00+00:00,REGULAR_SEASON,,6,Bayer 04 Leverkusen,1. FC Union Berlin,2,0,FINISHED
540454,2025/26,2025-10-04 13:30:00+00:00,REGULAR_SEASON,,6,SV Werder Bremen,FC St. Pauli 1910,1,0,FINISHED
540457,2025/26,2025-10-04 13:30:00+00:00,REGULAR_SEASON,,6,FC Augsburg,VfL Wolfsburg,3,1,FINISHED
540452,2025/26,2025-10-04 16:30:00+00:00,REGULAR_SEASON,,6,Eintracht Frankfurt,FC Bayern München,0,3,FINISHED
540455,2025/26,2025-10-05 13:30:00+00:00,REGULAR_SEASON,,6,VfB Stuttgart,1. FC Heidenheim 1846,1,0,FINISHED
540459,2025/26,2025-10-05 15:30:00+00:00,REGULAR_SEASON,,6,Hamburger SV,1. FSV Mainz 05,4,0,FINISHED
540456,2025/26,2025-10-05 17:30:00+00:00,REGULAR_SEASON,,6,Borussia Mönchengladbach,SC Freiburg,0,0,FINISHED
540465,2025/26,2025-10-17 18:30:00+00:00,REGULAR_SEASON,,7,1. FC Union Berlin,Borussia Mönchengladbach,3,1,FINISHED
540468,2025/26,2025-10-18 13:30:00+00:00,REGULAR_SEASON,,7,1. FC Köln,FC Augsburg,1,1,FINISHED
540467,2025/26,2025-10-18 13:30:00+00:00,REGULAR_SEASON,,7,1. FC Heidenheim 1846,SV Werder Bremen,2,2,FINISHED
540464,2025/26,2025-10-18 13:30:00+00:00,REGULAR_SEASON,,7,VfL Wolfsburg,VfB Stuttgart,0,3,FINISHED
540463,2025/26,2025-10-18 13:30:00+00:00,REGULAR_SEASON,,7,RB Leipzig,Hamburger SV,2,1,FINISHED
540462,2025/26,2025-10-18 13:30:00+00:00,REGULAR_SEASON,,7,1. FSV Mainz 05,Bayer 04 Leverkusen,3,4,FINISHED
540460,2025/26,2025-10-18 16:30:00+00:00,REGULAR_SEASON,,7,FC Bayern München,Borussia Dortmund,2,1,FINISHED
540461,2025/26,2025-10-19 13:30:00+00:00,REGULAR_SEASON,,7,SC Freiburg,Eintracht Frankfurt,2,2,FINISHED
540466,2025/26,2025-10-19 15:30:00+00:00,REGULAR_SEASON,,7,FC St. Pauli 1910,TSG 1899 Hoffenheim,0,3,FINISHED
540472,2025/26,2025-10-24 18:30:00+00:00,REGULAR_SEASON,,8,SV Werder Bremen,1. FC Union Berlin,1,0,FINISHED
540470,2025/26,2025-10-25 13:30:00+00:00,REGULAR_SEASON,,8,Eintracht Frankfurt,FC St. Pauli 1910,2,0,FINISHED
540475,2025/26,2025-10-25 13:30:00+00:00,REGULAR_SEASON,,8,FC Augsburg,RB Leipzig,0,6,FINISHED
540476,2025/26,2025-10-25 13:30:00+00:00,REGULAR_SEASON,,8,TSG 1899 Hoffenheim,1. FC Heidenheim 1846,3,1,FINISHED
540477,2025/26,2025-10-25 13:30:00+00:00,REGULAR_SEASON,,8,Hamburger SV,VfL Wolfsburg,0,1,FINISHED
540474,2025/26,2025-10-25 13:45:00+00:00,REGULAR_SEASON,,8,Borussia Mönchengladbach,FC Bayern München,0,3,FINISHED
540471,2025/26,2025-10-25 16:30:00+00:00,REGULAR_SEASON,,8,Borussia Dortmund,1. FC Köln,1,0,FINISHED
540469,2025/26,2025-10-26 14:30:00+00:00,REGULAR_SEASON,,8,Bayer 04 Leverkusen,SC Freiburg,2,0,FINISHED
540473,2025/26,2025-10-26 16:30:00+00:00,REGULAR_SEASON,,8,VfB Stuttgart,1. FSV Mainz 05,2,1,FINISHED
540482,2025/26,2025-10-31 19:30:00+00:00,REGULAR_SEASON,,9,FC Augsburg,Borussia Dortmund,0,1,FINISHED
540485,2025/26,2025-11-01 14:30:00+00:00,REGULAR_SEASON,,9,1. FC Heidenheim 1846,Eintracht Frankfurt,1,1,FINISHED
540483,2025/26,2025-11-01 14:30:00+00:00,REGULAR_SEASON,,9,1. FC Union Berlin,SC Freiburg,0,0,FINISHED
540479,2025/26,2025-11-01 14:30:00+00:00,REGULAR_SEASON,,9,1. FSV Mainz 05,SV Werder Bremen,1,1,FINISHED
540480,2025/26,2025-11-01 14:30:00+00:00,REGULAR_SEASON,,9,RB Leipzig,VfB Stuttgart,3,1,FINISHED
540484,2025/26,2025-11-01 14:30:00+00:00,REGULAR_SEASON,,9,FC St. Pauli 1910,Borussia Mönchengladbach,0,4,FINISHED
540478,2025/26,2025-11-01 17:30:00+00:00,REGULAR_SEASON,,9,FC Bayern München,Bayer 04 Leverkusen,3,0,FINISHED
540486,2025/26,2025-11-02 14:30:00+00:00,REGULAR_SEASON,,9,1. FC Köln,Hamburger SV,4,1,FINISHED
540481,2025/26,2025-11-02 16:30:00+00:00,REGULAR_SEASON,,9,VfL Wolfsburg,TSG 1899 Hoffenheim,2,3,FINISHED
540490,2025/26,2025-11-07 19:30:00+00:00,REGULAR_SEASON,,10,SV Werder Bremen,VfL Wolfsburg,2,1,FINISHED
540487,2025/26,2025-11-08 14:30:00+00:00,REGULAR_SEASON,,10,Bayer 04 Leverkusen,1. FC Heidenheim 1846,6,0,FINISHED
540493,2025/26,2025-11-08 14:30:00+00:00,REGULAR_SEASON,,10,1. FC Union Berlin,FC Bayern München,2,2,FINISHED
540495,2025/26,2025-11-08 14:30:00+00:00,REGULAR_SEASON,,10,Hamburger SV,Borussia Dortmund,1,1,FINISHED
540494,2025/26,2025-11-08 14:30:00+00:00,REGULAR_SEASON,,10,TSG 1899 Hoffenheim,RB Leipzig,3,1,FINISHED
540492,2025/26,2025-11-08 17:30:00+00:00,REGULAR_SEASON,,10,Borussia Mönchengladbach,1. FC Köln,3,1,FINISHED
540489,2025/26,2025-11-09 14:30:00+00:00,REGULAR_SEASON,,10,SC Freiburg,FC St. Pauli 1910,2,1,FINISHED
540491,2025/26,2025-11-09 16:30:00+00:00,REGULAR_SEASON,,10,VfB Stuttgart,FC Augsburg,3,2,FINISHED
540488,2025/26,2025-11-09 18:30:00+00:00,REGULAR_SEASON,,10,Eintracht Frankfurt,1. FSV Mainz 05,1,0,FINISHED
540498,2025/26,2025-11-21 19:30:00+00:00,REGULAR_SEASON,,11,1. FSV Mainz 05,TSG 1899 Hoffenheim,1,1,FINISHED
540496,2025/26,2025-11-22 14:30:00+00:00,REGULAR_SEASON,,11,FC Bayern München,SC Freiburg,6,2,FINISHED
540500,2025/26,2025-11-22 14:30:00+00:00,REGULAR_SEASON,,11,VfL Wolfsburg,Bayer 04 Leverkusen,1,3,FINISHED
540501,2025/26,2025-11-22 14:30:00+00:00,REGULAR_SEASON,,11,FC Augsburg,Hamburger SV,1,0,FINISHED
540497,2025/26,2025-11-22 14:30:00+00:00,REGULAR_SEASON,,11,Borussia Dortmund,VfB Stuttgart,3,3,FINISHED
540503,2025/26,2025-11-22 14:30:00+00:00,REGULAR_SEASON,,11,1. FC Heidenheim 1846,Borussia Mönchengladbach,0,3,FINISHED
540504,2025/26,2025-11-22 17:30:00+00:00,REGULAR_SEASON,,11,1. FC Köln,Eintracht Frankfurt,3,4,FINISHED
540499,2025/26,2025-11-23 14:30:00+00:00,REGULAR_SEASON,,11,RB Leipzig,SV Werder Bremen,2,0,FINISHED
540502,2025/26,2025-11-23 16:30:00+00:00,REGULAR_SEASON,,11,FC St. Pauli 1910,1. FC Union Berlin,0,1,FINISHED
540510,2025/26,2025-11-28 19:30:00+00:00,REGULAR_SEASON,,12,Borussia Mönchengladbach,RB Leipzig,0,0,FINISHED
540512,2025/26,2025-11-29 14:30:00+00:00,REGULAR_SEASON,,12,TSG 1899 Hoffenheim,FC Augsburg,3,0,FINISHED
540511,2025/26,2025-11-29 14:30:00+00:00,REGULAR_SEASON,,12,1. FC Union Berlin,1. FC Heidenheim 1846,1,2,FINISHED
540509,2025/26,2025-11-29 14:30:00+00:00,REGULAR_SEASON,,12,SV Werder Bremen,1. FC Köln,1,1,FINISHED
540505,2025/26,2025-11-29 14:30:00+00:00,REGULAR_SEASON,,12,FC Bayern München,FC St. Pauli 1910,3,1,FINISHED
540506,2025/26,2025-11-29 17:30:00+00:00,REGULAR_SEASON,,12,Bayer 04 Leverkusen,Borussia Dortmund,1,2,FINISHED
540513,2025/26,2025-11-30 14:30:00+00:00,REGULAR_SEASON,,12,Hamburger SV,VfB Stuttgart,2,1,FINISHED
540507,2025/26,2025-11-30 16:30:00+00:00,REGULAR_SEASON,,12,Eintracht Frankfurt,VfL Wolfsburg,1,1,FINISHED
540508,2025/26,2025-11-30 18:30:00+00:00,REGULAR_SEASON,,12,SC Freiburg,1. FSV Mainz 05,4,0,FINISHED
540515,2025/26,2025-12-05 19:30:00+00:00,REGULAR_SEASON,,13,1. FSV Mainz 05,Borussia Mönchengladbach,0,1,FINISHED
540518,2025/26,2025-12-06 14:30:00+00:00,REGULAR_SEASON,,13,VfL Wolfsburg,1. FC Union Berlin,3,1,FINISHED
540522,2025/26,2025-12-06 14:30:00+00:00,REGULAR_SEASON,,13,FC Augsburg,Bayer 04 Leverkusen,2,0,FINISHED
540517,2025/26,2025-12-06 14:30:00+00:00,REGULAR_SEASON,,13,VfB Stuttgart,FC Bayern München,0,5,FINISHED
540519,2025/26,2025-12-06 14:30:00+00:00,REGULAR_SEASON,,13,1. FC Heidenheim 1846,SC Freiburg,2,1,FINISHED
540520,2025/26,2025-12-06 14:30:00+00:00,REGULAR_SEASON,,13,1. FC Köln,FC St. Pauli 1910,1,1,FINISHED
540516,2025/26,2025-12-06 17:30:00+00:00,REGULAR_SEASON,,13,RB Leipzig,Eintracht Frankfurt,6,0,FINISHED
540521,2025/26,2025-12-07 14:30:00+00:00,REGULAR_SEASON,,13,Hamburger SV,SV Werder Bremen,3,2,FINISHED
540514,2025/26,2025-12-07 16:30:00+00:00,REGULAR_SEASON,,13,Borussia Dortmund,TSG 1899 Hoffenheim,2,0,FINISHED
540529,2025/26,2025-12-12 19:30:00+00:00,REGULAR_SEASON,,14,1. FC Union Berlin,RB Leipzig,3,1,FINISHED
540525,2025/26,2025-12-13 14:30:00+00:00,REGULAR_SEASON,,14,Eintracht Frankfurt,FC Augsburg,1,0,FINISHED
540528,2025/26,2025-12-13 14:30:00+00:00,REGULAR_SEASON,,14,Borussia Mönchengladbach,VfL Wolfsburg,1,3,FINISHED
540530,2025/26,2025-12-13 14:30:00+00:00,REGULAR_SEASON,,14,FC St. Pauli 1910,1. FC Heidenheim 1846,2,1,FINISHED
540531,2025/26,2025-12-13 14:30:00+00:00,REGULAR_SEASON,,14,TSG 1899 Hoffenheim,Hamburger SV,4,1,FINISHED
540524,2025/26,2025-12-13 17:30:00+00:00,REGULAR_SEASON,,14,Bayer 04 Leverkusen,1. FC Köln,2,0,FINISHED
540526,2025/26,2025-12-14 14:30:00+00:00,REGULAR_SEASON,,14,SC Freiburg,Borussia Dortmund,1,1,FINISHED
540523,2025/26,2025-12-14 16:30:00+00:00,REGULAR_SEASON,,14,FC Bayern München,1. FSV Mainz 05,2,2,FINISHED
540527,2025/26,2025-12-14 18:30:00+00:00,REGULAR_SEASON,,14,SV Werder Bremen,VfB Stuttgart,0,4,FINISHED
540532,2025/26,2025-12-19 19:30:00+00:00,REGULAR_SEASON,,15,Borussia Dortmund,Borussia Mönchengladbach,2,0,FINISHED
540539,2025/26,2025-12-20 14:30:00+00:00,REGULAR_SEASON,,15,1. FC Köln,1. FC Union Berlin,0,1,FINISHED
540540,2025/26,2025-12-20 14:30:00+00:00,REGULAR_SEASON,,15,Hamburger SV,Eintracht Frankfurt,1,1,FINISHED
540536,2025/26,2025-12-20 14:30:00+00:00,REGULAR_SEASON,,15,VfL Wolfsburg,SC Freiburg,3,4,FINISHED
540537,2025/26,2025-12-20 14:30:00+00:00,REGULAR_SEASON,,15,FC Augsburg,SV Werder Bremen,0,0,FINISHED
540535,2025/26,2025-12-20 14:30:00+00:00,REGULAR_SEASON,,15,VfB Stuttgart,TSG 1899 Hoffenheim,0,0,FINISHED
540534,2025/26,2025-12-20 17:30:00+00:00,REGULAR_SEASON,,15,RB Leipzig,Bayer 04 Leverkusen,1,3,FINISHED
540533,2025/26,2025-12-21 14:30:00+00:00,REGULAR_SEASON,,15,1. FSV Mainz 05,FC St. Pauli 1910,0,0,FINISHED
540538,2025/26,2025-12-21 16:30:00+00:00,REGULAR_SEASON,,15,1. FC Heidenheim 1846,FC Bayern München,0,4,FINISHED
540543,2025/26,2026-01-09 19:30:00+00:00,REGULAR_SEASON,,16,Eintracht Frankfurt,Borussia Dortmund,3,3,FINISHED
540549,2025/26,2026-01-10 14:30:00+00:00,REGULAR_SEASON,,16,1. FC Heidenheim 1846,1. FC Köln,2,2,FINISHED
540544,2025/26,2026-01-10 14:30:00+00:00,REGULAR_SEASON,,16,SC Freiburg,Hamburger SV,2,1,FINISHED
540547,2025/26,2026-01-10 14:30:00+00:00,REGULAR_SEASON,,16,1. FC Union Berlin,1. FSV Mainz 05,2,2,FINISHED
540542,2025/26,2026-01-10 17:30:00+00:00,REGULAR_SEASON,,16,Bayer 04 Leverkusen,VfB Stuttgart,1,4,FINISHED
540546,2025/26,2026-01-11 14:30:00+00:00,REGULAR_SEASON,,16,Borussia Mönchengladbach,FC Augsburg,4,0,FINISHED
540541,2025/26,2026-01-11 16:30:00+00:00,REGULAR_SEASON,,16,FC Bayern München,VfL Wolfsburg,8,1,FINISHED
540553,2025/26,2026-01-13 17:30:00+00:00,REGULAR_SEASON,,17,VfB Stuttgart,Eintracht Frankfurt,3,2,FINISHED
540550,2025/26,2026-01-13 19:30:00+00:00,REGULAR_SEASON,,17,Borussia Dortmund,SV Werder Bremen,3,0,FINISHED
540551,2025/26,2026-01-13 19:30:00+00:00,REGULAR_SEASON,,17,1. FSV Mainz 05,1. FC Heidenheim 1846,2,1,FINISHED
540554,2025/26,2026-01-14 17:30:00+00:00,REGULAR_SEASON,,17,VfL Wolfsburg,FC St. Pauli 1910,2,1,FINISHED
540557,2025/26,2026-01-14 19:30:00+00:00,REGULAR_SEASON,,17,1. FC Köln,FC Bayern München,1,3,FINISHED
540552,2025/26,2026-01-14 19:30:00+00:00,REGULAR_SEASON,,17,RB Leipzig,SC Freiburg,2,0,FINISHED
540556,2025/26,2026-01-14 19:30:00+00:00,REGULAR_SEASON,,17,TSG 1899 Hoffenheim,Borussia Mönchengladbach,5,1,FINISHED
540555,2025/26,2026-01-15 19:30:00+00:00,REGULAR_SEASON,,17,FC Augsburg,1. FC Union Berlin,1,1,FINISHED
540560,2025/26,2026-01-16 19:30:00+00:00,REGULAR_SEASON,,18,SV Werder Bremen,Eintracht Frankfurt,3,3,FINISHED
540564,2025/26,2026-01-17 14:30:00+00:00,REGULAR_SEASON,,18,Hamburger SV,Borussia Mönchengladbach,0,0,FINISHED
540566,2025/26,2026-01-17 14:30:00+00:00,REGULAR_SEASON,,18,Borussia Dortmund,FC St. Pauli 1910,3,2,FINISHED
540567,2025/26,2026-01-17 14:30:00+00:00,REGULAR_SEASON,,18,VfL Wolfsburg,1. FC Heidenheim 1846,1,1,FINISHED
540563,2025/26,2026-01-17 14:30:00+00:00,REGULAR_SEASON,,18,1. FC Köln,1. FSV Mainz 05,2,1,FINISHED
540561,2025/26,2026-01-17 14:30:00+00:00,REGULAR_SEASON,,18,TSG 1899 Hoffenheim,Bayer 04 Leverkusen,1,0,FINISHED
540559,2025/26,2026-01-17 17:30:00+00:00,REGULAR_SEASON,,18,RB Leipzig,FC Bayern München,1,5,FINISHED
540565,2025/26,2026-01-18 14:30:00+00:00,REGULAR_SEASON,,18,VfB Stuttgart,1. FC Union Berlin,1,1,FINISHED
540562,2025/26,2026-01-18 16:30:00+00:00,REGULAR_SEASON,,18,FC Augsburg,SC Freiburg,2,2,FINISHED
540576,2025/26,2026-01-23 19:30:00+00:00,REGULAR_SEASON,,19,FC St. Pauli 1910,Hamburger SV,0,0,FINISHED
540573,2025/26,2026-01-24 14:30:00+00:00,REGULAR_SEASON,,19,FC Bayern München,FC Augsburg,1,2,FINISHED
540574,2025/26,2026-01-24 14:30:00+00:00,REGULAR_SEASON,,19,Eintracht Frankfurt,TSG 1899 Hoffenheim,1,3,FINISHED
540569,2025/26,2026-01-24 14:30:00+00:00,REGULAR_SEASON,,19,1. FC Heidenheim 1846,RB Leipzig,0,3,FINISHED
540570,2025/26,2026-01-24 14:30:00+00:00,REGULAR_SEASON,,19,Bayer 04 Leverkusen,SV Werder Bremen,1,0,FINISHED
540572,2025/26,2026-01-24 14:30:00+00:00,REGULAR_SEASON,,19,1. FSV Mainz 05,VfL Wolfsburg,3,1,FINISHED
540568,2025/26,2026-01-24 17:30:00+00:00,REGULAR_SEASON,,19,1. FC Union Berlin,Borussia Dortmund,0,3,FINISHED
540571,2025/26,2026-01-25 14:30:00+00:00,REGULAR_SEASON,,19,Borussia Mönchengladbach,VfB Stuttgart,0,3,FINISHED
540575,2025/26,2026-01-25 16:30:00+00:00,REGULAR_SEASON,,19,SC Freiburg,1. FC Köln,2,1,FINISHED
540545,2025/26,2026-01-27 19:30:00+00:00,REGULAR_SEASON,,16,SV Werder Bremen,TSG 1899 Hoffenheim,0,2,FINISHED
540548,2025/26,2026-01-27 19:30:00+00:00,REGULAR_SEASON,,16,FC St. Pauli 1910,RB Leipzig,1,1,FINISHED
540582,2025/26,2026-01-30 19:30:00+00:00,REGULAR_SEASON,,20,1. FC Köln,VfL Wolfsburg,1,0,FINISHED
540583,2025/26,2026-01-31 14:30:00+00:00,REGULAR_SEASON,,20,TSG 1899 Hoffenheim,1. FC Union Berlin,3,1,FINISHED
540578,2025/26,2026-01-31 14:30:00+00:00,REGULAR_SEASON,,20,Eintracht Frankfurt,Bayer 04 Leverkusen,1,3,FINISHED
540580,2025/26,2026-01-31 14:30:00+00:00,REGULAR_SEASON,,20,RB Leipzig,1. FSV Mainz 05,1,2,FINISHED
540584,2025/26,2026-01-31 14:30:00+00:00,REGULAR_SEASON,,20,FC Augsburg,FC St. Pauli 1910,2,1,FINISHED
540581,2025/26,2026-01-31 14:30:00+00:00,REGULAR_SEASON,,20,SV Werder Bremen,Borussia Mönchengladbach,1,1,FINISHED
540577,2025/26,2026-01-31 17:30:00+00:00,REGULAR_SEASON,,20,Hamburger SV,FC Bayern München,2,2,FINISHED
540579,2025/26,2026-02-01 14:30:00+00:00,REGULAR_SEASON,,20,VfB Stuttgart,SC Freiburg,1,0,FINISHED
540585,2025/26,2026-02-01 16:30:00+00:00,REGULAR_SEASON,,20,Borussia Dortmund,1. FC Heidenheim 1846,3,2,FINISHED
540587,2025/26,2026-02-06 19:30:00+00:00,REGULAR_SEASON,,21,1. FC Union Berlin,Eintracht Frankfurt,1,1,FINISHED
540590,2025/26,2026-02-07 14:30:00+00:00,REGULAR_SEASON,,21,SC Freiburg,SV Werder Bremen,1,0,FINISHED
540588,2025/26,2026-02-07 14:30:00+00:00,REGULAR_SEASON,,21,VfL Wolfsburg,Borussia Dortmund,1,2,FINISHED
540594,2025/26,2026-02-07 14:30:00+00:00,REGULAR_SEASON,,21,1. FC Heidenheim 1846,Hamburger SV,0,2,FINISHED
540592,2025/26,2026-02-07 14:30:00+00:00,REGULAR_SEASON,,21,1. FSV Mainz 05,FC Augsburg,2,0,FINISHED
540591,2025/26,2026-02-07 14:30:00+00:00,REGULAR_SEASON,,21,FC St. Pauli 1910,VfB Stuttgart,2,1,FINISHED
540586,2025/26,2026-02-07 17:30:00+00:00,REGULAR_SEASON,,21,Borussia Mönchengladbach,Bayer 04 Leverkusen,1,1,FINISHED
540589,2025/26,2026-02-08 14:30:00+00:00,REGULAR_SEASON,,21,1. FC Köln,RB Leipzig,1,2,FINISHED
540593,2025/26,2026-02-08 16:30:00+00:00,REGULAR_SEASON,,21,FC Bayern München,TSG 1899 Hoffenheim,5,1,FINISHED
540597,2025/26,2026-02-13 19:30:00+00:00,REGULAR_SEASON,,22,Borussia Dortmund,1. FSV Mainz 05,4,0,FINISHED
540600,2025/26,2026-02-14 14:30:00+00:00,REGULAR_SEASON,,22,Hamburger SV,1. FC Union Berlin,3,2,FINISHED
540596,2025/26,2026-02-14 14:30:00+00:00,REGULAR_SEASON,,22,TSG 1899 Hoffenheim,SC Freiburg,3,0,FINISHED
540598,2025/26,2026-02-14 14:30:00+00:00,REGULAR_SEASON,,22,Eintracht Frankfurt,Borussia Mönchengladbach,3,0,FINISHED
540601,2025/26,2026-02-14 14:30:00+00:00,REGULAR_SEASON,,22,Bayer 04 Leverkusen,FC St. Pauli 1910,4,0,FINISHED
540595,2025/26,2026-02-14 14:30:00+00:00,REGULAR_SEASON,,22,SV Werder Bremen,FC Bayern München,0,3,FINISHED
540603,2025/26,2026-02-14 17:30:00+00:00,REGULAR_SEASON,,22,VfB Stuttgart,1. FC Köln,3,1,FINISHED
540602,2025/26,2026-02-15 14:30:00+00:00,REGULAR_SEASON,,22,FC Augsburg,1. FC Heidenheim 1846,1,0,FINISHED
540599,2025/26,2026-02-15 16:30:00+00:00,REGULAR_SEASON,,22,RB Leipzig,VfL Wolfsburg,2,2,FINISHED
540612,2025/26,2026-02-20 19:30:00+00:00,REGULAR_SEASON,,23,1. FSV Mainz 05,Hamburger SV,1,1,FINISHED
540604,2025/26,2026-02-21 14:30:00+00:00,REGULAR_SEASON,,23,1. FC Union Berlin,Bayer 04 Leverkusen,1,0,FINISHED
540605,2025/26,2026-02-21 14:30:00+00:00,REGULAR_SEASON,,23,FC Bayern München,Eintracht Frankfurt,3,2,FINISHED
540610,2025/26,2026-02-21 14:30:00+00:00,REGULAR_SEASON,,23,VfL Wolfsburg,FC Augsburg,2,3,FINISHED
540611,2025/26,2026-02-21 14:30:00+00:00,REGULAR_SEASON,,23,1. FC Köln,TSG 1899 Hoffenheim,2,2,FINISHED
540606,2025/26,2026-02-21 17:30:00+00:00,REGULAR_SEASON,,23,RB Leipzig,Borussia Dortmund,2,2,FINISHED
540609,2025/26,2026-02-22 14:30:00+00:00,REGULAR_SEASON,,23,SC Freiburg,Borussia Mönchengladbach,2,1,FINISHED
540607,2025/26,2026-02-22 16:30:00+00:00,REGULAR_SEASON,,23,FC St. Pauli 1910,SV Werder Bremen,2,1,FINISHED
540608,2025/26,2026-02-22 18:30:00+00:00,REGULAR_SEASON,,23,1. FC Heidenheim 1846,VfB Stuttgart,3,3,FINISHED
540621,2025/26,2026-02-27 19:30:00+00:00,REGULAR_SEASON,,24,FC Augsburg,1. FC Köln,2,0,FINISHED
540620,2025/26,2026-02-28 14:30:00+00:00,REGULAR_SEASON,,24,SV Werder Bremen,1. FC Heidenheim 1846,2,0,FINISHED
540619,2025/26,2026-02-28 14:30:00+00:00,REGULAR_SEASON,,24,TSG 1899 Hoffenheim,FC St. Pauli 1910,0,1,FINISHED
540618,2025/26,2026-02-28 14:30:00+00:00,REGULAR_SEASON,,24,Borussia Mönchengladbach,1. FC Union Berlin,1,0,FINISHED
540615,2025/26,2026-02-28 14:30:00+00:00,REGULAR_SEASON,,24,Bayer 04 Leverkusen,1. FSV Mainz 05,1,1,FINISHED
540613,2025/26,2026-02-28 17:30:00+00:00,REGULAR_SEASON,,24,Borussia Dortmund,FC Bayern München,2,3,FINISHED
540617,2025/26,2026-03-01 14:30:00+00:00,REGULAR_SEASON,,24,VfB Stuttgart,VfL Wolfsburg,4,0,FINISHED
540614,2025/26,2026-03-01 16:30:00+00:00,REGULAR_SEASON,,24,Eintracht Frankfurt,SC Freiburg,2,0,FINISHED
540616,2025/26,2026-03-01 18:30:00+00:00,REGULAR_SEASON,,24,Hamburger SV,RB Leipzig,1,2,FINISHED
540558,2025/26,2026-03-04 19:30:00+00:00,REGULAR_SEASON,,17,Hamburger SV,Bayer 04 Leverkusen,0,1,FINISHED
540627,2025/26,2026-03-06 19:30:00+00:00,REGULAR_SEASON,,25,FC Bayern München,Borussia Mönchengladbach,4,1,FINISHED
540630,2025/26,2026-03-07 14:30:00+00:00,REGULAR_SEASON,,25,VfL Wolfsburg,Hamburger SV,1,2,FINISHED
540629,2025/26,2026-03-07 14:30:00+00:00,REGULAR_SEASON,,25,1. FC Heidenheim 1846,TSG 1899 Hoffenheim,2,4,FINISHED
540626,2025/26,2026-03-07 14:30:00+00:00,REGULAR_SEASON,,25,1. FSV Mainz 05,VfB Stuttgart,2,2,FINISHED
540622,2025/26,2026-03-07 14:30:00+00:00,REGULAR_SEASON,,25,SC Freiburg,Bayer 04 Leverkusen,3,3,FINISHED
540628,2025/26,2026-03-07 14:30:00+00:00,REGULAR_SEASON,,25,RB Leipzig,FC Augsburg,2,1,FINISHED
540624,2025/26,2026-03-07 17:30:00+00:00,REGULAR_SEASON,,25,1. FC Köln,Borussia Dortmund,1,2,FINISHED
540623,2025/26,2026-03-08 14:30:00+00:00,REGULAR_SEASON,,25,FC St. Pauli 1910,Eintracht Frankfurt,0,0,FINISHED
540625,2025/26,2026-03-08 16:30:00+00:00,REGULAR_SEASON,,25,1. FC Union Berlin,SV Werder Bremen,1,4,FINISHED
540637,2025/26,2026-03-13 19:30:00+00:00,REGULAR_SEASON,,26,Borussia Mönchengladbach,FC St. Pauli 1910,2,0,FINISHED
540638,2025/26,2026-03-14 14:30:00+00:00,REGULAR_SEASON,,26,Eintracht Frankfurt,1. FC Heidenheim 1846,1,0,FINISHED
540635,2025/26,2026-03-14 14:30:00+00:00,REGULAR_SEASON,,26,Borussia Dortmund,FC Augsburg,2,0,FINISHED
540634,2025/26,2026-03-14 14:30:00+00:00,REGULAR_SEASON,,26,TSG 1899 Hoffenheim,VfL Wolfsburg,1,1,FINISHED
540631,2025/26,2026-03-14 14:30:00+00:00,REGULAR_SEASON,,26,Bayer 04 Leverkusen,FC Bayern München,1,1,FINISHED
540639,2025/26,2026-03-14 17:30:00+00:00,REGULAR_SEASON,,26,Hamburger SV,1. FC Köln,1,1,FINISHED
540632,2025/26,2026-03-15 14:30:00+00:00,REGULAR_SEASON,,26,SV Werder Bremen,1. FSV Mainz 05,0,2,FINISHED
540636,2025/26,2026-03-15 16:30:00+00:00,REGULAR_SEASON,,26,SC Freiburg,1. FC Union Berlin,0,1,FINISHED
540633,2025/26,2026-03-15 18:30:00+00:00,REGULAR_SEASON,,26,VfB Stuttgart,RB Leipzig,1,0,FINISHED
540647,2025/26,2026-03-20 19:30:00+00:00,REGULAR_SEASON,,27,RB Leipzig,TSG 1899 Hoffenheim,5,0,FINISHED
540640,2025/26,2026-03-21 14:30:00+00:00,REGULAR_SEASON,,27,1. FC Heidenheim 1846,Bayer 04 Leverkusen,3,3,FINISHED
540643,2025/26,2026-03-21 14:30:00+00:00,REGULAR_SEASON,,27,VfL Wolfsburg,SV Werder Bremen,0,1,FINISHED
540645,2025/26,2026-03-21 14:30:00+00:00,REGULAR_SEASON,,27,1. FC Köln,Borussia Mönchengladbach,3,3,FINISHED
540646,2025/26,2026-03-21 14:30:00+00:00,REGULAR_SEASON,,27,FC Bayern München,1. FC Union Berlin,4,0,FINISHED
540648,2025/26,2026-03-21 17:30:00+00:00,REGULAR_SEASON,,27,Borussia Dortmund,Hamburger SV,3,2,FINISHED
540641,2025/26,2026-03-22 14:30:00+00:00,REGULAR_SEASON,,27,1. FSV Mainz 05,Eintracht Frankfurt,2,1,FINISHED
540642,2025/26,2026-03-22 16:30:00+00:00,REGULAR_SEASON,,27,FC St. Pauli 1910,SC Freiburg,1,2,FINISHED
540644,2025/26,2026-03-22 18:30:00+00:00,REGULAR_SEASON,,27,FC Augsburg,VfB Stuttgart,2,5,FINISHED
540654,2025/26,2026-04-04 13:30:00+00:00,REGULAR_SEASON,,28,Hamburger SV,FC Augsburg,1,1,FINISHED
540653,2025/26,2026-04-04 13:30:00+00:00,REGULAR_SEASON,,28,Bayer 04 Leverkusen,VfL Wolfsburg,6,3,FINISHED
540649,2025/26,2026-04-04 13:30:00+00:00,REGULAR_SEASON,,28,SC Freiburg,FC Bayern München,2,3,FINISHED
540651,2025/26,2026-04-04 13:30:00+00:00,REGULAR_SEASON,,28,TSG 1899 Hoffenheim,1. FSV Mainz 05,1,2,FINISHED
540656,2025/26,2026-04-04 13:30:00+00:00,REGULAR_SEASON,,28,Borussia Mönchengladbach,1. FC Heidenheim 1846,2,2,FINISHED
540652,2025/26,2026-04-04 13:30:00+00:00,REGULAR_SEASON,,28,SV Werder Bremen,RB Leipzig,1,2,FINISHED
540650,2025/26,2026-04-04 16:30:00+00:00,REGULAR_SEASON,,28,VfB Stuttgart,Borussia Dortmund,0,2,FINISHED
540655,2025/26,2026-04-05 13:30:00+00:00,REGULAR_SEASON,,28,1. FC Union Berlin,FC St. Pauli 1910,1,1,FINISHED
540657,2025/26,2026-04-05 15:30:00+00:00,REGULAR_SEASON,,28,Eintracht Frankfurt,1. FC Köln,2,2,FINISHED
540665,2025/26,2026-04-10 18:30:00+00:00,REGULAR_SEASON,,29,FC Augsburg,TSG 1899 Hoffenheim,2,2,FINISHED
540663,2025/26,2026-04-11 13:30:00+00:00,REGULAR_SEASON,,29,RB Leipzig,Borussia Mönchengladbach,1,0,FINISHED
540664,2025/26,2026-04-11 13:30:00+00:00,REGULAR_SEASON,,29,1. FC Heidenheim 1846,1. FC Union Berlin,3,1,FINISHED
540659,2025/26,2026-04-11 13:30:00+00:00,REGULAR_SEASON,,29,Borussia Dortmund,Bayer 04 Leverkusen,0,1,FINISHED
540660,2025/26,2026-04-11 13:30:00+00:00,REGULAR_SEASON,,29,VfL Wolfsburg,Eintracht Frankfurt,1,2,FINISHED
540658,2025/26,2026-04-11 16:30:00+00:00,REGULAR_SEASON,,29,FC St. Pauli 1910,FC Bayern München,0,5,FINISHED
540662,2025/26,2026-04-12 13:30:00+00:00,REGULAR_SEASON,,29,1. FC Köln,SV Werder Bremen,3,1,FINISHED
540666,2025/26,2026-04-12 15:30:00+00:00,REGULAR_SEASON,,29,VfB Stuttgart,Hamburger SV,4,0,FINISHED
540661,2025/26,2026-04-12 17:30:00+00:00,REGULAR_SEASON,,29,1. FSV Mainz 05,SC Freiburg,0,1,FINISHED
540673,2025/26,2026-04-17 18:30:00+00:00,REGULAR_SEASON,,30,FC St. Pauli 1910,1. FC Köln,1,1,FINISHED
540667,2025/26,2026-04-18 13:30:00+00:00,REGULAR_SEASON,,30,TSG 1899 Hoffenheim,Borussia Dortmund,2,1,FINISHED
540675,2025/26,2026-04-18 13:30:00+00:00,REGULAR_SEASON,,30,Bayer 04 Leverkusen,FC Augsburg,1,2,FINISHED
540674,2025/26,2026-04-18 13:30:00+00:00,REGULAR_SEASON,,30,SV Werder Bremen,Hamburger SV,3,1,FINISHED
540671,2025/26,2026-04-18 13:30:00+00:00,REGULAR_SEASON,,30,1. FC Union Berlin,VfL Wolfsburg,1,2,FINISHED
540669,2025/26,2026-04-18 16:30:00+00:00,REGULAR_SEASON,,30,Eintracht Frankfurt,RB Leipzig,1,3,FINISHED
540672,2025/26,2026-04-19 13:30:00+00:00,REGULAR_SEASON,,30,SC Freiburg,1. FC Heidenheim 1846,2,1,FINISHED
540670,2025/26,2026-04-19 15:30:00+00:00,REGULAR_SEASON,,30,FC Bayern München,VfB Stuttgart,4,2,FINISHED
540668,2025/26,2026-04-19 17:30:00+00:00,REGULAR_SEASON,,30,Borussia Mönchengladbach,1. FSV Mainz 05,1,1,FINISHED
540682,2025/26,2026-04-24 18:30:00+00:00,REGULAR_SEASON,,31,RB Leipzig,1. FC Union Berlin,3,1,FINISHED
540676,2025/26,2026-04-25 13:30:00+00:00,REGULAR_SEASON,,31,1. FSV Mainz 05,FC Bayern München,3,4,FINISHED
540678,2025/26,2026-04-25 13:30:00+00:00,REGULAR_SEASON,,31,FC Augsburg,Eintracht Frankfurt,1,1,FINISHED
540683,2025/26,2026-04-25 13:30:00+00:00,REGULAR_SEASON,,31,1. FC Heidenheim 1846,FC St. Pauli 1910,2,0,FINISHED
540681,2025/26,2026-04-25 13:30:00+00:00,REGULAR_SEASON,,31,VfL Wolfsburg,Borussia Mönchengladbach,0,0,FINISHED
540677,2025/26,2026-04-25 13:30:00+00:00,REGULAR_SEASON,,31,1. FC Köln,Bayer 04 Leverkusen,1,2,FINISHED
540684,2025/26,2026-04-25 16:30:00+00:00,REGULAR_SEASON,,31,Hamburger SV,TSG 1899 Hoffenheim,1,2,FINISHED
540680,2025/26,2026-04-26 13:30:00+00:00,REGULAR_SEASON,,31,VfB Stuttgart,SV Werder Bremen,1,1,FINISHED
540679,2025/26,2026-04-26 15:30:00+00:00,REGULAR_SEASON,,31,Borussia Dortmund,SC Freiburg,4,0,FINISHED
540688,2025/26,2026-05-02 13:30:00+00:00,REGULAR_SEASON,,32,TSG 1899 Hoffenheim,VfB Stuttgart,3,3,FINISHED
540691,2025/26,2026-05-02 13:30:00+00:00,REGULAR_SEASON,,32,FC Bayern München,1. FC Heidenheim 1846,3,3,FINISHED
540692,2025/26,2026-05-02 13:30:00+00:00,REGULAR_SEASON,,32,1. FC Union Berlin,1. FC Köln,2,2,FINISHED
540690,2025/26,2026-05-02 13:30:00+00:00,REGULAR_SEASON,,32,SV Werder Bremen,FC Augsburg,1,3,FINISHED
540693,2025/26,2026-05-02 13:30:00+00:00,REGULAR_SEASON,,32,Eintracht Frankfurt,Hamburger SV,1,2,FINISHED
540687,2025/26,2026-05-02 16:30:00+00:00,REGULAR_SEASON,,32,Bayer 04 Leverkusen,RB Leipzig,4,1,FINISHED
540686,2025/26,2026-05-03 13:30:00+00:00,REGULAR_SEASON,,32,FC St. Pauli 1910,1. FSV Mainz 05,1,2,FINISHED
540685,2025/26,2026-05-03 15:30:00+00:00,REGULAR_SEASON,,32,Borussia Mönchengladbach,Borussia Dortmund,1,0,FINISHED
540689,2025/26,2026-05-03 17:30:00+00:00,REGULAR_SEASON,,32,SC Freiburg,VfL Wolfsburg,1,1,FINISHED
540696,2025/26,2026-05-08 18:30:00+00:00,REGULAR_SEASON,,33,Borussia Dortmund,Eintracht Frankfurt,3,2,FINISHED
540695,2025/26,2026-05-09 13:30:00+00:00,REGULAR_SEASON,,33,VfB Stuttgart,Bayer 04 Leverkusen,3,1,FINISHED
540698,2025/26,2026-05-09 13:30:00+00:00,REGULAR_SEASON,,33,TSG 1899 Hoffenheim,SV Werder Bremen,1,0,FINISHED
540699,2025/26,2026-05-09 13:30:00+00:00,REGULAR_SEASON,,33,FC Augsburg,Borussia Mönchengladbach,3,1,FINISHED
540701,2025/26,2026-05-09 13:30:00+00:00,REGULAR_SEASON,,33,RB Leipzig,FC St. Pauli 1910,2,1,FINISHED
540694,2025/26,2026-05-09 16:30:00+00:00,REGULAR_SEASON,,33,VfL Wolfsburg,FC Bayern München,0,1,FINISHED
540697,2025/26,2026-05-10 13:30:00+00:00,REGULAR_SEASON,,33,Hamburger SV,SC Freiburg,3,2,FINISHED
540702,2025/26,2026-05-10 15:30:00+00:00,REGULAR_SEASON,,33,1. FC Köln,1. FC Heidenheim 1846,1,3,FINISHED
540700,2025/26,2026-05-10 17:30:00+00:00,REGULAR_SEASON,,33,1. FSV Mainz 05,1. FC Union Berlin,1,3,FINISHED
540707,2025/26,2026-05-16 13:30:00+00:00,REGULAR_SEASON,,34,FC St. Pauli 1910,VfL Wolfsburg,1,3,FINISHED
540706,2025/26,2026-05-16 13:30:00+00:00,REGULAR_SEASON,,34,Eintracht Frankfurt,VfB Stuttgart,2,2,FINISHED
540703,2025/26,2026-05-16 13:30:00+00:00,REGULAR_SEASON,,34,SV Werder Bremen,Borussia Dortmund,0,2,FINISHED
540708,2025/26,2026-05-16 13:30:00+00:00,REGULAR_SEASON,,34,1. FC Union Berlin,FC Augsburg,4,0,FINISHED
540705,2025/26,2026-05-16 13:30:00+00:00,REGULAR_SEASON,,34,SC Freiburg,RB Leipzig,4,1,FINISHED
540711,2025/26,2026-05-16 13:30:00+00:00,REGULAR_SEASON,,34,Bayer 04 Leverkusen,Hamburger SV,1,1,FINISHED
540704,2025/26,2026-05-16 13:30:00+00:00,REGULAR_SEASON,,34,1. FC Heidenheim 1846,1. FSV Mainz 05,0,2,FINISHED
540710,2025/26,2026-05-16 13:30:00+00:00,REGULAR_SEASON,,34,FC Bayern München,1. FC Köln,5,1,FINISHED
540709,2025/26,2026-05-16 13:30:00+00:00,REGULAR_SEASON,,34,Borussia Mönchengladbach,TSG 1899 Hoffenheim,4,0,FINISHED
565776,2026/27,2026-08-28 18:30:00+00:00,REGULAR_SEASON,,1,FC Bayern München,VfB Stuttgart,5,1,FINISHED
565777,2026/27,2026-08-29 13:30:00+00:00,REGULAR_SEASON,,1,RB Leipzig,Borussia Mönchengladbach,3,0,FINISHED
565778,2026/27,2026-08-29 13:30:00+00:00,REGULAR_SEASON,,1,1. FSV Mainz 05,SC Paderborn 07,0,0,FINISHED
565779,2026/27,2026-08-29 13:30:00+00:00,REGULAR_SEASON,,1,1. FC Union Berlin,Eintracht Frankfurt,3,3,FINISHED
565780,2026/27,2026-08-29 13:30:00+00:00,REGULAR_SEASON,,1,SV 07 Elversberg,Bayer 04 Leverkusen,3,2,FINISHED
565783,2026/27,2026-08-29 13:30:00+00:00,REGULAR_SEASON,,1,1. FC Köln,TSG 1899 Hoffenheim,3,2,FINISHED
565781,2026/27,2026-08-29 16:30:00+00:00,REGULAR_SEASON,,1,Borussia Dortmund,Hamburger SV,2,0,FINISHED
565784,2026/27,2026-08-30 13:30:00+00:00,REGULAR_SEASON,,1,SC Freiburg,SV Werder Bremen,4,1,FINISHED
565782,2026/27,2026-08-30 15:30:00+00:00,REGULAR_SEASON,,1,FC Augsburg,FC Schalke 04,3,0,FINISHED
565791,2026/27,2026-09-04 18:30:00+00:00,REGULAR_SEASON,,2,VfB Stuttgart,1. FC Köln,4,1,FINISHED
565792,2026/27,2026-09-05 13:30:00+00:00,REGULAR_SEASON,,2,Borussia Mönchengladbach,SV 07 Elversberg,3,4,FINISHED
565793,2026/27,2026-09-05 13:30:00+00:00,REGULAR_SEASON,,2,SC Paderborn 07,SC Freiburg,0,1,FINISHED
565785,2026/27,2026-09-05 13:30:00+00:00,REGULAR_SEASON,,2,SV Werder Bremen,RB Leipzig,3,1,FINISHED
565790,2026/27,2026-09-05 13:30:00+00:00,REGULAR_SEASON,,2,Bayer 04 Leverkusen,1. FC Union Berlin,4,0,FINISHED
565787,2026/27,2026-09-05 13:30:00+00:00,REGULAR_SEASON,,2,TSG 1899 Hoffenheim,Borussia Dortmund,2,3,FINISHED
565789,2026/27,2026-09-05 16:30:00+00:00,REGULAR_SEASON,,2,FC Schalke 04,FC Bayern München,0,0,FINISHED
565788,2026/27,2026-09-06 13:30:00+00:00,REGULAR_SEASON,,2,Hamburger SV,1. FSV Mainz 05,0,5,FINISHED
565786,2026/27,2026-09-06 15:30:00+00:00,REGULAR_SEASON,,2,Eintracht Frankfurt,FC Augsburg,1,4,FINISHED
565797,2026/27,2026-09-11 18:30:00+00:00,REGULAR_SEASON,,3,1. FC Union Berlin,FC Schalke 04,1,3,FINISHED
565794,2026/27,2026-09-12 13:30:00+00:00,REGULAR_SEASON,,3,TSG 1899 Hoffenheim,VfB Stuttgart,2,1,FINISHED
565802,2026/27,2026-09-12 13:30:00+00:00,REGULAR_SEASON,,3,SC Freiburg,Borussia Mönchengladbach,5,0,FINISHED
565801,2026/27,2026-09-12 13:30:00+00:00,REGULAR_SEASON,,3,1. FSV Mainz 05,Eintracht Frankfurt,1,3,FINISHED
565796,2026/27,2026-09-12 13:30:00+00:00,REGULAR_SEASON,,3,FC Augsburg,Bayer 04 Leverkusen,2,2,FINISHED
565795,2026/27,2026-09-12 13:30:00+00:00,REGULAR_SEASON,,3,Borussia Dortmund,SC Paderborn 07,3,0,FINISHED
565798,2026/27,2026-09-12 16:30:00+00:00,REGULAR_SEASON,,3,1. FC Köln,SV Werder Bremen,1,1,FINISHED
565799,2026/27,2026-09-13 13:30:00+00:00,REGULAR_SEASON,,3,RB Leipzig,Hamburger SV,5,0,FINISHED
565800,2026/27,2026-09-13 15:30:00+00:00,REGULAR_SEASON,,3,SV 07 Elversberg,FC Bayern München,1,2,FINISHED
565804,2026/27,2026-09-18 18:30:00+00:00,REGULAR_SEASON,,4,FC Bayern München,1. FC Union Berlin,7,0,FINISHED
565810,2026/27,2026-09-19 13:30:00+00:00,REGULAR_SEASON,,4,SV Werder Bremen,FC Augsburg,3,2,FINISHED
565809,2026/27,2026-09-19 13:30:00+00:00,REGULAR_SEASON,,4,Borussia Mönchengladbach,1. FSV Mainz 05,3,4,FINISHED
565808,2026/27,2026-09-19 13:30:00+00:00,REGULAR_SEASON,,4,Hamburger SV,1. FC Köln,2,1,FINISHED
565811,2026/27,2026-09-19 13:30:00+00:00,REGULAR_SEASON,,4,Eintracht Frankfurt,SC Freiburg,2,2,FINISHED
565806,2026/27,2026-09-19 16:30:00+00:00,REGULAR_SEASON,,4,VfB Stuttgart,Borussia Dortmund,0,1,FINISHED
565807,2026/27,2026-09-20 13:30:00+00:00,REGULAR_SEASON,,4,Bayer 04 Leverkusen,RB Leipzig,2,0,FINISHED
565805,2026/27,2026-09-20 15:30:00+00:00,REGULAR_SEASON,,4,FC Schalke 04,SV 07 Elversberg,0,0,FINISHED
565803,2026/27,2026-09-20 17:30:00+00:00,REGULAR_SEASON,,4,SC Paderborn 07,TSG 1899 Hoffenheim,3,1,FINISHED
565820,2026/27,2026-10-09 18:30:00+00:00,REGULAR_SEASON,,5,Borussia Dortmund,SV Werder Bremen,,,TIMED
565817,2026/27,2026-10-10 13:30:00+00:00,REGULAR_SEASON,,5,1. FC Union Berlin,SV 07 Elversberg,,,TIMED
565813,2026/27,2026-10-10 13:30:00+00:00,REGULAR_SEASON,,5,SC Paderborn 07,VfB Stuttgart,,,TIMED
565819,2026/27,2026-10-10 13:30:00+00:00,REGULAR_SEASON,,5,FC Augsburg,FC Bayern München,,,TIMED
565818,2026/27,2026-10-10 13:30:00+00:00,REGULAR_SEASON,,5,TSG 1899 Hoffenheim,Hamburger SV,,,TIMED
565812,2026/27,2026-10-10 13:30:00+00:00,REGULAR_SEASON,,5,1. FSV Mainz 05,Bayer 04 Leverkusen,,,TIMED
565815,2026/27,2026-10-10 16:30:00+00:00,REGULAR_SEASON,,5,RB Leipzig,Eintracht Frankfurt,,,TIMED
565814,2026/27,2026-10-11 13:30:00+00:00,REGULAR_SEASON,,5,1. FC Köln,Borussia Mönchengladbach,,,TIMED
565816,2026/27,2026-10-11 15:30:00+00:00,REGULAR_SEASON,,5,SC Freiburg,FC Schalke 04,,,TIMED
565828,2026/27,2026-10-16 18:30:00+00:00,REGULAR_SEASON,,6,Eintracht Frankfurt,1. FC Köln,,,TIMED
565821,2026/27,2026-10-17 13:30:00+00:00,REGULAR_SEASON,,6,1. FC Union Berlin,Borussia Dortmund,,,TIMED
565822,2026/27,2026-10-17 13:30:00+00:00,REGULAR_SEASON,,6,Hamburger SV,VfB Stuttgart,,,TIMED
565829,2026/27,2026-10-17 13:30:00+00:00,REGULAR_SEASON,,6,FC Schalke 04,1. FSV Mainz 05,,,TIMED
565823,2026/27,2026-10-17 13:30:00+00:00,REGULAR_SEASON,,6,SV Werder Bremen,SC Paderborn 07,,,TIMED
565824,2026/27,2026-10-17 13:30:00+00:00,REGULAR_SEASON,,6,SV 07 Elversberg,FC Augsburg,,,TIMED
565825,2026/27,2026-10-17 16:30:00+00:00,REGULAR_SEASON,,6,FC Bayern München,RB Leipzig,,,TIMED
565827,2026/27,2026-10-18 13:30:00+00:00,REGULAR_SEASON,,6,Bayer 04 Leverkusen,SC Freiburg,,,TIMED
565826,2026/27,2026-10-18 15:30:00+00:00,REGULAR_SEASON,,6,Borussia Mönchengladbach,TSG 1899 Hoffenheim,,,TIMED
565833,2026/27,2026-10-23 18:30:00+00:00,REGULAR_SEASON,,7,VfB Stuttgart,Borussia Mönchengladbach,,,TIMED
565830,2026/27,2026-10-24 13:30:00+00:00,REGULAR_SEASON,,7,1. FSV Mainz 05,SV Werder Bremen,,,TIMED
565831,2026/27,2026-10-24 13:30:00+00:00,REGULAR_SEASON,,7,1. FC Köln,FC Schalke 04,,,TIMED
565832,2026/27,2026-10-24 13:30:00+00:00,REGULAR_SEASON,,7,RB Leipzig,SV 07 Elversberg,,,TIMED
565834,2026/27,2026-10-24 13:30:00+00:00,REGULAR_SEASON,,7,SC Paderborn 07,Hamburger SV,,,TIMED
565838,2026/27,2026-10-24 13:30:00+00:00,REGULAR_SEASON,,7,FC Augsburg,1. FC Union Berlin,,,TIMED
565837,2026/27,2026-10-24 16:30:00+00:00,REGULAR_SEASON,,7,Borussia Dortmund,Eintracht Frankfurt,,,TIMED
565835,2026/27,2026-10-25 14:30:00+00:00,REGULAR_SEASON,,7,TSG 1899 Hoffenheim,Bayer 04 Leverkusen,,,TIMED
565836,2026/27,2026-10-25 16:30:00+00:00,REGULAR_SEASON,,7,SC Freiburg,FC Bayern München,,,TIMED
565846,2026/27,2026-10-30 19:30:00+00:00,REGULAR_SEASON,,8,SV 07 Elversberg,1. FSV Mainz 05,,,TIMED
565840,2026/27,2026-10-31 14:30:00+00:00,REGULAR_SEASON,,8,FC Schalke 04,RB Leipzig,,,TIMED
565839,2026/27,2026-10-31 14:30:00+00:00,REGULAR_SEASON,,8,Borussia Mönchengladbach,SC Paderborn 07,,,TIMED
565842,2026/27,2026-10-31 14:30:00+00:00,REGULAR_SEASON,,8,FC Augsburg,SC Freiburg,,,TIMED
565847,2026/27,2026-10-31 14:30:00+00:00,REGULAR_SEASON,,8,Bayer 04 Leverkusen,VfB Stuttgart,,,TIMED
565843,2026/27,2026-10-31 14:30:00+00:00,REGULAR_SEASON,,8,SV Werder Bremen,TSG 1899 Hoffenheim,,,TIMED
565845,2026/27,2026-10-31 17:30:00+00:00,REGULAR_SEASON,,8,FC Bayern München,Borussia Dortmund,,,TIMED
565841,2026/27,2026-11-01 14:30:00+00:00,REGULAR_SEASON,,8,1. FC Union Berlin,1. FC Köln,,,TIMED
565844,2026/27,2026-11-01 16:30:00+00:00,REGULAR_SEASON,,8,Eintracht Frankfurt,Hamburger SV,,,TIMED
565852,2026/27,2026-11-06 19:30:00+00:00,REGULAR_SEASON,,9,Hamburger SV,Borussia Mönchengladbach,,,TIMED
565850,2026/27,2026-11-07 14:30:00+00:00,REGULAR_SEASON,,9,Borussia Dortmund,SV 07 Elversberg,,,TIMED
565848,2026/27,2026-11-07 14:30:00+00:00,REGULAR_SEASON,,9,RB Leipzig,FC Augsburg,,,TIMED
565853,2026/27,2026-11-07 14:30:00+00:00,REGULAR_SEASON,,9,SC Paderborn 07,Eintracht Frankfurt,,,TIMED
565851,2026/27,2026-11-07 14:30:00+00:00,REGULAR_SEASON,,9,1. FSV Mainz 05,FC Bayern München,,,TIMED
565849,2026/27,2026-11-07 17:30:00+00:00,REGULAR_SEASON,,9,VfB Stuttgart,SV Werder Bremen,,,TIMED
565855,2026/27,2026-11-08 14:30:00+00:00,REGULAR_SEASON,,9,1. FC Köln,Bayer 04 Leverkusen,,,TIMED
565854,2026/27,2026-11-08 16:30:00+00:00,REGULAR_SEASON,,9,SC Freiburg,1. FC Union Berlin,,,TIMED
565856,2026/27,2026-11-08 18:30:00+00:00,REGULAR_SEASON,,9,TSG 1899 Hoffenheim,FC Schalke 04,,,TIMED
565859,2026/27,2026-11-20 19:30:00+00:00,REGULAR_SEASON,,10,FC Bayern München,1. FC Köln,,,TIMED
565865,2026/27,2026-11-21 14:30:00+00:00,REGULAR_SEASON,,10,Eintracht Frankfurt,TSG 1899 Hoffenheim,,,TIMED
565862,2026/27,2026-11-21 14:30:00+00:00,REGULAR_SEASON,,10,Borussia Mönchengladbach,Borussia Dortmund,,,TIMED
565858,2026/27,2026-11-21 14:30:00+00:00,REGULAR_SEASON,,10,1. FC Union Berlin,RB Leipzig,,,TIMED
565860,2026/27,2026-11-21 14:30:00+00:00,REGULAR_SEASON,,10,SV 07 Elversberg,SC Freiburg,,,TIMED
565857,2026/27,2026-11-21 14:30:00+00:00,REGULAR_SEASON,,10,Bayer 04 Leverkusen,SC Paderborn 07,,,TIMED
565861,2026/27,2026-11-21 17:30:00+00:00,REGULAR_SEASON,,10,FC Schalke 04,VfB Stuttgart,,,TIMED
565864,2026/27,2026-11-22 14:30:00+00:00,REGULAR_SEASON,,10,FC Augsburg,1. FSV Mainz 05,,,TIMED
565863,2026/27,2026-11-22 16:30:00+00:00,REGULAR_SEASON,,10,SV Werder Bremen,Hamburger SV,,,TIMED
565869,2026/27,2026-11-27 19:30:00+00:00,REGULAR_SEASON,,11,SV Werder Bremen,Borussia Mönchengladbach,,,TIMED
565874,2026/27,2026-11-28 14:30:00+00:00,REGULAR_SEASON,,11,Hamburger SV,FC Bayern München,,,TIMED
565868,2026/27,2026-11-28 14:30:00+00:00,REGULAR_SEASON,,11,SC Paderborn 07,FC Schalke 04,,,TIMED
565866,2026/27,2026-11-28 14:30:00+00:00,REGULAR_SEASON,,11,1. FC Köln,SV 07 Elversberg,,,TIMED
565867,2026/27,2026-11-28 14:30:00+00:00,REGULAR_SEASON,,11,1. FSV Mainz 05,1. FC Union Berlin,,,TIMED
565870,2026/27,2026-11-28 17:30:00+00:00,REGULAR_SEASON,,11,VfB Stuttgart,Eintracht Frankfurt,,,TIMED
565873,2026/27,2026-11-29 14:30:00+00:00,REGULAR_SEASON,,11,SC Freiburg,RB Leipzig,,,TIMED
565871,2026/27,2026-11-29 16:30:00+00:00,REGULAR_SEASON,,11,TSG 1899 Hoffenheim,FC Augsburg,,,TIMED
565872,2026/27,2026-11-29 18:30:00+00:00,REGULAR_SEASON,,11,Borussia Dortmund,Bayer 04 Leverkusen,,,TIMED
565878,2026/27,2026-12-05 00:00:00+00:00,REGULAR_SEASON,,12,Eintracht Frankfurt,SV Werder Bremen,,,SCHEDULED
565875,2026/27,2026-12-05 00:00:00+00:00,REGULAR_SEASON,,12,1. FC Union Berlin,Hamburger SV,,,SCHEDULED
565876,2026/27,2026-12-05 00:00:00+00:00,REGULAR_SEASON,,12,FC Schalke 04,Borussia Dortmund,,,SCHEDULED
565877,2026/27,2026-12-05 00:00:00+00:00,REGULAR_SEASON,,12,Bayer 04 Leverkusen,Borussia Mönchengladbach,,,SCHEDULED
565879,2026/27,2026-12-05 00:00:00+00:00,REGULAR_SEASON,,12,RB Leipzig,1. FSV Mainz 05,,,SCHEDULED
565880,2026/27,2026-12-05 00:00:00+00:00,REGULAR_SEASON,,12,SV 07 Elversberg,VfB Stuttgart,,,SCHEDULED
565881,2026/27,2026-12-05 00:00:00+00:00,REGULAR_SEASON,,12,SC Freiburg,TSG 1899 Hoffenheim,,,SCHEDULED
565882,2026/27,2026-12-05 00:00:00+00:00,REGULAR_SEASON,,12,FC Bayern München,SC Paderborn 07,,,SCHEDULED
565883,2026/27,2026-12-05 00:00:00+00:00,REGULAR_SEASON,,12,FC Augsburg,1. FC Köln,,,SCHEDULED
565890,2026/27,2026-12-12 00:00:00+00:00,REGULAR_SEASON,,13,1. FC Köln,RB Leipzig,,,SCHEDULED
565887,2026/27,2026-12-12 00:00:00+00:00,REGULAR_SEASON,,13,Borussia Dortmund,FC Augsburg,,,SCHEDULED
565889,2026/27,2026-12-12 00:00:00+00:00,REGULAR_SEASON,,13,1. FSV Mainz 05,SC Freiburg,,,SCHEDULED
565892,2026/27,2026-12-12 00:00:00+00:00,REGULAR_SEASON,,13,Borussia Mönchengladbach,Eintracht Frankfurt,,,SCHEDULED
565891,2026/27,2026-12-12 00:00:00+00:00,REGULAR_SEASON,,13,TSG 1899 Hoffenheim,FC Bayern München,,,SCHEDULED
565884,2026/27,2026-12-12 00:00:00+00:00,REGULAR_SEASON,,13,SC Paderborn 07,SV 07 Elversberg,,,SCHEDULED
565885,2026/27,2026-12-12 00:00:00+00:00,REGULAR_SEASON,,13,SV Werder Bremen,Bayer 04 Leverkusen,,,SCHEDULED
565886,2026/27,2026-12-12 00:00:00+00:00,REGULAR_SEASON,,13,VfB Stuttgart,1. FC Union Berlin,,,SCHEDULED
565888,2026/27,2026-12-12 00:00:00+00:00,REGULAR_SEASON,,13,Hamburger SV,FC Schalke 04,,,SCHEDULED
565897,2026/27,2026-12-19 00:00:00+00:00,REGULAR_SEASON,,14,SC Freiburg,VfB Stuttgart,,,SCHEDULED
565898,2026/27,2026-12-19 00:00:00+00:00,REGULAR_SEASON,,14,RB Leipzig,Borussia Dortmund,,,SCHEDULED
565893,2026/27,2026-12-19 00:00:00+00:00,REGULAR_SEASON,,14,FC Schalke 04,Borussia Mönchengladbach,,,SCHEDULED
565894,2026/27,2026-12-19 00:00:00+00:00,REGULAR_SEASON,,14,FC Bayern München,SV Werder Bremen,,,SCHEDULED
565896,2026/27,2026-12-19 00:00:00+00:00,REGULAR_SEASON,,14,Bayer 04 Leverkusen,Eintracht Frankfurt,,,SCHEDULED
565899,2026/27,2026-12-19 00:00:00+00:00,REGULAR_SEASON,,14,1. FSV Mainz 05,1. FC Köln,,,SCHEDULED
565900,2026/27,2026-12-19 00:00:00+00:00,REGULAR_SEASON,,14,1. FC Union Berlin,TSG 1899 Hoffenheim,,,SCHEDULED
565901,2026/27,2026-12-19 00:00:00+00:00,REGULAR_SEASON,,14,FC Augsburg,SC Paderborn 07,,,SCHEDULED
565895,2026/27,2026-12-19 00:00:00+00:00,REGULAR_SEASON,,14,SV 07 Elversberg,Hamburger SV,,,SCHEDULED
565908,2026/27,2027-01-09 00:00:00+00:00,REGULAR_SEASON,,15,Borussia Dortmund,1. FSV Mainz 05,,,SCHEDULED
565905,2026/27,2027-01-09 00:00:00+00:00,REGULAR_SEASON,,15,Eintracht Frankfurt,FC Schalke 04,,,SCHEDULED
565910,2026/27,2027-01-09 00:00:00+00:00,REGULAR_SEASON,,15,SC Paderborn 07,RB Leipzig,,,SCHEDULED
565907,2026/27,2027-01-09 00:00:00+00:00,REGULAR_SEASON,,15,Borussia Mönchengladbach,FC Bayern München,,,SCHEDULED
565902,2026/27,2027-01-09 00:00:00+00:00,REGULAR_SEASON,,15,VfB Stuttgart,FC Augsburg,,,SCHEDULED
565906,2026/27,2027-01-09 00:00:00+00:00,REGULAR_SEASON,,15,TSG 1899 Hoffenheim,SV 07 Elversberg,,,SCHEDULED
565909,2026/27,2027-01-09 00:00:00+00:00,REGULAR_SEASON,,15,SV Werder Bremen,1. FC Union Berlin,,,SCHEDULED
565904,2026/27,2027-01-09 00:00:00+00:00,REGULAR_SEASON,,15,1. FC Köln,SC Freiburg,,,SCHEDULED
565903,2026/27,2027-01-09 00:00:00+00:00,REGULAR_SEASON,,15,Hamburger SV,Bayer 04 Leverkusen,,,SCHEDULED
565915,2026/27,2027-01-13 00:00:00+00:00,REGULAR_SEASON,,16,1. FC Union Berlin,SC Paderborn 07,,,SCHEDULED
565916,2026/27,2027-01-13 00:00:00+00:00,REGULAR_SEASON,,16,FC Bayern München,Bayer 04 Leverkusen,,,SCHEDULED
565918,2026/27,2027-01-13 00:00:00+00:00,REGULAR_SEASON,,16,SV 07 Elversberg,Eintracht Frankfurt,,,SCHEDULED
565917,2026/27,2027-01-13 00:00:00+00:00,REGULAR_SEASON,,16,FC Augsburg,Borussia Mönchengladbach,,,SCHEDULED
565914,2026/27,2027-01-13 00:00:00+00:00,REGULAR_SEASON,,16,RB Leipzig,VfB Stuttgart,,,SCHEDULED
565912,2026/27,2027-01-13 00:00:00+00:00,REGULAR_SEASON,,16,SC Freiburg,Hamburger SV,,,SCHEDULED
565911,2026/27,2027-01-13 00:00:00+00:00,REGULAR_SEASON,,16,1. FSV Mainz 05,TSG 1899 Hoffenheim,,,SCHEDULED
565913,2026/27,2027-01-13 00:00:00+00:00,REGULAR_SEASON,,16,FC Schalke 04,SV Werder Bremen,,,SCHEDULED
565919,2026/27,2027-01-13 00:00:00+00:00,REGULAR_SEASON,,16,1. FC Köln,Borussia Dortmund,,,SCHEDULED
565927,2026/27,2027-01-16 00:00:00+00:00,REGULAR_SEASON,,17,Borussia Mönchengladbach,1. FC Union Berlin,,,SCHEDULED
565926,2026/27,2027-01-16 00:00:00+00:00,REGULAR_SEASON,,17,Hamburger SV,FC Augsburg,,,SCHEDULED
565924,2026/27,2027-01-16 00:00:00+00:00,REGULAR_SEASON,,17,Bayer 04 Leverkusen,FC Schalke 04,,,SCHEDULED
565923,2026/27,2027-01-16 00:00:00+00:00,REGULAR_SEASON,,17,TSG 1899 Hoffenheim,RB Leipzig,,,SCHEDULED
565925,2026/27,2027-01-16 00:00:00+00:00,REGULAR_SEASON,,17,VfB Stuttgart,1. FSV Mainz 05,,,SCHEDULED
565920,2026/27,2027-01-16 00:00:00+00:00,REGULAR_SEASON,,17,SV Werder Bremen,SV 07 Elversberg,,,SCHEDULED
565922,2026/27,2027-01-16 00:00:00+00:00,REGULAR_SEASON,,17,SC Paderborn 07,1. FC Köln,,,SCHEDULED
565921,2026/27,2027-01-16 00:00:00+00:00,REGULAR_SEASON,,17,Eintracht Frankfurt,FC Bayern München,,,SCHEDULED
565928,2026/27,2027-01-16 00:00:00+00:00,REGULAR_SEASON,,17,Borussia Dortmund,SC Freiburg,,,SCHEDULED
565937,2026/27,2027-01-23 00:00:00+00:00,REGULAR_SEASON,,18,Bayer 04 Leverkusen,SV 07 Elversberg,,,SCHEDULED
565936,2026/27,2027-01-23 00:00:00+00:00,REGULAR_SEASON,,18,Eintracht Frankfurt,1. FC Union Berlin,,,SCHEDULED
565935,2026/27,2027-01-23 00:00:00+00:00,REGULAR_SEASON,,18,Borussia Mönchengladbach,RB Leipzig,,,SCHEDULED
565934,2026/27,2027-01-23 00:00:00+00:00,REGULAR_SEASON,,18,VfB Stuttgart,FC Bayern München,,,SCHEDULED
565933,2026/27,2027-01-23 00:00:00+00:00,REGULAR_SEASON,,18,TSG 1899 Hoffenheim,1. FC Köln,,,SCHEDULED
565932,2026/27,2027-01-23 00:00:00+00:00,REGULAR_SEASON,,18,FC Schalke 04,FC Augsburg,,,SCHEDULED
565931,2026/27,2027-01-23 00:00:00+00:00,REGULAR_SEASON,,18,SC Paderborn 07,1. FSV Mainz 05,,,SCHEDULED
565930,2026/27,2027-01-23 00:00:00+00:00,REGULAR_SEASON,,18,Hamburger SV,Borussia Dortmund,,,SCHEDULED
565929,2026/27,2027-01-23 00:00:00+00:00,REGULAR_SEASON,,18,SV Werder Bremen,SC Freiburg,,,SCHEDULED
565946,2026/27,2027-01-30 00:00:00+00:00,REGULAR_SEASON,,19,FC Bayern München,FC Schalke 04,,,SCHEDULED
565945,2026/27,2027-01-30 00:00:00+00:00,REGULAR_SEASON,,19,Borussia Dortmund,TSG 1899 Hoffenheim,,,SCHEDULED
565944,2026/27,2027-01-30 00:00:00+00:00,REGULAR_SEASON,,19,SC Freiburg,SC Paderborn 07,,,SCHEDULED
565943,2026/27,2027-01-30 00:00:00+00:00,REGULAR_SEASON,,19,1. FC Union Berlin,Bayer 04 Leverkusen,,,SCHEDULED
565942,2026/27,2027-01-30 00:00:00+00:00,REGULAR_SEASON,,19,1. FC Köln,VfB Stuttgart,,,SCHEDULED
565941,2026/27,2027-01-30 00:00:00+00:00,REGULAR_SEASON,,19,RB Leipzig,SV Werder Bremen,,,SCHEDULED
565940,2026/27,2027-01-30 00:00:00+00:00,REGULAR_SEASON,,19,1. FSV Mainz 05,Hamburger SV,,,SCHEDULED
565939,2026/27,2027-01-30 00:00:00+00:00,REGULAR_SEASON,,19,FC Augsburg,Eintracht Frankfurt,,,SCHEDULED
565938,2026/27,2027-01-30 00:00:00+00:00,REGULAR_SEASON,,19,SV 07 Elversberg,Borussia Mönchengladbach,,,SCHEDULED
565955,2026/27,2027-02-06 00:00:00+00:00,REGULAR_SEASON,,20,SC Paderborn 07,Borussia Dortmund,,,SCHEDULED
565954,2026/27,2027-02-06 00:00:00+00:00,REGULAR_SEASON,,20,FC Bayern München,SV 07 Elversberg,,,SCHEDULED
565953,2026/27,2027-02-06 00:00:00+00:00,REGULAR_SEASON,,20,VfB Stuttgart,TSG 1899 Hoffenheim,,,SCHEDULED
565952,2026/27,2027-02-06 00:00:00+00:00,REGULAR_SEASON,,20,SV Werder Bremen,1. FC Köln,,,SCHEDULED
565951,2026/27,2027-02-06 00:00:00+00:00,REGULAR_SEASON,,20,Bayer 04 Leverkusen,FC Augsburg,,,SCHEDULED
565950,2026/27,2027-02-06 00:00:00+00:00,REGULAR_SEASON,,20,Hamburger SV,RB Leipzig,,,SCHEDULED
565949,2026/27,2027-02-06 00:00:00+00:00,REGULAR_SEASON,,20,FC Schalke 04,1. FC Union Berlin,,,SCHEDULED
565948,2026/27,2027-02-06 00:00:00+00:00,REGULAR_SEASON,,20,Borussia Mönchengladbach,SC Freiburg,,,SCHEDULED
565947,2026/27,2027-02-06 00:00:00+00:00,REGULAR_SEASON,,20,Eintracht Frankfurt,1. FSV Mainz 05,,,SCHEDULED
565963,2026/27,2027-02-13 00:00:00+00:00,REGULAR_SEASON,,21,FC Augsburg,SV Werder Bremen,,,SCHEDULED
565962,2026/27,2027-02-13 00:00:00+00:00,REGULAR_SEASON,,21,SC Freiburg,Eintracht Frankfurt,,,SCHEDULED
565961,2026/27,2027-02-13 00:00:00+00:00,REGULAR_SEASON,,21,TSG 1899 Hoffenheim,SC Paderborn 07,,,SCHEDULED
565959,2026/27,2027-02-13 00:00:00+00:00,REGULAR_SEASON,,21,SV 07 Elversberg,FC Schalke 04,,,SCHEDULED
565960,2026/27,2027-02-13 00:00:00+00:00,REGULAR_SEASON,,21,Borussia Dortmund,VfB Stuttgart,,,SCHEDULED
565958,2026/27,2027-02-13 00:00:00+00:00,REGULAR_SEASON,,21,1. FC Union Berlin,FC Bayern München,,,SCHEDULED
565957,2026/27,2027-02-13 00:00:00+00:00,REGULAR_SEASON,,21,1. FSV Mainz 05,Borussia Mönchengladbach,,,SCHEDULED
565956,2026/27,2027-02-13 00:00:00+00:00,REGULAR_SEASON,,21,1. FC Köln,Hamburger SV,,,SCHEDULED
565964,2026/27,2027-02-13 00:00:00+00:00,REGULAR_SEASON,,21,RB Leipzig,Bayer 04 Leverkusen,,,SCHEDULED
565973,2026/27,2027-02-20 00:00:00+00:00,REGULAR_SEASON,,22,SV 07 Elversberg,1. FC Union Berlin,,,SCHEDULED
565972,2026/27,2027-02-20 00:00:00+00:00,REGULAR_SEASON,,22,FC Bayern München,FC Augsburg,,,SCHEDULED
565971,2026/27,2027-02-20 00:00:00+00:00,REGULAR_SEASON,,22,Eintracht Frankfurt,RB Leipzig,,,SCHEDULED
565970,2026/27,2027-02-20 00:00:00+00:00,REGULAR_SEASON,,22,Bayer 04 Leverkusen,1. FSV Mainz 05,,,SCHEDULED
565969,2026/27,2027-02-20 00:00:00+00:00,REGULAR_SEASON,,22,Hamburger SV,TSG 1899 Hoffenheim,,,SCHEDULED
565968,2026/27,2027-02-20 00:00:00+00:00,REGULAR_SEASON,,22,SV Werder Bremen,Borussia Dortmund,,,SCHEDULED
565967,2026/27,2027-02-20 00:00:00+00:00,REGULAR_SEASON,,22,Borussia Mönchengladbach,1. FC Köln,,,SCHEDULED
565966,2026/27,2027-02-20 00:00:00+00:00,REGULAR_SEASON,,22,VfB Stuttgart,SC Paderborn 07,,,SCHEDULED
565965,2026/27,2027-02-20 00:00:00+00:00,REGULAR_SEASON,,22,FC Schalke 04,SC Freiburg,,,SCHEDULED
565981,2026/27,2027-02-27 00:00:00+00:00,REGULAR_SEASON,,23,RB Leipzig,FC Bayern München,,,SCHEDULED
565980,2026/27,2027-02-27 00:00:00+00:00,REGULAR_SEASON,,23,SC Paderborn 07,SV Werder Bremen,,,SCHEDULED
565979,2026/27,2027-02-27 00:00:00+00:00,REGULAR_SEASON,,23,TSG 1899 Hoffenheim,Borussia Mönchengladbach,,,SCHEDULED
565977,2026/27,2027-02-27 00:00:00+00:00,REGULAR_SEASON,,23,FC Augsburg,SV 07 Elversberg,,,SCHEDULED
565978,2026/27,2027-02-27 00:00:00+00:00,REGULAR_SEASON,,23,1. FSV Mainz 05,FC Schalke 04,,,SCHEDULED
565976,2026/27,2027-02-27 00:00:00+00:00,REGULAR_SEASON,,23,SC Freiburg,Bayer 04 Leverkusen,,,SCHEDULED
565975,2026/27,2027-02-27 00:00:00+00:00,REGULAR_SEASON,,23,1. FC Köln,Eintracht Frankfurt,,,SCHEDULED
565974,2026/27,2027-02-27 00:00:00+00:00,REGULAR_SEASON,,23,VfB Stuttgart,Hamburger SV,,,SCHEDULED
565982,2026/27,2027-02-27 00:00:00+00:00,REGULAR_SEASON,,23,Borussia Dortmund,1. FC Union Berlin,,,SCHEDULED
565990,2026/27,2027-03-03 00:00:00+00:00,REGULAR_SEASON,,24,Borussia Mönchengladbach,VfB Stuttgart,,,SCHEDULED
565989,2026/27,2027-03-03 00:00:00+00:00,REGULAR_SEASON,,24,SV 07 Elversberg,RB Leipzig,,,SCHEDULED
565988,2026/27,2027-03-03 00:00:00+00:00,REGULAR_SEASON,,24,1. FC Union Berlin,FC Augsburg,,,SCHEDULED
565986,2026/27,2027-03-03 00:00:00+00:00,REGULAR_SEASON,,24,FC Bayern München,SC Freiburg,,,SCHEDULED
565987,2026/27,2027-03-03 00:00:00+00:00,REGULAR_SEASON,,24,SV Werder Bremen,1. FSV Mainz 05,,,SCHEDULED
565985,2026/27,2027-03-03 00:00:00+00:00,REGULAR_SEASON,,24,Bayer 04 Leverkusen,TSG 1899 Hoffenheim,,,SCHEDULED
565984,2026/27,2027-03-03 00:00:00+00:00,REGULAR_SEASON,,24,FC Schalke 04,1. FC Köln,,,SCHEDULED
565983,2026/27,2027-03-03 00:00:00+00:00,REGULAR_SEASON,,24,Eintracht Frankfurt,Borussia Dortmund,,,SCHEDULED
565991,2026/27,2027-03-03 00:00:00+00:00,REGULAR_SEASON,,24,Hamburger SV,SC Paderborn 07,,,SCHEDULED
565997,2026/27,2027-03-06 00:00:00+00:00,REGULAR_SEASON,,25,RB Leipzig,FC Schalke 04,,,SCHEDULED
566000,2026/27,2027-03-06 00:00:00+00:00,REGULAR_SEASON,,25,TSG 1899 Hoffenheim,SV Werder Bremen,,,SCHEDULED
565999,2026/27,2027-03-06 00:00:00+00:00,REGULAR_SEASON,,25,1. FC Köln,1. FC Union Berlin,,,SCHEDULED
565998,2026/27,2027-03-06 00:00:00+00:00,REGULAR_SEASON,,25,SC Paderborn 07,Borussia Mönchengladbach,,,SCHEDULED
565996,2026/27,2027-03-06 00:00:00+00:00,REGULAR_SEASON,,25,VfB Stuttgart,Bayer 04 Leverkusen,,,SCHEDULED
565993,2026/27,2027-03-06 00:00:00+00:00,REGULAR_SEASON,,25,SC Freiburg,FC Augsburg,,,SCHEDULED
565992,2026/27,2027-03-06 00:00:00+00:00,REGULAR_SEASON,,25,Borussia Dortmund,FC Bayern München,,,SCHEDULED
565995,2026/27,2027-03-06 00:00:00+00:00,REGULAR_SEASON,,25,Hamburger SV,Eintracht Frankfurt,,,SCHEDULED
565994,2026/27,2027-03-06 00:00:00+00:00,REGULAR_SEASON,,25,1. FSV Mainz 05,SV 07 Elversberg,,,SCHEDULED
566003,2026/27,2027-03-13 00:00:00+00:00,REGULAR_SEASON,,26,Eintracht Frankfurt,SC Paderborn 07,,,SCHEDULED
566009,2026/27,2027-03-13 00:00:00+00:00,REGULAR_SEASON,,26,Bayer 04 Leverkusen,1. FC Köln,,,SCHEDULED
566008,2026/27,2027-03-13 00:00:00+00:00,REGULAR_SEASON,,26,FC Bayern München,1. FSV Mainz 05,,,SCHEDULED
566006,2026/27,2027-03-13 00:00:00+00:00,REGULAR_SEASON,,26,SV Werder Bremen,VfB Stuttgart,,,SCHEDULED
566002,2026/27,2027-03-13 00:00:00+00:00,REGULAR_SEASON,,26,SV 07 Elversberg,Borussia Dortmund,,,SCHEDULED
566004,2026/27,2027-03-13 00:00:00+00:00,REGULAR_SEASON,,26,FC Augsburg,RB Leipzig,,,SCHEDULED
566001,2026/27,2027-03-13 00:00:00+00:00,REGULAR_SEASON,,26,1. FC Union Berlin,SC Freiburg,,,SCHEDULED
566005,2026/27,2027-03-13 00:00:00+00:00,REGULAR_SEASON,,26,Borussia Mönchengladbach,Hamburger SV,,,SCHEDULED
566007,2026/27,2027-03-13 00:00:00+00:00,REGULAR_SEASON,,26,FC Schalke 04,TSG 1899 Hoffenheim,,,SCHEDULED
566015,2026/27,2027-03-20 00:00:00+00:00,REGULAR_SEASON,,27,SC Paderborn 07,Bayer 04 Leverkusen,,,SCHEDULED
566014,2026/27,2027-03-20 00:00:00+00:00,REGULAR_SEASON,,27,Hamburger SV,SV Werder Bremen,,,SCHEDULED
566013,2026/27,2027-03-20 00:00:00+00:00,REGULAR_SEASON,,27,SC Freiburg,SV 07 Elversberg,,,SCHEDULED
566012,2026/27,2027-03-20 00:00:00+00:00,REGULAR_SEASON,,27,RB Leipzig,1. FC Union Berlin,,,SCHEDULED
566011,2026/27,2027-03-20 00:00:00+00:00,REGULAR_SEASON,,27,VfB Stuttgart,FC Schalke 04,,,SCHEDULED
566010,2026/27,2027-03-20 00:00:00+00:00,REGULAR_SEASON,,27,1. FSV Mainz 05,FC Augsburg,,,SCHEDULED
566018,2026/27,2027-03-20 00:00:00+00:00,REGULAR_SEASON,,27,Borussia Dortmund,Borussia Mönchengladbach,,,SCHEDULED
566017,2026/27,2027-03-20 00:00:00+00:00,REGULAR_SEASON,,27,TSG 1899 Hoffenheim,Eintracht Frankfurt,,,SCHEDULED
566016,2026/27,2027-03-20 00:00:00+00:00,REGULAR_SEASON,,27,1. FC Köln,FC Bayern München,,,SCHEDULED
566027,2026/27,2027-04-03 00:00:00+00:00,REGULAR_SEASON,,28,FC Schalke 04,SC Paderborn 07,,,SCHEDULED
566026,2026/27,2027-04-03 00:00:00+00:00,REGULAR_SEASON,,28,Bayer 04 Leverkusen,Borussia Dortmund,,,SCHEDULED
566025,2026/27,2027-04-03 00:00:00+00:00,REGULAR_SEASON,,28,1. FC Union Berlin,1. FSV Mainz 05,,,SCHEDULED
566024,2026/27,2027-04-03 00:00:00+00:00,REGULAR_SEASON,,28,Eintracht Frankfurt,VfB Stuttgart,,,SCHEDULED
566023,2026/27,2027-04-03 00:00:00+00:00,REGULAR_SEASON,,28,Borussia Mönchengladbach,SV Werder Bremen,,,SCHEDULED
566022,2026/27,2027-04-03 00:00:00+00:00,REGULAR_SEASON,,28,FC Augsburg,TSG 1899 Hoffenheim,,,SCHEDULED
566021,2026/27,2027-04-03 00:00:00+00:00,REGULAR_SEASON,,28,FC Bayern München,Hamburger SV,,,SCHEDULED
566020,2026/27,2027-04-03 00:00:00+00:00,REGULAR_SEASON,,28,SV 07 Elversberg,1. FC Köln,,,SCHEDULED
566019,2026/27,2027-04-03 00:00:00+00:00,REGULAR_SEASON,,28,RB Leipzig,SC Freiburg,,,SCHEDULED
566036,2026/27,2027-04-10 00:00:00+00:00,REGULAR_SEASON,,29,1. FC Köln,FC Augsburg,,,SCHEDULED
566035,2026/27,2027-04-10 00:00:00+00:00,REGULAR_SEASON,,29,Borussia Mönchengladbach,Bayer 04 Leverkusen,,,SCHEDULED
566034,2026/27,2027-04-10 00:00:00+00:00,REGULAR_SEASON,,29,Hamburger SV,1. FC Union Berlin,,,SCHEDULED
566033,2026/27,2027-04-10 00:00:00+00:00,REGULAR_SEASON,,29,Borussia Dortmund,FC Schalke 04,,,SCHEDULED
566032,2026/27,2027-04-10 00:00:00+00:00,REGULAR_SEASON,,29,SV Werder Bremen,Eintracht Frankfurt,,,SCHEDULED
566031,2026/27,2027-04-10 00:00:00+00:00,REGULAR_SEASON,,29,1. FSV Mainz 05,RB Leipzig,,,SCHEDULED
566030,2026/27,2027-04-10 00:00:00+00:00,REGULAR_SEASON,,29,TSG 1899 Hoffenheim,SC Freiburg,,,SCHEDULED
566029,2026/27,2027-04-10 00:00:00+00:00,REGULAR_SEASON,,29,SC Paderborn 07,FC Bayern München,,,SCHEDULED
566028,2026/27,2027-04-10 00:00:00+00:00,REGULAR_SEASON,,29,VfB Stuttgart,SV 07 Elversberg,,,SCHEDULED
566044,2026/27,2027-04-17 00:00:00+00:00,REGULAR_SEASON,,30,SC Freiburg,1. FSV Mainz 05,,,SCHEDULED
566041,2026/27,2027-04-17 00:00:00+00:00,REGULAR_SEASON,,30,FC Schalke 04,Hamburger SV,,,SCHEDULED
566042,2026/27,2027-04-17 00:00:00+00:00,REGULAR_SEASON,,30,SV 07 Elversberg,SC Paderborn 07,,,SCHEDULED
566038,2026/27,2027-04-17 00:00:00+00:00,REGULAR_SEASON,,30,Eintracht Frankfurt,Borussia Mönchengladbach,,,SCHEDULED
566045,2026/27,2027-04-17 00:00:00+00:00,REGULAR_SEASON,,30,RB Leipzig,1. FC Köln,,,SCHEDULED
566039,2026/27,2027-04-17 00:00:00+00:00,REGULAR_SEASON,,30,1. FC Union Berlin,VfB Stuttgart,,,SCHEDULED
566040,2026/27,2027-04-17 00:00:00+00:00,REGULAR_SEASON,,30,FC Bayern München,TSG 1899 Hoffenheim,,,SCHEDULED
566037,2026/27,2027-04-17 00:00:00+00:00,REGULAR_SEASON,,30,Bayer 04 Leverkusen,SV Werder Bremen,,,SCHEDULED
566043,2026/27,2027-04-17 00:00:00+00:00,REGULAR_SEASON,,30,FC Augsburg,Borussia Dortmund,,,SCHEDULED
566054,2026/27,2027-04-24 00:00:00+00:00,REGULAR_SEASON,,31,Eintracht Frankfurt,Bayer 04 Leverkusen,,,SCHEDULED
566053,2026/27,2027-04-24 00:00:00+00:00,REGULAR_SEASON,,31,Borussia Mönchengladbach,FC Schalke 04,,,SCHEDULED
566052,2026/27,2027-04-24 00:00:00+00:00,REGULAR_SEASON,,31,VfB Stuttgart,SC Freiburg,,,SCHEDULED
566051,2026/27,2027-04-24 00:00:00+00:00,REGULAR_SEASON,,31,SC Paderborn 07,FC Augsburg,,,SCHEDULED
566050,2026/27,2027-04-24 00:00:00+00:00,REGULAR_SEASON,,31,TSG 1899 Hoffenheim,1. FC Union Berlin,,,SCHEDULED
566049,2026/27,2027-04-24 00:00:00+00:00,REGULAR_SEASON,,31,Borussia Dortmund,RB Leipzig,,,SCHEDULED
566048,2026/27,2027-04-24 00:00:00+00:00,REGULAR_SEASON,,31,Hamburger SV,SV 07 Elversberg,,,SCHEDULED
566047,2026/27,2027-04-24 00:00:00+00:00,REGULAR_SEASON,,31,1. FC Köln,1. FSV Mainz 05,,,SCHEDULED
566046,2026/27,2027-04-24 00:00:00+00:00,REGULAR_SEASON,,31,SV Werder Bremen,FC Bayern München,,,SCHEDULED
566062,2026/27,2027-05-08 00:00:00+00:00,REGULAR_SEASON,,32,Bayer 04 Leverkusen,Hamburger SV,,,SCHEDULED
566059,2026/27,2027-05-08 00:00:00+00:00,REGULAR_SEASON,,32,FC Augsburg,VfB Stuttgart,,,SCHEDULED
566060,2026/27,2027-05-08 00:00:00+00:00,REGULAR_SEASON,,32,1. FC Union Berlin,SV Werder Bremen,,,SCHEDULED
566056,2026/27,2027-05-08 00:00:00+00:00,REGULAR_SEASON,,32,RB Leipzig,SC Paderborn 07,,,SCHEDULED
566063,2026/27,2027-05-08 00:00:00+00:00,REGULAR_SEASON,,32,FC Bayern München,Borussia Mönchengladbach,,,SCHEDULED
566057,2026/27,2027-05-08 00:00:00+00:00,REGULAR_SEASON,,32,SC Freiburg,1. FC Köln,,,SCHEDULED
566058,2026/27,2027-05-08 00:00:00+00:00,REGULAR_SEASON,,32,1. FSV Mainz 05,Borussia Dortmund,,,SCHEDULED
566055,2026/27,2027-05-08 00:00:00+00:00,REGULAR_SEASON,,32,FC Schalke 04,Eintracht Frankfurt,,,SCHEDULED
566061,2026/27,2027-05-08 00:00:00+00:00,REGULAR_SEASON,,32,SV 07 Elversberg,TSG 1899 Hoffenheim,,,SCHEDULED
566068,2026/27,2027-05-15 00:00:00+00:00,REGULAR_SEASON,,33,Hamburger SV,SC Freiburg,,,SCHEDULED
566072,2026/27,2027-05-15 00:00:00+00:00,REGULAR_SEASON,,33,TSG 1899 Hoffenheim,1. FSV Mainz 05,,,SCHEDULED
566069,2026/27,2027-05-15 00:00:00+00:00,REGULAR_SEASON,,33,Bayer 04 Leverkusen,FC Bayern München,,,SCHEDULED
566065,2026/27,2027-05-15 00:00:00+00:00,REGULAR_SEASON,,33,SC Paderborn 07,1. FC Union Berlin,,,SCHEDULED
566071,2026/27,2027-05-15 00:00:00+00:00,REGULAR_SEASON,,33,Borussia Mönchengladbach,FC Augsburg,,,SCHEDULED
566066,2026/27,2027-05-15 00:00:00+00:00,REGULAR_SEASON,,33,VfB Stuttgart,RB Leipzig,,,SCHEDULED
566064,2026/27,2027-05-15 00:00:00+00:00,REGULAR_SEASON,,33,Eintracht Frankfurt,SV 07 Elversberg,,,SCHEDULED
566067,2026/27,2027-05-15 00:00:00+00:00,REGULAR_SEASON,,33,Borussia Dortmund,1. FC Köln,,,SCHEDULED
566070,2026/27,2027-05-15 00:00:00+00:00,REGULAR_SEASON,,33,SV Werder Bremen,FC Schalke 04,,,SCHEDULED
566078,2026/27,2027-05-22 13:30:00+00:00,REGULAR_SEASON,,34,FC Bayern München,Eintracht Frankfurt,,,TIMED
566079,2026/27,2027-05-22 13:30:00+00:00,REGULAR_SEASON,,34,FC Augsburg,Hamburger SV,,,TIMED
566080,2026/27,2027-05-22 13:30:00+00:00,REGULAR_SEASON,,34,SC Freiburg,Borussia Dortmund,,,TIMED
566073,2026/27,2027-05-22 13:30:00+00:00,REGULAR_SEASON,,34,RB Leipzig,TSG 1899 Hoffenheim,,,TIMED
566074,2026/27,2027-05-22 13:30:00+00:00,REGULAR_SEASON,,34,1. FC Union Berlin,Borussia Mönchengladbach,,,TIMED
566075,2026/27,2027-05-22 13:30:00+00:00,REGULAR_SEASON,,34,1. FSV Mainz 05,VfB Stuttgart,,,TIMED
566076,2026/27,2027-05-22 13:30:00+00:00,REGULAR_SEASON,,34,FC Schalke 04,Bayer 04 Leverkusen,,,TIMED
566077,2026/27,2027-05-22 13:30:00+00:00,REGULAR_SEASON,,34,SV 07 Elversberg,SV Werder Bremen,,,TIMED
566081,2026/27,2027-05-22 13:30:00+00:00,REGULAR_SEASON,,34,1. FC Köln,SC Paderborn 07,,,TIMED
