fixture_id,season,date,stage,group,matchday,home_team,away_team,home_goals,away_goals,status
442710,2023/24,2023-08-11 19:00:00+00:00,REGULAR_SEASON,,1,OGC Nice,Lille OSC,1,1,FINISHED
442711,2023/24,2023-08-12 15:00:00+00:00,REGULAR_SEASON,,1,Olympique de Marseille,Stade de Reims,2,1,FINISHED
442712,2023/24,2023-08-12 19:00:00+00:00,REGULAR_SEASON,,1,Paris Saint-Germain FC,FC Lorient,0,0,FINISHED
442714,2023/24,2023-08-13 11:00:00+00:00,REGULAR_SEASON,,1,Stade Brestois 29,Racing Club de Lens,3,2,FINISHED
442707,2023/24,2023-08-13 13:00:00+00:00,REGULAR_SEASON,,1,Clermont Foot 63,AS Monaco FC,2,4,FINISHED
442708,2023/24,2023-08-13 13:00:00+00:00,REGULAR_SEASON,,1,FC Nantes,Toulouse FC,1,2,FINISHED
442709,2023/24,2023-08-13 13:00:00+00:00,REGULAR_SEASON,,1,Montpellier HSC,Le Havre AC,2,2,FINISHED
442715,2023/24,2023-08-13 15:05:00+00:00,REGULAR_SEASON,,1,Stade Rennais FC 1901,FC Metz,5,1,FINISHED
442713,2023/24,2023-08-13 18:45:00+00:00,REGULAR_SEASON,,1,RC Strasbourg Alsace,Olympique Lyonnais,2,1,FINISHED
442719,2023/24,2023-08-18 19:00:00+00:00,REGULAR_SEASON,,2,FC Metz,Olympique de Marseille,2,2,FINISHED
442721,2023/24,2023-08-19 17:00:00+00:00,REGULAR_SEASON,,2,Olympique Lyonnais,Montpellier HSC,1,4,FINISHED
442720,2023/24,2023-08-19 19:00:00+00:00,REGULAR_SEASON,,2,Toulouse FC,Paris Saint-Germain FC,1,1,FINISHED
442722,2023/24,2023-08-20 11:00:00+00:00,REGULAR_SEASON,,2,Lille OSC,FC Nantes,2,0,FINISHED
442718,2023/24,2023-08-20 13:00:00+00:00,REGULAR_SEASON,,2,FC Lorient,OGC Nice,1,1,FINISHED
442724,2023/24,2023-08-20 13:00:00+00:00,REGULAR_SEASON,,2,Stade de Reims,Clermont Foot 63,2,0,FINISHED
442716,2023/24,2023-08-20 13:00:00+00:00,REGULAR_SEASON,,2,Le Havre AC,Stade Brestois 29,1,2,FINISHED
442717,2023/24,2023-08-20 17:00:00+00:00,REGULAR_SEASON,,2,AS Monaco FC,RC Strasbourg Alsace,3,0,FINISHED
442723,2023/24,2023-08-20 18:45:00+00:00,REGULAR_SEASON,,2,Racing Club de Lens,Stade Rennais FC 1901,1,1,FINISHED
442727,2023/24,2023-08-25 19:00:00+00:00,REGULAR_SEASON,,3,FC Nantes,AS Monaco FC,3,3,FINISHED
442730,2023/24,2023-08-26 17:00:00+00:00,REGULAR_SEASON,,3,Olympique de Marseille,Stade Brestois 29,2,0,FINISHED
442731,2023/24,2023-08-26 19:00:00+00:00,REGULAR_SEASON,,3,Paris Saint-Germain FC,Racing Club de Lens,3,1,FINISHED
442733,2023/24,2023-08-27 11:00:00+00:00,REGULAR_SEASON,,3,Stade Rennais FC 1901,Le Havre AC,2,2,FINISHED
442725,2023/24,2023-08-27 13:00:00+00:00,REGULAR_SEASON,,3,Clermont Foot 63,FC Metz,0,1,FINISHED
442728,2023/24,2023-08-27 13:00:00+00:00,REGULAR_SEASON,,3,Montpellier HSC,Stade de Reims,1,3,FINISHED
442732,2023/24,2023-08-27 13:00:00+00:00,REGULAR_SEASON,,3,RC Strasbourg Alsace,Toulouse FC,2,0,FINISHED
442726,2023/24,2023-08-27 15:05:00+00:00,REGULAR_SEASON,,3,FC Lorient,Lille OSC,4,1,FINISHED
442729,2023/24,2023-08-27 18:45:00+00:00,REGULAR_SEASON,,3,OGC Nice,Olympique Lyonnais,0,0,FINISHED
442737,2023/24,2023-09-01 19:00:00+00:00,REGULAR_SEASON,,4,FC Nantes,Olympique de Marseille,1,1,FINISHED
442741,2023/24,2023-09-02 15:00:00+00:00,REGULAR_SEASON,,4,Stade Brestois 29,Stade Rennais FC 1901,0,0,FINISHED
442735,2023/24,2023-09-02 19:00:00+00:00,REGULAR_SEASON,,4,AS Monaco FC,Racing Club de Lens,3,0,FINISHED
442738,2023/24,2023-09-03 11:00:00+00:00,REGULAR_SEASON,,4,Toulouse FC,Clermont Foot 63,2,2,FINISHED
442734,2023/24,2023-09-03 13:00:00+00:00,REGULAR_SEASON,,4,Le Havre AC,FC Lorient,3,0,FINISHED
442736,2023/24,2023-09-03 13:00:00+00:00,REGULAR_SEASON,,4,FC Metz,Stade de Reims,2,2,FINISHED
442740,2023/24,2023-09-03 13:00:00+00:00,REGULAR_SEASON,,4,Lille OSC,Montpellier HSC,1,0,FINISHED
442739,2023/24,2023-09-03 15:05:00+00:00,REGULAR_SEASON,,4,OGC Nice,RC Strasbourg Alsace,2,0,FINISHED
442742,2023/24,2023-09-03 18:45:00+00:00,REGULAR_SEASON,,4,Olympique Lyonnais,Paris Saint-Germain FC,1,4,FINISHED
442747,2023/24,2023-09-15 19:00:00+00:00,REGULAR_SEASON,,5,Paris Saint-Germain FC,OGC Nice,2,3,FINISHED
442751,2023/24,2023-09-16 15:00:00+00:00,REGULAR_SEASON,,5,Stade Rennais FC 1901,Lille OSC,2,2,FINISHED
442749,2023/24,2023-09-16 19:00:00+00:00,REGULAR_SEASON,,5,Racing Club de Lens,FC Metz,0,1,FINISHED
442744,2023/24,2023-09-17 11:00:00+00:00,REGULAR_SEASON,,5,FC Lorient,AS Monaco FC,2,2,FINISHED
442743,2023/24,2023-09-17 13:00:00+00:00,REGULAR_SEASON,,5,Clermont Foot 63,FC Nantes,0,1,FINISHED
442748,2023/24,2023-09-17 13:00:00+00:00,REGULAR_SEASON,,5,RC Strasbourg Alsace,Montpellier HSC,2,2,FINISHED
442750,2023/24,2023-09-17 13:00:00+00:00,REGULAR_SEASON,,5,Stade de Reims,Stade Brestois 29,1,2,FINISHED
442746,2023/24,2023-09-17 15:05:00+00:00,REGULAR_SEASON,,5,Olympique de Marseille,Toulouse FC,0,0,FINISHED
442745,2023/24,2023-09-17 18:45:00+00:00,REGULAR_SEASON,,5,Olympique Lyonnais,Le Havre AC,0,0,FINISHED
442753,2023/24,2023-09-22 19:00:00+00:00,REGULAR_SEASON,,6,AS Monaco FC,OGC Nice,0,1,FINISHED
442755,2023/24,2023-09-23 15:00:00+00:00,REGULAR_SEASON,,6,FC Nantes,FC Lorient,5,3,FINISHED
442760,2023/24,2023-09-23 19:00:00+00:00,REGULAR_SEASON,,6,Stade Brestois 29,Olympique Lyonnais,1,0,FINISHED
442754,2023/24,2023-09-24 11:00:00+00:00,REGULAR_SEASON,,6,FC Metz,RC Strasbourg Alsace,0,1,FINISHED
442752,2023/24,2023-09-24 13:00:00+00:00,REGULAR_SEASON,,6,Le Havre AC,Clermont Foot 63,2,1,FINISHED
442759,2023/24,2023-09-24 13:00:00+00:00,REGULAR_SEASON,,6,Racing Club de Lens,Toulouse FC,2,1,FINISHED
442756,2023/24,2023-09-24 15:05:00+00:00,REGULAR_SEASON,,6,Montpellier HSC,Stade Rennais FC 1901,0,0,FINISHED
442758,2023/24,2023-09-24 18:45:00+00:00,REGULAR_SEASON,,6,Paris Saint-Germain FC,Olympique de Marseille,4,0,FINISHED
442757,2023/24,2023-09-26 19:00:00+00:00,REGULAR_SEASON,,6,Lille OSC,Stade de Reims,1,2,FINISHED
442767,2023/24,2023-09-29 19:00:00+00:00,REGULAR_SEASON,,7,RC Strasbourg Alsace,Racing Club de Lens,0,1,FINISHED
442763,2023/24,2023-09-30 15:00:00+00:00,REGULAR_SEASON,,7,Clermont Foot 63,Paris Saint-Germain FC,0,0,FINISHED
442762,2023/24,2023-09-30 19:00:00+00:00,REGULAR_SEASON,,7,AS Monaco FC,Olympique de Marseille,3,2,FINISHED
442768,2023/24,2023-10-01 11:00:00+00:00,REGULAR_SEASON,,7,Stade de Reims,Olympique Lyonnais,2,0,FINISHED
442761,2023/24,2023-10-01 13:00:00+00:00,REGULAR_SEASON,,7,Le Havre AC,Lille OSC,0,2,FINISHED
442765,2023/24,2023-10-01 13:00:00+00:00,REGULAR_SEASON,,7,Toulouse FC,FC Metz,3,0,FINISHED
442766,2023/24,2023-10-01 13:00:00+00:00,REGULAR_SEASON,,7,OGC Nice,Stade Brestois 29,0,0,FINISHED
442764,2023/24,2023-10-01 15:05:00+00:00,REGULAR_SEASON,,7,FC Lorient,Montpellier HSC,0,3,FINISHED
442769,2023/24,2023-10-01 18:45:00+00:00,REGULAR_SEASON,,7,Stade Rennais FC 1901,FC Nantes,3,1,FINISHED
442774,2023/24,2023-10-06 19:00:00+00:00,REGULAR_SEASON,,8,RC Strasbourg Alsace,FC Nantes,1,2,FINISHED
442770,2023/24,2023-10-07 15:00:00+00:00,REGULAR_SEASON,,8,FC Metz,OGC Nice,0,1,FINISHED
442777,2023/24,2023-10-07 19:00:00+00:00,REGULAR_SEASON,,8,Stade de Reims,AS Monaco FC,1,3,FINISHED
442772,2023/24,2023-10-08 11:00:00+00:00,REGULAR_SEASON,,8,Olympique de Marseille,Le Havre AC,3,0,FINISHED
442773,2023/24,2023-10-08 13:00:00+00:00,REGULAR_SEASON,,8,Olympique Lyonnais,FC Lorient,3,3,FINISHED
442776,2023/24,2023-10-08 13:00:00+00:00,REGULAR_SEASON,,8,Stade Brestois 29,Toulouse FC,1,1,FINISHED
442775,2023/24,2023-10-08 15:05:00+00:00,REGULAR_SEASON,,8,Racing Club de Lens,Lille OSC,1,1,FINISHED
442778,2023/24,2023-10-08 19:00:00+00:00,REGULAR_SEASON,,8,Stade Rennais FC 1901,Paris Saint-Germain FC,1,3,FINISHED
442779,2023/24,2023-10-20 19:00:00+00:00,REGULAR_SEASON,,9,Le Havre AC,Racing Club de Lens,0,0,FINISHED
442787,2023/24,2023-10-21 15:00:00+00:00,REGULAR_SEASON,,9,Paris Saint-Germain FC,RC Strasbourg Alsace,3,0,FINISHED
442784,2023/24,2023-10-21 19:00:00+00:00,REGULAR_SEASON,,9,OGC Nice,Olympique de Marseille,1,0,FINISHED
442781,2023/24,2023-10-22 11:00:00+00:00,REGULAR_SEASON,,9,FC Lorient,Stade Rennais FC 1901,2,1,FINISHED
442782,2023/24,2023-10-22 13:00:00+00:00,REGULAR_SEASON,,9,FC Nantes,Montpellier HSC,2,0,FINISHED
442783,2023/24,2023-10-22 13:00:00+00:00,REGULAR_SEASON,,9,Toulouse FC,Stade de Reims,1,1,FINISHED
442786,2023/24,2023-10-22 13:00:00+00:00,REGULAR_SEASON,,9,Lille OSC,Stade Brestois 29,1,0,FINISHED
442780,2023/24,2023-10-22 15:05:00+00:00,REGULAR_SEASON,,9,AS Monaco FC,FC Metz,2,1,FINISHED
442785,2023/24,2023-10-22 18:45:00+00:00,REGULAR_SEASON,,9,Olympique Lyonnais,Clermont Foot 63,1,2,FINISHED
442788,2023/24,2023-10-27 19:00:00+00:00,REGULAR_SEASON,,10,Clermont Foot 63,OGC Nice,0,1,FINISHED
442795,2023/24,2023-10-28 15:00:00+00:00,REGULAR_SEASON,,10,Stade de Reims,FC Lorient,1,0,FINISHED
442793,2023/24,2023-10-28 19:00:00+00:00,REGULAR_SEASON,,10,Racing Club de Lens,FC Nantes,4,0,FINISHED
442794,2023/24,2023-10-29 12:00:00+00:00,REGULAR_SEASON,,10,Stade Brestois 29,Paris Saint-Germain FC,2,3,FINISHED
442790,2023/24,2023-10-29 14:00:00+00:00,REGULAR_SEASON,,10,Montpellier HSC,Toulouse FC,3,0,FINISHED
442792,2023/24,2023-10-29 14:00:00+00:00,REGULAR_SEASON,,10,Lille OSC,AS Monaco FC,2,0,FINISHED
442789,2023/24,2023-10-29 14:00:00+00:00,REGULAR_SEASON,,10,FC Metz,Le Havre AC,0,0,FINISHED
442796,2023/24,2023-10-29 16:05:00+00:00,REGULAR_SEASON,,10,Stade Rennais FC 1901,RC Strasbourg Alsace,1,1,FINISHED
442804,2023/24,2023-11-03 20:00:00+00:00,REGULAR_SEASON,,11,Paris Saint-Germain FC,Montpellier HSC,3,0,FINISHED
442798,2023/24,2023-11-04 16:00:00+00:00,REGULAR_SEASON,,11,FC Lorient,Racing Club de Lens,0,0,FINISHED
442803,2023/24,2023-11-04 20:00:00+00:00,REGULAR_SEASON,,11,Olympique de Marseille,Lille OSC,0,0,FINISHED
442802,2023/24,2023-11-05 12:00:00+00:00,REGULAR_SEASON,,11,Olympique Lyonnais,FC Metz,1,1,FINISHED
442799,2023/24,2023-11-05 14:00:00+00:00,REGULAR_SEASON,,11,FC Nantes,Stade de Reims,0,1,FINISHED
442800,2023/24,2023-11-05 14:00:00+00:00,REGULAR_SEASON,,11,Toulouse FC,Le Havre AC,1,2,FINISHED
442805,2023/24,2023-11-05 14:00:00+00:00,REGULAR_SEASON,,11,RC Strasbourg Alsace,Clermont Foot 63,0,0,FINISHED
442797,2023/24,2023-11-05 16:05:00+00:00,REGULAR_SEASON,,11,AS Monaco FC,Stade Brestois 29,2,0,FINISHED
442801,2023/24,2023-11-05 19:45:00+00:00,REGULAR_SEASON,,11,OGC Nice,Stade Rennais FC 1901,2,0,FINISHED
442809,2023/24,2023-11-10 20:00:00+00:00,REGULAR_SEASON,,12,Montpellier HSC,OGC Nice,0,0,FINISHED
442813,2023/24,2023-11-11 16:00:00+00:00,REGULAR_SEASON,,12,Stade de Reims,Paris Saint-Germain FC,0,3,FINISHED
442806,2023/24,2023-11-11 20:00:00+00:00,REGULAR_SEASON,,12,Le Havre AC,AS Monaco FC,0,0,FINISHED
442807,2023/24,2023-11-12 14:00:00+00:00,REGULAR_SEASON,,12,Clermont Foot 63,FC Lorient,1,0,FINISHED
442808,2023/24,2023-11-12 14:00:00+00:00,REGULAR_SEASON,,12,FC Metz,FC Nantes,3,1,FINISHED
442810,2023/24,2023-11-12 14:00:00+00:00,REGULAR_SEASON,,12,Lille OSC,Toulouse FC,1,1,FINISHED
442814,2023/24,2023-11-12 16:05:00+00:00,REGULAR_SEASON,,12,Stade Rennais FC 1901,Olympique Lyonnais,0,1,FINISHED
442811,2023/24,2023-11-12 19:45:00+00:00,REGULAR_SEASON,,12,Racing Club de Lens,Olympique de Marseille,1,0,FINISHED
442821,2023/24,2023-11-24 20:00:00+00:00,REGULAR_SEASON,,13,Paris Saint-Germain FC,AS Monaco FC,5,2,FINISHED
442815,2023/24,2023-11-25 16:00:00+00:00,REGULAR_SEASON,,13,Clermont Foot 63,Racing Club de Lens,0,3,FINISHED
442822,2023/24,2023-11-25 20:00:00+00:00,REGULAR_SEASON,,13,RC Strasbourg Alsace,Olympique de Marseille,1,1,FINISHED
442819,2023/24,2023-11-26 12:00:00+00:00,REGULAR_SEASON,,13,OGC Nice,Toulouse FC,1,0,FINISHED
442817,2023/24,2023-11-26 14:00:00+00:00,REGULAR_SEASON,,13,FC Nantes,Le Havre AC,0,0,FINISHED
442816,2023/24,2023-11-26 14:00:00+00:00,REGULAR_SEASON,,13,FC Lorient,FC Metz,2,3,FINISHED
442818,2023/24,2023-11-26 14:00:00+00:00,REGULAR_SEASON,,13,Montpellier HSC,Stade Brestois 29,1,3,FINISHED
442823,2023/24,2023-11-26 16:05:00+00:00,REGULAR_SEASON,,13,Stade Rennais FC 1901,Stade de Reims,3,1,FINISHED
442820,2023/24,2023-11-26 19:45:00+00:00,REGULAR_SEASON,,13,Olympique Lyonnais,Lille OSC,0,2,FINISHED
442771,2023/24,2023-11-29 18:00:00+00:00,REGULAR_SEASON,,8,Montpellier HSC,Clermont Foot 63,1,1,FINISHED
442832,2023/24,2023-12-01 20:00:00+00:00,REGULAR_SEASON,,14,Stade de Reims,RC Strasbourg Alsace,2,1,FINISHED
442830,2023/24,2023-12-02 16:00:00+00:00,REGULAR_SEASON,,14,Racing Club de Lens,Olympique Lyonnais,3,2,FINISHED
442826,2023/24,2023-12-02 20:00:00+00:00,REGULAR_SEASON,,14,FC Nantes,OGC Nice,1,0,FINISHED
442824,2023/24,2023-12-03 12:00:00+00:00,REGULAR_SEASON,,14,Le Havre AC,Paris Saint-Germain FC,0,2,FINISHED
442825,2023/24,2023-12-03 14:00:00+00:00,REGULAR_SEASON,,14,AS Monaco FC,Montpellier HSC,2,0,FINISHED
442827,2023/24,2023-12-03 14:00:00+00:00,REGULAR_SEASON,,14,Toulouse FC,FC Lorient,1,1,FINISHED
442831,2023/24,2023-12-03 14:00:00+00:00,REGULAR_SEASON,,14,Stade Brestois 29,Clermont Foot 63,3,0,FINISHED
442829,2023/24,2023-12-03 16:05:00+00:00,REGULAR_SEASON,,14,Lille OSC,FC Metz,2,0,FINISHED
442828,2023/24,2023-12-03 19:45:00+00:00,REGULAR_SEASON,,14,Olympique de Marseille,Stade Rennais FC 1901,2,0,FINISHED
442791,2023/24,2023-12-06 20:00:00+00:00,REGULAR_SEASON,,10,Olympique de Marseille,Olympique Lyonnais,3,0,FINISHED
442812,2023/24,2023-12-07 19:30:00+00:00,REGULAR_SEASON,,12,Stade Brestois 29,RC Strasbourg Alsace,1,1,FINISHED
442836,2023/24,2023-12-08 20:00:00+00:00,REGULAR_SEASON,,15,Montpellier HSC,Racing Club de Lens,0,0,FINISHED
442841,2023/24,2023-12-09 16:00:00+00:00,REGULAR_SEASON,,15,Stade Rennais FC 1901,AS Monaco FC,1,2,FINISHED
442839,2023/24,2023-12-09 20:00:00+00:00,REGULAR_SEASON,,15,Paris Saint-Germain FC,FC Nantes,2,1,FINISHED
442837,2023/24,2023-12-10 12:00:00+00:00,REGULAR_SEASON,,15,OGC Nice,Stade de Reims,2,1,FINISHED
442833,2023/24,2023-12-10 14:00:00+00:00,REGULAR_SEASON,,15,Clermont Foot 63,Lille OSC,0,0,FINISHED
442835,2023/24,2023-12-10 14:00:00+00:00,REGULAR_SEASON,,15,FC Metz,Stade Brestois 29,0,1,FINISHED
442840,2023/24,2023-12-10 14:00:00+00:00,REGULAR_SEASON,,15,RC Strasbourg Alsace,Le Havre AC,2,1,FINISHED
442838,2023/24,2023-12-10 16:05:00+00:00,REGULAR_SEASON,,15,Olympique Lyonnais,Toulouse FC,3,0,FINISHED
442834,2023/24,2023-12-10 19:45:00+00:00,REGULAR_SEASON,,15,FC Lorient,Olympique de Marseille,2,4,FINISHED
442843,2023/24,2023-12-15 20:00:00+00:00,REGULAR_SEASON,,16,AS Monaco FC,Olympique Lyonnais,0,1,FINISHED
442842,2023/24,2023-12-16 16:00:00+00:00,REGULAR_SEASON,,16,Le Havre AC,OGC Nice,3,1,FINISHED
442850,2023/24,2023-12-16 20:00:00+00:00,REGULAR_SEASON,,16,Racing Club de Lens,Stade de Reims,2,0,FINISHED
442846,2023/24,2023-12-17 12:00:00+00:00,REGULAR_SEASON,,16,FC Nantes,Stade Brestois 29,0,2,FINISHED
442847,2023/24,2023-12-17 14:00:00+00:00,REGULAR_SEASON,,16,Toulouse FC,Stade Rennais FC 1901,0,0,FINISHED
442844,2023/24,2023-12-17 14:00:00+00:00,REGULAR_SEASON,,16,FC Lorient,RC Strasbourg Alsace,1,2,FINISHED
442845,2023/24,2023-12-17 14:00:00+00:00,REGULAR_SEASON,,16,FC Metz,Montpellier HSC,0,1,FINISHED
442848,2023/24,2023-12-17 16:05:00+00:00,REGULAR_SEASON,,16,Olympique de Marseille,Clermont Foot 63,2,1,FINISHED
442849,2023/24,2023-12-17 19:45:00+00:00,REGULAR_SEASON,,16,Lille OSC,Paris Saint-Germain FC,1,1,FINISHED
442854,2023/24,2023-12-20 20:00:00+00:00,REGULAR_SEASON,,17,OGC Nice,Racing Club de Lens,2,0,FINISHED
442858,2023/24,2023-12-20 20:00:00+00:00,REGULAR_SEASON,,17,Stade Brestois 29,FC Lorient,4,0,FINISHED
442856,2023/24,2023-12-20 20:00:00+00:00,REGULAR_SEASON,,17,Paris Saint-Germain FC,FC Metz,3,1,FINISHED
442857,2023/24,2023-12-20 20:00:00+00:00,REGULAR_SEASON,,17,RC Strasbourg Alsace,Lille OSC,2,1,FINISHED
442855,2023/24,2023-12-20 20:00:00+00:00,REGULAR_SEASON,,17,Olympique Lyonnais,FC Nantes,1,0,FINISHED
442853,2023/24,2023-12-20 20:00:00+00:00,REGULAR_SEASON,,17,Montpellier HSC,Olympique de Marseille,1,1,FINISHED
442859,2023/24,2023-12-20 20:00:00+00:00,REGULAR_SEASON,,17,Stade de Reims,Le Havre AC,1,0,FINISHED
442852,2023/24,2023-12-20 20:00:00+00:00,REGULAR_SEASON,,17,Toulouse FC,AS Monaco FC,1,2,FINISHED
442851,2023/24,2023-12-20 20:00:00+00:00,REGULAR_SEASON,,17,Clermont Foot 63,Stade Rennais FC 1901,1,3,FINISHED
442864,2023/24,2024-01-12 20:00:00+00:00,REGULAR_SEASON,,18,Olympique de Marseille,RC Strasbourg Alsace,1,1,FINISHED
442861,2023/24,2024-01-13 16:00:00+00:00,REGULAR_SEASON,,18,AS Monaco FC,Stade de Reims,1,3,FINISHED
442868,2023/24,2024-01-13 20:00:00+00:00,REGULAR_SEASON,,18,Stade Rennais FC 1901,OGC Nice,2,0,FINISHED
442865,2023/24,2024-01-14 12:00:00+00:00,REGULAR_SEASON,,18,Lille OSC,FC Lorient,3,0,FINISHED
442862,2023/24,2024-01-14 14:00:00+00:00,REGULAR_SEASON,,18,FC Metz,Toulouse FC,0,1,FINISHED
442863,2023/24,2024-01-14 14:00:00+00:00,REGULAR_SEASON,,18,FC Nantes,Clermont Foot 63,1,2,FINISHED
442867,2023/24,2024-01-14 14:00:00+00:00,REGULAR_SEASON,,18,Stade Brestois 29,Montpellier HSC,2,0,FINISHED
442860,2023/24,2024-01-14 16:05:00+00:00,REGULAR_SEASON,,18,Le Havre AC,Olympique Lyonnais,3,1,FINISHED
442866,2023/24,2024-01-14 19:45:00+00:00,REGULAR_SEASON,,18,Racing Club de Lens,Paris Saint-Germain FC,0,2,FINISHED
442875,2023/24,2024-01-26 20:00:00+00:00,REGULAR_SEASON,,19,Olympique Lyonnais,Stade Rennais FC 1901,2,3,FINISHED
442873,2023/24,2024-01-27 16:00:00+00:00,REGULAR_SEASON,,19,OGC Nice,FC Metz,1,0,FINISHED
442874,2023/24,2024-01-27 20:00:00+00:00,REGULAR_SEASON,,19,Olympique de Marseille,AS Monaco FC,2,2,FINISHED
442872,2023/24,2024-01-28 12:00:00+00:00,REGULAR_SEASON,,19,Montpellier HSC,Lille OSC,0,0,FINISHED
442869,2023/24,2024-01-28 14:00:00+00:00,REGULAR_SEASON,,19,Clermont Foot 63,RC Strasbourg Alsace,1,1,FINISHED
442870,2023/24,2024-01-28 14:00:00+00:00,REGULAR_SEASON,,19,FC Lorient,Le Havre AC,3,3,FINISHED
442877,2023/24,2024-01-28 14:00:00+00:00,REGULAR_SEASON,,19,Stade de Reims,FC Nantes,0,0,FINISHED
442871,2023/24,2024-01-28 16:05:00+00:00,REGULAR_SEASON,,19,Toulouse FC,Racing Club de Lens,0,2,FINISHED
442876,2023/24,2024-01-28 19:45:00+00:00,REGULAR_SEASON,,19,Paris Saint-Germain FC,Stade Brestois 29,2,2,FINISHED
442883,2023/24,2024-02-02 20:00:00+00:00,REGULAR_SEASON,,20,RC Strasbourg Alsace,Paris Saint-Germain FC,1,2,FINISHED
442886,2023/24,2024-02-03 16:00:00+00:00,REGULAR_SEASON,,20,Stade Rennais FC 1901,Montpellier HSC,2,1,FINISHED
442880,2023/24,2024-02-03 20:00:00+00:00,REGULAR_SEASON,,20,FC Nantes,Racing Club de Lens,0,1,FINISHED
442878,2023/24,2024-02-04 12:00:00+00:00,REGULAR_SEASON,,20,AS Monaco FC,Le Havre AC,1,1,FINISHED
442879,2023/24,2024-02-04 14:00:00+00:00,REGULAR_SEASON,,20,FC Metz,FC Lorient,1,2,FINISHED
442885,2023/24,2024-02-04 14:00:00+00:00,REGULAR_SEASON,,20,Stade de Reims,Toulouse FC,2,3,FINISHED
442882,2023/24,2024-02-04 14:00:00+00:00,REGULAR_SEASON,,20,Lille OSC,Clermont Foot 63,4,0,FINISHED
442884,2023/24,2024-02-04 16:05:00+00:00,REGULAR_SEASON,,20,Stade Brestois 29,OGC Nice,0,0,FINISHED
442881,2023/24,2024-02-04 19:45:00+00:00,REGULAR_SEASON,,20,Olympique Lyonnais,Olympique de Marseille,1,0,FINISHED
442893,2023/24,2024-02-09 20:00:00+00:00,REGULAR_SEASON,,21,Olympique de Marseille,FC Metz,1,1,FINISHED
442895,2023/24,2024-02-10 16:00:00+00:00,REGULAR_SEASON,,21,Racing Club de Lens,RC Strasbourg Alsace,3,1,FINISHED
442894,2023/24,2024-02-10 20:00:00+00:00,REGULAR_SEASON,,21,Paris Saint-Germain FC,Lille OSC,3,1,FINISHED
442887,2023/24,2024-02-11 12:00:00+00:00,REGULAR_SEASON,,21,Le Havre AC,Stade Rennais FC 1901,0,1,FINISHED
442888,2023/24,2024-02-11 14:00:00+00:00,REGULAR_SEASON,,21,Clermont Foot 63,Stade Brestois 29,1,1,FINISHED
442889,2023/24,2024-02-11 14:00:00+00:00,REGULAR_SEASON,,21,FC Lorient,Stade de Reims,2,0,FINISHED
442890,2023/24,2024-02-11 14:00:00+00:00,REGULAR_SEASON,,21,Toulouse FC,FC Nantes,1,2,FINISHED
442891,2023/24,2024-02-11 16:05:00+00:00,REGULAR_SEASON,,21,Montpellier HSC,Olympique Lyonnais,1,2,FINISHED
442892,2023/24,2024-02-11 19:45:00+00:00,REGULAR_SEASON,,21,OGC Nice,AS Monaco FC,2,3,FINISHED
442899,2023/24,2024-02-16 20:00:00+00:00,REGULAR_SEASON,,22,Olympique Lyonnais,OGC Nice,1,0,FINISHED
442900,2023/24,2024-02-17 16:00:00+00:00,REGULAR_SEASON,,22,Lille OSC,Le Havre AC,3,0,FINISHED
442897,2023/24,2024-02-17 20:00:00+00:00,REGULAR_SEASON,,22,FC Nantes,Paris Saint-Germain FC,0,2,FINISHED
442901,2023/24,2024-02-18 12:00:00+00:00,REGULAR_SEASON,,22,RC Strasbourg Alsace,FC Lorient,1,3,FINISHED
442904,2023/24,2024-02-18 14:00:00+00:00,REGULAR_SEASON,,22,Stade Rennais FC 1901,Clermont Foot 63,3,1,FINISHED
442898,2023/24,2024-02-18 14:00:00+00:00,REGULAR_SEASON,,22,Montpellier HSC,FC Metz,3,0,FINISHED
442896,2023/24,2024-02-18 14:00:00+00:00,REGULAR_SEASON,,22,AS Monaco FC,Toulouse FC,1,2,FINISHED
442903,2023/24,2024-02-18 16:05:00+00:00,REGULAR_SEASON,,22,Stade de Reims,Racing Club de Lens,1,1,FINISHED
442902,2023/24,2024-02-18 19:45:00+00:00,REGULAR_SEASON,,22,Stade Brestois 29,Olympique de Marseille,1,0,FINISHED
442907,2023/24,2024-02-23 20:00:00+00:00,REGULAR_SEASON,,23,FC Metz,Olympique Lyonnais,1,2,FINISHED
442906,2023/24,2024-02-24 16:00:00+00:00,REGULAR_SEASON,,23,FC Lorient,FC Nantes,0,1,FINISHED
442912,2023/24,2024-02-24 20:00:00+00:00,REGULAR_SEASON,,23,RC Strasbourg Alsace,Stade Brestois 29,0,3,FINISHED
442913,2023/24,2024-02-25 12:00:00+00:00,REGULAR_SEASON,,23,Racing Club de Lens,AS Monaco FC,2,3,FINISHED
442909,2023/24,2024-02-25 14:00:00+00:00,REGULAR_SEASON,,23,OGC Nice,Clermont Foot 63,0,0,FINISHED
442908,2023/24,2024-02-25 14:00:00+00:00,REGULAR_SEASON,,23,Toulouse FC,Lille OSC,3,1,FINISHED
442905,2023/24,2024-02-25 14:00:00+00:00,REGULAR_SEASON,,23,Le Havre AC,Stade de Reims,1,2,FINISHED
442911,2023/24,2024-02-25 16:05:00+00:00,REGULAR_SEASON,,23,Paris Saint-Germain FC,Stade Rennais FC 1901,1,1,FINISHED
442910,2023/24,2024-02-25 19:45:00+00:00,REGULAR_SEASON,,23,Olympique de Marseille,Montpellier HSC,4,1,FINISHED
442914,2023/24,2024-03-01 20:00:00+00:00,REGULAR_SEASON,,24,AS Monaco FC,Paris Saint-Germain FC,0,0,FINISHED
442921,2023/24,2024-03-02 16:00:00+00:00,REGULAR_SEASON,,24,Stade de Reims,Lille OSC,0,1,FINISHED
442915,2023/24,2024-03-02 20:00:00+00:00,REGULAR_SEASON,,24,Clermont Foot 63,Olympique de Marseille,1,5,FINISHED
442917,2023/24,2024-03-03 12:00:00+00:00,REGULAR_SEASON,,24,Toulouse FC,OGC Nice,2,1,FINISHED
442918,2023/24,2024-03-03 14:00:00+00:00,REGULAR_SEASON,,24,Montpellier HSC,RC Strasbourg Alsace,2,2,FINISHED
442916,2023/24,2024-03-03 14:00:00+00:00,REGULAR_SEASON,,24,FC Nantes,FC Metz,0,2,FINISHED
442920,2023/24,2024-03-03 14:00:00+00:00,REGULAR_SEASON,,24,Stade Brestois 29,Le Havre AC,1,0,FINISHED
442922,2023/24,2024-03-03 16:05:00+00:00,REGULAR_SEASON,,24,Stade Rennais FC 1901,FC Lorient,1,2,FINISHED
442919,2023/24,2024-03-03 19:45:00+00:00,REGULAR_SEASON,,24,Olympique Lyonnais,Racing Club de Lens,0,3,FINISHED
442926,2023/24,2024-03-08 20:00:00+00:00,REGULAR_SEASON,,25,OGC Nice,Montpellier HSC,1,2,FINISHED
442924,2023/24,2024-03-09 16:00:00+00:00,REGULAR_SEASON,,25,FC Lorient,Olympique Lyonnais,0,2,FINISHED
442931,2023/24,2024-03-09 20:00:00+00:00,REGULAR_SEASON,,25,Racing Club de Lens,Stade Brestois 29,1,0,FINISHED
442929,2023/24,2024-03-10 12:00:00+00:00,REGULAR_SEASON,,25,Paris Saint-Germain FC,Stade de Reims,2,2,FINISHED
442930,2023/24,2024-03-10 14:00:00+00:00,REGULAR_SEASON,,25,RC Strasbourg Alsace,AS Monaco FC,0,1,FINISHED
442923,2023/24,2024-03-10 14:00:00+00:00,REGULAR_SEASON,,25,Le Havre AC,Toulouse FC,1,0,FINISHED
442925,2023/24,2024-03-10 14:00:00+00:00,REGULAR_SEASON,,25,FC Metz,Clermont Foot 63,1,0,FINISHED
442928,2023/24,2024-03-10 16:00:00+00:00,REGULAR_SEASON,,25,Lille OSC,Stade Rennais FC 1901,2,2,FINISHED
442927,2023/24,2024-03-10 19:45:00+00:00,REGULAR_SEASON,,25,Olympique de Marseille,FC Nantes,2,0,FINISHED
442935,2023/24,2024-03-15 20:00:00+00:00,REGULAR_SEASON,,26,Toulouse FC,Olympique Lyonnais,2,3,FINISHED
442934,2023/24,2024-03-16 16:00:00+00:00,REGULAR_SEASON,,26,FC Nantes,RC Strasbourg Alsace,1,3,FINISHED
442937,2023/24,2024-03-16 20:00:00+00:00,REGULAR_SEASON,,26,Racing Club de Lens,OGC Nice,1,3,FINISHED
442938,2023/24,2024-03-17 12:00:00+00:00,REGULAR_SEASON,,26,Stade Brestois 29,Lille OSC,1,1,FINISHED
442932,2023/24,2024-03-17 14:00:00+00:00,REGULAR_SEASON,,26,AS Monaco FC,FC Lorient,2,2,FINISHED
442933,2023/24,2024-03-17 14:00:00+00:00,REGULAR_SEASON,,26,Clermont Foot 63,Le Havre AC,2,1,FINISHED
442939,2023/24,2024-03-17 14:00:00+00:00,REGULAR_SEASON,,26,Stade de Reims,FC Metz,2,1,FINISHED
442940,2023/24,2024-03-17 16:05:00+00:00,REGULAR_SEASON,,26,Stade Rennais FC 1901,Olympique de Marseille,2,0,FINISHED
442936,2023/24,2024-03-17 19:45:00+00:00,REGULAR_SEASON,,26,Montpellier HSC,Paris Saint-Germain FC,2,6,FINISHED
442948,2023/24,2024-03-29 20:00:00+00:00,REGULAR_SEASON,,27,Lille OSC,Racing Club de Lens,2,1,FINISHED
442944,2023/24,2024-03-30 16:00:00+00:00,REGULAR_SEASON,,27,FC Metz,AS Monaco FC,2,5,FINISHED
442947,2023/24,2024-03-30 20:00:00+00:00,REGULAR_SEASON,,27,Olympique Lyonnais,Stade de Reims,1,1,FINISHED
442943,2023/24,2024-03-31 11:00:00+00:00,REGULAR_SEASON,,27,FC Lorient,Stade Brestois 29,0,1,FINISHED
442941,2023/24,2024-03-31 13:00:00+00:00,REGULAR_SEASON,,27,Le Havre AC,Montpellier HSC,0,2,FINISHED
442942,2023/24,2024-03-31 13:00:00+00:00,REGULAR_SEASON,,27,Clermont Foot 63,Toulouse FC,0,3,FINISHED
442945,2023/24,2024-03-31 13:00:00+00:00,REGULAR_SEASON,,27,OGC Nice,FC Nantes,1,2,FINISHED
442949,2023/24,2024-03-31 15:05:00+00:00,REGULAR_SEASON,,27,RC Strasbourg Alsace,Stade Rennais FC 1901,2,0,FINISHED
442946,2023/24,2024-03-31 18:45:00+00:00,REGULAR_SEASON,,27,Olympique de Marseille,Paris Saint-Germain FC,0,2,FINISHED
442954,2023/24,2024-04-05 19:00:00+00:00,REGULAR_SEASON,,28,Lille OSC,Olympique de Marseille,3,1,FINISHED
442956,2023/24,2024-04-06 15:00:00+00:00,REGULAR_SEASON,,28,Racing Club de Lens,Le Havre AC,1,1,FINISHED
442955,2023/24,2024-04-06 19:00:00+00:00,REGULAR_SEASON,,28,Paris Saint-Germain FC,Clermont Foot 63,1,1,FINISHED
442957,2023/24,2024-04-07 11:00:00+00:00,REGULAR_SEASON,,28,Stade Brestois 29,FC Metz,4,3,FINISHED
442952,2023/24,2024-04-07 13:00:00+00:00,REGULAR_SEASON,,28,Toulouse FC,RC Strasbourg Alsace,0,0,FINISHED
442953,2023/24,2024-04-07 13:00:00+00:00,REGULAR_SEASON,,28,Montpellier HSC,FC Lorient,2,0,FINISHED
442958,2023/24,2024-04-07 13:00:00+00:00,REGULAR_SEASON,,28,Stade de Reims,OGC Nice,0,0,FINISHED
442950,2023/24,2024-04-07 15:05:00+00:00,REGULAR_SEASON,,28,AS Monaco FC,Stade Rennais FC 1901,1,0,FINISHED
442951,2023/24,2024-04-07 18:45:00+00:00,REGULAR_SEASON,,28,FC Nantes,Olympique Lyonnais,1,3,FINISHED
442963,2023/24,2024-04-12 19:00:00+00:00,REGULAR_SEASON,,29,FC Metz,Racing Club de Lens,2,1,FINISHED
442966,2023/24,2024-04-13 15:00:00+00:00,REGULAR_SEASON,,29,RC Strasbourg Alsace,Stade de Reims,3,1,FINISHED
442967,2023/24,2024-04-13 19:00:00+00:00,REGULAR_SEASON,,29,Stade Rennais FC 1901,Toulouse FC,1,2,FINISHED
442959,2023/24,2024-04-14 11:00:00+00:00,REGULAR_SEASON,,29,Le Havre AC,FC Nantes,0,1,FINISHED
442961,2023/24,2024-04-14 13:00:00+00:00,REGULAR_SEASON,,29,Clermont Foot 63,Montpellier HSC,1,1,FINISHED
442965,2023/24,2024-04-14 18:45:00+00:00,REGULAR_SEASON,,29,Olympique Lyonnais,Stade Brestois 29,4,3,FINISHED
442971,2023/24,2024-04-19 19:00:00+00:00,REGULAR_SEASON,,30,OGC Nice,FC Lorient,3,0,FINISHED
442969,2023/24,2024-04-20 15:00:00+00:00,REGULAR_SEASON,,30,FC Nantes,Stade Rennais FC 1901,0,3,FINISHED
442974,2023/24,2024-04-20 19:00:00+00:00,REGULAR_SEASON,,30,Racing Club de Lens,Clermont Foot 63,1,0,FINISHED
442976,2023/24,2024-04-21 13:00:00+00:00,REGULAR_SEASON,,30,Stade de Reims,Montpellier HSC,1,2,FINISHED
442972,2023/24,2024-04-21 13:00:00+00:00,REGULAR_SEASON,,30,Lille OSC,RC Strasbourg Alsace,1,0,FINISHED
442968,2023/24,2024-04-21 13:00:00+00:00,REGULAR_SEASON,,30,Le Havre AC,FC Metz,0,1,FINISHED
442975,2023/24,2024-04-21 15:05:00+00:00,REGULAR_SEASON,,30,Stade Brestois 29,AS Monaco FC,0,2,FINISHED
442970,2023/24,2024-04-21 17:15:00+00:00,REGULAR_SEASON,,30,Toulouse FC,Olympique de Marseille,2,2,FINISHED
442973,2023/24,2024-04-21 19:00:00+00:00,REGULAR_SEASON,,30,Paris Saint-Germain FC,Olympique Lyonnais,4,1,FINISHED
442962,2023/24,2024-04-24 17:00:00+00:00,REGULAR_SEASON,,29,FC Lorient,Paris Saint-Germain FC,1,4,FINISHED
442960,2023/24,2024-04-24 19:00:00+00:00,REGULAR_SEASON,,29,AS Monaco FC,Lille OSC,1,0,FINISHED
442964,2023/24,2024-04-24 19:00:00+00:00,REGULAR_SEASON,,29,Olympique de Marseille,OGC Nice,2,2,FINISHED
442980,2023/24,2024-04-26 19:00:00+00:00,REGULAR_SEASON,,31,Montpellier HSC,FC Nantes,1,1,FINISHED
442983,2023/24,2024-04-27 19:00:00+00:00,REGULAR_SEASON,,31,Paris Saint-Germain FC,Le Havre AC,3,3,FINISHED
442979,2023/24,2024-04-28 11:00:00+00:00,REGULAR_SEASON,,31,FC Metz,Lille OSC,1,2,FINISHED
442977,2023/24,2024-04-28 13:00:00+00:00,REGULAR_SEASON,,31,Clermont Foot 63,Stade de Reims,4,1,FINISHED
442978,2023/24,2024-04-28 13:00:00+00:00,REGULAR_SEASON,,31,FC Lorient,Toulouse FC,1,2,FINISHED
442984,2023/24,2024-04-28 13:00:00+00:00,REGULAR_SEASON,,31,RC Strasbourg Alsace,OGC Nice,1,3,FINISHED
442985,2023/24,2024-04-28 15:05:00+00:00,REGULAR_SEASON,,31,Stade Rennais FC 1901,Stade Brestois 29,4,5,FINISHED
442981,2023/24,2024-04-28 17:00:00+00:00,REGULAR_SEASON,,31,Olympique Lyonnais,AS Monaco FC,3,2,FINISHED
442982,2023/24,2024-04-28 19:00:00+00:00,REGULAR_SEASON,,31,Olympique de Marseille,Racing Club de Lens,2,1,FINISHED
442989,2023/24,2024-05-03 17:00:00+00:00,REGULAR_SEASON,,32,Toulouse FC,Montpellier HSC,1,2,FINISHED
442992,2023/24,2024-05-03 19:00:00+00:00,REGULAR_SEASON,,32,Racing Club de Lens,FC Lorient,2,0,FINISHED
442986,2023/24,2024-05-04 13:00:00+00:00,REGULAR_SEASON,,32,Le Havre AC,RC Strasbourg Alsace,3,1,FINISHED
442987,2023/24,2024-05-04 15:00:00+00:00,REGULAR_SEASON,,32,AS Monaco FC,Clermont Foot 63,4,1,FINISHED
442988,2023/24,2024-05-04 17:00:00+00:00,REGULAR_SEASON,,32,FC Metz,Stade Rennais FC 1901,2,3,FINISHED
442993,2023/24,2024-05-04 19:00:00+00:00,REGULAR_SEASON,,32,Stade Brestois 29,FC Nantes,0,0,FINISHED
442991,2023/24,2024-05-06 19:00:00+00:00,REGULAR_SEASON,,32,Lille OSC,Olympique Lyonnais,3,4,FINISHED
442998,2023/24,2024-05-10 19:00:00+00:00,REGULAR_SEASON,,33,OGC Nice,Le Havre AC,1,0,FINISHED
443002,2023/24,2024-05-10 19:00:00+00:00,REGULAR_SEASON,,33,Stade Brestois 29,Stade de Reims,1,1,FINISHED
443003,2023/24,2024-05-12 19:00:00+00:00,REGULAR_SEASON,,33,Stade Rennais FC 1901,Racing Club de Lens,1,1,FINISHED
443001,2023/24,2024-05-12 19:00:00+00:00,REGULAR_SEASON,,33,RC Strasbourg Alsace,FC Metz,2,1,FINISHED
443000,2023/24,2024-05-12 19:00:00+00:00,REGULAR_SEASON,,33,Paris Saint-Germain FC,Toulouse FC,1,3,FINISHED
442999,2023/24,2024-05-12 19:00:00+00:00,REGULAR_SEASON,,33,Olympique de Marseille,FC Lorient,3,1,FINISHED
442997,2023/24,2024-05-12 19:00:00+00:00,REGULAR_SEASON,,33,Montpellier HSC,AS Monaco FC,0,2,FINISHED
442996,2023/24,2024-05-12 19:00:00+00:00,REGULAR_SEASON,,33,FC Nantes,Lille OSC,1,2,FINISHED
442995,2023/24,2024-05-12 19:00:00+00:00,REGULAR_SEASON,,33,Clermont Foot 63,Olympique Lyonnais,0,1,FINISHED
442990,2023/24,2024-05-15 19:00:00+00:00,REGULAR_SEASON,,32,OGC Nice,Paris Saint-Germain FC,1,2,FINISHED
442994,2023/24,2024-05-15 19:00:00+00:00,REGULAR_SEASON,,32,Stade de Reims,Olympique de Marseille,1,0,FINISHED
443010,2023/24,2024-05-19 19:00:00+00:00,REGULAR_SEASON,,34,Lille OSC,OGC Nice,2,2,FINISHED
443006,2023/24,2024-05-19 19:00:00+00:00,REGULAR_SEASON,,34,FC Lorient,Clermont Foot 63,5,0,FINISHED
443005,2023/24,2024-05-19 19:00:00+00:00,REGULAR_SEASON,,34,AS Monaco FC,FC Nantes,4,0,FINISHED
443012,2023/24,2024-05-19 19:00:00+00:00,REGULAR_SEASON,,34,Stade de Reims,Stade Rennais FC 1901,2,1,FINISHED
443007,2023/24,2024-05-19 19:00:00+00:00,REGULAR_SEASON,,34,FC Metz,Paris Saint-Germain FC,0,2,FINISHED
443008,2023/24,2024-05-19 19:00:00+00:00,REGULAR_SEASON,,34,Toulouse FC,Stade Brestois 29,0,3,FINISHED
443004,2023/24,2024-05-19 19:00:00+00:00,REGULAR_SEASON,,34,Le Havre AC,Olympique de Marseille,1,2,FINISHED
443011,2023/24,2024-05-19 19:00:00+00:00,REGULAR_SEASON,,34,Racing Club de Lens,Montpellier HSC,2,2,FINISHED
443009,2023/24,2024-05-19 19:00:00+00:00,REGULAR_SEASON,,34,Olympique Lyonnais,RC Strasbourg Alsace,2,1,FINISHED
497958,2024/25,2024-08-16 18:45:00+00:00,REGULAR_SEASON,,1,Le Havre AC,Paris Saint-Germain FC,1,4,FINISHED
497951,2024/25,2024-08-17 15:00:00+00:00,REGULAR_SEASON,,1,Stade Brestois 29,Olympique de Marseille,1,5,FINISHED
497956,2024/25,2024-08-17 17:00:00+00:00,REGULAR_SEASON,,1,Stade de Reims,Lille OSC,0,2,FINISHED
497955,2024/25,2024-08-17 19:00:00+00:00,REGULAR_SEASON,,1,AS Monaco FC,AS Saint-Étienne,1,0,FINISHED
497957,2024/25,2024-08-18 13:00:00+00:00,REGULAR_SEASON,,1,AJ Auxerre,OGC Nice,2,1,FINISHED
497954,2024/25,2024-08-18 15:00:00+00:00,REGULAR_SEASON,,1,Angers SCO,Racing Club de Lens,0,1,FINISHED
497952,2024/25,2024-08-18 15:00:00+00:00,REGULAR_SEASON,,1,Montpellier HSC,RC Strasbourg Alsace,1,1,FINISHED
497953,2024/25,2024-08-18 15:00:00+00:00,REGULAR_SEASON,,1,Toulouse FC,FC Nantes,0,0,FINISHED
497959,2024/25,2024-08-18 18:45:00+00:00,REGULAR_SEASON,,1,Stade Rennais FC 1901,Olympique Lyonnais,3,0,FINISHED
497960,2024/25,2024-08-23 18:45:00+00:00,REGULAR_SEASON,,2,Paris Saint-Germain FC,Montpellier HSC,6,0,FINISHED
497967,2024/25,2024-08-24 15:00:00+00:00,REGULAR_SEASON,,2,Olympique Lyonnais,AS Monaco FC,0,2,FINISHED
497964,2024/25,2024-08-24 17:00:00+00:00,REGULAR_SEASON,,2,Lille OSC,Angers SCO,2,0,FINISHED
497963,2024/25,2024-08-24 19:00:00+00:00,REGULAR_SEASON,,2,AS Saint-Étienne,Le Havre AC,0,2,FINISHED
497966,2024/25,2024-08-25 13:00:00+00:00,REGULAR_SEASON,,2,Racing Club de Lens,Stade Brestois 29,2,0,FINISHED
497961,2024/25,2024-08-25 15:00:00+00:00,REGULAR_SEASON,,2,RC Strasbourg Alsace,Stade Rennais FC 1901,3,1,FINISHED
497962,2024/25,2024-08-25 15:00:00+00:00,REGULAR_SEASON,,2,FC Nantes,AJ Auxerre,2,0,FINISHED
497965,2024/25,2024-08-25 15:00:00+00:00,REGULAR_SEASON,,2,OGC Nice,Toulouse FC,1,1,FINISHED
497968,2024/25,2024-08-25 18:45:00+00:00,REGULAR_SEASON,,2,Olympique de Marseille,Stade de Reims,2,2,FINISHED
497970,2024/25,2024-08-30 18:45:00+00:00,REGULAR_SEASON,,3,Olympique Lyonnais,RC Strasbourg Alsace,4,3,FINISHED
497971,2024/25,2024-08-31 15:00:00+00:00,REGULAR_SEASON,,3,Stade Brestois 29,AS Saint-Étienne,4,0,FINISHED
497972,2024/25,2024-08-31 17:00:00+00:00,REGULAR_SEASON,,3,Montpellier HSC,FC Nantes,1,3,FINISHED
497977,2024/25,2024-08-31 19:00:00+00:00,REGULAR_SEASON,,3,Toulouse FC,Olympique de Marseille,1,3,FINISHED
497974,2024/25,2024-09-01 13:00:00+00:00,REGULAR_SEASON,,3,AS Monaco FC,Racing Club de Lens,1,1,FINISHED
497975,2024/25,2024-09-01 15:00:00+00:00,REGULAR_SEASON,,3,Le Havre AC,AJ Auxerre,3,1,FINISHED
497973,2024/25,2024-09-01 15:00:00+00:00,REGULAR_SEASON,,3,Angers SCO,OGC Nice,1,4,FINISHED
497976,2024/25,2024-09-01 15:00:00+00:00,REGULAR_SEASON,,3,Stade de Reims,Stade Rennais FC 1901,2,1,FINISHED
497969,2024/25,2024-09-01 18:45:00+00:00,REGULAR_SEASON,,3,Lille OSC,Paris Saint-Germain FC,1,3,FINISHED
497984,2024/25,2024-09-13 18:45:00+00:00,REGULAR_SEASON,,4,AS Saint-Étienne,Lille OSC,1,0,FINISHED
497985,2024/25,2024-09-14 15:00:00+00:00,REGULAR_SEASON,,4,Olympique de Marseille,OGC Nice,2,0,FINISHED
497978,2024/25,2024-09-14 17:00:00+00:00,REGULAR_SEASON,,4,AJ Auxerre,AS Monaco FC,0,3,FINISHED
497986,2024/25,2024-09-14 19:00:00+00:00,REGULAR_SEASON,,4,Paris Saint-Germain FC,Stade Brestois 29,3,1,FINISHED
497979,2024/25,2024-09-15 13:00:00+00:00,REGULAR_SEASON,,4,Stade Rennais FC 1901,Montpellier HSC,3,0,FINISHED
497983,2024/25,2024-09-15 15:00:00+00:00,REGULAR_SEASON,,4,RC Strasbourg Alsace,Angers SCO,1,1,FINISHED
497982,2024/25,2024-09-15 15:00:00+00:00,REGULAR_SEASON,,4,Toulouse FC,Le Havre AC,2,0,FINISHED
497981,2024/25,2024-09-15 15:00:00+00:00,REGULAR_SEASON,,4,FC Nantes,Stade de Reims,1,2,FINISHED
497980,2024/25,2024-09-15 18:45:00+00:00,REGULAR_SEASON,,4,Racing Club de Lens,Olympique Lyonnais,0,0,FINISHED
497988,2024/25,2024-09-20 18:45:00+00:00,REGULAR_SEASON,,5,OGC Nice,AS Saint-Étienne,8,0,FINISHED
497993,2024/25,2024-09-21 15:00:00+00:00,REGULAR_SEASON,,5,Lille OSC,RC Strasbourg Alsace,3,3,FINISHED
497994,2024/25,2024-09-21 17:00:00+00:00,REGULAR_SEASON,,5,Stade Rennais FC 1901,Racing Club de Lens,1,1,FINISHED
497989,2024/25,2024-09-21 19:00:00+00:00,REGULAR_SEASON,,5,Stade de Reims,Paris Saint-Germain FC,1,1,FINISHED
497995,2024/25,2024-09-22 13:00:00+00:00,REGULAR_SEASON,,5,AS Monaco FC,Le Havre AC,3,1,FINISHED
497992,2024/25,2024-09-22 15:00:00+00:00,REGULAR_SEASON,,5,Montpellier HSC,AJ Auxerre,3,2,FINISHED
497991,2024/25,2024-09-22 15:00:00+00:00,REGULAR_SEASON,,5,Angers SCO,FC Nantes,1,1,FINISHED
497990,2024/25,2024-09-22 15:00:00+00:00,REGULAR_SEASON,,5,Stade Brestois 29,Toulouse FC,2,0,FINISHED
497987,2024/25,2024-09-22 18:45:00+00:00,REGULAR_SEASON,,5,Olympique Lyonnais,Olympique de Marseille,2,3,FINISHED
497998,2024/25,2024-09-27 17:00:00+00:00,REGULAR_SEASON,,6,AJ Auxerre,Stade Brestois 29,3,0,FINISHED
497997,2024/25,2024-09-27 19:00:00+00:00,REGULAR_SEASON,,6,Paris Saint-Germain FC,Stade Rennais FC 1901,3,1,FINISHED
497999,2024/25,2024-09-28 15:00:00+00:00,REGULAR_SEASON,,6,Racing Club de Lens,OGC Nice,0,0,FINISHED
498001,2024/25,2024-09-28 17:00:00+00:00,REGULAR_SEASON,,6,Le Havre AC,Lille OSC,0,3,FINISHED
498003,2024/25,2024-09-28 19:00:00+00:00,REGULAR_SEASON,,6,AS Monaco FC,Montpellier HSC,2,1,FINISHED
498002,2024/25,2024-09-29 13:00:00+00:00,REGULAR_SEASON,,6,Toulouse FC,Olympique Lyonnais,1,2,FINISHED
498004,2024/25,2024-09-29 15:00:00+00:00,REGULAR_SEASON,,6,Angers SCO,Stade de Reims,1,3,FINISHED
498000,2024/25,2024-09-29 15:00:00+00:00,REGULAR_SEASON,,6,FC Nantes,AS Saint-Étienne,2,2,FINISHED
497996,2024/25,2024-09-29 18:45:00+00:00,REGULAR_SEASON,,6,RC Strasbourg Alsace,Olympique de Marseille,1,0,FINISHED
498010,2024/25,2024-10-04 18:45:00+00:00,REGULAR_SEASON,,7,Olympique de Marseille,Angers SCO,1,1,FINISHED
498008,2024/25,2024-10-05 15:00:00+00:00,REGULAR_SEASON,,7,AS Saint-Étienne,AJ Auxerre,3,1,FINISHED
498007,2024/25,2024-10-05 17:00:00+00:00,REGULAR_SEASON,,7,Lille OSC,Toulouse FC,2,1,FINISHED
498011,2024/25,2024-10-05 19:00:00+00:00,REGULAR_SEASON,,7,Stade Rennais FC 1901,AS Monaco FC,1,2,FINISHED
498005,2024/25,2024-10-06 13:00:00+00:00,REGULAR_SEASON,,7,Olympique Lyonnais,FC Nantes,2,0,FINISHED
498009,2024/25,2024-10-06 15:00:00+00:00,REGULAR_SEASON,,7,Stade Brestois 29,Le Havre AC,2,0,FINISHED
498012,2024/25,2024-10-06 15:00:00+00:00,REGULAR_SEASON,,7,RC Strasbourg Alsace,Racing Club de Lens,2,2,FINISHED
498013,2024/25,2024-10-06 15:00:00+00:00,REGULAR_SEASON,,7,Stade de Reims,Montpellier HSC,4,2,FINISHED
498006,2024/25,2024-10-06 18:45:00+00:00,REGULAR_SEASON,,7,OGC Nice,Paris Saint-Germain FC,1,1,FINISHED
498019,2024/25,2024-10-18 18:45:00+00:00,REGULAR_SEASON,,8,AS Monaco FC,Lille OSC,0,0,FINISHED
498021,2024/25,2024-10-19 15:00:00+00:00,REGULAR_SEASON,,8,Stade Brestois 29,Stade Rennais FC 1901,1,1,FINISHED
498020,2024/25,2024-10-19 17:00:00+00:00,REGULAR_SEASON,,8,AS Saint-Étienne,Racing Club de Lens,0,2,FINISHED
498022,2024/25,2024-10-19 19:00:00+00:00,REGULAR_SEASON,,8,Paris Saint-Germain FC,RC Strasbourg Alsace,4,2,FINISHED
498016,2024/25,2024-10-20 13:00:00+00:00,REGULAR_SEASON,,8,Le Havre AC,Olympique Lyonnais,0,4,FINISHED
498015,2024/25,2024-10-20 15:00:00+00:00,REGULAR_SEASON,,8,Toulouse FC,Angers SCO,1,1,FINISHED
498014,2024/25,2024-10-20 15:00:00+00:00,REGULAR_SEASON,,8,AJ Auxerre,Stade de Reims,2,1,FINISHED
498017,2024/25,2024-10-20 15:00:00+00:00,REGULAR_SEASON,,8,FC Nantes,OGC Nice,1,1,FINISHED
498018,2024/25,2024-10-20 18:45:00+00:00,REGULAR_SEASON,,8,Montpellier HSC,Olympique de Marseille,0,5,FINISHED
498029,2024/25,2024-10-25 18:45:00+00:00,REGULAR_SEASON,,9,Stade Rennais FC 1901,Le Havre AC,1,0,FINISHED
498030,2024/25,2024-10-26 15:00:00+00:00,REGULAR_SEASON,,9,Angers SCO,AS Saint-Étienne,4,2,FINISHED
498031,2024/25,2024-10-26 17:00:00+00:00,REGULAR_SEASON,,9,Stade de Reims,Stade Brestois 29,1,2,FINISHED
498024,2024/25,2024-10-26 19:00:00+00:00,REGULAR_SEASON,,9,Racing Club de Lens,Lille OSC,0,2,FINISHED
498026,2024/25,2024-10-27 14:00:00+00:00,REGULAR_SEASON,,9,Olympique Lyonnais,AJ Auxerre,2,2,FINISHED
498028,2024/25,2024-10-27 16:00:00+00:00,REGULAR_SEASON,,9,RC Strasbourg Alsace,FC Nantes,3,1,FINISHED
498023,2024/25,2024-10-27 16:00:00+00:00,REGULAR_SEASON,,9,OGC Nice,AS Monaco FC,2,1,FINISHED
498027,2024/25,2024-10-27 16:00:00+00:00,REGULAR_SEASON,,9,Montpellier HSC,Toulouse FC,0,3,FINISHED
498025,2024/25,2024-10-27 19:45:00+00:00,REGULAR_SEASON,,9,Olympique de Marseille,Paris Saint-Germain FC,0,3,FINISHED
498034,2024/25,2024-11-01 18:00:00+00:00,REGULAR_SEASON,,10,AS Monaco FC,Angers SCO,0,1,FINISHED
498037,2024/25,2024-11-01 20:00:00+00:00,REGULAR_SEASON,,10,Lille OSC,Olympique Lyonnais,1,1,FINISHED
498040,2024/25,2024-11-02 16:00:00+00:00,REGULAR_SEASON,,10,Paris Saint-Germain FC,Racing Club de Lens,1,0,FINISHED
498039,2024/25,2024-11-02 18:00:00+00:00,REGULAR_SEASON,,10,Stade Brestois 29,OGC Nice,0,1,FINISHED
498038,2024/25,2024-11-02 20:00:00+00:00,REGULAR_SEASON,,10,AS Saint-Étienne,RC Strasbourg Alsace,2,0,FINISHED
498033,2024/25,2024-11-03 14:00:00+00:00,REGULAR_SEASON,,10,Toulouse FC,Stade de Reims,1,0,FINISHED
498032,2024/25,2024-11-03 16:00:00+00:00,REGULAR_SEASON,,10,AJ Auxerre,Stade Rennais FC 1901,4,0,FINISHED
498035,2024/25,2024-11-03 16:00:00+00:00,REGULAR_SEASON,,10,Le Havre AC,Montpellier HSC,1,0,FINISHED
498036,2024/25,2024-11-03 19:45:00+00:00,REGULAR_SEASON,,10,FC Nantes,Olympique de Marseille,1,2,FINISHED
498041,2024/25,2024-11-08 19:45:00+00:00,REGULAR_SEASON,,11,Olympique de Marseille,AJ Auxerre,1,3,FINISHED
498045,2024/25,2024-11-09 16:00:00+00:00,REGULAR_SEASON,,11,RC Strasbourg Alsace,AS Monaco FC,1,3,FINISHED
498046,2024/25,2024-11-09 18:00:00+00:00,REGULAR_SEASON,,11,Racing Club de Lens,FC Nantes,3,2,FINISHED
498049,2024/25,2024-11-09 20:00:00+00:00,REGULAR_SEASON,,11,Angers SCO,Paris Saint-Germain FC,2,4,FINISHED
498048,2024/25,2024-11-10 14:00:00+00:00,REGULAR_SEASON,,11,OGC Nice,Lille OSC,2,2,FINISHED
498043,2024/25,2024-11-10 16:00:00+00:00,REGULAR_SEASON,,11,Montpellier HSC,Stade Brestois 29,3,1,FINISHED
498044,2024/25,2024-11-10 16:00:00+00:00,REGULAR_SEASON,,11,Le Havre AC,Stade de Reims,0,3,FINISHED
498047,2024/25,2024-11-10 16:00:00+00:00,REGULAR_SEASON,,11,Stade Rennais FC 1901,Toulouse FC,0,2,FINISHED
498042,2024/25,2024-11-10 19:45:00+00:00,REGULAR_SEASON,,11,Olympique Lyonnais,AS Saint-Étienne,1,0,FINISHED
498056,2024/25,2024-11-22 18:00:00+00:00,REGULAR_SEASON,,12,AS Monaco FC,Stade Brestois 29,3,2,FINISHED
498050,2024/25,2024-11-22 20:00:00+00:00,REGULAR_SEASON,,12,Paris Saint-Germain FC,Toulouse FC,3,0,FINISHED
498051,2024/25,2024-11-23 16:00:00+00:00,REGULAR_SEASON,,12,Racing Club de Lens,Olympique de Marseille,1,3,FINISHED
498053,2024/25,2024-11-23 18:00:00+00:00,REGULAR_SEASON,,12,AS Saint-Étienne,Montpellier HSC,1,0,FINISHED
498058,2024/25,2024-11-23 20:00:00+00:00,REGULAR_SEASON,,12,Stade de Reims,Olympique Lyonnais,1,1,FINISHED
498054,2024/25,2024-11-24 14:00:00+00:00,REGULAR_SEASON,,12,Lille OSC,Stade Rennais FC 1901,1,0,FINISHED
498055,2024/25,2024-11-24 16:00:00+00:00,REGULAR_SEASON,,12,FC Nantes,Le Havre AC,0,2,FINISHED
498057,2024/25,2024-11-24 16:00:00+00:00,REGULAR_SEASON,,12,AJ Auxerre,Angers SCO,1,0,FINISHED
498052,2024/25,2024-11-24 19:45:00+00:00,REGULAR_SEASON,,12,OGC Nice,RC Strasbourg Alsace,2,1,FINISHED
498059,2024/25,2024-11-29 19:45:00+00:00,REGULAR_SEASON,,13,Stade de Reims,Racing Club de Lens,0,2,FINISHED
498060,2024/25,2024-11-30 16:00:00+00:00,REGULAR_SEASON,,13,Stade Rennais FC 1901,AS Saint-Étienne,5,0,FINISHED
498063,2024/25,2024-11-30 18:00:00+00:00,REGULAR_SEASON,,13,Stade Brestois 29,RC Strasbourg Alsace,3,1,FINISHED
498065,2024/25,2024-11-30 20:00:00+00:00,REGULAR_SEASON,,13,Paris Saint-Germain FC,FC Nantes,1,1,FINISHED
498064,2024/25,2024-12-01 14:00:00+00:00,REGULAR_SEASON,,13,Montpellier HSC,Lille OSC,2,2,FINISHED
498062,2024/25,2024-12-01 16:00:00+00:00,REGULAR_SEASON,,13,Toulouse FC,AJ Auxerre,2,0,FINISHED
498067,2024/25,2024-12-01 16:00:00+00:00,REGULAR_SEASON,,13,Olympique Lyonnais,OGC Nice,4,1,FINISHED
498061,2024/25,2024-12-01 16:00:00+00:00,REGULAR_SEASON,,13,Le Havre AC,Angers SCO,0,1,FINISHED
498066,2024/25,2024-12-01 19:45:00+00:00,REGULAR_SEASON,,13,Olympique de Marseille,AS Monaco FC,2,1,FINISHED
498072,2024/25,2024-12-06 18:00:00+00:00,REGULAR_SEASON,,14,Lille OSC,Stade Brestois 29,3,1,FINISHED
498069,2024/25,2024-12-06 20:00:00+00:00,REGULAR_SEASON,,14,AJ Auxerre,Paris Saint-Germain FC,0,0,FINISHED
498076,2024/25,2024-12-07 16:00:00+00:00,REGULAR_SEASON,,14,AS Monaco FC,Toulouse FC,2,0,FINISHED
498068,2024/25,2024-12-07 18:00:00+00:00,REGULAR_SEASON,,14,OGC Nice,Le Havre AC,2,1,FINISHED
498071,2024/25,2024-12-07 20:00:00+00:00,REGULAR_SEASON,,14,Angers SCO,Olympique Lyonnais,0,3,FINISHED
498073,2024/25,2024-12-08 14:00:00+00:00,REGULAR_SEASON,,14,Racing Club de Lens,Montpellier HSC,2,0,FINISHED
498074,2024/25,2024-12-08 16:00:00+00:00,REGULAR_SEASON,,14,RC Strasbourg Alsace,Stade de Reims,0,0,FINISHED
498075,2024/25,2024-12-08 16:00:00+00:00,REGULAR_SEASON,,14,FC Nantes,Stade Rennais FC 1901,1,0,FINISHED
498070,2024/25,2024-12-08 19:45:00+00:00,REGULAR_SEASON,,14,AS Saint-Étienne,Olympique de Marseille,0,2,FINISHED
498081,2024/25,2024-12-13 19:45:00+00:00,REGULAR_SEASON,,15,Toulouse FC,AS Saint-Étienne,2,1,FINISHED
498084,2024/25,2024-12-14 16:00:00+00:00,REGULAR_SEASON,,15,Olympique de Marseille,Lille OSC,1,1,FINISHED
498080,2024/25,2024-12-14 18:00:00+00:00,REGULAR_SEASON,,15,AJ Auxerre,Racing Club de Lens,2,2,FINISHED
498079,2024/25,2024-12-14 20:00:00+00:00,REGULAR_SEASON,,15,Stade de Reims,AS Monaco FC,0,0,FINISHED
498082,2024/25,2024-12-15 14:00:00+00:00,REGULAR_SEASON,,15,Montpellier HSC,OGC Nice,2,2,FINISHED
498078,2024/25,2024-12-15 16:00:00+00:00,REGULAR_SEASON,,15,Le Havre AC,RC Strasbourg Alsace,0,3,FINISHED
498083,2024/25,2024-12-15 16:00:00+00:00,REGULAR_SEASON,,15,Stade Brestois 29,FC Nantes,4,1,FINISHED
498077,2024/25,2024-12-15 16:00:00+00:00,REGULAR_SEASON,,15,Stade Rennais FC 1901,Angers SCO,2,0,FINISHED
498085,2024/25,2024-12-15 19:45:00+00:00,REGULAR_SEASON,,15,Paris Saint-Germain FC,Olympique Lyonnais,3,1,FINISHED
498086,2024/25,2024-12-18 20:00:00+00:00,REGULAR_SEASON,,16,AS Monaco FC,Paris Saint-Germain FC,2,4,FINISHED
498094,2024/25,2025-01-03 20:00:00+00:00,REGULAR_SEASON,,16,OGC Nice,Stade Rennais FC 1901,3,2,FINISHED
498089,2024/25,2025-01-04 16:00:00+00:00,REGULAR_SEASON,,16,AS Saint-Étienne,Stade de Reims,3,1,FINISHED
498091,2024/25,2025-01-04 18:00:00+00:00,REGULAR_SEASON,,16,Lille OSC,FC Nantes,1,1,FINISHED
498087,2024/25,2025-01-04 20:00:00+00:00,REGULAR_SEASON,,16,Olympique Lyonnais,Montpellier HSC,1,0,FINISHED
498088,2024/25,2025-01-05 14:00:00+00:00,REGULAR_SEASON,,16,Racing Club de Lens,Toulouse FC,0,1,FINISHED
498090,2024/25,2025-01-05 14:00:00+00:00,REGULAR_SEASON,,16,Angers SCO,Stade Brestois 29,2,0,FINISHED
498093,2024/25,2025-01-05 14:00:00+00:00,REGULAR_SEASON,,16,RC Strasbourg Alsace,AJ Auxerre,3,1,FINISHED
498092,2024/25,2025-01-05 19:45:00+00:00,REGULAR_SEASON,,16,Olympique de Marseille,Le Havre AC,5,1,FINISHED
498096,2024/25,2025-01-10 18:00:00+00:00,REGULAR_SEASON,,17,FC Nantes,AS Monaco FC,2,2,FINISHED
498097,2024/25,2025-01-10 20:05:00+00:00,REGULAR_SEASON,,17,AJ Auxerre,Lille OSC,0,0,FINISHED
498101,2024/25,2025-01-11 16:00:00+00:00,REGULAR_SEASON,,17,Stade Brestois 29,Olympique Lyonnais,2,1,FINISHED
498098,2024/25,2025-01-11 18:00:00+00:00,REGULAR_SEASON,,17,Stade de Reims,OGC Nice,2,4,FINISHED
498103,2024/25,2025-01-11 20:05:00+00:00,REGULAR_SEASON,,17,Stade Rennais FC 1901,Olympique de Marseille,1,2,FINISHED
498099,2024/25,2025-01-12 14:00:00+00:00,REGULAR_SEASON,,17,Le Havre AC,Racing Club de Lens,1,2,FINISHED
498095,2024/25,2025-01-12 16:15:00+00:00,REGULAR_SEASON,,17,Toulouse FC,RC Strasbourg Alsace,1,2,FINISHED
498100,2024/25,2025-01-12 16:15:00+00:00,REGULAR_SEASON,,17,Montpellier HSC,Angers SCO,1,3,FINISHED
498102,2024/25,2025-01-12 19:45:00+00:00,REGULAR_SEASON,,17,Paris Saint-Germain FC,AS Saint-Étienne,2,1,FINISHED
498109,2024/25,2025-01-17 18:00:00+00:00,REGULAR_SEASON,,18,Montpellier HSC,AS Monaco FC,2,1,FINISHED
498106,2024/25,2025-01-17 20:05:00+00:00,REGULAR_SEASON,,18,Lille OSC,OGC Nice,2,1,FINISHED
498105,2024/25,2025-01-18 16:00:00+00:00,REGULAR_SEASON,,18,Racing Club de Lens,Paris Saint-Germain FC,1,2,FINISHED
498112,2024/25,2025-01-18 18:00:00+00:00,REGULAR_SEASON,,18,Stade Rennais FC 1901,Stade Brestois 29,1,2,FINISHED
498107,2024/25,2025-01-18 20:05:00+00:00,REGULAR_SEASON,,18,Olympique Lyonnais,Toulouse FC,0,0,FINISHED
498108,2024/25,2025-01-19 14:00:00+00:00,REGULAR_SEASON,,18,AS Saint-Étienne,FC Nantes,1,1,FINISHED
498110,2024/25,2025-01-19 16:15:00+00:00,REGULAR_SEASON,,18,Stade de Reims,Le Havre AC,1,1,FINISHED
498111,2024/25,2025-01-19 16:15:00+00:00,REGULAR_SEASON,,18,Angers SCO,AJ Auxerre,2,0,FINISHED
498104,2024/25,2025-01-19 19:45:00+00:00,REGULAR_SEASON,,18,Olympique de Marseille,RC Strasbourg Alsace,1,1,FINISHED
498118,2024/25,2025-01-24 19:45:00+00:00,REGULAR_SEASON,,19,AJ Auxerre,AS Saint-Étienne,1,1,FINISHED
498115,2024/25,2025-01-25 16:00:00+00:00,REGULAR_SEASON,,19,AS Monaco FC,Stade Rennais FC 1901,3,2,FINISHED
498113,2024/25,2025-01-25 18:00:00+00:00,REGULAR_SEASON,,19,RC Strasbourg Alsace,Lille OSC,2,1,FINISHED
498120,2024/25,2025-01-25 20:05:00+00:00,REGULAR_SEASON,,19,Paris Saint-Germain FC,Stade de Reims,1,1,FINISHED
498117,2024/25,2025-01-26 14:00:00+00:00,REGULAR_SEASON,,19,Le Havre AC,Stade Brestois 29,0,1,FINISHED
498114,2024/25,2025-01-26 16:15:00+00:00,REGULAR_SEASON,,19,FC Nantes,Olympique Lyonnais,1,1,FINISHED
498116,2024/25,2025-01-26 16:15:00+00:00,REGULAR_SEASON,,19,Toulouse FC,Montpellier HSC,1,2,FINISHED
498119,2024/25,2025-01-26 16:15:00+00:00,REGULAR_SEASON,,19,Racing Club de Lens,Angers SCO,1,0,FINISHED
498121,2024/25,2025-01-26 19:45:00+00:00,REGULAR_SEASON,,19,OGC Nice,Olympique de Marseille,2,0,FINISHED
498124,2024/25,2025-01-31 19:45:00+00:00,REGULAR_SEASON,,20,Montpellier HSC,Racing Club de Lens,0,2,FINISHED
498123,2024/25,2025-02-01 16:00:00+00:00,REGULAR_SEASON,,20,Stade Brestois 29,Paris Saint-Germain FC,2,5,FINISHED
498130,2024/25,2025-02-01 18:00:00+00:00,REGULAR_SEASON,,20,AS Monaco FC,AJ Auxerre,4,2,FINISHED
498125,2024/25,2025-02-01 20:05:00+00:00,REGULAR_SEASON,,20,Lille OSC,AS Saint-Étienne,4,1,FINISHED
498128,2024/25,2025-02-02 14:00:00+00:00,REGULAR_SEASON,,20,Toulouse FC,OGC Nice,1,1,FINISHED
498127,2024/25,2025-02-02 16:15:00+00:00,REGULAR_SEASON,,20,Angers SCO,Le Havre AC,1,1,FINISHED
498126,2024/25,2025-02-02 16:15:00+00:00,REGULAR_SEASON,,20,Stade de Reims,FC Nantes,1,2,FINISHED
498129,2024/25,2025-02-02 16:15:00+00:00,REGULAR_SEASON,,20,Stade Rennais FC 1901,RC Strasbourg Alsace,1,0,FINISHED
498122,2024/25,2025-02-02 19:45:00+00:00,REGULAR_SEASON,,20,Olympique de Marseille,Olympique Lyonnais,3,2,FINISHED
498132,2024/25,2025-02-07 18:00:00+00:00,REGULAR_SEASON,,21,FC Nantes,Stade Brestois 29,0,2,FINISHED
498136,2024/25,2025-02-07 20:05:00+00:00,REGULAR_SEASON,,21,Paris Saint-Germain FC,AS Monaco FC,4,1,FINISHED
498139,2024/25,2025-02-08 16:00:00+00:00,REGULAR_SEASON,,21,OGC Nice,Racing Club de Lens,2,0,FINISHED
498134,2024/25,2025-02-08 18:00:00+00:00,REGULAR_SEASON,,21,Lille OSC,Le Havre AC,1,2,FINISHED
498135,2024/25,2025-02-08 20:05:00+00:00,REGULAR_SEASON,,21,AS Saint-Étienne,Stade Rennais FC 1901,0,2,FINISHED
498137,2024/25,2025-02-09 14:00:00+00:00,REGULAR_SEASON,,21,Olympique Lyonnais,Stade de Reims,4,0,FINISHED
498133,2024/25,2025-02-09 16:15:00+00:00,REGULAR_SEASON,,21,RC Strasbourg Alsace,Montpellier HSC,2,0,FINISHED
498131,2024/25,2025-02-09 16:15:00+00:00,REGULAR_SEASON,,21,AJ Auxerre,Toulouse FC,2,2,FINISHED
498138,2024/25,2025-02-09 19:45:00+00:00,REGULAR_SEASON,,21,Angers SCO,Olympique de Marseille,0,2,FINISHED
498144,2024/25,2025-02-14 19:45:00+00:00,REGULAR_SEASON,,22,Stade Brestois 29,AJ Auxerre,2,2,FINISHED
498141,2024/25,2025-02-15 16:00:00+00:00,REGULAR_SEASON,,22,Olympique de Marseille,AS Saint-Étienne,5,1,FINISHED
498148,2024/25,2025-02-15 18:00:00+00:00,REGULAR_SEASON,,22,AS Monaco FC,FC Nantes,7,1,FINISHED
498140,2024/25,2025-02-15 20:05:00+00:00,REGULAR_SEASON,,22,Toulouse FC,Paris Saint-Germain FC,0,1,FINISHED
498142,2024/25,2025-02-16 14:00:00+00:00,REGULAR_SEASON,,22,Montpellier HSC,Olympique Lyonnais,1,4,FINISHED
498146,2024/25,2025-02-16 16:15:00+00:00,REGULAR_SEASON,,22,Stade de Reims,Angers SCO,0,1,FINISHED
498147,2024/25,2025-02-16 16:15:00+00:00,REGULAR_SEASON,,22,Le Havre AC,OGC Nice,1,3,FINISHED
498143,2024/25,2025-02-16 16:15:00+00:00,REGULAR_SEASON,,22,Racing Club de Lens,RC Strasbourg Alsace,0,2,FINISHED
498145,2024/25,2025-02-16 19:45:00+00:00,REGULAR_SEASON,,22,Stade Rennais FC 1901,Lille OSC,0,2,FINISHED
498149,2024/25,2025-02-21 19:45:00+00:00,REGULAR_SEASON,,23,Stade Rennais FC 1901,Stade de Reims,1,0,FINISHED
498151,2024/25,2025-02-22 16:00:00+00:00,REGULAR_SEASON,,23,Lille OSC,AS Monaco FC,2,1,FINISHED
498154,2024/25,2025-02-22 18:00:00+00:00,REGULAR_SEASON,,23,AS Saint-Étienne,Angers SCO,3,3,FINISHED
498155,2024/25,2025-02-22 20:05:00+00:00,REGULAR_SEASON,,23,AJ Auxerre,Olympique de Marseille,3,0,FINISHED
498153,2024/25,2025-02-23 14:00:00+00:00,REGULAR_SEASON,,23,FC Nantes,Racing Club de Lens,3,1,FINISHED
498150,2024/25,2025-02-23 16:15:00+00:00,REGULAR_SEASON,,23,Le Havre AC,Toulouse FC,1,4,FINISHED
498152,2024/25,2025-02-23 16:15:00+00:00,REGULAR_SEASON,,23,RC Strasbourg Alsace,Stade Brestois 29,0,0,FINISHED
498156,2024/25,2025-02-23 16:15:00+00:00,REGULAR_SEASON,,23,OGC Nice,Montpellier HSC,2,0,FINISHED
498157,2024/25,2025-02-23 19:45:00+00:00,REGULAR_SEASON,,23,Olympique Lyonnais,Paris Saint-Germain FC,2,3,FINISHED
498165,2024/25,2025-02-28 19:45:00+00:00,REGULAR_SEASON,,24,AS Monaco FC,Stade de Reims,3,0,FINISHED
498162,2024/25,2025-03-01 16:00:00+00:00,REGULAR_SEASON,,24,AS Saint-Étienne,OGC Nice,1,3,FINISHED
498163,2024/25,2025-03-01 18:00:00+00:00,REGULAR_SEASON,,24,Racing Club de Lens,Le Havre AC,3,4,FINISHED
498158,2024/25,2025-03-01 20:05:00+00:00,REGULAR_SEASON,,24,Paris Saint-Germain FC,Lille OSC,4,1,FINISHED
498160,2024/25,2025-03-02 14:00:00+00:00,REGULAR_SEASON,,24,Olympique Lyonnais,Stade Brestois 29,2,1,FINISHED
498161,2024/25,2025-03-02 16:15:00+00:00,REGULAR_SEASON,,24,Montpellier HSC,Stade Rennais FC 1901,0,4,FINISHED
498164,2024/25,2025-03-02 16:15:00+00:00,REGULAR_SEASON,,24,AJ Auxerre,RC Strasbourg Alsace,0,1,FINISHED
498166,2024/25,2025-03-02 16:15:00+00:00,REGULAR_SEASON,,24,Angers SCO,Toulouse FC,0,4,FINISHED
498159,2024/25,2025-03-02 19:45:00+00:00,REGULAR_SEASON,,24,Olympique de Marseille,FC Nantes,2,0,FINISHED
498170,2024/25,2025-03-07 19:45:00+00:00,REGULAR_SEASON,,25,Toulouse FC,AS Monaco FC,1,1,FINISHED
498174,2024/25,2025-03-08 16:00:00+00:00,REGULAR_SEASON,,25,Stade Rennais FC 1901,Paris Saint-Germain FC,1,4,FINISHED
498173,2024/25,2025-03-08 18:00:00+00:00,REGULAR_SEASON,,25,Lille OSC,Montpellier HSC,1,0,FINISHED
498175,2024/25,2025-03-08 20:05:00+00:00,REGULAR_SEASON,,25,Olympique de Marseille,Racing Club de Lens,0,1,FINISHED
498172,2024/25,2025-03-09 14:00:00+00:00,REGULAR_SEASON,,25,Stade Brestois 29,Angers SCO,2,0,FINISHED
498167,2024/25,2025-03-09 16:15:00+00:00,REGULAR_SEASON,,25,Le Havre AC,AS Saint-Étienne,1,1,FINISHED
498169,2024/25,2025-03-09 16:15:00+00:00,REGULAR_SEASON,,25,FC Nantes,RC Strasbourg Alsace,0,1,FINISHED
498168,2024/25,2025-03-09 16:15:00+00:00,REGULAR_SEASON,,25,Stade de Reims,AJ Auxerre,0,2,FINISHED
498171,2024/25,2025-03-09 19:45:00+00:00,REGULAR_SEASON,,25,OGC Nice,Olympique Lyonnais,0,2,FINISHED
498177,2024/25,2025-03-14 19:45:00+00:00,REGULAR_SEASON,,26,OGC Nice,AJ Auxerre,1,1,FINISHED
498183,2024/25,2025-03-15 16:00:00+00:00,REGULAR_SEASON,,26,FC Nantes,Lille OSC,1,0,FINISHED
498184,2024/25,2025-03-15 18:00:00+00:00,REGULAR_SEASON,,26,Angers SCO,AS Monaco FC,0,2,FINISHED
498181,2024/25,2025-03-15 20:05:00+00:00,REGULAR_SEASON,,26,Racing Club de Lens,Stade Rennais FC 1901,1,0,FINISHED
498180,2024/25,2025-03-16 14:00:00+00:00,REGULAR_SEASON,,26,Olympique Lyonnais,Le Havre AC,4,2,FINISHED
498178,2024/25,2025-03-16 16:15:00+00:00,REGULAR_SEASON,,26,Montpellier HSC,AS Saint-Étienne,0,2,AWARDED
498179,2024/25,2025-03-16 16:15:00+00:00,REGULAR_SEASON,,26,Stade Brestois 29,Stade de Reims,0,0,FINISHED
498182,2024/25,2025-03-16 16:15:00+00:00,REGULAR_SEASON,,26,RC Strasbourg Alsace,Toulouse FC,2,1,FINISHED
498176,2024/25,2025-03-16 19:45:00+00:00,REGULAR_SEASON,,26,Paris Saint-Germain FC,Olympique de Marseille,3,1,FINISHED
498188,2024/25,2025-03-28 19:45:00+00:00,REGULAR_SEASON,,27,RC Strasbourg Alsace,Olympique Lyonnais,4,2,FINISHED
498191,2024/25,2025-03-29 16:00:00+00:00,REGULAR_SEASON,,27,Stade de Reims,Olympique de Marseille,3,1,FINISHED
498190,2024/25,2025-03-29 18:00:00+00:00,REGULAR_SEASON,,27,AS Saint-Étienne,Paris Saint-Germain FC,1,6,FINISHED
498193,2024/25,2025-03-29 20:05:00+00:00,REGULAR_SEASON,,27,AS Monaco FC,OGC Nice,2,1,FINISHED
498189,2024/25,2025-03-30 13:00:00+00:00,REGULAR_SEASON,,27,Toulouse FC,Stade Brestois 29,2,4,FINISHED
498185,2024/25,2025-03-30 15:15:00+00:00,REGULAR_SEASON,,27,Angers SCO,Stade Rennais FC 1901,0,3,FINISHED
498186,2024/25,2025-03-30 15:15:00+00:00,REGULAR_SEASON,,27,AJ Auxerre,Montpellier HSC,1,0,FINISHED
498187,2024/25,2025-03-30 15:15:00+00:00,REGULAR_SEASON,,27,Le Havre AC,FC Nantes,3,2,FINISHED
498192,2024/25,2025-03-30 18:45:00+00:00,REGULAR_SEASON,,27,Lille OSC,Racing Club de Lens,1,0,FINISHED
498195,2024/25,2025-04-04 18:45:00+00:00,REGULAR_SEASON,,28,OGC Nice,FC Nantes,1,2,FINISHED
498200,2024/25,2025-04-05 15:00:00+00:00,REGULAR_SEASON,,28,Paris Saint-Germain FC,Angers SCO,1,0,FINISHED
498196,2024/25,2025-04-05 17:00:00+00:00,REGULAR_SEASON,,28,Stade Brestois 29,AS Monaco FC,2,1,FINISHED
498198,2024/25,2025-04-05 19:05:00+00:00,REGULAR_SEASON,,28,Olympique Lyonnais,Lille OSC,2,1,FINISHED
498199,2024/25,2025-04-06 13:00:00+00:00,REGULAR_SEASON,,28,Racing Club de Lens,AS Saint-Étienne,1,0,FINISHED
498197,2024/25,2025-04-06 15:15:00+00:00,REGULAR_SEASON,,28,Montpellier HSC,Le Havre AC,0,2,FINISHED
498201,2024/25,2025-04-06 15:15:00+00:00,REGULAR_SEASON,,28,Stade de Reims,RC Strasbourg Alsace,0,1,FINISHED
498202,2024/25,2025-04-06 15:15:00+00:00,REGULAR_SEASON,,28,Stade Rennais FC 1901,AJ Auxerre,0,1,FINISHED
498194,2024/25,2025-04-06 18:45:00+00:00,REGULAR_SEASON,,28,Olympique de Marseille,Toulouse FC,3,2,FINISHED
498210,2024/25,2025-04-11 18:45:00+00:00,REGULAR_SEASON,,29,Racing Club de Lens,Stade de Reims,0,2,FINISHED
498211,2024/25,2025-04-12 15:00:00+00:00,REGULAR_SEASON,,29,AS Monaco FC,Olympique de Marseille,3,0,FINISHED
498203,2024/25,2025-04-12 17:00:00+00:00,REGULAR_SEASON,,29,Toulouse FC,Lille OSC,1,2,FINISHED
498207,2024/25,2025-04-12 19:05:00+00:00,REGULAR_SEASON,,29,RC Strasbourg Alsace,OGC Nice,2,2,FINISHED
498208,2024/25,2025-04-13 13:00:00+00:00,REGULAR_SEASON,,29,AS Saint-Étienne,Stade Brestois 29,3,3,FINISHED
498204,2024/25,2025-04-13 15:15:00+00:00,REGULAR_SEASON,,29,Le Havre AC,Stade Rennais FC 1901,1,5,FINISHED
498209,2024/25,2025-04-13 15:15:00+00:00,REGULAR_SEASON,,29,Angers SCO,Montpellier HSC,2,0,FINISHED
498205,2024/25,2025-04-13 18:45:00+00:00,REGULAR_SEASON,,29,AJ Auxerre,Olympique Lyonnais,1,3,FINISHED
498220,2024/25,2025-04-18 18:45:00+00:00,REGULAR_SEASON,,30,Stade Rennais FC 1901,FC Nantes,2,1,FINISHED
498216,2024/25,2025-04-19 15:00:00+00:00,REGULAR_SEASON,,30,Paris Saint-Germain FC,Le Havre AC,2,1,FINISHED
498219,2024/25,2025-04-19 17:00:00+00:00,REGULAR_SEASON,,30,AS Monaco FC,RC Strasbourg Alsace,0,0,FINISHED
498217,2024/25,2025-04-19 19:05:00+00:00,REGULAR_SEASON,,30,Olympique de Marseille,Montpellier HSC,5,1,FINISHED
498215,2024/25,2025-04-20 13:00:00+00:00,REGULAR_SEASON,,30,Lille OSC,AJ Auxerre,3,1,FINISHED
498213,2024/25,2025-04-20 15:15:00+00:00,REGULAR_SEASON,,30,OGC Nice,Angers SCO,2,1,FINISHED
498214,2024/25,2025-04-20 15:15:00+00:00,REGULAR_SEASON,,30,Stade Brestois 29,Racing Club de Lens,1,3,FINISHED
498218,2024/25,2025-04-20 15:15:00+00:00,REGULAR_SEASON,,30,Stade de Reims,Toulouse FC,1,0,FINISHED
498212,2024/25,2025-04-20 18:45:00+00:00,REGULAR_SEASON,,30,AS Saint-Étienne,Olympique Lyonnais,2,1,FINISHED
498206,2024/25,2025-04-22 18:45:00+00:00,REGULAR_SEASON,,29,FC Nantes,Paris Saint-Germain FC,1,1,FINISHED
498227,2024/25,2025-04-25 18:45:00+00:00,REGULAR_SEASON,,31,Paris Saint-Germain FC,OGC Nice,1,3,FINISHED
498222,2024/25,2025-04-26 15:00:00+00:00,REGULAR_SEASON,,31,RC Strasbourg Alsace,AS Saint-Étienne,3,1,FINISHED
498221,2024/25,2025-04-26 17:00:00+00:00,REGULAR_SEASON,,31,Le Havre AC,AS Monaco FC,1,1,FINISHED
498229,2024/25,2025-04-26 19:05:00+00:00,REGULAR_SEASON,,31,Olympique Lyonnais,Stade Rennais FC 1901,4,1,FINISHED
498226,2024/25,2025-04-27 13:00:00+00:00,REGULAR_SEASON,,31,Angers SCO,Lille OSC,0,2,FINISHED
498223,2024/25,2025-04-27 15:15:00+00:00,REGULAR_SEASON,,31,FC Nantes,Toulouse FC,0,0,FINISHED
498224,2024/25,2025-04-27 15:15:00+00:00,REGULAR_SEASON,,31,Montpellier HSC,Stade de Reims,0,0,FINISHED
498225,2024/25,2025-04-27 15:15:00+00:00,REGULAR_SEASON,,31,Racing Club de Lens,AJ Auxerre,0,4,FINISHED
498228,2024/25,2025-04-27 18:45:00+00:00,REGULAR_SEASON,,31,Olympique de Marseille,Stade Brestois 29,4,1,FINISHED
498232,2024/25,2025-05-02 18:45:00+00:00,REGULAR_SEASON,,32,OGC Nice,Stade de Reims,1,0,FINISHED
498237,2024/25,2025-05-03 15:00:00+00:00,REGULAR_SEASON,,32,RC Strasbourg Alsace,Paris Saint-Germain FC,2,1,FINISHED
498236,2024/25,2025-05-03 17:00:00+00:00,REGULAR_SEASON,,32,Toulouse FC,Stade Rennais FC 1901,2,1,FINISHED
498234,2024/25,2025-05-03 19:05:00+00:00,REGULAR_SEASON,,32,AS Saint-Étienne,AS Monaco FC,1,3,FINISHED
498235,2024/25,2025-05-04 13:00:00+00:00,REGULAR_SEASON,,32,FC Nantes,Angers SCO,0,1,FINISHED
498233,2024/25,2025-05-04 15:15:00+00:00,REGULAR_SEASON,,32,Stade Brestois 29,Montpellier HSC,1,0,FINISHED
498238,2024/25,2025-05-04 15:15:00+00:00,REGULAR_SEASON,,32,AJ Auxerre,Le Havre AC,1,2,FINISHED
498230,2024/25,2025-05-04 15:15:00+00:00,REGULAR_SEASON,,32,Olympique Lyonnais,Racing Club de Lens,1,2,FINISHED
498231,2024/25,2025-05-04 18:45:00+00:00,REGULAR_SEASON,,32,Lille OSC,Olympique de Marseille,1,1,FINISHED
498246,2024/25,2025-05-10 19:00:00+00:00,REGULAR_SEASON,,33,Stade Brestois 29,Lille OSC,2,0,FINISHED
498243,2024/25,2025-05-10 19:00:00+00:00,REGULAR_SEASON,,33,Stade Rennais FC 1901,OGC Nice,2,0,FINISHED
498247,2024/25,2025-05-10 19:00:00+00:00,REGULAR_SEASON,,33,AS Monaco FC,Olympique Lyonnais,2,0,FINISHED
498245,2024/25,2025-05-10 19:00:00+00:00,REGULAR_SEASON,,33,Toulouse FC,Racing Club de Lens,1,1,FINISHED
498241,2024/25,2025-05-10 19:00:00+00:00,REGULAR_SEASON,,33,Angers SCO,RC Strasbourg Alsace,2,1,FINISHED
498240,2024/25,2025-05-10 19:00:00+00:00,REGULAR_SEASON,,33,AJ Auxerre,FC Nantes,1,1,FINISHED
498242,2024/25,2025-05-10 19:00:00+00:00,REGULAR_SEASON,,33,Le Havre AC,Olympique de Marseille,1,3,FINISHED
498239,2024/25,2025-05-10 19:00:00+00:00,REGULAR_SEASON,,33,Stade de Reims,AS Saint-Étienne,0,2,FINISHED
498244,2024/25,2025-05-10 19:00:00+00:00,REGULAR_SEASON,,33,Montpellier HSC,Paris Saint-Germain FC,1,4,FINISHED
498255,2024/25,2025-05-17 19:00:00+00:00,REGULAR_SEASON,,34,Racing Club de Lens,AS Monaco FC,4,0,FINISHED
498254,2024/25,2025-05-17 19:00:00+00:00,REGULAR_SEASON,,34,FC Nantes,Montpellier HSC,3,0,FINISHED
498256,2024/25,2025-05-17 19:00:00+00:00,REGULAR_SEASON,,34,Paris Saint-Germain FC,AJ Auxerre,3,1,FINISHED
498248,2024/25,2025-05-17 19:00:00+00:00,REGULAR_SEASON,,34,Olympique de Marseille,Stade Rennais FC 1901,4,2,FINISHED
498252,2024/25,2025-05-17 19:00:00+00:00,REGULAR_SEASON,,34,Lille OSC,Stade de Reims,2,1,FINISHED
498251,2024/25,2025-05-17 19:00:00+00:00,REGULAR_SEASON,,34,AS Saint-Étienne,Toulouse FC,2,3,FINISHED
498250,2024/25,2025-05-17 19:00:00+00:00,REGULAR_SEASON,,34,OGC Nice,Stade Brestois 29,6,0,FINISHED
498249,2024/25,2025-05-17 19:00:00+00:00,REGULAR_SEASON,,34,Olympique Lyonnais,Angers SCO,2,0,FINISHED
498253,2024/25,2025-05-17 19:00:00+00:00,REGULAR_SEASON,,34,RC Strasbourg Alsace,Le Havre AC,2,3,FINISHED
542414,2025/26,2025-08-15 18:45:00+00:00,REGULAR_SEASON,,1,Stade Rennais FC 1901,Olympique de Marseille,1,0,FINISHED
542411,2025/26,2025-08-16 15:00:00+00:00,REGULAR_SEASON,,1,Racing Club de Lens,Olympique Lyonnais,0,1,FINISHED
542407,2025/26,2025-08-16 17:00:00+00:00,REGULAR_SEASON,,1,AS Monaco FC,Le Havre AC,3,1,FINISHED
542410,2025/26,2025-08-16 19:05:00+00:00,REGULAR_SEASON,,1,OGC Nice,Toulouse FC,0,1,FINISHED
542413,2025/26,2025-08-17 13:00:00+00:00,REGULAR_SEASON,,1,Stade Brestois 29,Lille OSC,3,3,FINISHED
542406,2025/26,2025-08-17 15:15:00+00:00,REGULAR_SEASON,,1,AJ Auxerre,FC Lorient,1,0,FINISHED
542408,2025/26,2025-08-17 15:15:00+00:00,REGULAR_SEASON,,1,FC Metz,RC Strasbourg Alsace,0,1,FINISHED
542412,2025/26,2025-08-17 15:15:00+00:00,REGULAR_SEASON,,1,Angers SCO,Paris FC,1,0,FINISHED
542409,2025/26,2025-08-17 18:45:00+00:00,REGULAR_SEASON,,1,FC Nantes,Paris Saint-Germain FC,0,1,FINISHED
542422,2025/26,2025-08-22 18:45:00+00:00,REGULAR_SEASON,,2,Paris Saint-Germain FC,Angers SCO,1,0,FINISHED
542420,2025/26,2025-08-23 15:00:00+00:00,REGULAR_SEASON,,2,Olympique de Marseille,Paris FC,5,2,FINISHED
542418,2025/26,2025-08-23 17:00:00+00:00,REGULAR_SEASON,,2,OGC Nice,AJ Auxerre,3,1,FINISHED
542419,2025/26,2025-08-23 19:05:00+00:00,REGULAR_SEASON,,2,Olympique Lyonnais,FC Metz,3,0,FINISHED
542416,2025/26,2025-08-24 13:00:00+00:00,REGULAR_SEASON,,2,FC Lorient,Stade Rennais FC 1901,4,0,FINISHED
542415,2025/26,2025-08-24 15:15:00+00:00,REGULAR_SEASON,,2,Le Havre AC,Racing Club de Lens,1,2,FINISHED
542417,2025/26,2025-08-24 15:15:00+00:00,REGULAR_SEASON,,2,Toulouse FC,Stade Brestois 29,2,0,FINISHED
542423,2025/26,2025-08-24 15:15:00+00:00,REGULAR_SEASON,,2,RC Strasbourg Alsace,FC Nantes,1,0,FINISHED
542421,2025/26,2025-08-24 18:45:00+00:00,REGULAR_SEASON,,2,Lille OSC,AS Monaco FC,1,0,FINISHED
542431,2025/26,2025-08-29 18:45:00+00:00,REGULAR_SEASON,,3,Racing Club de Lens,Stade Brestois 29,3,1,FINISHED
542426,2025/26,2025-08-30 15:00:00+00:00,REGULAR_SEASON,,3,FC Lorient,Lille OSC,1,7,FINISHED
542427,2025/26,2025-08-30 17:00:00+00:00,REGULAR_SEASON,,3,FC Nantes,AJ Auxerre,1,0,FINISHED
542429,2025/26,2025-08-30 19:05:00+00:00,REGULAR_SEASON,,3,Toulouse FC,Paris Saint-Germain FC,3,6,FINISHED
542432,2025/26,2025-08-31 13:00:00+00:00,REGULAR_SEASON,,3,Angers SCO,Stade Rennais FC 1901,1,1,FINISHED
542424,2025/26,2025-08-31 15:15:00+00:00,REGULAR_SEASON,,3,Le Havre AC,OGC Nice,3,1,FINISHED
542425,2025/26,2025-08-31 15:15:00+00:00,REGULAR_SEASON,,3,AS Monaco FC,RC Strasbourg Alsace,3,2,FINISHED
542428,2025/26,2025-08-31 15:15:00+00:00,REGULAR_SEASON,,3,Paris FC,FC Metz,3,2,FINISHED
542430,2025/26,2025-08-31 18:45:00+00:00,REGULAR_SEASON,,3,Olympique Lyonnais,Olympique de Marseille,1,0,FINISHED
542436,2025/26,2025-09-12 18:45:00+00:00,REGULAR_SEASON,,4,Olympique de Marseille,FC Lorient,4,0,FINISHED
542435,2025/26,2025-09-13 15:00:00+00:00,REGULAR_SEASON,,4,OGC Nice,FC Nantes,1,0,FINISHED
542433,2025/26,2025-09-13 19:05:00+00:00,REGULAR_SEASON,,4,AJ Auxerre,AS Monaco FC,1,2,FINISHED
542437,2025/26,2025-09-14 13:00:00+00:00,REGULAR_SEASON,,4,Lille OSC,Toulouse FC,2,1,FINISHED
542434,2025/26,2025-09-14 15:15:00+00:00,REGULAR_SEASON,,4,FC Metz,Angers SCO,1,1,FINISHED
542438,2025/26,2025-09-14 15:15:00+00:00,REGULAR_SEASON,,4,Paris Saint-Germain FC,Racing Club de Lens,2,0,FINISHED
542439,2025/26,2025-09-14 15:15:00+00:00,REGULAR_SEASON,,4,RC Strasbourg Alsace,Le Havre AC,1,0,FINISHED
542440,2025/26,2025-09-14 15:15:00+00:00,REGULAR_SEASON,,4,Stade Brestois 29,Paris FC,1,2,FINISHED
542441,2025/26,2025-09-14 18:45:00+00:00,REGULAR_SEASON,,4,Stade Rennais FC 1901,Olympique Lyonnais,3,1,FINISHED
542448,2025/26,2025-09-19 18:45:00+00:00,REGULAR_SEASON,,5,Olympique Lyonnais,Angers SCO,1,0,FINISHED
542445,2025/26,2025-09-20 15:00:00+00:00,REGULAR_SEASON,,5,FC Nantes,Stade Rennais FC 1901,2,2,FINISHED
542450,2025/26,2025-09-20 17:00:00+00:00,REGULAR_SEASON,,5,Stade Brestois 29,OGC Nice,4,1,FINISHED
542449,2025/26,2025-09-20 19:05:00+00:00,REGULAR_SEASON,,5,Racing Club de Lens,Lille OSC,3,0,FINISHED
542446,2025/26,2025-09-21 13:00:00+00:00,REGULAR_SEASON,,5,Paris FC,RC Strasbourg Alsace,2,3,FINISHED
542442,2025/26,2025-09-21 15:15:00+00:00,REGULAR_SEASON,,5,Le Havre AC,FC Lorient,1,1,FINISHED
542443,2025/26,2025-09-21 15:15:00+00:00,REGULAR_SEASON,,5,AJ Auxerre,Toulouse FC,1,0,FINISHED
542444,2025/26,2025-09-21 15:15:00+00:00,REGULAR_SEASON,,5,AS Monaco FC,FC Metz,5,2,FINISHED
542447,2025/26,2025-09-22 18:00:00+00:00,REGULAR_SEASON,,5,Olympique de Marseille,Paris Saint-Germain FC,1,0,FINISHED
542457,2025/26,2025-09-26 18:45:00+00:00,REGULAR_SEASON,,6,RC Strasbourg Alsace,Olympique de Marseille,1,2,FINISHED
542451,2025/26,2025-09-27 15:00:00+00:00,REGULAR_SEASON,,6,FC Lorient,AS Monaco FC,3,1,FINISHED
542453,2025/26,2025-09-27 17:00:00+00:00,REGULAR_SEASON,,6,Toulouse FC,FC Nantes,2,2,FINISHED
542456,2025/26,2025-09-27 19:05:00+00:00,REGULAR_SEASON,,6,Paris Saint-Germain FC,AJ Auxerre,2,0,FINISHED
542454,2025/26,2025-09-28 13:00:00+00:00,REGULAR_SEASON,,6,OGC Nice,Paris FC,1,1,FINISHED
542452,2025/26,2025-09-28 15:15:00+00:00,REGULAR_SEASON,,6,FC Metz,Le Havre AC,0,0,FINISHED
542455,2025/26,2025-09-28 15:15:00+00:00,REGULAR_SEASON,,6,Lille OSC,Olympique Lyonnais,0,1,FINISHED
542458,2025/26,2025-09-28 15:15:00+00:00,REGULAR_SEASON,,6,Angers SCO,Stade Brestois 29,0,2,FINISHED
542459,2025/26,2025-09-28 18:45:00+00:00,REGULAR_SEASON,,6,Stade Rennais FC 1901,Racing Club de Lens,0,0,FINISHED
542464,2025/26,2025-10-03 18:45:00+00:00,REGULAR_SEASON,,7,Paris FC,FC Lorient,2,0,FINISHED
542463,2025/26,2025-10-04 15:00:00+00:00,REGULAR_SEASON,,7,FC Metz,Olympique de Marseille,0,3,FINISHED
542468,2025/26,2025-10-04 17:00:00+00:00,REGULAR_SEASON,,7,Stade Brestois 29,FC Nantes,0,0,FINISHED
542461,2025/26,2025-10-04 19:05:00+00:00,REGULAR_SEASON,,7,AJ Auxerre,Racing Club de Lens,1,2,FINISHED
542465,2025/26,2025-10-05 13:00:00+00:00,REGULAR_SEASON,,7,Olympique Lyonnais,Toulouse FC,1,2,FINISHED
542460,2025/26,2025-10-05 15:15:00+00:00,REGULAR_SEASON,,7,Le Havre AC,Stade Rennais FC 1901,2,2,FINISHED
542462,2025/26,2025-10-05 15:15:00+00:00,REGULAR_SEASON,,7,AS Monaco FC,OGC Nice,2,2,FINISHED
542467,2025/26,2025-10-05 15:15:00+00:00,REGULAR_SEASON,,7,RC Strasbourg Alsace,Angers SCO,5,0,FINISHED
542466,2025/26,2025-10-05 18:45:00+00:00,REGULAR_SEASON,,7,Lille OSC,Paris Saint-Germain FC,1,1,FINISHED
542474,2025/26,2025-10-17 18:45:00+00:00,REGULAR_SEASON,,8,Paris Saint-Germain FC,RC Strasbourg Alsace,3,3,FINISHED
542472,2025/26,2025-10-18 15:00:00+00:00,REGULAR_SEASON,,8,OGC Nice,Olympique Lyonnais,3,2,FINISHED
542476,2025/26,2025-10-18 17:00:00+00:00,REGULAR_SEASON,,8,Angers SCO,AS Monaco FC,1,1,FINISHED
542473,2025/26,2025-10-18 19:05:00+00:00,REGULAR_SEASON,,8,Olympique de Marseille,Le Havre AC,6,2,FINISHED
542475,2025/26,2025-10-19 13:00:00+00:00,REGULAR_SEASON,,8,Racing Club de Lens,Paris FC,2,1,FINISHED
542469,2025/26,2025-10-19 15:15:00+00:00,REGULAR_SEASON,,8,FC Lorient,Stade Brestois 29,3,3,FINISHED
542471,2025/26,2025-10-19 15:15:00+00:00,REGULAR_SEASON,,8,Toulouse FC,FC Metz,4,0,FINISHED
542477,2025/26,2025-10-19 15:15:00+00:00,REGULAR_SEASON,,8,Stade Rennais FC 1901,AJ Auxerre,2,2,FINISHED
542470,2025/26,2025-10-19 18:45:00+00:00,REGULAR_SEASON,,8,FC Nantes,Lille OSC,0,2,FINISHED
542480,2025/26,2025-10-24 18:45:00+00:00,REGULAR_SEASON,,9,Paris FC,FC Nantes,1,2,FINISHED
542485,2025/26,2025-10-25 15:00:00+00:00,REGULAR_SEASON,,9,Stade Brestois 29,Paris Saint-Germain FC,0,3,FINISHED
542479,2025/26,2025-10-25 17:00:00+00:00,REGULAR_SEASON,,9,AS Monaco FC,Toulouse FC,1,0,FINISHED
542483,2025/26,2025-10-25 19:05:00+00:00,REGULAR_SEASON,,9,Racing Club de Lens,Olympique de Marseille,2,1,FINISHED
542482,2025/26,2025-10-26 14:00:00+00:00,REGULAR_SEASON,,9,Lille OSC,FC Metz,6,1,FINISHED
542484,2025/26,2025-10-26 16:15:00+00:00,REGULAR_SEASON,,9,Angers SCO,FC Lorient,2,0,FINISHED
542478,2025/26,2025-10-26 16:15:00+00:00,REGULAR_SEASON,,9,AJ Auxerre,Le Havre AC,0,1,FINISHED
542486,2025/26,2025-10-26 16:15:00+00:00,REGULAR_SEASON,,9,Stade Rennais FC 1901,OGC Nice,1,2,FINISHED
542481,2025/26,2025-10-26 19:45:00+00:00,REGULAR_SEASON,,9,Olympique Lyonnais,RC Strasbourg Alsace,2,1,FINISHED
542487,2025/26,2025-10-29 18:00:00+00:00,REGULAR_SEASON,,10,Le Havre AC,Stade Brestois 29,1,0,FINISHED
542488,2025/26,2025-10-29 18:00:00+00:00,REGULAR_SEASON,,10,FC Lorient,Paris Saint-Germain FC,1,1,FINISHED
542489,2025/26,2025-10-29 18:00:00+00:00,REGULAR_SEASON,,10,FC Metz,Racing Club de Lens,2,0,FINISHED
542493,2025/26,2025-10-29 18:00:00+00:00,REGULAR_SEASON,,10,OGC Nice,Lille OSC,2,0,FINISHED
542492,2025/26,2025-10-29 20:05:00+00:00,REGULAR_SEASON,,10,Toulouse FC,Stade Rennais FC 1901,2,2,FINISHED
542495,2025/26,2025-10-29 20:05:00+00:00,REGULAR_SEASON,,10,RC Strasbourg Alsace,AJ Auxerre,3,0,FINISHED
542494,2025/26,2025-10-29 20:05:00+00:00,REGULAR_SEASON,,10,Olympique de Marseille,Angers SCO,2,2,FINISHED
542490,2025/26,2025-10-29 20:05:00+00:00,REGULAR_SEASON,,10,FC Nantes,AS Monaco FC,3,5,FINISHED
542491,2025/26,2025-10-29 20:05:00+00:00,REGULAR_SEASON,,10,Paris FC,Olympique Lyonnais,3,3,FINISHED
542501,2025/26,2025-11-01 16:00:00+00:00,REGULAR_SEASON,,11,Paris Saint-Germain FC,OGC Nice,1,0,FINISHED
542497,2025/26,2025-11-01 18:00:00+00:00,REGULAR_SEASON,,11,AS Monaco FC,Paris FC,0,1,FINISHED
542496,2025/26,2025-11-01 20:05:00+00:00,REGULAR_SEASON,,11,AJ Auxerre,Olympique de Marseille,0,1,FINISHED
542504,2025/26,2025-11-02 14:00:00+00:00,REGULAR_SEASON,,11,Stade Rennais FC 1901,RC Strasbourg Alsace,4,1,FINISHED
542500,2025/26,2025-11-02 16:15:00+00:00,REGULAR_SEASON,,11,Lille OSC,Angers SCO,1,0,FINISHED
542498,2025/26,2025-11-02 16:15:00+00:00,REGULAR_SEASON,,11,FC Nantes,FC Metz,0,2,FINISHED
542502,2025/26,2025-11-02 16:15:00+00:00,REGULAR_SEASON,,11,Racing Club de Lens,FC Lorient,3,0,FINISHED
542499,2025/26,2025-11-02 16:15:00+00:00,REGULAR_SEASON,,11,Toulouse FC,Le Havre AC,0,0,FINISHED
542503,2025/26,2025-11-02 19:45:00+00:00,REGULAR_SEASON,,11,Stade Brestois 29,Olympique Lyonnais,0,0,FINISHED
542509,2025/26,2025-11-07 19:45:00+00:00,REGULAR_SEASON,,12,Paris FC,Stade Rennais FC 1901,0,1,FINISHED
542511,2025/26,2025-11-08 16:00:00+00:00,REGULAR_SEASON,,12,Olympique de Marseille,Stade Brestois 29,3,0,FINISHED
542505,2025/26,2025-11-08 18:00:00+00:00,REGULAR_SEASON,,12,Le Havre AC,FC Nantes,1,1,FINISHED
542506,2025/26,2025-11-08 20:05:00+00:00,REGULAR_SEASON,,12,AS Monaco FC,Racing Club de Lens,1,4,FINISHED
542507,2025/26,2025-11-09 14:00:00+00:00,REGULAR_SEASON,,12,FC Lorient,Toulouse FC,1,1,FINISHED
542508,2025/26,2025-11-09 16:15:00+00:00,REGULAR_SEASON,,12,FC Metz,OGC Nice,2,1,FINISHED
542512,2025/26,2025-11-09 16:15:00+00:00,REGULAR_SEASON,,12,RC Strasbourg Alsace,Lille OSC,2,0,FINISHED
542513,2025/26,2025-11-09 16:15:00+00:00,REGULAR_SEASON,,12,Angers SCO,AJ Auxerre,2,0,FINISHED
542510,2025/26,2025-11-09 19:45:00+00:00,REGULAR_SEASON,,12,Olympique Lyonnais,Paris Saint-Germain FC,2,3,FINISHED
542517,2025/26,2025-11-21 19:45:00+00:00,REGULAR_SEASON,,13,OGC Nice,Olympique de Marseille,1,5,FINISHED
542520,2025/26,2025-11-22 16:00:00+00:00,REGULAR_SEASON,,13,Racing Club de Lens,RC Strasbourg Alsace,1,0,FINISHED
542522,2025/26,2025-11-22 18:00:00+00:00,REGULAR_SEASON,,13,Stade Rennais FC 1901,AS Monaco FC,4,1,FINISHED
542519,2025/26,2025-11-22 20:05:00+00:00,REGULAR_SEASON,,13,Paris Saint-Germain FC,Le Havre AC,3,0,FINISHED
542514,2025/26,2025-11-23 14:00:00+00:00,REGULAR_SEASON,,13,AJ Auxerre,Olympique Lyonnais,0,0,FINISHED
542521,2025/26,2025-11-23 16:15:00+00:00,REGULAR_SEASON,,13,Stade Brestois 29,FC Metz,3,2,FINISHED
542516,2025/26,2025-11-23 16:15:00+00:00,REGULAR_SEASON,,13,Toulouse FC,Angers SCO,0,1,FINISHED
542515,2025/26,2025-11-23 16:15:00+00:00,REGULAR_SEASON,,13,FC Nantes,FC Lorient,1,1,FINISHED
542518,2025/26,2025-11-23 19:45:00+00:00,REGULAR_SEASON,,13,Lille OSC,Paris FC,4,2,FINISHED
542526,2025/26,2025-11-28 19:45:00+00:00,REGULAR_SEASON,,14,FC Metz,Stade Rennais FC 1901,0,1,FINISHED
542524,2025/26,2025-11-29 16:00:00+00:00,REGULAR_SEASON,,14,AS Monaco FC,Paris Saint-Germain FC,1,0,FINISHED
542527,2025/26,2025-11-29 18:00:00+00:00,REGULAR_SEASON,,14,Paris FC,AJ Auxerre,1,1,FINISHED
542529,2025/26,2025-11-29 20:05:00+00:00,REGULAR_SEASON,,14,Olympique de Marseille,Toulouse FC,2,2,FINISHED
542530,2025/26,2025-11-30 14:00:00+00:00,REGULAR_SEASON,,14,RC Strasbourg Alsace,Stade Brestois 29,1,2,FINISHED
542525,2025/26,2025-11-30 16:15:00+00:00,REGULAR_SEASON,,14,FC Lorient,OGC Nice,3,1,FINISHED
542531,2025/26,2025-11-30 16:15:00+00:00,REGULAR_SEASON,,14,Angers SCO,Racing Club de Lens,1,2,FINISHED
542523,2025/26,2025-11-30 16:15:00+00:00,REGULAR_SEASON,,14,Le Havre AC,Lille OSC,0,1,FINISHED
542528,2025/26,2025-11-30 19:45:00+00:00,REGULAR_SEASON,,14,Olympique Lyonnais,FC Nantes,3,0,FINISHED
542540,2025/26,2025-12-05 18:00:00+00:00,REGULAR_SEASON,,15,Stade Brestois 29,AS Monaco FC,1,0,FINISHED
542538,2025/26,2025-12-05 20:00:00+00:00,REGULAR_SEASON,,15,Lille OSC,Olympique de Marseille,1,0,FINISHED
542535,2025/26,2025-12-06 16:00:00+00:00,REGULAR_SEASON,,15,FC Nantes,Racing Club de Lens,1,2,FINISHED
542536,2025/26,2025-12-06 18:00:00+00:00,REGULAR_SEASON,,15,Toulouse FC,RC Strasbourg Alsace,1,0,FINISHED
542539,2025/26,2025-12-06 20:05:00+00:00,REGULAR_SEASON,,15,Paris Saint-Germain FC,Stade Rennais FC 1901,5,0,FINISHED
542537,2025/26,2025-12-07 14:00:00+00:00,REGULAR_SEASON,,15,OGC Nice,Angers SCO,0,1,FINISHED
542533,2025/26,2025-12-07 16:15:00+00:00,REGULAR_SEASON,,15,AJ Auxerre,FC Metz,3,1,FINISHED
542532,2025/26,2025-12-07 16:15:00+00:00,REGULAR_SEASON,,15,Le Havre AC,Paris FC,0,0,FINISHED
542534,2025/26,2025-12-07 19:45:00+00:00,REGULAR_SEASON,,15,FC Lorient,Olympique Lyonnais,1,0,FINISHED
542548,2025/26,2025-12-12 19:45:00+00:00,REGULAR_SEASON,,16,Angers SCO,FC Nantes,4,1,FINISHED
542549,2025/26,2025-12-13 16:00:00+00:00,REGULAR_SEASON,,16,Stade Rennais FC 1901,Stade Brestois 29,3,1,FINISHED
542542,2025/26,2025-12-13 18:00:00+00:00,REGULAR_SEASON,,16,FC Metz,Paris Saint-Germain FC,2,3,FINISHED
542543,2025/26,2025-12-13 20:05:00+00:00,REGULAR_SEASON,,16,Paris FC,Toulouse FC,0,3,FINISHED
542544,2025/26,2025-12-14 14:00:00+00:00,REGULAR_SEASON,,16,Olympique Lyonnais,Le Havre AC,1,0,FINISHED
542547,2025/26,2025-12-14 16:15:00+00:00,REGULAR_SEASON,,16,Racing Club de Lens,OGC Nice,2,0,FINISHED
542546,2025/26,2025-12-14 16:15:00+00:00,REGULAR_SEASON,,16,RC Strasbourg Alsace,FC Lorient,0,0,FINISHED
542541,2025/26,2025-12-14 16:15:00+00:00,REGULAR_SEASON,,16,AJ Auxerre,Lille OSC,3,4,FINISHED
542545,2025/26,2025-12-14 19:45:00+00:00,REGULAR_SEASON,,16,Olympique de Marseille,AS Monaco FC,1,0,FINISHED
542553,2025/26,2026-01-02 19:45:00+00:00,REGULAR_SEASON,,17,Toulouse FC,Racing Club de Lens,0,3,FINISHED
542551,2025/26,2026-01-03 16:00:00+00:00,REGULAR_SEASON,,17,AS Monaco FC,Olympique Lyonnais,1,3,FINISHED
542554,2025/26,2026-01-03 18:00:00+00:00,REGULAR_SEASON,,17,OGC Nice,RC Strasbourg Alsace,1,1,FINISHED
542556,2025/26,2026-01-03 20:05:00+00:00,REGULAR_SEASON,,17,Lille OSC,Stade Rennais FC 1901,0,2,FINISHED
542555,2025/26,2026-01-04 14:00:00+00:00,REGULAR_SEASON,,17,Olympique de Marseille,FC Nantes,0,2,FINISHED
542558,2025/26,2026-01-04 16:15:00+00:00,REGULAR_SEASON,,17,Stade Brestois 29,AJ Auxerre,2,0,FINISHED
542550,2025/26,2026-01-04 16:15:00+00:00,REGULAR_SEASON,,17,Le Havre AC,Angers SCO,2,1,FINISHED
542552,2025/26,2026-01-04 16:15:00+00:00,REGULAR_SEASON,,17,FC Lorient,FC Metz,1,1,FINISHED
542557,2025/26,2026-01-04 19:45:00+00:00,REGULAR_SEASON,,17,Paris Saint-Germain FC,Paris FC,2,1,FINISHED
542559,2025/26,2026-01-16 18:00:00+00:00,REGULAR_SEASON,,18,AS Monaco FC,FC Lorient,1,3,FINISHED
542563,2025/26,2026-01-16 20:00:00+00:00,REGULAR_SEASON,,18,Paris Saint-Germain FC,Lille OSC,3,0,FINISHED
542565,2025/26,2026-01-17 16:00:00+00:00,REGULAR_SEASON,,18,Racing Club de Lens,AJ Auxerre,1,0,FINISHED
542561,2025/26,2026-01-17 18:00:00+00:00,REGULAR_SEASON,,18,Toulouse FC,OGC Nice,5,1,FINISHED
542566,2025/26,2026-01-17 20:05:00+00:00,REGULAR_SEASON,,18,Angers SCO,Olympique de Marseille,2,5,FINISHED
542564,2025/26,2026-01-18 14:00:00+00:00,REGULAR_SEASON,,18,RC Strasbourg Alsace,FC Metz,2,1,FINISHED
542560,2025/26,2026-01-18 16:15:00+00:00,REGULAR_SEASON,,18,FC Nantes,Paris FC,1,2,FINISHED
542567,2025/26,2026-01-18 16:15:00+00:00,REGULAR_SEASON,,18,Stade Rennais FC 1901,Le Havre AC,1,1,FINISHED
542562,2025/26,2026-01-18 19:45:00+00:00,REGULAR_SEASON,,18,Olympique Lyonnais,Stade Brestois 29,2,1,FINISHED
542569,2025/26,2026-01-23 19:00:00+00:00,REGULAR_SEASON,,19,AJ Auxerre,Paris Saint-Germain FC,0,1,FINISHED
542576,2025/26,2026-01-24 16:00:00+00:00,REGULAR_SEASON,,19,Stade Rennais FC 1901,FC Lorient,0,2,FINISHED
542568,2025/26,2026-01-24 18:00:00+00:00,REGULAR_SEASON,,19,Le Havre AC,AS Monaco FC,0,0,FINISHED
542573,2025/26,2026-01-24 20:05:00+00:00,REGULAR_SEASON,,19,Olympique de Marseille,Racing Club de Lens,3,1,FINISHED
542571,2025/26,2026-01-25 14:00:00+00:00,REGULAR_SEASON,,19,FC Nantes,OGC Nice,1,4,FINISHED
542572,2025/26,2026-01-25 16:15:00+00:00,REGULAR_SEASON,,19,Paris FC,Angers SCO,0,0,FINISHED
542575,2025/26,2026-01-25 16:15:00+00:00,REGULAR_SEASON,,19,Stade Brestois 29,Toulouse FC,0,2,FINISHED
542570,2025/26,2026-01-25 16:15:00+00:00,REGULAR_SEASON,,19,FC Metz,Olympique Lyonnais,2,5,FINISHED
542574,2025/26,2026-01-25 19:45:00+00:00,REGULAR_SEASON,,19,Lille OSC,RC Strasbourg Alsace,1,4,FINISHED
542584,2025/26,2026-01-30 19:45:00+00:00,REGULAR_SEASON,,20,Racing Club de Lens,Le Havre AC,1,0,FINISHED
542579,2025/26,2026-01-31 16:00:00+00:00,REGULAR_SEASON,,20,Paris FC,Olympique de Marseille,2,2,FINISHED
542578,2025/26,2026-01-31 18:00:00+00:00,REGULAR_SEASON,,20,FC Lorient,FC Nantes,2,1,FINISHED
542577,2025/26,2026-01-31 20:05:00+00:00,REGULAR_SEASON,,20,AS Monaco FC,Stade Rennais FC 1901,4,0,FINISHED
542582,2025/26,2026-02-01 14:00:00+00:00,REGULAR_SEASON,,20,Olympique Lyonnais,Lille OSC,1,0,FINISHED
542585,2025/26,2026-02-01 16:15:00+00:00,REGULAR_SEASON,,20,Angers SCO,FC Metz,1,0,FINISHED
542580,2025/26,2026-02-01 16:15:00+00:00,REGULAR_SEASON,,20,Toulouse FC,AJ Auxerre,0,0,FINISHED
542581,2025/26,2026-02-01 16:15:00+00:00,REGULAR_SEASON,,20,OGC Nice,Stade Brestois 29,2,2,FINISHED
542583,2025/26,2026-02-01 19:45:00+00:00,REGULAR_SEASON,,20,RC Strasbourg Alsace,Paris Saint-Germain FC,1,2,FINISHED
542588,2025/26,2026-02-06 19:45:00+00:00,REGULAR_SEASON,,21,FC Metz,Lille OSC,0,0,FINISHED
542592,2025/26,2026-02-07 16:00:00+00:00,REGULAR_SEASON,,21,Racing Club de Lens,Stade Rennais FC 1901,3,1,FINISHED
542594,2025/26,2026-02-07 18:00:00+00:00,REGULAR_SEASON,,21,Stade Brestois 29,FC Lorient,2,0,FINISHED
542589,2025/26,2026-02-07 20:05:00+00:00,REGULAR_SEASON,,21,FC Nantes,Olympique Lyonnais,0,1,FINISHED
542590,2025/26,2026-02-08 14:00:00+00:00,REGULAR_SEASON,,21,OGC Nice,AS Monaco FC,0,0,FINISHED
542586,2025/26,2026-02-08 16:15:00+00:00,REGULAR_SEASON,,21,Le Havre AC,RC Strasbourg Alsace,2,1,FINISHED
542587,2025/26,2026-02-08 16:15:00+00:00,REGULAR_SEASON,,21,AJ Auxerre,Paris FC,0,0,FINISHED
542593,2025/26,2026-02-08 16:15:00+00:00,REGULAR_SEASON,,21,Angers SCO,Toulouse FC,1,0,FINISHED
542591,2025/26,2026-02-08 19:45:00+00:00,REGULAR_SEASON,,21,Paris Saint-Germain FC,Olympique de Marseille,5,0,FINISHED
542603,2025/26,2026-02-13 18:00:00+00:00,REGULAR_SEASON,,22,Stade Rennais FC 1901,Paris Saint-Germain FC,3,1,FINISHED
542596,2025/26,2026-02-13 20:05:00+00:00,REGULAR_SEASON,,22,AS Monaco FC,FC Nantes,3,1,FINISHED
542601,2025/26,2026-02-14 16:00:00+00:00,REGULAR_SEASON,,22,Olympique de Marseille,RC Strasbourg Alsace,2,2,FINISHED
542602,2025/26,2026-02-14 18:00:00+00:00,REGULAR_SEASON,,22,Lille OSC,Stade Brestois 29,1,1,FINISHED
542599,2025/26,2026-02-14 20:05:00+00:00,REGULAR_SEASON,,22,Paris FC,Racing Club de Lens,0,5,FINISHED
542595,2025/26,2026-02-15 14:00:00+00:00,REGULAR_SEASON,,22,Le Havre AC,Toulouse FC,2,1,FINISHED
542598,2025/26,2026-02-15 16:15:00+00:00,REGULAR_SEASON,,22,FC Metz,AJ Auxerre,1,3,FINISHED
542597,2025/26,2026-02-15 16:15:00+00:00,REGULAR_SEASON,,22,FC Lorient,Angers SCO,2,0,FINISHED
542600,2025/26,2026-02-15 19:45:00+00:00,REGULAR_SEASON,,22,Olympique Lyonnais,OGC Nice,2,0,FINISHED
542612,2025/26,2026-02-20 19:45:00+00:00,REGULAR_SEASON,,23,Stade Brestois 29,Olympique de Marseille,2,0,FINISHED
542610,2025/26,2026-02-21 16:00:00+00:00,REGULAR_SEASON,,23,Racing Club de Lens,AS Monaco FC,2,3,FINISHED
542606,2025/26,2026-02-21 18:00:00+00:00,REGULAR_SEASON,,23,Toulouse FC,Paris FC,1,1,FINISHED
542608,2025/26,2026-02-21 20:05:00+00:00,REGULAR_SEASON,,23,Paris Saint-Germain FC,FC Metz,3,0,FINISHED
542604,2025/26,2026-02-22 14:00:00+00:00,REGULAR_SEASON,,23,AJ Auxerre,Stade Rennais FC 1901,0,3,FINISHED
542611,2025/26,2026-02-22 16:15:00+00:00,REGULAR_SEASON,,23,Angers SCO,Lille OSC,0,1,FINISHED
542605,2025/26,2026-02-22 16:15:00+00:00,REGULAR_SEASON,,23,FC Nantes,Le Havre AC,2,0,FINISHED
542607,2025/26,2026-02-22 16:15:00+00:00,REGULAR_SEASON,,23,OGC Nice,FC Lorient,3,3,FINISHED
542609,2025/26,2026-02-22 19:45:00+00:00,REGULAR_SEASON,,23,RC Strasbourg Alsace,Olympique Lyonnais,3,1,FINISHED
542620,2025/26,2026-02-27 19:45:00+00:00,REGULAR_SEASON,,24,RC Strasbourg Alsace,Racing Club de Lens,1,1,FINISHED
542621,2025/26,2026-02-28 16:00:00+00:00,REGULAR_SEASON,,24,Stade Rennais FC 1901,Toulouse FC,1,0,FINISHED
542614,2025/26,2026-02-28 18:00:00+00:00,REGULAR_SEASON,,24,AS Monaco FC,Angers SCO,2,0,FINISHED
542613,2025/26,2026-02-28 20:05:00+00:00,REGULAR_SEASON,,24,Le Havre AC,Paris Saint-Germain FC,0,1,FINISHED
542617,2025/26,2026-03-01 14:00:00+00:00,REGULAR_SEASON,,24,Paris FC,OGC Nice,1,0,FINISHED
542615,2025/26,2026-03-01 16:15:00+00:00,REGULAR_SEASON,,24,FC Lorient,AJ Auxerre,2,2,FINISHED
542619,2025/26,2026-03-01 16:15:00+00:00,REGULAR_SEASON,,24,Lille OSC,FC Nantes,1,0,FINISHED
542616,2025/26,2026-03-01 16:15:00+00:00,REGULAR_SEASON,,24,FC Metz,Stade Brestois 29,0,1,FINISHED
542618,2025/26,2026-03-01 19:45:00+00:00,REGULAR_SEASON,,24,Olympique de Marseille,Olympique Lyonnais,3,2,FINISHED
542628,2025/26,2026-03-06 19:45:00+00:00,REGULAR_SEASON,,25,Paris Saint-Germain FC,AS Monaco FC,1,3,FINISHED
542623,2025/26,2026-03-07 16:00:00+00:00,REGULAR_SEASON,,25,FC Nantes,Angers SCO,0,1,FINISHED
542622,2025/26,2026-03-07 18:00:00+00:00,REGULAR_SEASON,,25,AJ Auxerre,RC Strasbourg Alsace,0,0,FINISHED
542624,2025/26,2026-03-07 20:05:00+00:00,REGULAR_SEASON,,25,Toulouse FC,Olympique de Marseille,0,1,FINISHED
542629,2025/26,2026-03-08 14:00:00+00:00,REGULAR_SEASON,,25,Racing Club de Lens,FC Metz,3,0,FINISHED
542627,2025/26,2026-03-08 16:15:00+00:00,REGULAR_SEASON,,25,Lille OSC,FC Lorient,1,1,FINISHED
542630,2025/26,2026-03-08 16:15:00+00:00,REGULAR_SEASON,,25,Stade Brestois 29,Le Havre AC,2,0,FINISHED
542625,2025/26,2026-03-08 16:15:00+00:00,REGULAR_SEASON,,25,OGC Nice,Stade Rennais FC 1901,0,4,FINISHED
542626,2025/26,2026-03-08 19:45:00+00:00,REGULAR_SEASON,,25,Olympique Lyonnais,Paris FC,1,1,FINISHED
542635,2025/26,2026-03-13 19:45:00+00:00,REGULAR_SEASON,,26,Olympique de Marseille,AJ Auxerre,1,0,FINISHED
542633,2025/26,2026-03-14 16:00:00+00:00,REGULAR_SEASON,,26,FC Lorient,Racing Club de Lens,2,1,FINISHED
542638,2025/26,2026-03-14 18:00:00+00:00,REGULAR_SEASON,,26,Angers SCO,OGC Nice,0,2,FINISHED
542632,2025/26,2026-03-14 20:05:00+00:00,REGULAR_SEASON,,26,AS Monaco FC,Stade Brestois 29,2,0,FINISHED
542637,2025/26,2026-03-15 14:00:00+00:00,REGULAR_SEASON,,26,RC Strasbourg Alsace,Paris FC,0,0,FINISHED
542634,2025/26,2026-03-15 16:15:00+00:00,REGULAR_SEASON,,26,FC Metz,Toulouse FC,3,4,FINISHED
542631,2025/26,2026-03-15 16:15:00+00:00,REGULAR_SEASON,,26,Le Havre AC,Olympique Lyonnais,0,0,FINISHED
542639,2025/26,2026-03-15 19:45:00+00:00,REGULAR_SEASON,,26,Stade Rennais FC 1901,Lille OSC,1,2,FINISHED
542647,2025/26,2026-03-20 19:45:00+00:00,REGULAR_SEASON,,27,Racing Club de Lens,Angers SCO,5,1,FINISHED
542643,2025/26,2026-03-21 16:00:00+00:00,REGULAR_SEASON,,27,Toulouse FC,FC Lorient,1,0,FINISHED
542640,2025/26,2026-03-21 18:00:00+00:00,REGULAR_SEASON,,27,AJ Auxerre,Stade Brestois 29,3,0,FINISHED
542644,2025/26,2026-03-21 20:05:00+00:00,REGULAR_SEASON,,27,OGC Nice,Paris Saint-Germain FC,0,4,FINISHED
542645,2025/26,2026-03-22 14:00:00+00:00,REGULAR_SEASON,,27,Olympique Lyonnais,AS Monaco FC,1,2,FINISHED
542646,2025/26,2026-03-22 16:15:00+00:00,REGULAR_SEASON,,27,Olympique de Marseille,Lille OSC,1,2,FINISHED
542648,2025/26,2026-03-22 16:15:00+00:00,REGULAR_SEASON,,27,Stade Rennais FC 1901,FC Metz,0,0,FINISHED
542642,2025/26,2026-03-22 16:15:00+00:00,REGULAR_SEASON,,27,Paris FC,Le Havre AC,3,2,FINISHED
542641,2025/26,2026-03-22 19:45:00+00:00,REGULAR_SEASON,,27,FC Nantes,RC Strasbourg Alsace,2,3,FINISHED
542654,2025/26,2026-04-03 18:45:00+00:00,REGULAR_SEASON,,28,Paris Saint-Germain FC,Toulouse FC,3,1,FINISHED
542655,2025/26,2026-04-04 15:00:00+00:00,REGULAR_SEASON,,28,RC Strasbourg Alsace,OGC Nice,3,1,FINISHED
542657,2025/26,2026-04-04 17:00:00+00:00,REGULAR_SEASON,,28,Stade Brestois 29,Stade Rennais FC 1901,3,4,FINISHED
542653,2025/26,2026-04-04 19:05:00+00:00,REGULAR_SEASON,,28,Lille OSC,Racing Club de Lens,3,0,FINISHED
542656,2025/26,2026-04-05 13:00:00+00:00,REGULAR_SEASON,,28,Angers SCO,Olympique Lyonnais,0,0,FINISHED
542652,2025/26,2026-04-05 15:15:00+00:00,REGULAR_SEASON,,28,FC Metz,FC Nantes,0,0,FINISHED
542649,2025/26,2026-04-05 15:15:00+00:00,REGULAR_SEASON,,28,Le Havre AC,AJ Auxerre,1,1,FINISHED
542651,2025/26,2026-04-05 15:15:00+00:00,REGULAR_SEASON,,28,FC Lorient,Paris FC,1,1,FINISHED
542650,2025/26,2026-04-05 18:45:00+00:00,REGULAR_SEASON,,28,AS Monaco FC,Olympique de Marseille,2,1,FINISHED
542659,2025/26,2026-04-10 17:00:00+00:00,REGULAR_SEASON,,29,Paris FC,AS Monaco FC,4,1,FINISHED
542663,2025/26,2026-04-10 19:05:00+00:00,REGULAR_SEASON,,29,Olympique de Marseille,FC Metz,3,1,FINISHED
542658,2025/26,2026-04-11 17:00:00+00:00,REGULAR_SEASON,,29,AJ Auxerre,FC Nantes,0,0,FINISHED
542666,2025/26,2026-04-11 19:05:00+00:00,REGULAR_SEASON,,29,Stade Rennais FC 1901,Angers SCO,2,1,FINISHED
542660,2025/26,2026-04-12 15:15:00+00:00,REGULAR_SEASON,,29,Toulouse FC,Lille OSC,0,4,FINISHED
542661,2025/26,2026-04-12 15:15:00+00:00,REGULAR_SEASON,,29,OGC Nice,Le Havre AC,1,1,FINISHED
542662,2025/26,2026-04-12 18:45:00+00:00,REGULAR_SEASON,,29,Olympique Lyonnais,FC Lorient,2,0,FINISHED
542674,2025/26,2026-04-17 18:45:00+00:00,REGULAR_SEASON,,30,Racing Club de Lens,Toulouse FC,3,2,FINISHED
542668,2025/26,2026-04-18 15:00:00+00:00,REGULAR_SEASON,,30,FC Lorient,Olympique de Marseille,2,0,FINISHED
542675,2025/26,2026-04-18 17:00:00+00:00,REGULAR_SEASON,,30,Angers SCO,Le Havre AC,1,1,FINISHED
542671,2025/26,2026-04-18 19:05:00+00:00,REGULAR_SEASON,,30,Lille OSC,OGC Nice,0,0,FINISHED
542667,2025/26,2026-04-19 13:00:00+00:00,REGULAR_SEASON,,30,AS Monaco FC,AJ Auxerre,2,2,FINISHED
542669,2025/26,2026-04-19 15:15:00+00:00,REGULAR_SEASON,,30,FC Metz,Paris FC,1,3,FINISHED
542670,2025/26,2026-04-19 15:15:00+00:00,REGULAR_SEASON,,30,FC Nantes,Stade Brestois 29,1,1,FINISHED
542673,2025/26,2026-04-19 15:15:00+00:00,REGULAR_SEASON,,30,RC Strasbourg Alsace,Stade Rennais FC 1901,0,3,FINISHED
542672,2025/26,2026-04-19 18:45:00+00:00,REGULAR_SEASON,,30,Paris Saint-Germain FC,Olympique Lyonnais,1,2,FINISHED
542636,2025/26,2026-04-22 17:00:00+00:00,REGULAR_SEASON,,26,Paris Saint-Germain FC,FC Nantes,3,0,FINISHED
542683,2025/26,2026-04-24 18:45:00+00:00,REGULAR_SEASON,,31,Stade Brestois 29,Racing Club de Lens,3,3,FINISHED
542680,2025/26,2026-04-25 13:00:00+00:00,REGULAR_SEASON,,31,Olympique Lyonnais,AJ Auxerre,3,2,FINISHED
542682,2025/26,2026-04-25 17:00:00+00:00,REGULAR_SEASON,,31,Angers SCO,Paris Saint-Germain FC,0,3,FINISHED
542679,2025/26,2026-04-25 19:05:00+00:00,REGULAR_SEASON,,31,Toulouse FC,AS Monaco FC,2,2,FINISHED
542677,2025/26,2026-04-26 13:00:00+00:00,REGULAR_SEASON,,31,FC Lorient,RC Strasbourg Alsace,2,3,FINISHED
542676,2025/26,2026-04-26 15:15:00+00:00,REGULAR_SEASON,,31,Le Havre AC,FC Metz,4,4,FINISHED
542678,2025/26,2026-04-26 15:15:00+00:00,REGULAR_SEASON,,31,Paris FC,Lille OSC,0,1,FINISHED
542684,2025/26,2026-04-26 15:15:00+00:00,REGULAR_SEASON,,31,Stade Rennais FC 1901,FC Nantes,2,1,FINISHED
542681,2025/26,2026-04-26 18:45:00+00:00,REGULAR_SEASON,,31,Olympique de Marseille,OGC Nice,1,1,FINISHED
542687,2025/26,2026-05-02 13:00:00+00:00,REGULAR_SEASON,,32,FC Nantes,Olympique de Marseille,3,0,FINISHED
542692,2025/26,2026-05-02 15:00:00+00:00,REGULAR_SEASON,,32,Paris Saint-Germain FC,FC Lorient,2,2,FINISHED
542686,2025/26,2026-05-02 17:00:00+00:00,REGULAR_SEASON,,32,FC Metz,AS Monaco FC,1,2,FINISHED
542689,2025/26,2026-05-02 19:05:00+00:00,REGULAR_SEASON,,32,OGC Nice,Racing Club de Lens,1,1,FINISHED
542691,2025/26,2026-05-03 13:00:00+00:00,REGULAR_SEASON,,32,Lille OSC,Le Havre AC,1,1,FINISHED
542685,2025/26,2026-05-03 15:15:00+00:00,REGULAR_SEASON,,32,AJ Auxerre,Angers SCO,3,1,FINISHED
542688,2025/26,2026-05-03 15:15:00+00:00,REGULAR_SEASON,,32,Paris FC,Stade Brestois 29,4,0,FINISHED
542693,2025/26,2026-05-03 15:15:00+00:00,REGULAR_SEASON,,32,RC Strasbourg Alsace,Toulouse FC,1,2,FINISHED
542690,2025/26,2026-05-03 18:45:00+00:00,REGULAR_SEASON,,32,Olympique Lyonnais,Stade Rennais FC 1901,4,2,FINISHED
542700,2025/26,2026-05-08 18:45:00+00:00,REGULAR_SEASON,,33,Racing Club de Lens,FC Nantes,1,0,FINISHED
542698,2025/26,2026-05-10 19:00:00+00:00,REGULAR_SEASON,,33,Toulouse FC,Olympique Lyonnais,2,1,FINISHED
542695,2025/26,2026-05-10 19:00:00+00:00,REGULAR_SEASON,,33,AJ Auxerre,OGC Nice,2,1,FINISHED
542696,2025/26,2026-05-10 19:00:00+00:00,REGULAR_SEASON,,33,AS Monaco FC,Lille OSC,0,1,FINISHED
542697,2025/26,2026-05-10 19:00:00+00:00,REGULAR_SEASON,,33,FC Metz,FC Lorient,0,4,FINISHED
542701,2025/26,2026-05-10 19:00:00+00:00,REGULAR_SEASON,,33,Angers SCO,RC Strasbourg Alsace,1,1,FINISHED
542702,2025/26,2026-05-10 19:00:00+00:00,REGULAR_SEASON,,33,Stade Rennais FC 1901,Paris FC,2,1,FINISHED
542694,2025/26,2026-05-10 19:00:00+00:00,REGULAR_SEASON,,33,Le Havre AC,Olympique de Marseille,0,1,FINISHED
542699,2025/26,2026-05-10 19:00:00+00:00,REGULAR_SEASON,,33,Paris Saint-Germain FC,Stade Brestois 29,1,0,FINISHED
542665,2025/26,2026-05-13 17:00:00+00:00,REGULAR_SEASON,,29,Stade Brestois 29,RC Strasbourg Alsace,1,2,FINISHED
542664,2025/26,2026-05-13 19:00:00+00:00,REGULAR_SEASON,,29,Racing Club de Lens,Paris Saint-Germain FC,0,2,FINISHED
542706,2025/26,2026-05-17 19:00:00+00:00,REGULAR_SEASON,,34,OGC Nice,FC Metz,0,0,FINISHED
542704,2025/26,2026-05-17 19:00:00+00:00,REGULAR_SEASON,,34,FC Nantes,Toulouse FC,0,0,AWARDED
542707,2025/26,2026-05-17 19:00:00+00:00,REGULAR_SEASON,,34,Olympique Lyonnais,Racing Club de Lens,0,4,FINISHED
542709,2025/26,2026-05-17 19:00:00+00:00,REGULAR_SEASON,,34,Lille OSC,AJ Auxerre,0,2,FINISHED
542705,2025/26,2026-05-17 19:00:00+00:00,REGULAR_SEASON,,34,Paris FC,Paris Saint-Germain FC,2,1,FINISHED
542710,2025/26,2026-05-17 19:00:00+00:00,REGULAR_SEASON,,34,RC Strasbourg Alsace,AS Monaco FC,5,4,FINISHED
542711,2025/26,2026-05-17 19:00:00+00:00,REGULAR_SEASON,,34,Stade Brestois 29,Angers SCO,1,1,FINISHED
542703,2025/26,2026-05-17 19:00:00+00:00,REGULAR_SEASON,,34,FC Lorient,Le Havre AC,0,2,FINISHED
542708,2025/26,2026-05-17 19:00:00+00:00,REGULAR_SEASON,,34,Olympique de Marseille,Stade Rennais FC 1901,3,1,FINISHED
559715,2026/27,2026-08-21 18:45:00+00:00,REGULAR_SEASON,,1,Olympique de Marseille,RC Strasbourg Alsace,4,0,FINISHED
559712,2026/27,2026-08-22 15:15:00+00:00,REGULAR_SEASON,,1,Racing Club de Lens,AJ Auxerre,5,2,FINISHED
559711,2026/27,2026-08-22 18:45:00+00:00,REGULAR_SEASON,,1,Le Mans FC,Stade Brestois 29,2,2,FINISHED
559714,2026/27,2026-08-22 18:45:00+00:00,REGULAR_SEASON,,1,ES Troyes AC,Paris FC,0,0,FINISHED
559716,2026/27,2026-08-22 18:45:00+00:00,REGULAR_SEASON,,1,OGC Nice,FC Lorient,0,0,FINISHED
559718,2026/27,2026-08-22 18:45:00+00:00,REGULAR_SEASON,,1,Toulouse FC,Olympique Lyonnais,0,2,FINISHED
559717,2026/27,2026-08-23 13:00:00+00:00,REGULAR_SEASON,,1,Angers SCO,Lille OSC,0,2,FINISHED
559719,2026/27,2026-08-23 15:15:00+00:00,REGULAR_SEASON,,1,Le Havre AC,AS Monaco FC,0,1,FINISHED
559713,2026/27,2026-08-23 18:45:00+00:00,REGULAR_SEASON,,1,Stade Rennais FC 1901,Paris Saint-Germain FC,2,2,FINISHED
559702,2026/27,2026-08-28 18:45:00+00:00,REGULAR_SEASON,,2,Lille OSC,Paris Saint-Germain FC,2,2,FINISHED
559704,2026/27,2026-08-29 15:15:00+00:00,REGULAR_SEASON,,2,RC Strasbourg Alsace,Racing Club de Lens,2,1,FINISHED
559708,2026/27,2026-08-29 18:45:00+00:00,REGULAR_SEASON,,2,AJ Auxerre,Angers SCO,1,3,FINISHED
559710,2026/27,2026-08-29 18:45:00+00:00,REGULAR_SEASON,,2,Stade Brestois 29,Toulouse FC,2,2,FINISHED
559705,2026/27,2026-08-29 18:45:00+00:00,REGULAR_SEASON,,2,FC Lorient,ES Troyes AC,1,2,FINISHED
559706,2026/27,2026-08-29 18:45:00+00:00,REGULAR_SEASON,,2,Olympique Lyonnais,Le Havre AC,1,1,FINISHED
559707,2026/27,2026-08-30 13:00:00+00:00,REGULAR_SEASON,,2,Paris FC,OGC Nice,3,0,FINISHED
559709,2026/27,2026-08-30 15:15:00+00:00,REGULAR_SEASON,,2,Stade Rennais FC 1901,Le Mans FC,3,2,FINISHED
559703,2026/27,2026-08-30 18:45:00+00:00,REGULAR_SEASON,,2,AS Monaco FC,Olympique de Marseille,2,0,FINISHED
559696,2026/27,2026-09-03 18:45:00+00:00,REGULAR_SEASON,,3,Toulouse FC,Lille OSC,0,1,FINISHED
559699,2026/27,2026-09-04 17:00:00+00:00,REGULAR_SEASON,,3,Olympique Lyonnais,AJ Auxerre,3,1,FINISHED
559697,2026/27,2026-09-04 19:05:00+00:00,REGULAR_SEASON,,3,Paris Saint-Germain FC,AS Monaco FC,1,2,FINISHED
559695,2026/27,2026-09-05 15:15:00+00:00,REGULAR_SEASON,,3,Racing Club de Lens,FC Lorient,0,1,FINISHED
559701,2026/27,2026-09-05 18:45:00+00:00,REGULAR_SEASON,,3,OGC Nice,Le Mans FC,1,1,FINISHED
559693,2026/27,2026-09-05 18:45:00+00:00,REGULAR_SEASON,,3,Le Havre AC,Stade Brestois 29,1,2,FINISHED
559700,2026/27,2026-09-06 13:00:00+00:00,REGULAR_SEASON,,3,ES Troyes AC,RC Strasbourg Alsace,2,6,FINISHED
559698,2026/27,2026-09-06 15:15:00+00:00,REGULAR_SEASON,,3,Angers SCO,Stade Rennais FC 1901,1,2,FINISHED
559694,2026/27,2026-09-06 18:45:00+00:00,REGULAR_SEASON,,3,Olympique de Marseille,Paris FC,2,3,FINISHED
559689,2026/27,2026-09-11 18:45:00+00:00,REGULAR_SEASON,,4,Stade Rennais FC 1901,Olympique de Marseille,1,0,FINISHED
559687,2026/27,2026-09-12 15:15:00+00:00,REGULAR_SEASON,,4,RC Strasbourg Alsace,AS Monaco FC,1,1,FINISHED
559684,2026/27,2026-09-12 18:45:00+00:00,REGULAR_SEASON,,4,FC Lorient,Toulouse FC,2,2,FINISHED
559688,2026/27,2026-09-12 18:45:00+00:00,REGULAR_SEASON,,4,AJ Auxerre,OGC Nice,1,0,FINISHED
559690,2026/27,2026-09-12 18:45:00+00:00,REGULAR_SEASON,,4,Le Havre AC,Angers SCO,0,0,FINISHED
559692,2026/27,2026-09-12 18:45:00+00:00,REGULAR_SEASON,,4,Paris FC,Olympique Lyonnais,0,0,FINISHED
559685,2026/27,2026-09-13 13:00:00+00:00,REGULAR_SEASON,,4,Lille OSC,ES Troyes AC,2,0,FINISHED
559686,2026/27,2026-09-13 15:15:00+00:00,REGULAR_SEASON,,4,Le Mans FC,Racing Club de Lens,2,2,FINISHED
559691,2026/27,2026-09-13 18:45:00+00:00,REGULAR_SEASON,,4,Stade Brestois 29,Paris Saint-Germain FC,0,1,FINISHED
559682,2026/27,2026-09-18 18:45:00+00:00,REGULAR_SEASON,,5,AS Monaco FC,Racing Club de Lens,2,1,FINISHED
559679,2026/27,2026-09-19 15:15:00+00:00,REGULAR_SEASON,,5,Paris FC,RC Strasbourg Alsace,2,1,FINISHED
559677,2026/27,2026-09-19 18:45:00+00:00,REGULAR_SEASON,,5,Le Mans FC,FC Lorient,2,1,FINISHED
559680,2026/27,2026-09-19 18:45:00+00:00,REGULAR_SEASON,,5,Toulouse FC,Le Havre AC,3,2,FINISHED
559681,2026/27,2026-09-19 18:45:00+00:00,REGULAR_SEASON,,5,Angers SCO,ES Troyes AC,2,0,FINISHED
559683,2026/27,2026-09-19 18:45:00+00:00,REGULAR_SEASON,,5,Olympique Lyonnais,Stade Rennais FC 1901,4,0,FINISHED
559676,2026/27,2026-09-20 13:00:00+00:00,REGULAR_SEASON,,5,AJ Auxerre,Stade Brestois 29,2,1,FINISHED
559678,2026/27,2026-09-20 15:15:00+00:00,REGULAR_SEASON,,5,OGC Nice,Lille OSC,2,1,FINISHED
559675,2026/27,2026-09-20 18:45:00+00:00,REGULAR_SEASON,,5,Olympique de Marseille,Paris Saint-Germain FC,1,2,FINISHED
559669,2026/27,2026-10-09 18:45:00+00:00,REGULAR_SEASON,,6,Racing Club de Lens,Olympique Lyonnais,,,TIMED
559674,2026/27,2026-10-10 15:15:00+00:00,REGULAR_SEASON,,6,Lille OSC,Le Havre AC,,,TIMED
559666,2026/27,2026-10-10 18:45:00+00:00,REGULAR_SEASON,,6,Stade Brestois 29,Angers SCO,,,TIMED
559668,2026/27,2026-10-10 18:45:00+00:00,REGULAR_SEASON,,6,FC Lorient,Paris FC,,,TIMED
559672,2026/27,2026-10-10 18:45:00+00:00,REGULAR_SEASON,,6,Paris Saint-Germain FC,Le Mans FC,,,TIMED
559673,2026/27,2026-10-10 18:45:00+00:00,REGULAR_SEASON,,6,AS Monaco FC,Toulouse FC,,,TIMED
559670,2026/27,2026-10-11 13:00:00+00:00,REGULAR_SEASON,,6,OGC Nice,RC Strasbourg Alsace,,,TIMED
559667,2026/27,2026-10-11 15:15:00+00:00,REGULAR_SEASON,,6,Stade Rennais FC 1901,AJ Auxerre,,,TIMED
559671,2026/27,2026-10-11 18:45:00+00:00,REGULAR_SEASON,,6,ES Troyes AC,Olympique de Marseille,,,TIMED
559661,2026/27,2026-10-16 18:45:00+00:00,REGULAR_SEASON,,7,Le Mans FC,Toulouse FC,,,TIMED
559662,2026/27,2026-10-17 15:15:00+00:00,REGULAR_SEASON,,7,RC Strasbourg Alsace,Paris Saint-Germain FC,,,TIMED
559659,2026/27,2026-10-17 18:45:00+00:00,REGULAR_SEASON,,7,ES Troyes AC,Racing Club de Lens,,,TIMED
559660,2026/27,2026-10-17 18:45:00+00:00,REGULAR_SEASON,,7,Lille OSC,Stade Brestois 29,,,TIMED
559664,2026/27,2026-10-18 13:00:00+00:00,REGULAR_SEASON,,7,Angers SCO,Olympique de Marseille,,,TIMED
559658,2026/27,2026-10-18 15:15:00+00:00,REGULAR_SEASON,,7,Paris FC,Stade Rennais FC 1901,,,TIMED
559663,2026/27,2026-10-18 15:15:00+00:00,REGULAR_SEASON,,7,Le Havre AC,AJ Auxerre,,,TIMED
559657,2026/27,2026-10-18 15:15:00+00:00,REGULAR_SEASON,,7,FC Lorient,AS Monaco FC,,,TIMED
559665,2026/27,2026-10-18 18:45:00+00:00,REGULAR_SEASON,,7,Olympique Lyonnais,OGC Nice,,,TIMED
559654,2026/27,2026-10-23 18:45:00+00:00,REGULAR_SEASON,,8,Stade Brestois 29,OGC Nice,,,TIMED
559655,2026/27,2026-10-24 15:15:00+00:00,REGULAR_SEASON,,8,Toulouse FC,ES Troyes AC,,,TIMED
559652,2026/27,2026-10-24 18:45:00+00:00,REGULAR_SEASON,,8,Racing Club de Lens,Paris FC,,,TIMED
559650,2026/27,2026-10-25 14:00:00+00:00,REGULAR_SEASON,,8,AS Monaco FC,Lille OSC,,,TIMED
559653,2026/27,2026-10-25 16:15:00+00:00,REGULAR_SEASON,,8,Angers SCO,FC Lorient,,,TIMED
559649,2026/27,2026-10-25 16:15:00+00:00,REGULAR_SEASON,,8,Olympique de Marseille,Le Havre AC,,,TIMED
559651,2026/27,2026-10-25 16:15:00+00:00,REGULAR_SEASON,,8,Stade Rennais FC 1901,RC Strasbourg Alsace,,,TIMED
559656,2026/27,2026-10-25 16:15:00+00:00,REGULAR_SEASON,,8,AJ Auxerre,Le Mans FC,,,TIMED
559648,2026/27,2026-10-25 19:45:00+00:00,REGULAR_SEASON,,8,Paris Saint-Germain FC,Olympique Lyonnais,,,TIMED
559644,2026/27,2026-10-30 18:00:00+00:00,REGULAR_SEASON,,9,Le Havre AC,Paris Saint-Germain FC,,,TIMED
559639,2026/27,2026-10-30 20:05:00+00:00,REGULAR_SEASON,,9,Lille OSC,Racing Club de Lens,,,TIMED
559646,2026/27,2026-10-31 16:15:00+00:00,REGULAR_SEASON,,9,OGC Nice,Stade Rennais FC 1901,,,TIMED
559640,2026/27,2026-10-31 19:45:00+00:00,REGULAR_SEASON,,9,Olympique Lyonnais,Angers SCO,,,TIMED
559641,2026/27,2026-10-31 19:45:00+00:00,REGULAR_SEASON,,9,FC Lorient,Stade Brestois 29,,,TIMED
559643,2026/27,2026-10-31 19:45:00+00:00,REGULAR_SEASON,,9,ES Troyes AC,Le Mans FC,,,TIMED
559647,2026/27,2026-11-01 14:00:00+00:00,REGULAR_SEASON,,9,RC Strasbourg Alsace,AJ Auxerre,,,TIMED
559642,2026/27,2026-11-01 16:15:00+00:00,REGULAR_SEASON,,9,Paris FC,AS Monaco FC,,,TIMED
559645,2026/27,2026-11-01 19:45:00+00:00,REGULAR_SEASON,,9,Olympique de Marseille,Toulouse FC,,,TIMED
559638,2026/27,2026-11-06 19:45:00+00:00,REGULAR_SEASON,,10,Toulouse FC,RC Strasbourg Alsace,,,TIMED
559637,2026/27,2026-11-07 16:15:00+00:00,REGULAR_SEASON,,10,AJ Auxerre,Paris FC,,,TIMED
559635,2026/27,2026-11-07 19:45:00+00:00,REGULAR_SEASON,,10,Paris Saint-Germain FC,ES Troyes AC,,,TIMED
559636,2026/27,2026-11-08 14:00:00+00:00,REGULAR_SEASON,,10,Stade Rennais FC 1901,Lille OSC,,,TIMED
559631,2026/27,2026-11-08 16:15:00+00:00,REGULAR_SEASON,,10,Le Mans FC,AS Monaco FC,,,TIMED
559632,2026/27,2026-11-08 16:15:00+00:00,REGULAR_SEASON,,10,Stade Brestois 29,Olympique Lyonnais,,,TIMED
559633,2026/27,2026-11-08 16:15:00+00:00,REGULAR_SEASON,,10,Le Havre AC,FC Lorient,,,TIMED
559634,2026/27,2026-11-08 16:15:00+00:00,REGULAR_SEASON,,10,Angers SCO,OGC Nice,,,TIMED
559630,2026/27,2026-11-08 19:45:00+00:00,REGULAR_SEASON,,10,Racing Club de Lens,Olympique de Marseille,,,TIMED
559622,2026/27,2026-11-20 19:45:00+00:00,REGULAR_SEASON,,11,ES Troyes AC,Le Havre AC,,,TIMED
559628,2026/27,2026-11-21 16:15:00+00:00,REGULAR_SEASON,,11,OGC Nice,Paris Saint-Germain FC,,,TIMED
559623,2026/27,2026-11-21 19:45:00+00:00,REGULAR_SEASON,,11,Racing Club de Lens,Toulouse FC,,,TIMED
559621,2026/27,2026-11-21 19:45:00+00:00,REGULAR_SEASON,,11,AS Monaco FC,AJ Auxerre,,,TIMED
559627,2026/27,2026-11-21 19:45:00+00:00,REGULAR_SEASON,,11,RC Strasbourg Alsace,Stade Brestois 29,,,TIMED
559624,2026/27,2026-11-21 19:45:00+00:00,REGULAR_SEASON,,11,Lille OSC,Olympique Lyonnais,,,TIMED
559625,2026/27,2026-11-22 14:00:00+00:00,REGULAR_SEASON,,11,Paris FC,Angers SCO,,,TIMED
559626,2026/27,2026-11-22 16:15:00+00:00,REGULAR_SEASON,,11,FC Lorient,Stade Rennais FC 1901,,,TIMED
559629,2026/27,2026-11-22 19:45:00+00:00,REGULAR_SEASON,,11,Olympique de Marseille,Le Mans FC,,,TIMED
559616,2026/27,2026-11-27 19:45:00+00:00,REGULAR_SEASON,,12,Stade Brestois 29,Paris FC,,,TIMED
559612,2026/27,2026-11-28 16:15:00+00:00,REGULAR_SEASON,,12,Angers SCO,Racing Club de Lens,,,TIMED
559614,2026/27,2026-11-28 19:45:00+00:00,REGULAR_SEASON,,12,Paris Saint-Germain FC,FC Lorient,,,TIMED
559617,2026/27,2026-11-28 19:45:00+00:00,REGULAR_SEASON,,12,Le Mans FC,Lille OSC,,,TIMED
559620,2026/27,2026-11-28 19:45:00+00:00,REGULAR_SEASON,,12,OGC Nice,ES Troyes AC,,,TIMED
559613,2026/27,2026-11-28 19:45:00+00:00,REGULAR_SEASON,,12,Le Havre AC,RC Strasbourg Alsace,,,TIMED
559619,2026/27,2026-11-29 14:00:00+00:00,REGULAR_SEASON,,12,AJ Auxerre,Olympique de Marseille,,,TIMED
559618,2026/27,2026-11-29 16:15:00+00:00,REGULAR_SEASON,,12,Toulouse FC,Stade Rennais FC 1901,,,TIMED
559615,2026/27,2026-11-29 19:45:00+00:00,REGULAR_SEASON,,12,Olympique Lyonnais,AS Monaco FC,,,TIMED
559609,2026/27,2026-12-05 00:00:00+00:00,REGULAR_SEASON,,13,Toulouse FC,Paris Saint-Germain FC,,,SCHEDULED
559605,2026/27,2026-12-05 00:00:00+00:00,REGULAR_SEASON,,13,Racing Club de Lens,Le Havre AC,,,SCHEDULED
559610,2026/27,2026-12-05 00:00:00+00:00,REGULAR_SEASON,,13,RC Strasbourg Alsace,FC Lorient,,,SCHEDULED
559608,2026/27,2026-12-05 00:00:00+00:00,REGULAR_SEASON,,13,Stade Rennais FC 1901,Stade Brestois 29,,,SCHEDULED
559604,2026/27,2026-12-05 00:00:00+00:00,REGULAR_SEASON,,13,AS Monaco FC,Angers SCO,,,SCHEDULED
559606,2026/27,2026-12-05 00:00:00+00:00,REGULAR_SEASON,,13,Lille OSC,AJ Auxerre,,,SCHEDULED
559607,2026/27,2026-12-05 00:00:00+00:00,REGULAR_SEASON,,13,Olympique de Marseille,OGC Nice,,,SCHEDULED
559603,2026/27,2026-12-05 00:00:00+00:00,REGULAR_SEASON,,13,ES Troyes AC,Olympique Lyonnais,,,SCHEDULED
559611,2026/27,2026-12-05 00:00:00+00:00,REGULAR_SEASON,,13,Paris FC,Le Mans FC,,,SCHEDULED
559595,2026/27,2026-12-12 00:00:00+00:00,REGULAR_SEASON,,14,OGC Nice,Racing Club de Lens,,,SCHEDULED
559596,2026/27,2026-12-12 00:00:00+00:00,REGULAR_SEASON,,14,Paris Saint-Germain FC,Paris FC,,,SCHEDULED
559597,2026/27,2026-12-12 00:00:00+00:00,REGULAR_SEASON,,14,Angers SCO,RC Strasbourg Alsace,,,SCHEDULED
559598,2026/27,2026-12-12 00:00:00+00:00,REGULAR_SEASON,,14,Stade Brestois 29,ES Troyes AC,,,SCHEDULED
559599,2026/27,2026-12-12 00:00:00+00:00,REGULAR_SEASON,,14,Le Havre AC,Le Mans FC,,,SCHEDULED
559600,2026/27,2026-12-12 00:00:00+00:00,REGULAR_SEASON,,14,Stade Rennais FC 1901,AS Monaco FC,,,SCHEDULED
559601,2026/27,2026-12-12 00:00:00+00:00,REGULAR_SEASON,,14,FC Lorient,Lille OSC,,,SCHEDULED
559602,2026/27,2026-12-12 00:00:00+00:00,REGULAR_SEASON,,14,AJ Auxerre,Toulouse FC,,,SCHEDULED
559594,2026/27,2026-12-13 19:45:00+00:00,REGULAR_SEASON,,14,Olympique Lyonnais,Olympique de Marseille,,,TIMED
559590,2026/27,2027-01-02 00:00:00+00:00,REGULAR_SEASON,,15,AS Monaco FC,OGC Nice,,,SCHEDULED
559593,2026/27,2027-01-02 00:00:00+00:00,REGULAR_SEASON,,15,Lille OSC,RC Strasbourg Alsace,,,SCHEDULED
559592,2026/27,2027-01-02 00:00:00+00:00,REGULAR_SEASON,,15,FC Lorient,AJ Auxerre,,,SCHEDULED
559591,2026/27,2027-01-02 00:00:00+00:00,REGULAR_SEASON,,15,Paris FC,Le Havre AC,,,SCHEDULED
559587,2026/27,2027-01-02 00:00:00+00:00,REGULAR_SEASON,,15,Stade Brestois 29,Olympique de Marseille,,,SCHEDULED
559586,2026/27,2027-01-02 00:00:00+00:00,REGULAR_SEASON,,15,Le Mans FC,Olympique Lyonnais,,,SCHEDULED
559589,2026/27,2027-01-02 00:00:00+00:00,REGULAR_SEASON,,15,Toulouse FC,Angers SCO,,,SCHEDULED
559588,2026/27,2027-01-02 00:00:00+00:00,REGULAR_SEASON,,15,ES Troyes AC,Stade Rennais FC 1901,,,SCHEDULED
559585,2026/27,2027-01-03 19:45:00+00:00,REGULAR_SEASON,,15,Racing Club de Lens,Paris Saint-Germain FC,,,TIMED
559579,2026/27,2027-01-16 00:00:00+00:00,REGULAR_SEASON,,16,Stade Rennais FC 1901,Racing Club de Lens,,,SCHEDULED
559584,2026/27,2027-01-16 00:00:00+00:00,REGULAR_SEASON,,16,Angers SCO,Paris Saint-Germain FC,,,SCHEDULED
559583,2026/27,2027-01-16 00:00:00+00:00,REGULAR_SEASON,,16,AS Monaco FC,Stade Brestois 29,,,SCHEDULED
559582,2026/27,2027-01-16 00:00:00+00:00,REGULAR_SEASON,,16,RC Strasbourg Alsace,Le Mans FC,,,SCHEDULED
559578,2026/27,2027-01-16 00:00:00+00:00,REGULAR_SEASON,,16,Paris FC,Toulouse FC,,,SCHEDULED
559577,2026/27,2027-01-16 00:00:00+00:00,REGULAR_SEASON,,16,Olympique Lyonnais,FC Lorient,,,SCHEDULED
559576,2026/27,2027-01-16 00:00:00+00:00,REGULAR_SEASON,,16,Olympique de Marseille,Lille OSC,,,SCHEDULED
559580,2026/27,2027-01-16 00:00:00+00:00,REGULAR_SEASON,,16,OGC Nice,Le Havre AC,,,SCHEDULED
559581,2026/27,2027-01-16 00:00:00+00:00,REGULAR_SEASON,,16,AJ Auxerre,ES Troyes AC,,,SCHEDULED
559573,2026/27,2027-01-23 00:00:00+00:00,REGULAR_SEASON,,17,FC Lorient,Olympique de Marseille,,,SCHEDULED
559572,2026/27,2027-01-23 00:00:00+00:00,REGULAR_SEASON,,17,ES Troyes AC,AS Monaco FC,,,SCHEDULED
559571,2026/27,2027-01-23 00:00:00+00:00,REGULAR_SEASON,,17,Paris Saint-Germain FC,AJ Auxerre,,,SCHEDULED
559570,2026/27,2027-01-23 00:00:00+00:00,REGULAR_SEASON,,17,Racing Club de Lens,Stade Brestois 29,,,SCHEDULED
559574,2026/27,2027-01-23 00:00:00+00:00,REGULAR_SEASON,,17,Le Mans FC,Angers SCO,,,SCHEDULED
559568,2026/27,2027-01-23 00:00:00+00:00,REGULAR_SEASON,,17,RC Strasbourg Alsace,Olympique Lyonnais,,,SCHEDULED
559567,2026/27,2027-01-23 00:00:00+00:00,REGULAR_SEASON,,17,Le Havre AC,Stade Rennais FC 1901,,,SCHEDULED
559569,2026/27,2027-01-23 00:00:00+00:00,REGULAR_SEASON,,17,Lille OSC,Paris FC,,,SCHEDULED
559575,2026/27,2027-01-23 00:00:00+00:00,REGULAR_SEASON,,17,Toulouse FC,OGC Nice,,,SCHEDULED
559558,2026/27,2027-01-30 00:00:00+00:00,REGULAR_SEASON,,18,Paris FC,AJ Auxerre,,,SCHEDULED
559559,2026/27,2027-01-30 00:00:00+00:00,REGULAR_SEASON,,18,Olympique Lyonnais,Lille OSC,,,SCHEDULED
559560,2026/27,2027-01-30 00:00:00+00:00,REGULAR_SEASON,,18,Stade Rennais FC 1901,FC Lorient,,,SCHEDULED
559561,2026/27,2027-01-30 00:00:00+00:00,REGULAR_SEASON,,18,Le Mans FC,OGC Nice,,,SCHEDULED
559562,2026/27,2027-01-30 00:00:00+00:00,REGULAR_SEASON,,18,Olympique de Marseille,ES Troyes AC,,,SCHEDULED
559563,2026/27,2027-01-30 00:00:00+00:00,REGULAR_SEASON,,18,Angers SCO,Le Havre AC,,,SCHEDULED
559564,2026/27,2027-01-30 00:00:00+00:00,REGULAR_SEASON,,18,Stade Brestois 29,RC Strasbourg Alsace,,,SCHEDULED
559565,2026/27,2027-01-30 00:00:00+00:00,REGULAR_SEASON,,18,AS Monaco FC,Paris Saint-Germain FC,,,SCHEDULED
559566,2026/27,2027-01-30 00:00:00+00:00,REGULAR_SEASON,,18,Toulouse FC,Racing Club de Lens,,,SCHEDULED
559554,2026/27,2027-02-06 00:00:00+00:00,REGULAR_SEASON,,19,OGC Nice,Stade Brestois 29,,,SCHEDULED
559557,2026/27,2027-02-06 00:00:00+00:00,REGULAR_SEASON,,19,AJ Auxerre,AS Monaco FC,,,SCHEDULED
559556,2026/27,2027-02-06 00:00:00+00:00,REGULAR_SEASON,,19,RC Strasbourg Alsace,Paris FC,,,SCHEDULED
559555,2026/27,2027-02-06 00:00:00+00:00,REGULAR_SEASON,,19,Stade Rennais FC 1901,Olympique Lyonnais,,,SCHEDULED
559551,2026/27,2027-02-06 00:00:00+00:00,REGULAR_SEASON,,19,Racing Club de Lens,Angers SCO,,,SCHEDULED
559550,2026/27,2027-02-06 00:00:00+00:00,REGULAR_SEASON,,19,ES Troyes AC,Lille OSC,,,SCHEDULED
559553,2026/27,2027-02-06 00:00:00+00:00,REGULAR_SEASON,,19,FC Lorient,Le Mans FC,,,SCHEDULED
559552,2026/27,2027-02-06 00:00:00+00:00,REGULAR_SEASON,,19,Le Havre AC,Toulouse FC,,,SCHEDULED
559549,2026/27,2027-02-07 19:45:00+00:00,REGULAR_SEASON,,19,Paris Saint-Germain FC,Olympique de Marseille,,,TIMED
559541,2026/27,2027-02-13 00:00:00+00:00,REGULAR_SEASON,,20,Paris FC,ES Troyes AC,,,SCHEDULED
559542,2026/27,2027-02-13 00:00:00+00:00,REGULAR_SEASON,,20,Le Mans FC,Paris Saint-Germain FC,,,SCHEDULED
559543,2026/27,2027-02-13 00:00:00+00:00,REGULAR_SEASON,,20,FC Lorient,Le Havre AC,,,SCHEDULED
559540,2026/27,2027-02-13 00:00:00+00:00,REGULAR_SEASON,,20,Stade Brestois 29,Stade Rennais FC 1901,,,SCHEDULED
559544,2026/27,2027-02-13 00:00:00+00:00,REGULAR_SEASON,,20,AJ Auxerre,RC Strasbourg Alsace,,,SCHEDULED
559545,2026/27,2027-02-13 00:00:00+00:00,REGULAR_SEASON,,20,Toulouse FC,AS Monaco FC,,,SCHEDULED
559546,2026/27,2027-02-13 00:00:00+00:00,REGULAR_SEASON,,20,Olympique de Marseille,Angers SCO,,,SCHEDULED
559547,2026/27,2027-02-13 00:00:00+00:00,REGULAR_SEASON,,20,Lille OSC,OGC Nice,,,SCHEDULED
559548,2026/27,2027-02-13 00:00:00+00:00,REGULAR_SEASON,,20,Olympique Lyonnais,Racing Club de Lens,,,SCHEDULED
559536,2026/27,2027-02-20 00:00:00+00:00,REGULAR_SEASON,,21,Le Havre AC,Olympique Lyonnais,,,SCHEDULED
559538,2026/27,2027-02-20 00:00:00+00:00,REGULAR_SEASON,,21,Lille OSC,FC Lorient,,,SCHEDULED
559537,2026/27,2027-02-20 00:00:00+00:00,REGULAR_SEASON,,21,AS Monaco FC,Le Mans FC,,,SCHEDULED
559534,2026/27,2027-02-20 00:00:00+00:00,REGULAR_SEASON,,21,RC Strasbourg Alsace,Olympique de Marseille,,,SCHEDULED
559535,2026/27,2027-02-20 00:00:00+00:00,REGULAR_SEASON,,21,OGC Nice,AJ Auxerre,,,SCHEDULED
559531,2026/27,2027-02-20 00:00:00+00:00,REGULAR_SEASON,,21,Angers SCO,Paris FC,,,SCHEDULED
559533,2026/27,2027-02-20 00:00:00+00:00,REGULAR_SEASON,,21,Paris Saint-Germain FC,Stade Brestois 29,,,SCHEDULED
559532,2026/27,2027-02-20 00:00:00+00:00,REGULAR_SEASON,,21,Stade Rennais FC 1901,Toulouse FC,,,SCHEDULED
559539,2026/27,2027-02-20 00:00:00+00:00,REGULAR_SEASON,,21,Racing Club de Lens,ES Troyes AC,,,SCHEDULED
559527,2026/27,2027-02-27 00:00:00+00:00,REGULAR_SEASON,,22,FC Lorient,Angers SCO,,,SCHEDULED
559530,2026/27,2027-02-27 00:00:00+00:00,REGULAR_SEASON,,22,Le Mans FC,Paris FC,,,SCHEDULED
559529,2026/27,2027-02-27 00:00:00+00:00,REGULAR_SEASON,,22,Olympique Lyonnais,Toulouse FC,,,SCHEDULED
559528,2026/27,2027-02-27 00:00:00+00:00,REGULAR_SEASON,,22,Olympique de Marseille,Stade Rennais FC 1901,,,SCHEDULED
559524,2026/27,2027-02-27 00:00:00+00:00,REGULAR_SEASON,,22,AJ Auxerre,Lille OSC,,,SCHEDULED
559523,2026/27,2027-02-27 00:00:00+00:00,REGULAR_SEASON,,22,RC Strasbourg Alsace,Le Havre AC,,,SCHEDULED
559526,2026/27,2027-02-27 00:00:00+00:00,REGULAR_SEASON,,22,Stade Brestois 29,AS Monaco FC,,,SCHEDULED
559525,2026/27,2027-02-27 00:00:00+00:00,REGULAR_SEASON,,22,ES Troyes AC,OGC Nice,,,SCHEDULED
559522,2026/27,2027-02-28 19:45:00+00:00,REGULAR_SEASON,,22,Paris Saint-Germain FC,Racing Club de Lens,,,TIMED
559519,2026/27,2027-03-06 00:00:00+00:00,REGULAR_SEASON,,23,AS Monaco FC,Olympique Lyonnais,,,SCHEDULED
559518,2026/27,2027-03-06 00:00:00+00:00,REGULAR_SEASON,,23,Angers SCO,AJ Auxerre,,,SCHEDULED
559520,2026/27,2027-03-06 00:00:00+00:00,REGULAR_SEASON,,23,Paris FC,Stade Brestois 29,,,SCHEDULED
559516,2026/27,2027-03-06 00:00:00+00:00,REGULAR_SEASON,,23,Toulouse FC,Le Mans FC,,,SCHEDULED
559517,2026/27,2027-03-06 00:00:00+00:00,REGULAR_SEASON,,23,ES Troyes AC,FC Lorient,,,SCHEDULED
559514,2026/27,2027-03-06 00:00:00+00:00,REGULAR_SEASON,,23,Paris Saint-Germain FC,Stade Rennais FC 1901,,,SCHEDULED
559513,2026/27,2027-03-06 00:00:00+00:00,REGULAR_SEASON,,23,Le Havre AC,OGC Nice,,,SCHEDULED
559515,2026/27,2027-03-06 00:00:00+00:00,REGULAR_SEASON,,23,Racing Club de Lens,RC Strasbourg Alsace,,,SCHEDULED
559521,2026/27,2027-03-06 00:00:00+00:00,REGULAR_SEASON,,23,Lille OSC,Olympique de Marseille,,,SCHEDULED
559511,2026/27,2027-03-13 00:00:00+00:00,REGULAR_SEASON,,24,AJ Auxerre,Paris Saint-Germain FC,,,SCHEDULED
559510,2026/27,2027-03-13 00:00:00+00:00,REGULAR_SEASON,,24,Olympique de Marseille,AS Monaco FC,,,SCHEDULED
559509,2026/27,2027-03-13 00:00:00+00:00,REGULAR_SEASON,,24,Le Havre AC,Racing Club de Lens,,,SCHEDULED
559507,2026/27,2027-03-13 00:00:00+00:00,REGULAR_SEASON,,24,Le Mans FC,Stade Rennais FC 1901,,,SCHEDULED
559508,2026/27,2027-03-13 00:00:00+00:00,REGULAR_SEASON,,24,Stade Brestois 29,Lille OSC,,,SCHEDULED
559506,2026/27,2027-03-13 00:00:00+00:00,REGULAR_SEASON,,24,RC Strasbourg Alsace,Angers SCO,,,SCHEDULED
559505,2026/27,2027-03-13 00:00:00+00:00,REGULAR_SEASON,,24,Paris FC,FC Lorient,,,SCHEDULED
559504,2026/27,2027-03-13 00:00:00+00:00,REGULAR_SEASON,,24,OGC Nice,Toulouse FC,,,SCHEDULED
559512,2026/27,2027-03-13 00:00:00+00:00,REGULAR_SEASON,,24,Olympique Lyonnais,ES Troyes AC,,,SCHEDULED
559500,2026/27,2027-03-20 00:00:00+00:00,REGULAR_SEASON,,25,AS Monaco FC,Le Havre AC,,,SCHEDULED
559503,2026/27,2027-03-20 00:00:00+00:00,REGULAR_SEASON,,25,FC Lorient,OGC Nice,,,SCHEDULED
559502,2026/27,2027-03-20 00:00:00+00:00,REGULAR_SEASON,,25,Racing Club de Lens,Lille OSC,,,SCHEDULED
559501,2026/27,2027-03-20 00:00:00+00:00,REGULAR_SEASON,,25,Paris Saint-Germain FC,RC Strasbourg Alsace,,,SCHEDULED
559497,2026/27,2027-03-20 00:00:00+00:00,REGULAR_SEASON,,25,Toulouse FC,Stade Brestois 29,,,SCHEDULED
559496,2026/27,2027-03-20 00:00:00+00:00,REGULAR_SEASON,,25,Angers SCO,Le Mans FC,,,SCHEDULED
559499,2026/27,2027-03-20 00:00:00+00:00,REGULAR_SEASON,,25,Stade Rennais FC 1901,Paris FC,,,SCHEDULED
559498,2026/27,2027-03-20 00:00:00+00:00,REGULAR_SEASON,,25,ES Troyes AC,AJ Auxerre,,,SCHEDULED
559495,2026/27,2027-03-21 19:45:00+00:00,REGULAR_SEASON,,25,Olympique de Marseille,Olympique Lyonnais,,,TIMED
559488,2026/27,2027-04-03 00:00:00+00:00,REGULAR_SEASON,,26,Le Mans FC,Olympique de Marseille,,,SCHEDULED
559494,2026/27,2027-04-03 00:00:00+00:00,REGULAR_SEASON,,26,OGC Nice,Olympique Lyonnais,,,SCHEDULED
559493,2026/27,2027-04-03 00:00:00+00:00,REGULAR_SEASON,,26,Paris FC,Paris Saint-Germain FC,,,SCHEDULED
559491,2026/27,2027-04-03 00:00:00+00:00,REGULAR_SEASON,,26,Stade Brestois 29,FC Lorient,,,SCHEDULED
559487,2026/27,2027-04-03 00:00:00+00:00,REGULAR_SEASON,,26,Angers SCO,AS Monaco FC,,,SCHEDULED
559489,2026/27,2027-04-03 00:00:00+00:00,REGULAR_SEASON,,26,AJ Auxerre,Racing Club de Lens,,,SCHEDULED
559486,2026/27,2027-04-03 00:00:00+00:00,REGULAR_SEASON,,26,Le Havre AC,ES Troyes AC,,,SCHEDULED
559490,2026/27,2027-04-03 00:00:00+00:00,REGULAR_SEASON,,26,Lille OSC,Stade Rennais FC 1901,,,SCHEDULED
559492,2026/27,2027-04-03 00:00:00+00:00,REGULAR_SEASON,,26,RC Strasbourg Alsace,Toulouse FC,,,SCHEDULED
559485,2026/27,2027-04-10 00:00:00+00:00,REGULAR_SEASON,,27,OGC Nice,Paris FC,,,SCHEDULED
559484,2026/27,2027-04-10 00:00:00+00:00,REGULAR_SEASON,,27,Lille OSC,Toulouse FC,,,SCHEDULED
559483,2026/27,2027-04-10 00:00:00+00:00,REGULAR_SEASON,,27,Le Mans FC,AJ Auxerre,,,SCHEDULED
559482,2026/27,2027-04-10 00:00:00+00:00,REGULAR_SEASON,,27,Olympique Lyonnais,RC Strasbourg Alsace,,,SCHEDULED
559481,2026/27,2027-04-10 00:00:00+00:00,REGULAR_SEASON,,27,Paris Saint-Germain FC,Le Havre AC,,,SCHEDULED
559480,2026/27,2027-04-10 00:00:00+00:00,REGULAR_SEASON,,27,ES Troyes AC,Angers SCO,,,SCHEDULED
559479,2026/27,2027-04-10 00:00:00+00:00,REGULAR_SEASON,,27,AS Monaco FC,Stade Rennais FC 1901,,,SCHEDULED
559478,2026/27,2027-04-10 00:00:00+00:00,REGULAR_SEASON,,27,Olympique de Marseille,Stade Brestois 29,,,SCHEDULED
559477,2026/27,2027-04-10 00:00:00+00:00,REGULAR_SEASON,,27,FC Lorient,Racing Club de Lens,,,SCHEDULED
559476,2026/27,2027-04-17 00:00:00+00:00,REGULAR_SEASON,,28,Toulouse FC,Paris FC,,,SCHEDULED
559475,2026/27,2027-04-17 00:00:00+00:00,REGULAR_SEASON,,28,Paris Saint-Germain FC,Lille OSC,,,SCHEDULED
559474,2026/27,2027-04-17 00:00:00+00:00,REGULAR_SEASON,,28,Le Havre AC,Olympique de Marseille,,,SCHEDULED
559473,2026/27,2027-04-17 00:00:00+00:00,REGULAR_SEASON,,28,Stade Rennais FC 1901,ES Troyes AC,,,SCHEDULED
559472,2026/27,2027-04-17 00:00:00+00:00,REGULAR_SEASON,,28,Racing Club de Lens,OGC Nice,,,SCHEDULED
559471,2026/27,2027-04-17 00:00:00+00:00,REGULAR_SEASON,,28,Angers SCO,Olympique Lyonnais,,,SCHEDULED
559470,2026/27,2027-04-17 00:00:00+00:00,REGULAR_SEASON,,28,AS Monaco FC,RC Strasbourg Alsace,,,SCHEDULED
559469,2026/27,2027-04-17 00:00:00+00:00,REGULAR_SEASON,,28,Stade Brestois 29,Le Mans FC,,,SCHEDULED
559468,2026/27,2027-04-17 00:00:00+00:00,REGULAR_SEASON,,28,AJ Auxerre,FC Lorient,,,SCHEDULED
559467,2026/27,2027-04-24 00:00:00+00:00,REGULAR_SEASON,,29,RC Strasbourg Alsace,Stade Rennais FC 1901,,,SCHEDULED
559466,2026/27,2027-04-24 00:00:00+00:00,REGULAR_SEASON,,29,Le Mans FC,Le Havre AC,,,SCHEDULED
559465,2026/27,2027-04-24 00:00:00+00:00,REGULAR_SEASON,,29,Olympique Lyonnais,Stade Brestois 29,,,SCHEDULED
559464,2026/27,2027-04-24 00:00:00+00:00,REGULAR_SEASON,,29,OGC Nice,Angers SCO,,,SCHEDULED
559463,2026/27,2027-04-24 00:00:00+00:00,REGULAR_SEASON,,29,ES Troyes AC,Toulouse FC,,,SCHEDULED
559462,2026/27,2027-04-24 00:00:00+00:00,REGULAR_SEASON,,29,FC Lorient,Paris Saint-Germain FC,,,SCHEDULED
559461,2026/27,2027-04-24 00:00:00+00:00,REGULAR_SEASON,,29,Lille OSC,AS Monaco FC,,,SCHEDULED
559460,2026/27,2027-04-24 00:00:00+00:00,REGULAR_SEASON,,29,Olympique de Marseille,AJ Auxerre,,,SCHEDULED
559459,2026/27,2027-04-24 00:00:00+00:00,REGULAR_SEASON,,29,Paris FC,Racing Club de Lens,,,SCHEDULED
559457,2026/27,2027-05-01 00:00:00+00:00,REGULAR_SEASON,,30,Stade Rennais FC 1901,OGC Nice,,,SCHEDULED
559454,2026/27,2027-05-01 00:00:00+00:00,REGULAR_SEASON,,30,Paris Saint-Germain FC,Angers SCO,,,SCHEDULED
559455,2026/27,2027-05-01 00:00:00+00:00,REGULAR_SEASON,,30,Le Havre AC,Paris FC,,,SCHEDULED
559451,2026/27,2027-05-01 00:00:00+00:00,REGULAR_SEASON,,30,AS Monaco FC,FC Lorient,,,SCHEDULED
559458,2026/27,2027-05-01 00:00:00+00:00,REGULAR_SEASON,,30,Toulouse FC,Olympique de Marseille,,,SCHEDULED
559452,2026/27,2027-05-01 00:00:00+00:00,REGULAR_SEASON,,30,ES Troyes AC,Stade Brestois 29,,,SCHEDULED
559453,2026/27,2027-05-01 00:00:00+00:00,REGULAR_SEASON,,30,Racing Club de Lens,Le Mans FC,,,SCHEDULED
559450,2026/27,2027-05-01 00:00:00+00:00,REGULAR_SEASON,,30,RC Strasbourg Alsace,Lille OSC,,,SCHEDULED
559456,2026/27,2027-05-01 00:00:00+00:00,REGULAR_SEASON,,30,AJ Auxerre,Olympique Lyonnais,,,SCHEDULED
559446,2026/27,2027-05-08 00:00:00+00:00,REGULAR_SEASON,,31,Stade Rennais FC 1901,Le Havre AC,,,SCHEDULED
559449,2026/27,2027-05-08 00:00:00+00:00,REGULAR_SEASON,,31,OGC Nice,Olympique de Marseille,,,SCHEDULED
559448,2026/27,2027-05-08 00:00:00+00:00,REGULAR_SEASON,,31,Angers SCO,Toulouse FC,,,SCHEDULED
559447,2026/27,2027-05-08 00:00:00+00:00,REGULAR_SEASON,,31,Racing Club de Lens,AS Monaco FC,,,SCHEDULED
559443,2026/27,2027-05-08 00:00:00+00:00,REGULAR_SEASON,,31,FC Lorient,RC Strasbourg Alsace,,,SCHEDULED
559442,2026/27,2027-05-08 00:00:00+00:00,REGULAR_SEASON,,31,Paris FC,Lille OSC,,,SCHEDULED
559445,2026/27,2027-05-08 00:00:00+00:00,REGULAR_SEASON,,31,Le Mans FC,ES Troyes AC,,,SCHEDULED
559444,2026/27,2027-05-08 00:00:00+00:00,REGULAR_SEASON,,31,Stade Brestois 29,AJ Auxerre,,,SCHEDULED
559441,2026/27,2027-05-09 18:45:00+00:00,REGULAR_SEASON,,31,Olympique Lyonnais,Paris Saint-Germain FC,,,TIMED
559440,2026/27,2027-05-16 00:00:00+00:00,REGULAR_SEASON,,32,RC Strasbourg Alsace,ES Troyes AC,,,SCHEDULED
559437,2026/27,2027-05-16 00:00:00+00:00,REGULAR_SEASON,,32,Olympique de Marseille,Racing Club de Lens,,,SCHEDULED
559436,2026/27,2027-05-16 00:00:00+00:00,REGULAR_SEASON,,32,Stade Brestois 29,Le Havre AC,,,SCHEDULED
559433,2026/27,2027-05-16 00:00:00+00:00,REGULAR_SEASON,,32,Olympique Lyonnais,Le Mans FC,,,SCHEDULED
559439,2026/27,2027-05-16 00:00:00+00:00,REGULAR_SEASON,,32,AJ Auxerre,Stade Rennais FC 1901,,,SCHEDULED
559435,2026/27,2027-05-16 00:00:00+00:00,REGULAR_SEASON,,32,Toulouse FC,FC Lorient,,,SCHEDULED
559432,2026/27,2027-05-16 00:00:00+00:00,REGULAR_SEASON,,32,AS Monaco FC,Paris FC,,,SCHEDULED
559434,2026/27,2027-05-16 00:00:00+00:00,REGULAR_SEASON,,32,Paris Saint-Germain FC,OGC Nice,,,SCHEDULED
559438,2026/27,2027-05-16 00:00:00+00:00,REGULAR_SEASON,,32,Lille OSC,Angers SCO,,,SCHEDULED
559427,2026/27,2027-05-22 00:00:00+00:00,REGULAR_SEASON,,33,Le Mans FC,RC Strasbourg Alsace,,,SCHEDULED
559431,2026/27,2027-05-22 00:00:00+00:00,REGULAR_SEASON,,33,Racing Club de Lens,Stade Rennais FC 1901,,,SCHEDULED
559428,2026/27,2027-05-22 00:00:00+00:00,REGULAR_SEASON,,33,Toulouse FC,AJ Auxerre,,,SCHEDULED
559424,2026/27,2027-05-22 00:00:00+00:00,REGULAR_SEASON,,33,Angers SCO,Stade Brestois 29,,,SCHEDULED
559430,2026/27,2027-05-22 00:00:00+00:00,REGULAR_SEASON,,33,Paris FC,Olympique de Marseille,,,SCHEDULED
559425,2026/27,2027-05-22 00:00:00+00:00,REGULAR_SEASON,,33,FC Lorient,Olympique Lyonnais,,,SCHEDULED
559423,2026/27,2027-05-22 00:00:00+00:00,REGULAR_SEASON,,33,OGC Nice,AS Monaco FC,,,SCHEDULED
559426,2026/27,2027-05-22 00:00:00+00:00,REGULAR_SEASON,,33,ES Troyes AC,Paris Saint-Germain FC,,,SCHEDULED
559429,2026/27,2027-05-22 00:00:00+00:00,REGULAR_SEASON,,33,Le Havre AC,Lille OSC,,,SCHEDULED
559419,2026/27,2027-05-29 00:00:00+00:00,REGULAR_SEASON,,34,Stade Rennais FC 1901,Angers SCO,,,SCHEDULED
559420,2026/27,2027-05-29 00:00:00+00:00,REGULAR_SEASON,,34,Olympique Lyonnais,Paris FC,,,SCHEDULED
559421,2026/27,2027-05-29 00:00:00+00:00,REGULAR_SEASON,,34,AJ Auxerre,Le Havre AC,,,SCHEDULED
559414,2026/27,2027-05-29 00:00:00+00:00,REGULAR_SEASON,,34,AS Monaco FC,ES Troyes AC,,,SCHEDULED
559415,2026/27,2027-05-29 00:00:00+00:00,REGULAR_SEASON,,34,Paris Saint-Germain FC,Toulouse FC,,,SCHEDULED
559416,2026/27,2027-05-29 00:00:00+00:00,REGULAR_SEASON,,34,Lille OSC,Le Mans FC,,,SCHEDULED
559417,2026/27,2027-05-29 00:00:00+00:00,REGULAR_SEASON,,34,Stade Brestois 29,Racing Club de Lens,,,SCHEDULED
559418,2026/27,2027-05-29 00:00:00+00:00,REGULAR_SEASON,,34,Olympique de Marseille,FC Lorient,,,SCHEDULED
559422,2026/27,2027-05-29 00:00:00+00:00,REGULAR_SEASON,,34,RC Strasbourg Alsace,OGC Nice,,,SCHEDULED
