fixture_id,season,date,stage,group,matchday,home_team,away_team,home_goals,away_goals,status
438482,2023/24,2023-08-11 17:30:00+00:00,REGULAR_SEASON,,1,UD Almería,Rayo Vallecano de Madrid,0,2,FINISHED
438479,2023/24,2023-08-11 20:00:00+00:00,REGULAR_SEASON,,1,Sevilla FC,Valencia CF,1,2,FINISHED
438481,2023/24,2023-08-12 15:00:00+00:00,REGULAR_SEASON,,1,Real Sociedad de Fútbol,Girona FC,1,1,FINISHED
438483,2023/24,2023-08-12 17:30:00+00:00,REGULAR_SEASON,,1,UD Las Palmas,RCD Mallorca,1,1,FINISHED
438474,2023/24,2023-08-12 19:30:00+00:00,REGULAR_SEASON,,1,Athletic Club,Real Madrid CF,0,2,FINISHED
438476,2023/24,2023-08-13 15:00:00+00:00,REGULAR_SEASON,,1,RC Celta de Vigo,CA Osasuna,0,2,FINISHED
438480,2023/24,2023-08-13 17:30:00+00:00,REGULAR_SEASON,,1,Villarreal CF,Real Betis Balompié,1,2,FINISHED
438478,2023/24,2023-08-13 19:30:00+00:00,REGULAR_SEASON,,1,Getafe CF,FC Barcelona,0,0,FINISHED
438477,2023/24,2023-08-14 17:30:00+00:00,REGULAR_SEASON,,1,Cádiz CF,Deportivo Alavés,1,0,FINISHED
438475,2023/24,2023-08-14 19:30:00+00:00,REGULAR_SEASON,,1,Club Atlético de Madrid,Granada CF,3,1,FINISHED
438491,2023/24,2023-08-18 17:30:00+00:00,REGULAR_SEASON,,2,RCD Mallorca,Villarreal CF,0,1,FINISHED
438490,2023/24,2023-08-18 19:30:00+00:00,REGULAR_SEASON,,2,Valencia CF,UD Las Palmas,1,0,FINISHED
438492,2023/24,2023-08-19 15:00:00+00:00,REGULAR_SEASON,,2,Real Sociedad de Fútbol,RC Celta de Vigo,1,1,FINISHED
438493,2023/24,2023-08-19 17:30:00+00:00,REGULAR_SEASON,,2,UD Almería,Real Madrid CF,1,3,FINISHED
438485,2023/24,2023-08-19 19:30:00+00:00,REGULAR_SEASON,,2,CA Osasuna,Athletic Club,0,2,FINISHED
438488,2023/24,2023-08-20 17:00:00+00:00,REGULAR_SEASON,,2,Girona FC,Getafe CF,3,0,FINISHED
438487,2023/24,2023-08-20 17:30:00+00:00,REGULAR_SEASON,,2,FC Barcelona,Cádiz CF,2,0,FINISHED
438484,2023/24,2023-08-20 19:30:00+00:00,REGULAR_SEASON,,2,Real Betis Balompié,Club Atlético de Madrid,0,0,FINISHED
438486,2023/24,2023-08-21 17:00:00+00:00,REGULAR_SEASON,,2,Deportivo Alavés,Sevilla FC,4,3,FINISHED
438489,2023/24,2023-08-21 19:30:00+00:00,REGULAR_SEASON,,2,Granada CF,Rayo Vallecano de Madrid,0,2,FINISHED
438503,2023/24,2023-08-25 17:30:00+00:00,REGULAR_SEASON,,3,UD Las Palmas,Real Sociedad de Fútbol,0,0,FINISHED
438495,2023/24,2023-08-25 19:30:00+00:00,REGULAR_SEASON,,3,RC Celta de Vigo,Real Madrid CF,0,1,FINISHED
438496,2023/24,2023-08-26 17:00:00+00:00,REGULAR_SEASON,,3,Cádiz CF,UD Almería,1,1,FINISHED
438498,2023/24,2023-08-26 17:30:00+00:00,REGULAR_SEASON,,3,Granada CF,RCD Mallorca,3,2,FINISHED
438499,2023/24,2023-08-26 19:30:00+00:00,REGULAR_SEASON,,3,Sevilla FC,Girona FC,1,2,FINISHED
438501,2023/24,2023-08-27 15:30:00+00:00,REGULAR_SEASON,,3,Villarreal CF,FC Barcelona,3,4,FINISHED
438500,2023/24,2023-08-27 17:30:00+00:00,REGULAR_SEASON,,3,Valencia CF,CA Osasuna,1,2,FINISHED
438494,2023/24,2023-08-27 19:30:00+00:00,REGULAR_SEASON,,3,Athletic Club,Real Betis Balompié,4,2,FINISHED
438497,2023/24,2023-08-28 17:30:00+00:00,REGULAR_SEASON,,3,Getafe CF,Deportivo Alavés,1,0,FINISHED
438502,2023/24,2023-08-28 19:30:00+00:00,REGULAR_SEASON,,3,Rayo Vallecano de Madrid,Club Atlético de Madrid,0,7,FINISHED
438508,2023/24,2023-09-01 17:30:00+00:00,REGULAR_SEASON,,4,Cádiz CF,Villarreal CF,3,1,FINISHED
438513,2023/24,2023-09-01 20:00:00+00:00,REGULAR_SEASON,,4,UD Almería,RC Celta de Vigo,2,3,FINISHED
438512,2023/24,2023-09-02 12:00:00+00:00,REGULAR_SEASON,,4,Real Sociedad de Fútbol,Granada CF,5,3,FINISHED
438511,2023/24,2023-09-02 14:15:00+00:00,REGULAR_SEASON,,4,Real Madrid CF,Getafe CF,2,1,FINISHED
438507,2023/24,2023-09-02 16:30:00+00:00,REGULAR_SEASON,,4,Deportivo Alavés,Valencia CF,1,0,FINISHED
438505,2023/24,2023-09-02 19:00:00+00:00,REGULAR_SEASON,,4,Real Betis Balompié,Rayo Vallecano de Madrid,1,0,FINISHED
438509,2023/24,2023-09-03 12:00:00+00:00,REGULAR_SEASON,,4,Girona FC,UD Las Palmas,1,0,FINISHED
438510,2023/24,2023-09-03 14:15:00+00:00,REGULAR_SEASON,,4,RCD Mallorca,Athletic Club,0,0,FINISHED
438506,2023/24,2023-09-03 19:00:00+00:00,REGULAR_SEASON,,4,CA Osasuna,FC Barcelona,1,2,FINISHED
438522,2023/24,2023-09-15 19:00:00+00:00,REGULAR_SEASON,,5,Rayo Vallecano de Madrid,Deportivo Alavés,2,0,FINISHED
438514,2023/24,2023-09-16 12:00:00+00:00,REGULAR_SEASON,,5,Athletic Club,Cádiz CF,3,0,FINISHED
438520,2023/24,2023-09-16 14:15:00+00:00,REGULAR_SEASON,,5,Valencia CF,Club Atlético de Madrid,3,0,FINISHED
438515,2023/24,2023-09-16 16:30:00+00:00,REGULAR_SEASON,,5,RC Celta de Vigo,RCD Mallorca,0,1,FINISHED
438516,2023/24,2023-09-16 19:00:00+00:00,REGULAR_SEASON,,5,FC Barcelona,Real Betis Balompié,5,0,FINISHED
438517,2023/24,2023-09-17 12:00:00+00:00,REGULAR_SEASON,,5,Getafe CF,CA Osasuna,3,2,FINISHED
438521,2023/24,2023-09-17 14:15:00+00:00,REGULAR_SEASON,,5,Villarreal CF,UD Almería,2,1,FINISHED
438519,2023/24,2023-09-17 16:30:00+00:00,REGULAR_SEASON,,5,Sevilla FC,UD Las Palmas,1,0,FINISHED
438523,2023/24,2023-09-17 19:00:00+00:00,REGULAR_SEASON,,5,Real Madrid CF,Real Sociedad de Fútbol,2,1,FINISHED
438518,2023/24,2023-09-18 19:00:00+00:00,REGULAR_SEASON,,5,Granada CF,Girona FC,2,4,FINISHED
438527,2023/24,2023-09-22 19:00:00+00:00,REGULAR_SEASON,,6,Deportivo Alavés,Athletic Club,0,2,FINISHED
438529,2023/24,2023-09-23 12:00:00+00:00,REGULAR_SEASON,,6,Girona FC,RCD Mallorca,5,3,FINISHED
438526,2023/24,2023-09-23 14:15:00+00:00,REGULAR_SEASON,,6,CA Osasuna,Sevilla FC,0,0,FINISHED
438528,2023/24,2023-09-23 16:30:00+00:00,REGULAR_SEASON,,6,FC Barcelona,RC Celta de Vigo,3,2,FINISHED
438532,2023/24,2023-09-23 19:00:00+00:00,REGULAR_SEASON,,6,UD Almería,Valencia CF,2,2,FINISHED
438531,2023/24,2023-09-24 12:00:00+00:00,REGULAR_SEASON,,6,Real Sociedad de Fútbol,Getafe CF,4,3,FINISHED
438530,2023/24,2023-09-24 14:15:00+00:00,REGULAR_SEASON,,6,Rayo Vallecano de Madrid,Villarreal CF,1,1,FINISHED
438533,2023/24,2023-09-24 16:30:00+00:00,REGULAR_SEASON,,6,UD Las Palmas,Granada CF,1,0,FINISHED
438525,2023/24,2023-09-24 16:30:00+00:00,REGULAR_SEASON,,6,Real Betis Balompié,Cádiz CF,1,1,FINISHED
438524,2023/24,2023-09-24 19:00:00+00:00,REGULAR_SEASON,,6,Club Atlético de Madrid,Real Madrid CF,3,1,FINISHED
438539,2023/24,2023-09-26 17:00:00+00:00,REGULAR_SEASON,,7,Sevilla FC,UD Almería,5,1,FINISHED
438542,2023/24,2023-09-26 19:30:00+00:00,REGULAR_SEASON,,7,RCD Mallorca,FC Barcelona,2,2,FINISHED
438541,2023/24,2023-09-27 17:00:00+00:00,REGULAR_SEASON,,7,Villarreal CF,Girona FC,1,2,FINISHED
438543,2023/24,2023-09-27 17:00:00+00:00,REGULAR_SEASON,,7,Real Madrid CF,UD Las Palmas,2,0,FINISHED
438534,2023/24,2023-09-27 17:00:00+00:00,REGULAR_SEASON,,7,Athletic Club,Getafe CF,2,2,FINISHED
438537,2023/24,2023-09-27 19:30:00+00:00,REGULAR_SEASON,,7,Cádiz CF,Rayo Vallecano de Madrid,0,0,FINISHED
438540,2023/24,2023-09-27 19:30:00+00:00,REGULAR_SEASON,,7,Valencia CF,Real Sociedad de Fútbol,0,1,FINISHED
438536,2023/24,2023-09-28 17:00:00+00:00,REGULAR_SEASON,,7,RC Celta de Vigo,Deportivo Alavés,1,1,FINISHED
438538,2023/24,2023-09-28 17:00:00+00:00,REGULAR_SEASON,,7,Granada CF,Real Betis Balompié,1,1,FINISHED
438535,2023/24,2023-09-28 19:30:00+00:00,REGULAR_SEASON,,7,CA Osasuna,Club Atlético de Madrid,0,2,FINISHED
438547,2023/24,2023-09-29 19:00:00+00:00,REGULAR_SEASON,,8,FC Barcelona,Sevilla FC,1,0,FINISHED
438548,2023/24,2023-09-30 12:00:00+00:00,REGULAR_SEASON,,8,Getafe CF,Villarreal CF,0,0,FINISHED
438550,2023/24,2023-09-30 14:15:00+00:00,REGULAR_SEASON,,8,Rayo Vallecano de Madrid,RCD Mallorca,2,2,FINISHED
438549,2023/24,2023-09-30 16:30:00+00:00,REGULAR_SEASON,,8,Girona FC,Real Madrid CF,0,3,FINISHED
438551,2023/24,2023-09-30 19:00:00+00:00,REGULAR_SEASON,,8,Real Sociedad de Fútbol,Athletic Club,3,0,FINISHED
438552,2023/24,2023-10-01 12:00:00+00:00,REGULAR_SEASON,,8,UD Almería,Granada CF,3,3,FINISHED
438546,2023/24,2023-10-01 14:15:00+00:00,REGULAR_SEASON,,8,Deportivo Alavés,CA Osasuna,0,2,FINISHED
438544,2023/24,2023-10-01 19:00:00+00:00,REGULAR_SEASON,,8,Club Atlético de Madrid,Cádiz CF,3,2,FINISHED
438545,2023/24,2023-10-01 19:00:00+00:00,REGULAR_SEASON,,8,Real Betis Balompié,Valencia CF,3,0,FINISHED
438553,2023/24,2023-10-02 19:00:00+00:00,REGULAR_SEASON,,8,UD Las Palmas,RC Celta de Vigo,2,1,FINISHED
438554,2023/24,2023-10-06 19:00:00+00:00,REGULAR_SEASON,,9,Athletic Club,UD Almería,3,0,FINISHED
438558,2023/24,2023-10-07 12:00:00+00:00,REGULAR_SEASON,,9,Cádiz CF,Girona FC,0,1,FINISHED
438563,2023/24,2023-10-07 14:15:00+00:00,REGULAR_SEASON,,9,Real Madrid CF,CA Osasuna,4,0,FINISHED
438562,2023/24,2023-10-07 16:30:00+00:00,REGULAR_SEASON,,9,RCD Mallorca,Valencia CF,1,1,FINISHED
438560,2023/24,2023-10-07 19:00:00+00:00,REGULAR_SEASON,,9,Sevilla FC,Rayo Vallecano de Madrid,2,2,FINISHED
438561,2023/24,2023-10-08 12:00:00+00:00,REGULAR_SEASON,,9,Villarreal CF,UD Las Palmas,1,2,FINISHED
438555,2023/24,2023-10-08 14:15:00+00:00,REGULAR_SEASON,,9,Club Atlético de Madrid,Real Sociedad de Fútbol,2,1,FINISHED
438556,2023/24,2023-10-08 16:30:00+00:00,REGULAR_SEASON,,9,RC Celta de Vigo,Getafe CF,2,2,FINISHED
438557,2023/24,2023-10-08 16:30:00+00:00,REGULAR_SEASON,,9,Deportivo Alavés,Real Betis Balompié,1,1,FINISHED
438559,2023/24,2023-10-08 19:00:00+00:00,REGULAR_SEASON,,9,Granada CF,FC Barcelona,2,2,FINISHED
438564,2023/24,2023-10-20 19:00:00+00:00,REGULAR_SEASON,,10,CA Osasuna,Granada CF,2,0,FINISHED
438572,2023/24,2023-10-21 12:00:00+00:00,REGULAR_SEASON,,10,Real Sociedad de Fútbol,RCD Mallorca,1,0,FINISHED
438567,2023/24,2023-10-21 14:15:00+00:00,REGULAR_SEASON,,10,Getafe CF,Real Betis Balompié,1,1,FINISHED
438569,2023/24,2023-10-21 16:30:00+00:00,REGULAR_SEASON,,10,Sevilla FC,Real Madrid CF,1,1,FINISHED
438565,2023/24,2023-10-21 19:00:00+00:00,REGULAR_SEASON,,10,RC Celta de Vigo,Club Atlético de Madrid,0,3,FINISHED
438573,2023/24,2023-10-22 12:00:00+00:00,REGULAR_SEASON,,10,UD Las Palmas,Rayo Vallecano de Madrid,0,1,FINISHED
438568,2023/24,2023-10-22 14:15:00+00:00,REGULAR_SEASON,,10,Girona FC,UD Almería,5,2,FINISHED
438571,2023/24,2023-10-22 16:30:00+00:00,REGULAR_SEASON,,10,Villarreal CF,Deportivo Alavés,1,1,FINISHED
438566,2023/24,2023-10-22 19:00:00+00:00,REGULAR_SEASON,,10,FC Barcelona,Athletic Club,1,0,FINISHED
438570,2023/24,2023-10-23 19:00:00+00:00,REGULAR_SEASON,,10,Valencia CF,Cádiz CF,2,0,FINISHED
438579,2023/24,2023-10-27 19:00:00+00:00,REGULAR_SEASON,,11,Girona FC,RC Celta de Vigo,1,0,FINISHED
438583,2023/24,2023-10-28 12:00:00+00:00,REGULAR_SEASON,,11,UD Almería,UD Las Palmas,1,2,FINISHED
438577,2023/24,2023-10-28 14:15:00+00:00,REGULAR_SEASON,,11,FC Barcelona,Real Madrid CF,1,2,FINISHED
438582,2023/24,2023-10-28 16:30:00+00:00,REGULAR_SEASON,,11,RCD Mallorca,Getafe CF,0,0,FINISHED
438578,2023/24,2023-10-28 19:00:00+00:00,REGULAR_SEASON,,11,Cádiz CF,Sevilla FC,2,2,FINISHED
438576,2023/24,2023-10-29 13:00:00+00:00,REGULAR_SEASON,,11,Real Betis Balompié,CA Osasuna,2,1,FINISHED
438581,2023/24,2023-10-29 15:15:00+00:00,REGULAR_SEASON,,11,Rayo Vallecano de Madrid,Real Sociedad de Fútbol,2,2,FINISHED
438574,2023/24,2023-10-29 17:30:00+00:00,REGULAR_SEASON,,11,Athletic Club,Valencia CF,2,2,FINISHED
438575,2023/24,2023-10-29 20:00:00+00:00,REGULAR_SEASON,,11,Club Atlético de Madrid,Deportivo Alavés,2,1,FINISHED
438580,2023/24,2023-10-30 20:00:00+00:00,REGULAR_SEASON,,11,Granada CF,Villarreal CF,2,3,FINISHED
438593,2023/24,2023-11-03 20:00:00+00:00,REGULAR_SEASON,,12,UD Las Palmas,Club Atlético de Madrid,2,1,FINISHED
438585,2023/24,2023-11-04 13:00:00+00:00,REGULAR_SEASON,,12,CA Osasuna,Girona FC,2,4,FINISHED
438584,2023/24,2023-11-04 15:15:00+00:00,REGULAR_SEASON,,12,Real Betis Balompié,RCD Mallorca,2,0,FINISHED
438586,2023/24,2023-11-04 17:30:00+00:00,REGULAR_SEASON,,12,RC Celta de Vigo,Sevilla FC,1,1,FINISHED
438592,2023/24,2023-11-04 20:00:00+00:00,REGULAR_SEASON,,12,Real Sociedad de Fútbol,FC Barcelona,0,1,FINISHED
438587,2023/24,2023-11-05 13:00:00+00:00,REGULAR_SEASON,,12,Deportivo Alavés,UD Almería,1,0,FINISHED
438589,2023/24,2023-11-05 15:15:00+00:00,REGULAR_SEASON,,12,Valencia CF,Granada CF,1,0,FINISHED
438590,2023/24,2023-11-05 17:30:00+00:00,REGULAR_SEASON,,12,Villarreal CF,Athletic Club,2,3,FINISHED
438591,2023/24,2023-11-05 20:00:00+00:00,REGULAR_SEASON,,12,Real Madrid CF,Rayo Vallecano de Madrid,0,0,FINISHED
438588,2023/24,2023-11-06 20:00:00+00:00,REGULAR_SEASON,,12,Getafe CF,Cádiz CF,1,0,FINISHED
438594,2023/24,2023-11-10 20:00:00+00:00,REGULAR_SEASON,,13,Athletic Club,RC Celta de Vigo,4,3,FINISHED
438600,2023/24,2023-11-11 13:00:00+00:00,REGULAR_SEASON,,13,Rayo Vallecano de Madrid,Girona FC,1,2,FINISHED
438603,2023/24,2023-11-11 15:15:00+00:00,REGULAR_SEASON,,13,UD Almería,Real Sociedad de Fútbol,1,3,FINISHED
438596,2023/24,2023-11-11 17:30:00+00:00,REGULAR_SEASON,,13,CA Osasuna,UD Las Palmas,1,1,FINISHED
438598,2023/24,2023-11-11 17:30:00+00:00,REGULAR_SEASON,,13,Granada CF,Getafe CF,1,1,FINISHED
438602,2023/24,2023-11-11 20:00:00+00:00,REGULAR_SEASON,,13,Real Madrid CF,Valencia CF,5,1,FINISHED
438597,2023/24,2023-11-12 15:15:00+00:00,REGULAR_SEASON,,13,FC Barcelona,Deportivo Alavés,2,1,FINISHED
438599,2023/24,2023-11-12 17:30:00+00:00,REGULAR_SEASON,,13,Sevilla FC,Real Betis Balompié,1,1,FINISHED
438595,2023/24,2023-11-12 20:00:00+00:00,REGULAR_SEASON,,13,Club Atlético de Madrid,Villarreal CF,3,1,FINISHED
438606,2023/24,2023-11-24 20:00:00+00:00,REGULAR_SEASON,,14,Deportivo Alavés,Granada CF,3,1,FINISHED
438612,2023/24,2023-11-25 13:00:00+00:00,REGULAR_SEASON,,14,Rayo Vallecano de Madrid,FC Barcelona,1,1,FINISHED
438610,2023/24,2023-11-25 15:15:00+00:00,REGULAR_SEASON,,14,Valencia CF,RC Celta de Vigo,0,0,FINISHED
438608,2023/24,2023-11-25 17:30:00+00:00,REGULAR_SEASON,,14,Getafe CF,UD Almería,2,1,FINISHED
438604,2023/24,2023-11-25 20:00:00+00:00,REGULAR_SEASON,,14,Club Atlético de Madrid,RCD Mallorca,1,0,FINISHED
438611,2023/24,2023-11-26 13:00:00+00:00,REGULAR_SEASON,,14,Villarreal CF,CA Osasuna,3,1,FINISHED
438613,2023/24,2023-11-26 15:15:00+00:00,REGULAR_SEASON,,14,Real Sociedad de Fútbol,Sevilla FC,2,1,FINISHED
438607,2023/24,2023-11-26 17:30:00+00:00,REGULAR_SEASON,,14,Cádiz CF,Real Madrid CF,0,3,FINISHED
438605,2023/24,2023-11-26 20:00:00+00:00,REGULAR_SEASON,,14,Real Betis Balompié,UD Las Palmas,1,0,FINISHED
438609,2023/24,2023-11-27 20:00:00+00:00,REGULAR_SEASON,,14,Girona FC,Athletic Club,1,1,FINISHED
438601,2023/24,2023-11-29 20:00:00+00:00,REGULAR_SEASON,,13,RCD Mallorca,Cádiz CF,1,1,FINISHED
438623,2023/24,2023-12-01 20:00:00+00:00,REGULAR_SEASON,,15,UD Las Palmas,Getafe CF,2,0,FINISHED
438618,2023/24,2023-12-02 13:00:00+00:00,REGULAR_SEASON,,15,Girona FC,Valencia CF,2,1,FINISHED
438614,2023/24,2023-12-02 15:15:00+00:00,REGULAR_SEASON,,15,Athletic Club,Rayo Vallecano de Madrid,4,0,FINISHED
438621,2023/24,2023-12-02 17:30:00+00:00,REGULAR_SEASON,,15,Real Madrid CF,Granada CF,2,0,FINISHED
438615,2023/24,2023-12-02 20:00:00+00:00,REGULAR_SEASON,,15,CA Osasuna,Real Sociedad de Fútbol,1,1,FINISHED
438620,2023/24,2023-12-03 13:00:00+00:00,REGULAR_SEASON,,15,RCD Mallorca,Deportivo Alavés,0,0,FINISHED
438622,2023/24,2023-12-03 15:15:00+00:00,REGULAR_SEASON,,15,UD Almería,Real Betis Balompié,0,0,FINISHED
438619,2023/24,2023-12-03 17:30:00+00:00,REGULAR_SEASON,,15,Sevilla FC,Villarreal CF,1,1,FINISHED
438617,2023/24,2023-12-03 20:00:00+00:00,REGULAR_SEASON,,15,FC Barcelona,Club Atlético de Madrid,1,0,FINISHED
438616,2023/24,2023-12-04 20:00:00+00:00,REGULAR_SEASON,,15,RC Celta de Vigo,Cádiz CF,1,1,FINISHED
438629,2023/24,2023-12-08 20:00:00+00:00,REGULAR_SEASON,,16,Getafe CF,Valencia CF,1,0,FINISHED
438626,2023/24,2023-12-09 13:00:00+00:00,REGULAR_SEASON,,16,Deportivo Alavés,UD Las Palmas,0,1,FINISHED
438625,2023/24,2023-12-09 15:15:00+00:00,REGULAR_SEASON,,16,Real Betis Balompié,Real Madrid CF,1,1,FINISHED
438631,2023/24,2023-12-09 17:30:00+00:00,REGULAR_SEASON,,16,Villarreal CF,Real Sociedad de Fútbol,0,3,FINISHED
438633,2023/24,2023-12-09 20:00:00+00:00,REGULAR_SEASON,,16,RCD Mallorca,Sevilla FC,1,0,FINISHED
438624,2023/24,2023-12-10 13:00:00+00:00,REGULAR_SEASON,,16,Club Atlético de Madrid,UD Almería,2,1,FINISHED
438628,2023/24,2023-12-10 17:30:00+00:00,REGULAR_SEASON,,16,Cádiz CF,CA Osasuna,1,1,FINISHED
438627,2023/24,2023-12-10 20:00:00+00:00,REGULAR_SEASON,,16,FC Barcelona,Girona FC,2,4,FINISHED
438630,2023/24,2023-12-11 20:00:00+00:00,REGULAR_SEASON,,16,Granada CF,Athletic Club,1,1,FINISHED
438632,2023/24,2023-12-11 20:00:00+00:00,REGULAR_SEASON,,16,Rayo Vallecano de Madrid,RC Celta de Vigo,0,0,FINISHED
438635,2023/24,2023-12-15 20:00:00+00:00,REGULAR_SEASON,,17,CA Osasuna,Rayo Vallecano de Madrid,1,0,FINISHED
438636,2023/24,2023-12-16 13:00:00+00:00,REGULAR_SEASON,,17,RC Celta de Vigo,Granada CF,1,0,FINISHED
438634,2023/24,2023-12-16 15:15:00+00:00,REGULAR_SEASON,,17,Athletic Club,Club Atlético de Madrid,2,0,FINISHED
438638,2023/24,2023-12-16 17:30:00+00:00,REGULAR_SEASON,,17,Sevilla FC,Getafe CF,0,3,FINISHED
438639,2023/24,2023-12-16 20:00:00+00:00,REGULAR_SEASON,,17,Valencia CF,FC Barcelona,1,1,FINISHED
438642,2023/24,2023-12-17 13:00:00+00:00,REGULAR_SEASON,,17,UD Almería,RCD Mallorca,0,0,FINISHED
438641,2023/24,2023-12-17 15:15:00+00:00,REGULAR_SEASON,,17,Real Sociedad de Fútbol,Real Betis Balompié,0,0,FINISHED
438643,2023/24,2023-12-17 17:30:00+00:00,REGULAR_SEASON,,17,UD Las Palmas,Cádiz CF,1,1,FINISHED
438640,2023/24,2023-12-17 20:00:00+00:00,REGULAR_SEASON,,17,Real Madrid CF,Villarreal CF,4,1,FINISHED
438637,2023/24,2023-12-18 20:00:00+00:00,REGULAR_SEASON,,17,Girona FC,Deportivo Alavés,3,0,FINISHED
438652,2023/24,2023-12-19 18:00:00+00:00,REGULAR_SEASON,,18,Rayo Vallecano de Madrid,Valencia CF,0,1,FINISHED
438645,2023/24,2023-12-19 20:30:00+00:00,REGULAR_SEASON,,18,Club Atlético de Madrid,Getafe CF,3,3,FINISHED
438650,2023/24,2023-12-19 20:30:00+00:00,REGULAR_SEASON,,18,Granada CF,Sevilla FC,0,3,FINISHED
438648,2023/24,2023-12-20 18:00:00+00:00,REGULAR_SEASON,,18,FC Barcelona,UD Almería,3,2,FINISHED
438644,2023/24,2023-12-20 20:30:00+00:00,REGULAR_SEASON,,18,Athletic Club,UD Las Palmas,1,0,FINISHED
438651,2023/24,2023-12-20 20:30:00+00:00,REGULAR_SEASON,,18,Villarreal CF,RC Celta de Vigo,3,2,FINISHED
438646,2023/24,2023-12-21 18:00:00+00:00,REGULAR_SEASON,,18,Real Betis Balompié,Girona FC,1,1,FINISHED
438649,2023/24,2023-12-21 18:00:00+00:00,REGULAR_SEASON,,18,Cádiz CF,Real Sociedad de Fútbol,0,0,FINISHED
438653,2023/24,2023-12-21 20:30:00+00:00,REGULAR_SEASON,,18,RCD Mallorca,CA Osasuna,3,2,FINISHED
438647,2023/24,2023-12-21 20:30:00+00:00,REGULAR_SEASON,,18,Deportivo Alavés,Real Madrid CF,0,1,FINISHED
438504,2023/24,2023-12-23 15:15:00+00:00,REGULAR_SEASON,,4,Club Atlético de Madrid,Sevilla FC,1,0,FINISHED
438656,2023/24,2024-01-02 16:00:00+00:00,REGULAR_SEASON,,19,Getafe CF,Rayo Vallecano de Madrid,0,2,FINISHED
438662,2023/24,2024-01-02 18:15:00+00:00,REGULAR_SEASON,,19,Real Sociedad de Fútbol,Deportivo Alavés,1,1,FINISHED
438660,2023/24,2024-01-02 20:30:00+00:00,REGULAR_SEASON,,19,Valencia CF,Villarreal CF,3,1,FINISHED
438658,2023/24,2024-01-03 16:00:00+00:00,REGULAR_SEASON,,19,Granada CF,Cádiz CF,2,0,FINISHED
438655,2023/24,2024-01-03 18:15:00+00:00,REGULAR_SEASON,,19,RC Celta de Vigo,Real Betis Balompié,2,1,FINISHED
438661,2023/24,2024-01-03 18:15:00+00:00,REGULAR_SEASON,,19,Real Madrid CF,RCD Mallorca,1,0,FINISHED
438657,2023/24,2024-01-03 20:30:00+00:00,REGULAR_SEASON,,19,Girona FC,Club Atlético de Madrid,4,3,FINISHED
438654,2023/24,2024-01-04 16:00:00+00:00,REGULAR_SEASON,,19,CA Osasuna,UD Almería,1,0,FINISHED
438659,2023/24,2024-01-04 18:15:00+00:00,REGULAR_SEASON,,19,Sevilla FC,Athletic Club,0,2,FINISHED
438663,2023/24,2024-01-04 20:30:00+00:00,REGULAR_SEASON,,19,UD Las Palmas,FC Barcelona,1,2,FINISHED
438670,2023/24,2024-01-12 20:00:00+00:00,REGULAR_SEASON,,20,Sevilla FC,Deportivo Alavés,2,3,FINISHED
438673,2023/24,2024-01-13 13:00:00+00:00,REGULAR_SEASON,,20,UD Las Palmas,Villarreal CF,3,0,FINISHED
438671,2023/24,2024-01-13 15:15:00+00:00,REGULAR_SEASON,,20,RCD Mallorca,RC Celta de Vigo,1,1,FINISHED
438664,2023/24,2024-01-13 17:30:00+00:00,REGULAR_SEASON,,20,Athletic Club,Real Sociedad de Fútbol,2,1,FINISHED
438666,2023/24,2024-01-13 20:00:00+00:00,REGULAR_SEASON,,20,Real Betis Balompié,Granada CF,1,0,FINISHED
438672,2023/24,2024-01-14 13:00:00+00:00,REGULAR_SEASON,,20,UD Almería,Girona FC,0,0,FINISHED
438668,2023/24,2024-01-14 15:15:00+00:00,REGULAR_SEASON,,20,Cádiz CF,Valencia CF,1,4,FINISHED
438677,2023/24,2024-01-19 20:00:00+00:00,REGULAR_SEASON,,21,Deportivo Alavés,Cádiz CF,1,0,FINISHED
438682,2023/24,2024-01-20 13:00:00+00:00,REGULAR_SEASON,,21,Rayo Vallecano de Madrid,UD Las Palmas,0,2,FINISHED
438681,2023/24,2024-01-20 15:15:00+00:00,REGULAR_SEASON,,21,Villarreal CF,RCD Mallorca,1,1,FINISHED
438680,2023/24,2024-01-20 17:30:00+00:00,REGULAR_SEASON,,21,Valencia CF,Athletic Club,1,0,FINISHED
438676,2023/24,2024-01-20 20:00:00+00:00,REGULAR_SEASON,,21,RC Celta de Vigo,Real Sociedad de Fútbol,0,1,FINISHED
438675,2023/24,2024-01-21 13:00:00+00:00,REGULAR_SEASON,,21,CA Osasuna,Getafe CF,3,2,FINISHED
438683,2023/24,2024-01-21 15:15:00+00:00,REGULAR_SEASON,,21,Real Madrid CF,UD Almería,3,2,FINISHED
438674,2023/24,2024-01-21 17:30:00+00:00,REGULAR_SEASON,,21,Real Betis Balompié,FC Barcelona,2,4,FINISHED
438678,2023/24,2024-01-21 20:00:00+00:00,REGULAR_SEASON,,21,Girona FC,Sevilla FC,5,1,FINISHED
438679,2023/24,2024-01-22 20:00:00+00:00,REGULAR_SEASON,,21,Granada CF,Club Atlético de Madrid,0,1,FINISHED
438692,2023/24,2024-01-26 20:00:00+00:00,REGULAR_SEASON,,22,UD Almería,Deportivo Alavés,0,3,FINISHED
438691,2023/24,2024-01-27 13:00:00+00:00,REGULAR_SEASON,,22,Real Sociedad de Fútbol,Rayo Vallecano de Madrid,0,0,FINISHED
438693,2023/24,2024-01-27 15:15:00+00:00,REGULAR_SEASON,,22,UD Las Palmas,Real Madrid CF,1,2,FINISHED
438686,2023/24,2024-01-27 17:30:00+00:00,REGULAR_SEASON,,22,FC Barcelona,Villarreal CF,3,5,FINISHED
438690,2023/24,2024-01-27 20:00:00+00:00,REGULAR_SEASON,,22,RCD Mallorca,Real Betis Balompié,0,1,FINISHED
438685,2023/24,2024-01-28 13:00:00+00:00,REGULAR_SEASON,,22,RC Celta de Vigo,Girona FC,0,1,FINISHED
438687,2023/24,2024-01-28 15:15:00+00:00,REGULAR_SEASON,,22,Cádiz CF,Athletic Club,0,0,FINISHED
438689,2023/24,2024-01-28 17:30:00+00:00,REGULAR_SEASON,,22,Sevilla FC,CA Osasuna,1,1,FINISHED
438684,2023/24,2024-01-28 20:00:00+00:00,REGULAR_SEASON,,22,Club Atlético de Madrid,Valencia CF,2,0,FINISHED
438688,2023/24,2024-01-29 20:00:00+00:00,REGULAR_SEASON,,22,Getafe CF,Granada CF,2,0,FINISHED
438667,2023/24,2024-01-31 18:00:00+00:00,REGULAR_SEASON,,20,FC Barcelona,CA Osasuna,1,0,FINISHED
438665,2023/24,2024-01-31 20:00:00+00:00,REGULAR_SEASON,,20,Club Atlético de Madrid,Rayo Vallecano de Madrid,2,1,FINISHED
438669,2023/24,2024-02-01 20:00:00+00:00,REGULAR_SEASON,,20,Getafe CF,Real Madrid CF,0,2,FINISHED
438694,2023/24,2024-02-02 20:00:00+00:00,REGULAR_SEASON,,23,Athletic Club,RCD Mallorca,4,0,FINISHED
438700,2023/24,2024-02-03 13:00:00+00:00,REGULAR_SEASON,,23,Valencia CF,UD Almería,2,1,FINISHED
438699,2023/24,2024-02-03 15:15:00+00:00,REGULAR_SEASON,,23,Granada CF,UD Las Palmas,1,1,FINISHED
438697,2023/24,2024-02-03 17:30:00+00:00,REGULAR_SEASON,,23,Deportivo Alavés,FC Barcelona,1,3,FINISHED
438698,2023/24,2024-02-03 20:00:00+00:00,REGULAR_SEASON,,23,Girona FC,Real Sociedad de Fútbol,0,0,FINISHED
438701,2023/24,2024-02-04 13:00:00+00:00,REGULAR_SEASON,,23,Villarreal CF,Cádiz CF,0,0,FINISHED
438696,2023/24,2024-02-04 15:15:00+00:00,REGULAR_SEASON,,23,CA Osasuna,RC Celta de Vigo,0,3,FINISHED
438695,2023/24,2024-02-04 17:30:00+00:00,REGULAR_SEASON,,23,Real Betis Balompié,Getafe CF,1,1,FINISHED
438703,2023/24,2024-02-04 20:00:00+00:00,REGULAR_SEASON,,23,Real Madrid CF,Club Atlético de Madrid,1,1,FINISHED
438702,2023/24,2024-02-05 20:00:00+00:00,REGULAR_SEASON,,23,Rayo Vallecano de Madrid,Sevilla FC,1,2,FINISHED
438706,2023/24,2024-02-09 20:00:00+00:00,REGULAR_SEASON,,24,Cádiz CF,Real Betis Balompié,0,2,FINISHED
438704,2023/24,2024-02-10 13:00:00+00:00,REGULAR_SEASON,,24,Deportivo Alavés,Villarreal CF,1,1,FINISHED
438711,2023/24,2024-02-10 15:15:00+00:00,REGULAR_SEASON,,24,Real Sociedad de Fútbol,CA Osasuna,0,1,FINISHED
438710,2023/24,2024-02-10 17:30:00+00:00,REGULAR_SEASON,,24,Real Madrid CF,Girona FC,4,0,FINISHED
438713,2023/24,2024-02-10 20:00:00+00:00,REGULAR_SEASON,,24,UD Las Palmas,Valencia CF,2,0,FINISHED
438707,2023/24,2024-02-11 13:00:00+00:00,REGULAR_SEASON,,24,Getafe CF,RC Celta de Vigo,3,2,FINISHED
438709,2023/24,2024-02-11 15:15:00+00:00,REGULAR_SEASON,,24,RCD Mallorca,Rayo Vallecano de Madrid,2,1,FINISHED
438708,2023/24,2024-02-11 17:30:00+00:00,REGULAR_SEASON,,24,Sevilla FC,Club Atlético de Madrid,1,0,FINISHED
438705,2023/24,2024-02-11 20:00:00+00:00,REGULAR_SEASON,,24,FC Barcelona,Granada CF,3,3,FINISHED
438712,2023/24,2024-02-12 20:00:00+00:00,REGULAR_SEASON,,24,UD Almería,Athletic Club,0,0,FINISHED
438721,2023/24,2024-02-16 20:00:00+00:00,REGULAR_SEASON,,25,Villarreal CF,Getafe CF,1,1,FINISHED
438715,2023/24,2024-02-17 13:00:00+00:00,REGULAR_SEASON,,25,Club Atlético de Madrid,UD Las Palmas,5,0,FINISHED
438717,2023/24,2024-02-17 15:15:00+00:00,REGULAR_SEASON,,25,CA Osasuna,Cádiz CF,2,0,FINISHED
438718,2023/24,2024-02-17 17:30:00+00:00,REGULAR_SEASON,,25,RC Celta de Vigo,FC Barcelona,1,2,FINISHED
438720,2023/24,2024-02-17 20:00:00+00:00,REGULAR_SEASON,,25,Valencia CF,Sevilla FC,0,0,FINISHED
438722,2023/24,2024-02-18 13:00:00+00:00,REGULAR_SEASON,,25,Rayo Vallecano de Madrid,Real Madrid CF,1,1,FINISHED
438719,2023/24,2024-02-18 15:15:00+00:00,REGULAR_SEASON,,25,Granada CF,UD Almería,1,1,FINISHED
438723,2023/24,2024-02-18 17:30:00+00:00,REGULAR_SEASON,,25,RCD Mallorca,Real Sociedad de Fútbol,1,2,FINISHED
438716,2023/24,2024-02-18 20:00:00+00:00,REGULAR_SEASON,,25,Real Betis Balompié,Deportivo Alavés,0,0,FINISHED
438714,2023/24,2024-02-19 20:00:00+00:00,REGULAR_SEASON,,25,Athletic Club,Girona FC,3,2,FINISHED
438731,2023/24,2024-02-23 20:00:00+00:00,REGULAR_SEASON,,26,Real Sociedad de Fútbol,Villarreal CF,1,3,FINISHED
438726,2023/24,2024-02-24 15:15:00+00:00,REGULAR_SEASON,,26,FC Barcelona,Getafe CF,4,0,FINISHED
438725,2023/24,2024-02-24 17:30:00+00:00,REGULAR_SEASON,,26,Deportivo Alavés,RCD Mallorca,1,1,FINISHED
438732,2023/24,2024-02-24 20:00:00+00:00,REGULAR_SEASON,,26,UD Almería,Club Atlético de Madrid,2,2,FINISHED
438727,2023/24,2024-02-25 13:00:00+00:00,REGULAR_SEASON,,26,Cádiz CF,RC Celta de Vigo,2,2,FINISHED
438724,2023/24,2024-02-25 15:15:00+00:00,REGULAR_SEASON,,26,Real Betis Balompié,Athletic Club,3,1,FINISHED
438733,2023/24,2024-02-25 17:30:00+00:00,REGULAR_SEASON,,26,UD Las Palmas,CA Osasuna,1,1,FINISHED
438730,2023/24,2024-02-25 20:00:00+00:00,REGULAR_SEASON,,26,Real Madrid CF,Sevilla FC,1,0,FINISHED
438728,2023/24,2024-02-26 20:00:00+00:00,REGULAR_SEASON,,26,Girona FC,Rayo Vallecano de Madrid,3,0,FINISHED
438737,2023/24,2024-03-01 20:00:00+00:00,REGULAR_SEASON,,27,RC Celta de Vigo,UD Almería,1,0,FINISHED
438739,2023/24,2024-03-02 13:00:00+00:00,REGULAR_SEASON,,27,Sevilla FC,Real Sociedad de Fútbol,3,2,FINISHED
438742,2023/24,2024-03-02 15:15:00+00:00,REGULAR_SEASON,,27,Rayo Vallecano de Madrid,Cádiz CF,1,1,FINISHED
438738,2023/24,2024-03-02 17:30:00+00:00,REGULAR_SEASON,,27,Getafe CF,UD Las Palmas,3,3,FINISHED
438740,2023/24,2024-03-02 20:00:00+00:00,REGULAR_SEASON,,27,Valencia CF,Real Madrid CF,2,2,FINISHED
438741,2023/24,2024-03-03 13:00:00+00:00,REGULAR_SEASON,,27,Villarreal CF,Granada CF,5,1,FINISHED
438735,2023/24,2024-03-03 15:15:00+00:00,REGULAR_SEASON,,27,Club Atlético de Madrid,Real Betis Balompié,2,1,FINISHED
438743,2023/24,2024-03-03 17:30:00+00:00,REGULAR_SEASON,,27,RCD Mallorca,Girona FC,1,0,FINISHED
438734,2023/24,2024-03-03 20:00:00+00:00,REGULAR_SEASON,,27,Athletic Club,FC Barcelona,0,0,FINISHED
438736,2023/24,2024-03-04 20:00:00+00:00,REGULAR_SEASON,,27,CA Osasuna,Deportivo Alavés,1,0,FINISHED
438746,2023/24,2024-03-08 20:00:00+00:00,REGULAR_SEASON,,28,FC Barcelona,RCD Mallorca,1,0,FINISHED
438750,2023/24,2024-03-09 13:00:00+00:00,REGULAR_SEASON,,28,Valencia CF,Getafe CF,1,0,FINISHED
438747,2023/24,2024-03-09 15:15:00+00:00,REGULAR_SEASON,,28,Cádiz CF,Club Atlético de Madrid,2,0,FINISHED
438749,2023/24,2024-03-09 17:30:00+00:00,REGULAR_SEASON,,28,Granada CF,Real Sociedad de Fútbol,2,3,FINISHED
438748,2023/24,2024-03-09 20:00:00+00:00,REGULAR_SEASON,,28,Girona FC,CA Osasuna,2,0,FINISHED
438745,2023/24,2024-03-10 13:00:00+00:00,REGULAR_SEASON,,28,Deportivo Alavés,Rayo Vallecano de Madrid,1,0,FINISHED
438753,2023/24,2024-03-10 15:15:00+00:00,REGULAR_SEASON,,28,UD Las Palmas,Athletic Club,0,2,FINISHED
438751,2023/24,2024-03-10 17:30:00+00:00,REGULAR_SEASON,,28,Real Madrid CF,RC Celta de Vigo,4,0,FINISHED
438744,2023/24,2024-03-10 20:00:00+00:00,REGULAR_SEASON,,28,Real Betis Balompié,Villarreal CF,2,3,FINISHED
438752,2023/24,2024-03-11 20:00:00+00:00,REGULAR_SEASON,,28,UD Almería,Sevilla FC,2,2,FINISHED
438762,2023/24,2024-03-15 20:00:00+00:00,REGULAR_SEASON,,29,Real Sociedad de Fútbol,Cádiz CF,2,0,FINISHED
438761,2023/24,2024-03-16 13:00:00+00:00,REGULAR_SEASON,,29,RCD Mallorca,Granada CF,1,0,FINISHED
438756,2023/24,2024-03-16 15:15:00+00:00,REGULAR_SEASON,,29,CA Osasuna,Real Madrid CF,2,4,FINISHED
438757,2023/24,2024-03-16 17:30:00+00:00,REGULAR_SEASON,,29,Getafe CF,Girona FC,1,0,FINISHED
438754,2023/24,2024-03-16 20:00:00+00:00,REGULAR_SEASON,,29,Athletic Club,Deportivo Alavés,2,0,FINISHED
438758,2023/24,2024-03-17 13:00:00+00:00,REGULAR_SEASON,,29,Sevilla FC,RC Celta de Vigo,1,2,FINISHED
438759,2023/24,2024-03-17 15:15:00+00:00,REGULAR_SEASON,,29,Villarreal CF,Valencia CF,1,0,FINISHED
438763,2023/24,2024-03-17 15:15:00+00:00,REGULAR_SEASON,,29,UD Las Palmas,UD Almería,0,1,FINISHED
438760,2023/24,2024-03-17 17:30:00+00:00,REGULAR_SEASON,,29,Rayo Vallecano de Madrid,Real Betis Balompié,2,0,FINISHED
438755,2023/24,2024-03-17 20:00:00+00:00,REGULAR_SEASON,,29,Club Atlético de Madrid,FC Barcelona,0,3,FINISHED
438767,2023/24,2024-03-29 20:00:00+00:00,REGULAR_SEASON,,30,Cádiz CF,Granada CF,1,0,FINISHED
438768,2023/24,2024-03-30 13:00:00+00:00,REGULAR_SEASON,,30,Getafe CF,Sevilla FC,0,1,FINISHED
438773,2023/24,2024-03-30 15:15:00+00:00,REGULAR_SEASON,,30,UD Almería,CA Osasuna,0,3,FINISHED
438770,2023/24,2024-03-30 17:30:00+00:00,REGULAR_SEASON,,30,Valencia CF,RCD Mallorca,0,0,FINISHED
438766,2023/24,2024-03-30 20:00:00+00:00,REGULAR_SEASON,,30,FC Barcelona,UD Las Palmas,1,0,FINISHED
438764,2023/24,2024-03-31 12:00:00+00:00,REGULAR_SEASON,,30,RC Celta de Vigo,Rayo Vallecano de Madrid,0,0,FINISHED
438769,2023/24,2024-03-31 14:15:00+00:00,REGULAR_SEASON,,30,Girona FC,Real Betis Balompié,3,2,FINISHED
438765,2023/24,2024-03-31 16:30:00+00:00,REGULAR_SEASON,,30,Deportivo Alavés,Real Sociedad de Fútbol,0,1,FINISHED
438772,2023/24,2024-03-31 19:00:00+00:00,REGULAR_SEASON,,30,Real Madrid CF,Athletic Club,2,0,FINISHED
438771,2023/24,2024-04-01 19:00:00+00:00,REGULAR_SEASON,,30,Villarreal CF,Club Atlético de Madrid,1,2,FINISHED
438729,2023/24,2024-04-04 18:00:00+00:00,REGULAR_SEASON,,26,Granada CF,Valencia CF,0,1,FINISHED
438776,2023/24,2024-04-12 19:00:00+00:00,REGULAR_SEASON,,31,Real Betis Balompié,RC Celta de Vigo,2,1,FINISHED
438775,2023/24,2024-04-13 12:00:00+00:00,REGULAR_SEASON,,31,Club Atlético de Madrid,Girona FC,3,1,FINISHED
438780,2023/24,2024-04-13 14:15:00+00:00,REGULAR_SEASON,,31,Rayo Vallecano de Madrid,Getafe CF,0,0,FINISHED
438781,2023/24,2024-04-13 16:30:00+00:00,REGULAR_SEASON,,31,RCD Mallorca,Real Madrid CF,0,1,FINISHED
438778,2023/24,2024-04-13 19:00:00+00:00,REGULAR_SEASON,,31,Cádiz CF,FC Barcelona,0,1,FINISHED
438783,2023/24,2024-04-14 12:00:00+00:00,REGULAR_SEASON,,31,UD Las Palmas,Sevilla FC,0,2,FINISHED
438779,2023/24,2024-04-14 14:15:00+00:00,REGULAR_SEASON,,31,Granada CF,Deportivo Alavés,2,0,FINISHED
438774,2023/24,2024-04-14 16:30:00+00:00,REGULAR_SEASON,,31,Athletic Club,Villarreal CF,1,1,FINISHED
438782,2023/24,2024-04-14 19:00:00+00:00,REGULAR_SEASON,,31,Real Sociedad de Fútbol,UD Almería,2,2,FINISHED
438777,2023/24,2024-04-15 19:00:00+00:00,REGULAR_SEASON,,31,CA Osasuna,Valencia CF,0,1,FINISHED
438784,2023/24,2024-04-19 19:00:00+00:00,REGULAR_SEASON,,32,Athletic Club,Granada CF,1,1,FINISHED
438785,2023/24,2024-04-20 12:00:00+00:00,REGULAR_SEASON,,32,RC Celta de Vigo,UD Las Palmas,4,1,FINISHED
438791,2023/24,2024-04-20 14:15:00+00:00,REGULAR_SEASON,,32,Rayo Vallecano de Madrid,CA Osasuna,2,1,FINISHED
438790,2023/24,2024-04-20 16:30:00+00:00,REGULAR_SEASON,,32,Valencia CF,Real Betis Balompié,1,2,FINISHED
438788,2023/24,2024-04-20 19:00:00+00:00,REGULAR_SEASON,,32,Girona FC,Cádiz CF,4,1,FINISHED
438787,2023/24,2024-04-21 12:00:00+00:00,REGULAR_SEASON,,32,Getafe CF,Real Sociedad de Fútbol,1,1,FINISHED
438793,2023/24,2024-04-21 14:15:00+00:00,REGULAR_SEASON,,32,UD Almería,Villarreal CF,1,2,FINISHED
438786,2023/24,2024-04-21 16:30:00+00:00,REGULAR_SEASON,,32,Deportivo Alavés,Club Atlético de Madrid,2,0,FINISHED
438792,2023/24,2024-04-21 19:00:00+00:00,REGULAR_SEASON,,32,Real Madrid CF,FC Barcelona,3,2,FINISHED
438789,2023/24,2024-04-22 19:00:00+00:00,REGULAR_SEASON,,32,Sevilla FC,RCD Mallorca,2,1,FINISHED
438801,2023/24,2024-04-26 19:00:00+00:00,REGULAR_SEASON,,33,Real Sociedad de Fútbol,Real Madrid CF,0,1,FINISHED
438803,2023/24,2024-04-27 12:00:00+00:00,REGULAR_SEASON,,33,UD Las Palmas,Girona FC,0,2,FINISHED
438802,2023/24,2024-04-27 14:15:00+00:00,REGULAR_SEASON,,33,UD Almería,Getafe CF,1,3,FINISHED
438796,2023/24,2024-04-27 16:30:00+00:00,REGULAR_SEASON,,33,Deportivo Alavés,RC Celta de Vigo,3,0,FINISHED
438794,2023/24,2024-04-27 19:00:00+00:00,REGULAR_SEASON,,33,Club Atlético de Madrid,Athletic Club,3,1,FINISHED
438798,2023/24,2024-04-28 12:00:00+00:00,REGULAR_SEASON,,33,Cádiz CF,RCD Mallorca,1,1,FINISHED
438799,2023/24,2024-04-28 14:15:00+00:00,REGULAR_SEASON,,33,Granada CF,CA Osasuna,3,0,FINISHED
438800,2023/24,2024-04-28 16:30:00+00:00,REGULAR_SEASON,,33,Villarreal CF,Rayo Vallecano de Madrid,3,0,FINISHED
438795,2023/24,2024-04-28 19:00:00+00:00,REGULAR_SEASON,,33,Real Betis Balompié,Sevilla FC,1,1,FINISHED
438797,2023/24,2024-04-29 19:00:00+00:00,REGULAR_SEASON,,33,FC Barcelona,Valencia CF,4,2,FINISHED
438806,2023/24,2024-05-03 19:00:00+00:00,REGULAR_SEASON,,34,Getafe CF,Athletic Club,0,2,FINISHED
438813,2023/24,2024-05-04 12:00:00+00:00,REGULAR_SEASON,,34,Real Sociedad de Fútbol,UD Las Palmas,2,0,FINISHED
438812,2023/24,2024-05-04 14:15:00+00:00,REGULAR_SEASON,,34,Real Madrid CF,Cádiz CF,3,0,FINISHED
438807,2023/24,2024-05-04 16:30:00+00:00,REGULAR_SEASON,,34,Girona FC,FC Barcelona,4,2,FINISHED
438811,2023/24,2024-05-04 19:00:00+00:00,REGULAR_SEASON,,34,RCD Mallorca,Club Atlético de Madrid,0,1,FINISHED
438804,2023/24,2024-05-05 12:00:00+00:00,REGULAR_SEASON,,34,CA Osasuna,Real Betis Balompié,0,2,FINISHED
438805,2023/24,2024-05-05 14:15:00+00:00,REGULAR_SEASON,,34,RC Celta de Vigo,Villarreal CF,3,2,FINISHED
438809,2023/24,2024-05-05 16:30:00+00:00,REGULAR_SEASON,,34,Valencia CF,Deportivo Alavés,0,1,FINISHED
438808,2023/24,2024-05-05 19:00:00+00:00,REGULAR_SEASON,,34,Sevilla FC,Granada CF,3,0,FINISHED
438810,2023/24,2024-05-05 19:00:00+00:00,REGULAR_SEASON,,34,Rayo Vallecano de Madrid,UD Almería,0,1,FINISHED
438817,2023/24,2024-05-10 19:00:00+00:00,REGULAR_SEASON,,35,Deportivo Alavés,Girona FC,2,2,FINISHED
438823,2023/24,2024-05-11 12:00:00+00:00,REGULAR_SEASON,,35,RCD Mallorca,UD Las Palmas,1,0,FINISHED
438822,2023/24,2024-05-11 14:15:00+00:00,REGULAR_SEASON,,35,Villarreal CF,Sevilla FC,3,2,FINISHED
438820,2023/24,2024-05-11 16:30:00+00:00,REGULAR_SEASON,,35,Granada CF,Real Madrid CF,0,4,FINISHED
438814,2023/24,2024-05-11 19:00:00+00:00,REGULAR_SEASON,,35,Athletic Club,CA Osasuna,2,2,FINISHED
438819,2023/24,2024-05-12 12:00:00+00:00,REGULAR_SEASON,,35,Cádiz CF,Getafe CF,1,0,FINISHED
438815,2023/24,2024-05-12 14:15:00+00:00,REGULAR_SEASON,,35,Club Atlético de Madrid,RC Celta de Vigo,1,0,FINISHED
438821,2023/24,2024-05-12 16:30:00+00:00,REGULAR_SEASON,,35,Valencia CF,Rayo Vallecano de Madrid,0,0,FINISHED
438816,2023/24,2024-05-12 19:00:00+00:00,REGULAR_SEASON,,35,Real Betis Balompié,UD Almería,3,2,FINISHED
438818,2023/24,2024-05-13 19:00:00+00:00,REGULAR_SEASON,,35,FC Barcelona,Real Sociedad de Fútbol,2,0,FINISHED
438824,2023/24,2024-05-14 17:30:00+00:00,REGULAR_SEASON,,36,CA Osasuna,RCD Mallorca,1,1,FINISHED
438830,2023/24,2024-05-14 19:30:00+00:00,REGULAR_SEASON,,36,Real Madrid CF,Deportivo Alavés,5,0,FINISHED
438827,2023/24,2024-05-14 20:00:00+00:00,REGULAR_SEASON,,36,Girona FC,Villarreal CF,0,1,FINISHED
438828,2023/24,2024-05-15 17:30:00+00:00,REGULAR_SEASON,,36,Sevilla FC,Cádiz CF,0,1,FINISHED
438829,2023/24,2024-05-15 17:30:00+00:00,REGULAR_SEASON,,36,Rayo Vallecano de Madrid,Granada CF,2,1,FINISHED
438826,2023/24,2024-05-15 20:00:00+00:00,REGULAR_SEASON,,36,Getafe CF,Club Atlético de Madrid,0,3,FINISHED
438825,2023/24,2024-05-15 20:00:00+00:00,REGULAR_SEASON,,36,RC Celta de Vigo,Athletic Club,2,1,FINISHED
438833,2023/24,2024-05-16 17:30:00+00:00,REGULAR_SEASON,,36,UD Las Palmas,Real Betis Balompié,2,2,FINISHED
438832,2023/24,2024-05-16 19:30:00+00:00,REGULAR_SEASON,,36,UD Almería,FC Barcelona,0,2,FINISHED
438831,2023/24,2024-05-16 20:00:00+00:00,REGULAR_SEASON,,36,Real Sociedad de Fútbol,Valencia CF,1,0,FINISHED
438837,2023/24,2024-05-18 19:00:00+00:00,REGULAR_SEASON,,37,Deportivo Alavés,Getafe CF,1,0,FINISHED
438840,2023/24,2024-05-19 17:00:00+00:00,REGULAR_SEASON,,37,Granada CF,RC Celta de Vigo,1,2,FINISHED
438834,2023/24,2024-05-19 17:00:00+00:00,REGULAR_SEASON,,37,Athletic Club,Sevilla FC,2,0,FINISHED
438841,2023/24,2024-05-19 17:00:00+00:00,REGULAR_SEASON,,37,Valencia CF,Girona FC,1,3,FINISHED
438838,2023/24,2024-05-19 17:00:00+00:00,REGULAR_SEASON,,37,FC Barcelona,Rayo Vallecano de Madrid,3,0,FINISHED
438836,2023/24,2024-05-19 17:00:00+00:00,REGULAR_SEASON,,37,Real Betis Balompié,Real Sociedad de Fútbol,0,2,FINISHED
438835,2023/24,2024-05-19 17:00:00+00:00,REGULAR_SEASON,,37,Club Atlético de Madrid,CA Osasuna,1,4,FINISHED
438842,2023/24,2024-05-19 17:00:00+00:00,REGULAR_SEASON,,37,Villarreal CF,Real Madrid CF,4,4,FINISHED
438839,2023/24,2024-05-19 17:00:00+00:00,REGULAR_SEASON,,37,Cádiz CF,UD Las Palmas,0,0,FINISHED
438843,2023/24,2024-05-19 17:00:00+00:00,REGULAR_SEASON,,37,RCD Mallorca,UD Almería,2,2,FINISHED
438847,2023/24,2024-05-24 19:00:00+00:00,REGULAR_SEASON,,38,Girona FC,Granada CF,7,0,FINISHED
438844,2023/24,2024-05-25 12:00:00+00:00,REGULAR_SEASON,,38,CA Osasuna,Villarreal CF,1,1,FINISHED
438851,2023/24,2024-05-25 14:15:00+00:00,REGULAR_SEASON,,38,Real Sociedad de Fútbol,Club Atlético de Madrid,0,2,FINISHED
438849,2023/24,2024-05-25 16:30:00+00:00,REGULAR_SEASON,,38,Rayo Vallecano de Madrid,Athletic Club,0,1,FINISHED
438852,2023/24,2024-05-25 16:30:00+00:00,REGULAR_SEASON,,38,UD Almería,Cádiz CF,6,1,FINISHED
438850,2023/24,2024-05-25 19:00:00+00:00,REGULAR_SEASON,,38,Real Madrid CF,Real Betis Balompié,0,0,FINISHED
438846,2023/24,2024-05-26 12:00:00+00:00,REGULAR_SEASON,,38,Getafe CF,RCD Mallorca,1,2,FINISHED
438845,2023/24,2024-05-26 14:15:00+00:00,REGULAR_SEASON,,38,RC Celta de Vigo,Valencia CF,2,2,FINISHED
438853,2023/24,2024-05-26 14:15:00+00:00,REGULAR_SEASON,,38,UD Las Palmas,Deportivo Alavés,1,1,FINISHED
438848,2023/24,2024-05-26 19:00:00+00:00,REGULAR_SEASON,,38,Sevilla FC,FC Barcelona,1,2,FINISHED
498613,2024/25,2024-08-15 17:00:00+00:00,REGULAR_SEASON,,1,Athletic Club,Getafe CF,1,1,FINISHED
498614,2024/25,2024-08-15 19:30:00+00:00,REGULAR_SEASON,,1,Real Betis Balompié,Girona FC,1,1,FINISHED
498616,2024/25,2024-08-16 17:00:00+00:00,REGULAR_SEASON,,1,RC Celta de Vigo,Deportivo Alavés,2,1,FINISHED
498621,2024/25,2024-08-16 19:30:00+00:00,REGULAR_SEASON,,1,UD Las Palmas,Sevilla FC,2,2,FINISHED
498615,2024/25,2024-08-17 17:00:00+00:00,REGULAR_SEASON,,1,CA Osasuna,CD Leganés,1,1,FINISHED
498617,2024/25,2024-08-17 19:30:00+00:00,REGULAR_SEASON,,1,Valencia CF,FC Barcelona,1,2,FINISHED
498620,2024/25,2024-08-18 17:00:00+00:00,REGULAR_SEASON,,1,Real Sociedad de Fútbol,Rayo Vallecano de Madrid,1,2,FINISHED
498619,2024/25,2024-08-18 19:30:00+00:00,REGULAR_SEASON,,1,RCD Mallorca,Real Madrid CF,1,1,FINISHED
498622,2024/25,2024-08-19 17:00:00+00:00,REGULAR_SEASON,,1,Real Valladolid CF,RCD Espanyol de Barcelona,1,0,FINISHED
498618,2024/25,2024-08-19 19:30:00+00:00,REGULAR_SEASON,,1,Villarreal CF,Club Atlético de Madrid,2,2,FINISHED
498626,2024/25,2024-08-23 17:00:00+00:00,REGULAR_SEASON,,2,RC Celta de Vigo,Valencia CF,3,1,FINISHED
498630,2024/25,2024-08-23 19:30:00+00:00,REGULAR_SEASON,,2,Sevilla FC,Villarreal CF,1,2,FINISHED
498624,2024/25,2024-08-24 15:00:00+00:00,REGULAR_SEASON,,2,CA Osasuna,RCD Mallorca,1,0,FINISHED
498628,2024/25,2024-08-24 17:00:00+00:00,REGULAR_SEASON,,2,FC Barcelona,Athletic Club,2,1,FINISHED
498629,2024/25,2024-08-24 19:30:00+00:00,REGULAR_SEASON,,2,Getafe CF,Rayo Vallecano de Madrid,0,0,FINISHED
498632,2024/25,2024-08-24 19:30:00+00:00,REGULAR_SEASON,,2,RCD Espanyol de Barcelona,Real Sociedad de Fútbol,0,1,FINISHED
498631,2024/25,2024-08-25 15:00:00+00:00,REGULAR_SEASON,,2,Real Madrid CF,Real Valladolid CF,3,0,FINISHED
498625,2024/25,2024-08-25 17:00:00+00:00,REGULAR_SEASON,,2,CD Leganés,UD Las Palmas,2,1,FINISHED
498627,2024/25,2024-08-25 17:15:00+00:00,REGULAR_SEASON,,2,Deportivo Alavés,Real Betis Balompié,0,0,FINISHED
498623,2024/25,2024-08-25 19:30:00+00:00,REGULAR_SEASON,,2,Club Atlético de Madrid,Girona FC,3,0,FINISHED
498636,2024/25,2024-08-26 19:30:00+00:00,REGULAR_SEASON,,3,Villarreal CF,RC Celta de Vigo,4,3,FINISHED
498638,2024/25,2024-08-27 17:00:00+00:00,REGULAR_SEASON,,3,RCD Mallorca,Sevilla FC,0,0,FINISHED
498637,2024/25,2024-08-27 19:30:00+00:00,REGULAR_SEASON,,3,Rayo Vallecano de Madrid,FC Barcelona,1,2,FINISHED
498633,2024/25,2024-08-28 17:00:00+00:00,REGULAR_SEASON,,3,Athletic Club,Valencia CF,1,0,FINISHED
498640,2024/25,2024-08-28 17:00:00+00:00,REGULAR_SEASON,,3,Real Valladolid CF,CD Leganés,0,0,FINISHED
498639,2024/25,2024-08-28 19:30:00+00:00,REGULAR_SEASON,,3,Real Sociedad de Fútbol,Deportivo Alavés,1,2,FINISHED
498642,2024/25,2024-08-28 19:30:00+00:00,REGULAR_SEASON,,3,Club Atlético de Madrid,RCD Espanyol de Barcelona,0,0,FINISHED
498635,2024/25,2024-08-29 17:00:00+00:00,REGULAR_SEASON,,3,Girona FC,CA Osasuna,4,0,FINISHED
498641,2024/25,2024-08-29 19:30:00+00:00,REGULAR_SEASON,,3,UD Las Palmas,Real Madrid CF,1,1,FINISHED
498647,2024/25,2024-08-31 15:00:00+00:00,REGULAR_SEASON,,4,FC Barcelona,Real Valladolid CF,7,0,FINISHED
498643,2024/25,2024-08-31 17:00:00+00:00,REGULAR_SEASON,,4,Athletic Club,Club Atlético de Madrid,0,1,FINISHED
498652,2024/25,2024-08-31 17:15:00+00:00,REGULAR_SEASON,,4,RCD Espanyol de Barcelona,Rayo Vallecano de Madrid,2,1,FINISHED
498645,2024/25,2024-08-31 19:30:00+00:00,REGULAR_SEASON,,4,CD Leganés,RCD Mallorca,0,1,FINISHED
498650,2024/25,2024-08-31 19:30:00+00:00,REGULAR_SEASON,,4,Valencia CF,Villarreal CF,1,1,FINISHED
498646,2024/25,2024-09-01 15:00:00+00:00,REGULAR_SEASON,,4,Deportivo Alavés,UD Las Palmas,2,0,FINISHED
498644,2024/25,2024-09-01 15:00:00+00:00,REGULAR_SEASON,,4,CA Osasuna,RC Celta de Vigo,3,2,FINISHED
498649,2024/25,2024-09-01 17:00:00+00:00,REGULAR_SEASON,,4,Sevilla FC,Girona FC,0,2,FINISHED
498648,2024/25,2024-09-01 17:15:00+00:00,REGULAR_SEASON,,4,Getafe CF,Real Sociedad de Fútbol,0,0,FINISHED
498651,2024/25,2024-09-01 19:30:00+00:00,REGULAR_SEASON,,4,Real Madrid CF,Real Betis Balompié,2,0,FINISHED
498654,2024/25,2024-09-13 19:00:00+00:00,REGULAR_SEASON,,5,Real Betis Balompié,CD Leganés,2,0,FINISHED
498659,2024/25,2024-09-14 12:00:00+00:00,REGULAR_SEASON,,5,RCD Mallorca,Villarreal CF,1,2,FINISHED
498662,2024/25,2024-09-14 14:15:00+00:00,REGULAR_SEASON,,5,RCD Espanyol de Barcelona,Deportivo Alavés,3,2,FINISHED
498657,2024/25,2024-09-14 16:30:00+00:00,REGULAR_SEASON,,5,Sevilla FC,Getafe CF,1,0,FINISHED
498660,2024/25,2024-09-14 19:00:00+00:00,REGULAR_SEASON,,5,Real Sociedad de Fútbol,Real Madrid CF,0,2,FINISHED
498655,2024/25,2024-09-15 12:00:00+00:00,REGULAR_SEASON,,5,RC Celta de Vigo,Real Valladolid CF,3,1,FINISHED
498656,2024/25,2024-09-15 14:15:00+00:00,REGULAR_SEASON,,5,Girona FC,FC Barcelona,1,4,FINISHED
498661,2024/25,2024-09-15 16:30:00+00:00,REGULAR_SEASON,,5,UD Las Palmas,Athletic Club,2,3,FINISHED
498653,2024/25,2024-09-15 19:00:00+00:00,REGULAR_SEASON,,5,Club Atlético de Madrid,Valencia CF,3,0,FINISHED
498658,2024/25,2024-09-16 19:00:00+00:00,REGULAR_SEASON,,5,Rayo Vallecano de Madrid,CA Osasuna,3,1,FINISHED
498679,2024/25,2024-09-17 17:00:00+00:00,REGULAR_SEASON,,7,RCD Mallorca,Real Sociedad de Fútbol,1,0,FINISHED
498634,2024/25,2024-09-18 17:00:00+00:00,REGULAR_SEASON,,3,Real Betis Balompié,Getafe CF,2,1,FINISHED
498673,2024/25,2024-09-19 17:00:00+00:00,REGULAR_SEASON,,7,CD Leganés,Athletic Club,0,2,FINISHED
498666,2024/25,2024-09-20 19:00:00+00:00,REGULAR_SEASON,,6,Deportivo Alavés,Sevilla FC,2,1,FINISHED
498671,2024/25,2024-09-21 12:00:00+00:00,REGULAR_SEASON,,6,Real Valladolid CF,Real Sociedad de Fútbol,0,0,FINISHED
498665,2024/25,2024-09-21 14:15:00+00:00,REGULAR_SEASON,,6,CA Osasuna,UD Las Palmas,2,1,FINISHED
498668,2024/25,2024-09-21 16:30:00+00:00,REGULAR_SEASON,,6,Valencia CF,Girona FC,2,0,FINISHED
498672,2024/25,2024-09-21 19:00:00+00:00,REGULAR_SEASON,,6,Real Madrid CF,RCD Espanyol de Barcelona,4,1,FINISHED
498667,2024/25,2024-09-22 12:00:00+00:00,REGULAR_SEASON,,6,Getafe CF,CD Leganés,1,1,FINISHED
498663,2024/25,2024-09-22 14:15:00+00:00,REGULAR_SEASON,,6,Athletic Club,RC Celta de Vigo,3,1,FINISHED
498669,2024/25,2024-09-22 16:30:00+00:00,REGULAR_SEASON,,6,Villarreal CF,FC Barcelona,1,5,FINISHED
498670,2024/25,2024-09-22 19:00:00+00:00,REGULAR_SEASON,,6,Rayo Vallecano de Madrid,Club Atlético de Madrid,1,1,FINISHED
498664,2024/25,2024-09-23 19:00:00+00:00,REGULAR_SEASON,,6,Real Betis Balompié,RCD Mallorca,1,2,FINISHED
498677,2024/25,2024-09-24 17:00:00+00:00,REGULAR_SEASON,,7,Sevilla FC,Real Valladolid CF,2,1,FINISHED
498678,2024/25,2024-09-24 17:00:00+00:00,REGULAR_SEASON,,7,Valencia CF,CA Osasuna,0,0,FINISHED
498680,2024/25,2024-09-24 19:00:00+00:00,REGULAR_SEASON,,7,Real Madrid CF,Deportivo Alavés,3,2,FINISHED
498676,2024/25,2024-09-25 17:00:00+00:00,REGULAR_SEASON,,7,Girona FC,Rayo Vallecano de Madrid,0,0,FINISHED
498675,2024/25,2024-09-25 19:00:00+00:00,REGULAR_SEASON,,7,FC Barcelona,Getafe CF,1,0,FINISHED
498681,2024/25,2024-09-26 17:00:00+00:00,REGULAR_SEASON,,7,UD Las Palmas,Real Betis Balompié,1,1,FINISHED
498682,2024/25,2024-09-26 17:00:00+00:00,REGULAR_SEASON,,7,RCD Espanyol de Barcelona,Villarreal CF,1,2,FINISHED
498674,2024/25,2024-09-26 19:00:00+00:00,REGULAR_SEASON,,7,RC Celta de Vigo,Club Atlético de Madrid,0,1,FINISHED
498691,2024/25,2024-09-27 19:00:00+00:00,REGULAR_SEASON,,8,Real Valladolid CF,RCD Mallorca,1,2,FINISHED
498687,2024/25,2024-09-28 12:00:00+00:00,REGULAR_SEASON,,8,Getafe CF,Deportivo Alavés,2,0,FINISHED
498689,2024/25,2024-09-28 14:15:00+00:00,REGULAR_SEASON,,8,Rayo Vallecano de Madrid,CD Leganés,1,1,FINISHED
498690,2024/25,2024-09-28 16:30:00+00:00,REGULAR_SEASON,,8,Real Sociedad de Fútbol,Valencia CF,3,0,FINISHED
498685,2024/25,2024-09-28 19:00:00+00:00,REGULAR_SEASON,,8,CA Osasuna,FC Barcelona,4,2,FINISHED
498686,2024/25,2024-09-29 12:00:00+00:00,REGULAR_SEASON,,8,RC Celta de Vigo,Girona FC,1,1,FINISHED
498683,2024/25,2024-09-29 14:15:00+00:00,REGULAR_SEASON,,8,Athletic Club,Sevilla FC,1,1,FINISHED
498692,2024/25,2024-09-29 16:30:00+00:00,REGULAR_SEASON,,8,Real Betis Balompié,RCD Espanyol de Barcelona,1,0,FINISHED
498684,2024/25,2024-09-29 19:00:00+00:00,REGULAR_SEASON,,8,Club Atlético de Madrid,Real Madrid CF,1,1,FINISHED
498688,2024/25,2024-09-30 19:00:00+00:00,REGULAR_SEASON,,8,Villarreal CF,UD Las Palmas,3,1,FINISHED
498693,2024/25,2024-10-04 19:00:00+00:00,REGULAR_SEASON,,9,CD Leganés,Valencia CF,0,0,FINISHED
498702,2024/25,2024-10-05 12:00:00+00:00,REGULAR_SEASON,,9,RCD Espanyol de Barcelona,RCD Mallorca,2,1,FINISHED
498695,2024/25,2024-10-05 14:15:00+00:00,REGULAR_SEASON,,9,Getafe CF,CA Osasuna,1,1,FINISHED
498700,2024/25,2024-10-05 16:30:00+00:00,REGULAR_SEASON,,9,Real Valladolid CF,Rayo Vallecano de Madrid,1,2,FINISHED
498701,2024/25,2024-10-05 16:30:00+00:00,REGULAR_SEASON,,9,UD Las Palmas,RC Celta de Vigo,0,1,FINISHED
498698,2024/25,2024-10-05 19:00:00+00:00,REGULAR_SEASON,,9,Real Madrid CF,Villarreal CF,2,0,FINISHED
498696,2024/25,2024-10-06 12:00:00+00:00,REGULAR_SEASON,,9,Girona FC,Athletic Club,2,1,FINISHED
498694,2024/25,2024-10-06 14:15:00+00:00,REGULAR_SEASON,,9,Deportivo Alavés,FC Barcelona,0,3,FINISHED
498697,2024/25,2024-10-06 16:30:00+00:00,REGULAR_SEASON,,9,Sevilla FC,Real Betis Balompié,1,0,FINISHED
498699,2024/25,2024-10-06 19:00:00+00:00,REGULAR_SEASON,,9,Real Sociedad de Fútbol,Club Atlético de Madrid,1,1,FINISHED
498706,2024/25,2024-10-18 19:00:00+00:00,REGULAR_SEASON,,10,Deportivo Alavés,Real Valladolid CF,2,3,FINISHED
498712,2024/25,2024-10-19 12:00:00+00:00,REGULAR_SEASON,,10,Athletic Club,RCD Espanyol de Barcelona,4,1,FINISHED
498704,2024/25,2024-10-19 14:15:00+00:00,REGULAR_SEASON,,10,CA Osasuna,Real Betis Balompié,1,2,FINISHED
498708,2024/25,2024-10-19 16:30:00+00:00,REGULAR_SEASON,,10,Girona FC,Real Sociedad de Fútbol,0,1,FINISHED
498705,2024/25,2024-10-19 19:00:00+00:00,REGULAR_SEASON,,10,RC Celta de Vigo,Real Madrid CF,1,2,FINISHED
498711,2024/25,2024-10-20 12:00:00+00:00,REGULAR_SEASON,,10,RCD Mallorca,Rayo Vallecano de Madrid,1,0,FINISHED
498703,2024/25,2024-10-20 14:15:00+00:00,REGULAR_SEASON,,10,Club Atlético de Madrid,CD Leganés,3,1,FINISHED
498710,2024/25,2024-10-20 16:30:00+00:00,REGULAR_SEASON,,10,Villarreal CF,Getafe CF,1,1,FINISHED
498707,2024/25,2024-10-20 19:00:00+00:00,REGULAR_SEASON,,10,FC Barcelona,Sevilla FC,5,1,FINISHED
498709,2024/25,2024-10-21 19:00:00+00:00,REGULAR_SEASON,,10,Valencia CF,UD Las Palmas,2,3,FINISHED
498722,2024/25,2024-10-25 19:00:00+00:00,REGULAR_SEASON,,11,RCD Espanyol de Barcelona,Sevilla FC,0,2,FINISHED
498720,2024/25,2024-10-26 12:00:00+00:00,REGULAR_SEASON,,11,Real Valladolid CF,Villarreal CF,1,2,FINISHED
498716,2024/25,2024-10-26 14:15:00+00:00,REGULAR_SEASON,,11,Rayo Vallecano de Madrid,Deportivo Alavés,1,0,FINISHED
498721,2024/25,2024-10-26 16:30:00+00:00,REGULAR_SEASON,,11,UD Las Palmas,Girona FC,1,0,FINISHED
498718,2024/25,2024-10-26 19:00:00+00:00,REGULAR_SEASON,,11,Real Madrid CF,FC Barcelona,0,4,FINISHED
498714,2024/25,2024-10-27 13:00:00+00:00,REGULAR_SEASON,,11,CD Leganés,RC Celta de Vigo,3,0,FINISHED
498715,2024/25,2024-10-27 15:15:00+00:00,REGULAR_SEASON,,11,Getafe CF,Valencia CF,1,1,FINISHED
498713,2024/25,2024-10-27 17:30:00+00:00,REGULAR_SEASON,,11,Real Betis Balompié,Club Atlético de Madrid,1,0,FINISHED
498719,2024/25,2024-10-27 20:00:00+00:00,REGULAR_SEASON,,11,Real Sociedad de Fútbol,CA Osasuna,0,2,FINISHED
498717,2024/25,2024-10-28 20:00:00+00:00,REGULAR_SEASON,,11,RCD Mallorca,Athletic Club,0,0,FINISHED
498727,2024/25,2024-11-01 20:00:00+00:00,REGULAR_SEASON,,12,Deportivo Alavés,RCD Mallorca,1,0,FINISHED
498725,2024/25,2024-11-02 13:00:00+00:00,REGULAR_SEASON,,12,CA Osasuna,Real Valladolid CF,1,0,FINISHED
498728,2024/25,2024-11-02 15:15:00+00:00,REGULAR_SEASON,,12,Girona FC,CD Leganés,4,3,FINISHED
498724,2024/25,2024-11-03 13:00:00+00:00,REGULAR_SEASON,,12,Club Atlético de Madrid,UD Las Palmas,2,0,FINISHED
498732,2024/25,2024-11-03 15:15:00+00:00,REGULAR_SEASON,,12,FC Barcelona,RCD Espanyol de Barcelona,3,1,FINISHED
498729,2024/25,2024-11-03 17:30:00+00:00,REGULAR_SEASON,,12,Sevilla FC,Real Sociedad de Fútbol,0,2,FINISHED
498723,2024/25,2024-11-03 20:00:00+00:00,REGULAR_SEASON,,12,Athletic Club,Real Betis Balompié,1,1,FINISHED
498726,2024/25,2024-11-04 20:00:00+00:00,REGULAR_SEASON,,12,RC Celta de Vigo,Getafe CF,1,0,FINISHED
498737,2024/25,2024-11-08 20:00:00+00:00,REGULAR_SEASON,,13,Rayo Vallecano de Madrid,UD Las Palmas,1,3,FINISHED
498739,2024/25,2024-11-09 13:00:00+00:00,REGULAR_SEASON,,13,Real Madrid CF,CA Osasuna,4,0,FINISHED
498736,2024/25,2024-11-09 15:15:00+00:00,REGULAR_SEASON,,13,Villarreal CF,Deportivo Alavés,3,0,FINISHED
498734,2024/25,2024-11-09 20:00:00+00:00,REGULAR_SEASON,,13,CD Leganés,Sevilla FC,1,0,FINISHED
498733,2024/25,2024-11-10 13:00:00+00:00,REGULAR_SEASON,,13,Real Betis Balompié,RC Celta de Vigo,2,2,FINISHED
498738,2024/25,2024-11-10 15:15:00+00:00,REGULAR_SEASON,,13,RCD Mallorca,Club Atlético de Madrid,0,1,FINISHED
498735,2024/25,2024-11-10 17:30:00+00:00,REGULAR_SEASON,,13,Getafe CF,Girona FC,0,1,FINISHED
498741,2024/25,2024-11-10 17:30:00+00:00,REGULAR_SEASON,,13,Real Valladolid CF,Athletic Club,1,1,FINISHED
498740,2024/25,2024-11-10 20:00:00+00:00,REGULAR_SEASON,,13,Real Sociedad de Fútbol,FC Barcelona,1,0,FINISHED
498748,2024/25,2024-11-22 20:00:00+00:00,REGULAR_SEASON,,14,Getafe CF,Real Valladolid CF,2,0,FINISHED
498750,2024/25,2024-11-23 13:00:00+00:00,REGULAR_SEASON,,14,Valencia CF,Real Betis Balompié,4,2,FINISHED
498744,2024/25,2024-11-23 15:15:00+00:00,REGULAR_SEASON,,14,Club Atlético de Madrid,Deportivo Alavés,2,1,FINISHED
498751,2024/25,2024-11-23 17:30:00+00:00,REGULAR_SEASON,,14,UD Las Palmas,RCD Mallorca,2,3,FINISHED
498752,2024/25,2024-11-23 17:30:00+00:00,REGULAR_SEASON,,14,Girona FC,RCD Espanyol de Barcelona,4,1,FINISHED
498747,2024/25,2024-11-23 20:00:00+00:00,REGULAR_SEASON,,14,RC Celta de Vigo,FC Barcelona,2,2,FINISHED
498745,2024/25,2024-11-24 13:00:00+00:00,REGULAR_SEASON,,14,CA Osasuna,Villarreal CF,2,2,FINISHED
498749,2024/25,2024-11-24 15:15:00+00:00,REGULAR_SEASON,,14,Sevilla FC,Rayo Vallecano de Madrid,1,0,FINISHED
498746,2024/25,2024-11-24 17:30:00+00:00,REGULAR_SEASON,,14,CD Leganés,Real Madrid CF,0,3,FINISHED
498743,2024/25,2024-11-24 20:00:00+00:00,REGULAR_SEASON,,14,Athletic Club,Real Sociedad de Fútbol,1,0,FINISHED
498758,2024/25,2024-11-29 20:00:00+00:00,REGULAR_SEASON,,15,RCD Mallorca,Valencia CF,2,1,FINISHED
498754,2024/25,2024-11-30 13:00:00+00:00,REGULAR_SEASON,,15,FC Barcelona,UD Las Palmas,1,2,FINISHED
498753,2024/25,2024-11-30 15:15:00+00:00,REGULAR_SEASON,,15,Deportivo Alavés,CD Leganés,1,1,FINISHED
498762,2024/25,2024-11-30 17:30:00+00:00,REGULAR_SEASON,,15,RCD Espanyol de Barcelona,RC Celta de Vigo,3,1,FINISHED
498761,2024/25,2024-11-30 20:00:00+00:00,REGULAR_SEASON,,15,Real Valladolid CF,Club Atlético de Madrid,0,5,FINISHED
498756,2024/25,2024-12-01 13:00:00+00:00,REGULAR_SEASON,,15,Villarreal CF,Girona FC,2,2,FINISHED
498759,2024/25,2024-12-01 15:15:00+00:00,REGULAR_SEASON,,15,Real Madrid CF,Getafe CF,2,0,FINISHED
498757,2024/25,2024-12-01 17:30:00+00:00,REGULAR_SEASON,,15,Rayo Vallecano de Madrid,Athletic Club,1,2,FINISHED
498760,2024/25,2024-12-01 20:00:00+00:00,REGULAR_SEASON,,15,Real Sociedad de Fútbol,Real Betis Balompié,2,0,FINISHED
498755,2024/25,2024-12-02 20:00:00+00:00,REGULAR_SEASON,,15,Sevilla FC,CA Osasuna,1,1,FINISHED
498798,2024/25,2024-12-03 18:00:00+00:00,REGULAR_SEASON,,19,RCD Mallorca,FC Barcelona,1,5,FINISHED
498793,2024/25,2024-12-04 20:00:00+00:00,REGULAR_SEASON,,19,Athletic Club,Real Madrid CF,2,1,FINISHED
498768,2024/25,2024-12-06 20:00:00+00:00,REGULAR_SEASON,,16,RC Celta de Vigo,RCD Mallorca,2,0,FINISHED
498771,2024/25,2024-12-07 13:00:00+00:00,REGULAR_SEASON,,16,UD Las Palmas,Real Valladolid CF,2,1,FINISHED
498765,2024/25,2024-12-07 15:15:00+00:00,REGULAR_SEASON,,16,Real Betis Balompié,FC Barcelona,2,2,FINISHED
498770,2024/25,2024-12-07 17:30:00+00:00,REGULAR_SEASON,,16,Valencia CF,Rayo Vallecano de Madrid,0,1,FINISHED
498769,2024/25,2024-12-07 20:00:00+00:00,REGULAR_SEASON,,16,Girona FC,Real Madrid CF,0,3,FINISHED
498767,2024/25,2024-12-08 13:00:00+00:00,REGULAR_SEASON,,16,CD Leganés,Real Sociedad de Fútbol,0,3,FINISHED
498763,2024/25,2024-12-08 15:15:00+00:00,REGULAR_SEASON,,16,Athletic Club,Villarreal CF,2,0,FINISHED
498766,2024/25,2024-12-08 17:30:00+00:00,REGULAR_SEASON,,16,CA Osasuna,Deportivo Alavés,2,2,FINISHED
498764,2024/25,2024-12-08 20:00:00+00:00,REGULAR_SEASON,,16,Club Atlético de Madrid,Sevilla FC,4,3,FINISHED
498772,2024/25,2024-12-09 20:00:00+00:00,REGULAR_SEASON,,16,Getafe CF,RCD Espanyol de Barcelona,1,0,FINISHED
498781,2024/25,2024-12-13 20:00:00+00:00,REGULAR_SEASON,,17,Real Valladolid CF,Valencia CF,1,0,FINISHED
498782,2024/25,2024-12-14 13:00:00+00:00,REGULAR_SEASON,,17,RCD Espanyol de Barcelona,CA Osasuna,0,0,FINISHED
498779,2024/25,2024-12-14 15:15:00+00:00,REGULAR_SEASON,,17,RCD Mallorca,Girona FC,2,1,FINISHED
498776,2024/25,2024-12-14 17:30:00+00:00,REGULAR_SEASON,,17,Sevilla FC,RC Celta de Vigo,1,0,FINISHED
498778,2024/25,2024-12-14 20:00:00+00:00,REGULAR_SEASON,,17,Rayo Vallecano de Madrid,Real Madrid CF,3,3,FINISHED
498773,2024/25,2024-12-15 13:00:00+00:00,REGULAR_SEASON,,17,Club Atlético de Madrid,Getafe CF,1,0,FINISHED
498774,2024/25,2024-12-15 15:15:00+00:00,REGULAR_SEASON,,17,Deportivo Alavés,Athletic Club,1,1,FINISHED
498777,2024/25,2024-12-15 17:30:00+00:00,REGULAR_SEASON,,17,Villarreal CF,Real Betis Balompié,1,2,FINISHED
498780,2024/25,2024-12-15 17:30:00+00:00,REGULAR_SEASON,,17,Real Sociedad de Fútbol,UD Las Palmas,0,0,FINISHED
498775,2024/25,2024-12-15 20:00:00+00:00,REGULAR_SEASON,,17,FC Barcelona,CD Leganés,0,1,FINISHED
498731,2024/25,2024-12-18 20:30:00+00:00,REGULAR_SEASON,,12,Villarreal CF,Rayo Vallecano de Madrid,1,1,FINISHED
498742,2024/25,2024-12-18 20:30:00+00:00,REGULAR_SEASON,,13,RCD Espanyol de Barcelona,Valencia CF,1,1,FINISHED
498789,2024/25,2024-12-20 20:00:00+00:00,REGULAR_SEASON,,18,Girona FC,Real Valladolid CF,3,0,FINISHED
498788,2024/25,2024-12-21 13:00:00+00:00,REGULAR_SEASON,,18,Getafe CF,RCD Mallorca,0,1,FINISHED
498786,2024/25,2024-12-21 15:15:00+00:00,REGULAR_SEASON,,18,RC Celta de Vigo,Real Sociedad de Fútbol,2,0,FINISHED
498784,2024/25,2024-12-21 17:30:00+00:00,REGULAR_SEASON,,18,CA Osasuna,Athletic Club,1,2,FINISHED
498787,2024/25,2024-12-21 20:00:00+00:00,REGULAR_SEASON,,18,FC Barcelona,Club Atlético de Madrid,1,2,FINISHED
498790,2024/25,2024-12-22 13:00:00+00:00,REGULAR_SEASON,,18,Valencia CF,Deportivo Alavés,2,2,FINISHED
498791,2024/25,2024-12-22 15:15:00+00:00,REGULAR_SEASON,,18,Real Madrid CF,Sevilla FC,4,2,FINISHED
498785,2024/25,2024-12-22 17:30:00+00:00,REGULAR_SEASON,,18,CD Leganés,Villarreal CF,2,5,FINISHED
498792,2024/25,2024-12-22 17:30:00+00:00,REGULAR_SEASON,,18,UD Las Palmas,RCD Espanyol de Barcelona,1,0,FINISHED
498783,2024/25,2024-12-22 20:00:00+00:00,REGULAR_SEASON,,18,Real Betis Balompié,Rayo Vallecano de Madrid,1,1,FINISHED
498730,2024/25,2025-01-03 20:00:00+00:00,REGULAR_SEASON,,12,Valencia CF,Real Madrid CF,1,2,FINISHED
498797,2024/25,2025-01-10 20:00:00+00:00,REGULAR_SEASON,,19,Rayo Vallecano de Madrid,RC Celta de Vigo,2,1,FINISHED
498795,2024/25,2025-01-11 13:00:00+00:00,REGULAR_SEASON,,19,Deportivo Alavés,Girona FC,0,1,FINISHED
498800,2024/25,2025-01-11 15:15:00+00:00,REGULAR_SEASON,,19,Real Valladolid CF,Real Betis Balompié,1,0,FINISHED
498802,2024/25,2025-01-11 17:30:00+00:00,REGULAR_SEASON,,19,RCD Espanyol de Barcelona,CD Leganés,1,1,FINISHED
498796,2024/25,2025-01-11 20:00:00+00:00,REGULAR_SEASON,,19,Sevilla FC,Valencia CF,1,1,FINISHED
498801,2024/25,2025-01-12 13:00:00+00:00,REGULAR_SEASON,,19,UD Las Palmas,Getafe CF,1,2,FINISHED
498794,2024/25,2025-01-12 15:15:00+00:00,REGULAR_SEASON,,19,Club Atlético de Madrid,CA Osasuna,1,0,FINISHED
498799,2024/25,2025-01-13 20:00:00+00:00,REGULAR_SEASON,,19,Real Sociedad de Fútbol,Villarreal CF,1,0,FINISHED
498812,2024/25,2025-01-17 20:00:00+00:00,REGULAR_SEASON,,20,RCD Espanyol de Barcelona,Real Valladolid CF,2,1,FINISHED
498808,2024/25,2025-01-18 13:00:00+00:00,REGULAR_SEASON,,20,Girona FC,Sevilla FC,1,2,FINISHED
498805,2024/25,2025-01-18 15:15:00+00:00,REGULAR_SEASON,,20,CD Leganés,Club Atlético de Madrid,1,0,FINISHED
498803,2024/25,2025-01-18 17:30:00+00:00,REGULAR_SEASON,,20,Real Betis Balompié,Deportivo Alavés,1,3,FINISHED
498807,2024/25,2025-01-18 20:00:00+00:00,REGULAR_SEASON,,20,Getafe CF,FC Barcelona,1,1,FINISHED
498806,2024/25,2025-01-19 13:00:00+00:00,REGULAR_SEASON,,20,RC Celta de Vigo,Athletic Club,1,2,FINISHED
498811,2024/25,2025-01-19 15:15:00+00:00,REGULAR_SEASON,,20,Real Madrid CF,UD Las Palmas,4,1,FINISHED
498804,2024/25,2025-01-19 17:30:00+00:00,REGULAR_SEASON,,20,CA Osasuna,Rayo Vallecano de Madrid,1,1,FINISHED
498809,2024/25,2025-01-19 20:00:00+00:00,REGULAR_SEASON,,20,Valencia CF,Real Sociedad de Fútbol,1,0,FINISHED
498810,2024/25,2025-01-20 20:00:00+00:00,REGULAR_SEASON,,20,Villarreal CF,RCD Mallorca,4,0,FINISHED
498821,2024/25,2025-01-24 20:00:00+00:00,REGULAR_SEASON,,21,UD Las Palmas,CA Osasuna,1,1,FINISHED
498818,2024/25,2025-01-25 13:00:00+00:00,REGULAR_SEASON,,21,RCD Mallorca,Real Betis Balompié,0,1,FINISHED
498814,2024/25,2025-01-25 15:15:00+00:00,REGULAR_SEASON,,21,Club Atlético de Madrid,Villarreal CF,1,1,FINISHED
498822,2024/25,2025-01-25 17:30:00+00:00,REGULAR_SEASON,,21,Sevilla FC,RCD Espanyol de Barcelona,1,1,FINISHED
498820,2024/25,2025-01-25 20:00:00+00:00,REGULAR_SEASON,,21,Real Valladolid CF,Real Madrid CF,0,3,FINISHED
498817,2024/25,2025-01-26 13:00:00+00:00,REGULAR_SEASON,,21,Rayo Vallecano de Madrid,Girona FC,2,1,FINISHED
498819,2024/25,2025-01-26 15:15:00+00:00,REGULAR_SEASON,,21,Real Sociedad de Fútbol,Getafe CF,0,3,FINISHED
498813,2024/25,2025-01-26 17:30:00+00:00,REGULAR_SEASON,,21,Athletic Club,CD Leganés,0,0,FINISHED
498816,2024/25,2025-01-26 20:00:00+00:00,REGULAR_SEASON,,21,FC Barcelona,Valencia CF,7,1,FINISHED
498815,2024/25,2025-01-27 20:00:00+00:00,REGULAR_SEASON,,21,Deportivo Alavés,RC Celta de Vigo,1,1,FINISHED
498826,2024/25,2025-01-31 20:00:00+00:00,REGULAR_SEASON,,22,CD Leganés,Rayo Vallecano de Madrid,0,1,FINISHED
498828,2024/25,2025-02-01 13:00:00+00:00,REGULAR_SEASON,,22,Getafe CF,Sevilla FC,0,0,FINISHED
498831,2024/25,2025-02-01 15:15:00+00:00,REGULAR_SEASON,,22,Villarreal CF,Real Valladolid CF,5,1,FINISHED
498823,2024/25,2025-02-01 17:30:00+00:00,REGULAR_SEASON,,22,Club Atlético de Madrid,RCD Mallorca,2,0,FINISHED
498832,2024/25,2025-02-01 20:00:00+00:00,REGULAR_SEASON,,22,RCD Espanyol de Barcelona,Real Madrid CF,1,0,FINISHED
498827,2024/25,2025-02-02 13:00:00+00:00,REGULAR_SEASON,,22,FC Barcelona,Deportivo Alavés,1,0,FINISHED
498830,2024/25,2025-02-02 15:15:00+00:00,REGULAR_SEASON,,22,Valencia CF,RC Celta de Vigo,2,1,FINISHED
498825,2024/25,2025-02-02 17:30:00+00:00,REGULAR_SEASON,,22,CA Osasuna,Real Sociedad de Fútbol,2,1,FINISHED
498824,2024/25,2025-02-02 20:00:00+00:00,REGULAR_SEASON,,22,Real Betis Balompié,Athletic Club,2,2,FINISHED
498829,2024/25,2025-02-03 20:00:00+00:00,REGULAR_SEASON,,22,Girona FC,UD Las Palmas,2,1,FINISHED
498838,2024/25,2025-02-07 20:00:00+00:00,REGULAR_SEASON,,23,Rayo Vallecano de Madrid,Real Valladolid CF,1,0,FINISHED
498834,2024/25,2025-02-08 13:00:00+00:00,REGULAR_SEASON,,23,RC Celta de Vigo,Real Betis Balompié,3,2,FINISHED
498833,2024/25,2025-02-08 15:15:00+00:00,REGULAR_SEASON,,23,Athletic Club,Girona FC,3,0,FINISHED
498841,2024/25,2025-02-08 17:30:00+00:00,REGULAR_SEASON,,23,UD Las Palmas,Villarreal CF,1,2,FINISHED
498840,2024/25,2025-02-08 20:00:00+00:00,REGULAR_SEASON,,23,Real Madrid CF,Club Atlético de Madrid,1,1,FINISHED
498835,2024/25,2025-02-09 13:00:00+00:00,REGULAR_SEASON,,23,Deportivo Alavés,Getafe CF,0,1,FINISHED
498837,2024/25,2025-02-09 15:15:00+00:00,REGULAR_SEASON,,23,Valencia CF,CD Leganés,2,0,FINISHED
498842,2024/25,2025-02-09 17:30:00+00:00,REGULAR_SEASON,,23,Real Sociedad de Fútbol,RCD Espanyol de Barcelona,2,1,FINISHED
498836,2024/25,2025-02-09 20:00:00+00:00,REGULAR_SEASON,,23,Sevilla FC,FC Barcelona,1,4,FINISHED
498839,2024/25,2025-02-10 20:00:00+00:00,REGULAR_SEASON,,23,RCD Mallorca,CA Osasuna,1,1,FINISHED
498848,2024/25,2025-02-14 20:00:00+00:00,REGULAR_SEASON,,24,Girona FC,Getafe CF,1,2,FINISHED
498846,2024/25,2025-02-15 13:00:00+00:00,REGULAR_SEASON,,24,CD Leganés,Deportivo Alavés,3,3,FINISHED
498845,2024/25,2025-02-15 15:15:00+00:00,REGULAR_SEASON,,24,CA Osasuna,Real Madrid CF,1,1,FINISHED
498843,2024/25,2025-02-15 17:30:00+00:00,REGULAR_SEASON,,24,Club Atlético de Madrid,RC Celta de Vigo,1,1,FINISHED
498849,2024/25,2025-02-15 20:00:00+00:00,REGULAR_SEASON,,24,Villarreal CF,Valencia CF,1,1,FINISHED
498852,2024/25,2025-02-16 13:00:00+00:00,REGULAR_SEASON,,24,RCD Espanyol de Barcelona,Athletic Club,1,1,FINISHED
498851,2024/25,2025-02-16 15:15:00+00:00,REGULAR_SEASON,,24,Real Valladolid CF,Sevilla FC,0,4,FINISHED
498850,2024/25,2025-02-16 17:30:00+00:00,REGULAR_SEASON,,24,RCD Mallorca,UD Las Palmas,3,1,FINISHED
498844,2024/25,2025-02-16 20:00:00+00:00,REGULAR_SEASON,,24,Real Betis Balompié,Real Sociedad de Fútbol,3,0,FINISHED
498847,2024/25,2025-02-17 20:00:00+00:00,REGULAR_SEASON,,24,FC Barcelona,Rayo Vallecano de Madrid,1,0,FINISHED
498854,2024/25,2025-02-21 20:00:00+00:00,REGULAR_SEASON,,25,RC Celta de Vigo,CA Osasuna,1,0,FINISHED
498862,2024/25,2025-02-22 13:00:00+00:00,REGULAR_SEASON,,25,Deportivo Alavés,RCD Espanyol de Barcelona,0,1,FINISHED
498858,2024/25,2025-02-22 15:15:00+00:00,REGULAR_SEASON,,25,Rayo Vallecano de Madrid,Villarreal CF,0,1,FINISHED
498857,2024/25,2025-02-22 17:30:00+00:00,REGULAR_SEASON,,25,Valencia CF,Club Atlético de Madrid,0,3,FINISHED
498861,2024/25,2025-02-22 20:00:00+00:00,REGULAR_SEASON,,25,UD Las Palmas,FC Barcelona,0,2,FINISHED
498853,2024/25,2025-02-23 13:00:00+00:00,REGULAR_SEASON,,25,Athletic Club,Real Valladolid CF,7,1,FINISHED
498859,2024/25,2025-02-23 15:15:00+00:00,REGULAR_SEASON,,25,Real Madrid CF,Girona FC,2,0,FINISHED
498855,2024/25,2025-02-23 17:30:00+00:00,REGULAR_SEASON,,25,Getafe CF,Real Betis Balompié,1,2,FINISHED
498860,2024/25,2025-02-23 20:00:00+00:00,REGULAR_SEASON,,25,Real Sociedad de Fútbol,CD Leganés,3,0,FINISHED
498856,2024/25,2025-02-24 20:00:00+00:00,REGULAR_SEASON,,25,Sevilla FC,RCD Mallorca,1,1,FINISHED
498871,2024/25,2025-02-28 20:00:00+00:00,REGULAR_SEASON,,26,Real Valladolid CF,UD Las Palmas,1,1,FINISHED
498868,2024/25,2025-03-01 13:00:00+00:00,REGULAR_SEASON,,26,Girona FC,RC Celta de Vigo,2,2,FINISHED
498869,2024/25,2025-03-01 15:15:00+00:00,REGULAR_SEASON,,26,Rayo Vallecano de Madrid,Sevilla FC,1,1,FINISHED
498864,2024/25,2025-03-01 17:30:00+00:00,REGULAR_SEASON,,26,Real Betis Balompié,Real Madrid CF,2,1,FINISHED
498863,2024/25,2025-03-01 20:00:00+00:00,REGULAR_SEASON,,26,Club Atlético de Madrid,Athletic Club,1,0,FINISHED
498866,2024/25,2025-03-02 13:00:00+00:00,REGULAR_SEASON,,26,CD Leganés,Getafe CF,1,0,FINISHED
498867,2024/25,2025-03-02 15:15:00+00:00,REGULAR_SEASON,,26,FC Barcelona,Real Sociedad de Fútbol,4,0,FINISHED
498870,2024/25,2025-03-02 17:30:00+00:00,REGULAR_SEASON,,26,RCD Mallorca,Deportivo Alavés,1,1,FINISHED
498865,2024/25,2025-03-02 20:00:00+00:00,REGULAR_SEASON,,26,CA Osasuna,Valencia CF,3,3,FINISHED
498875,2024/25,2025-03-08 13:00:00+00:00,REGULAR_SEASON,,27,RC Celta de Vigo,CD Leganés,2,1,FINISHED
498876,2024/25,2025-03-08 15:15:00+00:00,REGULAR_SEASON,,27,Deportivo Alavés,Villarreal CF,1,0,FINISHED
498879,2024/25,2025-03-08 17:30:00+00:00,REGULAR_SEASON,,27,Valencia CF,Real Valladolid CF,2,1,FINISHED
498878,2024/25,2025-03-09 13:00:00+00:00,REGULAR_SEASON,,27,Getafe CF,Club Atlético de Madrid,2,1,FINISHED
498880,2024/25,2025-03-09 15:15:00+00:00,REGULAR_SEASON,,27,Real Madrid CF,Rayo Vallecano de Madrid,2,1,FINISHED
498873,2024/25,2025-03-09 17:30:00+00:00,REGULAR_SEASON,,27,Athletic Club,RCD Mallorca,1,1,FINISHED
498874,2024/25,2025-03-09 17:30:00+00:00,REGULAR_SEASON,,27,Real Betis Balompié,UD Las Palmas,1,0,FINISHED
498881,2024/25,2025-03-09 20:00:00+00:00,REGULAR_SEASON,,27,Real Sociedad de Fútbol,Sevilla FC,0,1,FINISHED
498882,2024/25,2025-03-10 20:00:00+00:00,REGULAR_SEASON,,27,RCD Espanyol de Barcelona,Girona FC,1,1,FINISHED
498891,2024/25,2025-03-14 20:00:00+00:00,REGULAR_SEASON,,28,UD Las Palmas,Deportivo Alavés,2,2,FINISHED
498890,2024/25,2025-03-15 13:00:00+00:00,REGULAR_SEASON,,28,Real Valladolid CF,RC Celta de Vigo,0,1,FINISHED
498892,2024/25,2025-03-15 15:15:00+00:00,REGULAR_SEASON,,28,RCD Mallorca,RCD Espanyol de Barcelona,2,1,FINISHED
498888,2024/25,2025-03-15 17:30:00+00:00,REGULAR_SEASON,,28,Villarreal CF,Real Madrid CF,1,2,FINISHED
498886,2024/25,2025-03-15 20:00:00+00:00,REGULAR_SEASON,,28,Girona FC,Valencia CF,1,1,FINISHED
498885,2024/25,2025-03-16 13:00:00+00:00,REGULAR_SEASON,,28,CD Leganés,Real Betis Balompié,2,3,FINISHED
498887,2024/25,2025-03-16 15:15:00+00:00,REGULAR_SEASON,,28,Sevilla FC,Athletic Club,0,1,FINISHED
498884,2024/25,2025-03-16 17:30:00+00:00,REGULAR_SEASON,,28,CA Osasuna,Getafe CF,1,2,FINISHED
498889,2024/25,2025-03-16 17:30:00+00:00,REGULAR_SEASON,,28,Rayo Vallecano de Madrid,Real Sociedad de Fútbol,2,2,FINISHED
498883,2024/25,2025-03-16 20:00:00+00:00,REGULAR_SEASON,,28,Club Atlético de Madrid,FC Barcelona,2,4,FINISHED
498877,2024/25,2025-03-27 20:00:00+00:00,REGULAR_SEASON,,27,FC Barcelona,CA Osasuna,3,0,FINISHED
498901,2024/25,2025-03-29 13:00:00+00:00,REGULAR_SEASON,,29,Real Sociedad de Fútbol,Real Valladolid CF,2,1,FINISHED
498902,2024/25,2025-03-29 15:15:00+00:00,REGULAR_SEASON,,29,RCD Espanyol de Barcelona,Club Atlético de Madrid,1,1,FINISHED
498896,2024/25,2025-03-29 17:30:00+00:00,REGULAR_SEASON,,29,Deportivo Alavés,Rayo Vallecano de Madrid,0,2,FINISHED
498900,2024/25,2025-03-29 20:00:00+00:00,REGULAR_SEASON,,29,Real Madrid CF,CD Leganés,3,2,FINISHED
498898,2024/25,2025-03-30 12:00:00+00:00,REGULAR_SEASON,,29,Getafe CF,Villarreal CF,1,2,FINISHED
498897,2024/25,2025-03-30 14:15:00+00:00,REGULAR_SEASON,,29,FC Barcelona,Girona FC,4,1,FINISHED
498893,2024/25,2025-03-30 16:30:00+00:00,REGULAR_SEASON,,29,Athletic Club,CA Osasuna,0,0,FINISHED
498899,2024/25,2025-03-30 16:30:00+00:00,REGULAR_SEASON,,29,Valencia CF,RCD Mallorca,1,0,FINISHED
498894,2024/25,2025-03-30 19:00:00+00:00,REGULAR_SEASON,,29,Real Betis Balompié,Sevilla FC,2,1,FINISHED
498895,2024/25,2025-03-31 19:00:00+00:00,REGULAR_SEASON,,29,RC Celta de Vigo,UD Las Palmas,1,1,FINISHED
498912,2024/25,2025-04-04 19:00:00+00:00,REGULAR_SEASON,,30,Rayo Vallecano de Madrid,RCD Espanyol de Barcelona,0,4,FINISHED
498905,2024/25,2025-04-05 12:00:00+00:00,REGULAR_SEASON,,30,Girona FC,Deportivo Alavés,0,1,FINISHED
498909,2024/25,2025-04-05 14:15:00+00:00,REGULAR_SEASON,,30,Real Madrid CF,Valencia CF,1,2,FINISHED
498908,2024/25,2025-04-05 16:30:00+00:00,REGULAR_SEASON,,30,RCD Mallorca,RC Celta de Vigo,1,2,FINISHED
498904,2024/25,2025-04-05 19:00:00+00:00,REGULAR_SEASON,,30,FC Barcelona,Real Betis Balompié,1,1,FINISHED
498911,2024/25,2025-04-06 12:00:00+00:00,REGULAR_SEASON,,30,UD Las Palmas,Real Sociedad de Fútbol,1,3,FINISHED
498906,2024/25,2025-04-06 14:15:00+00:00,REGULAR_SEASON,,30,Sevilla FC,Club Atlético de Madrid,1,2,FINISHED
498910,2024/25,2025-04-06 16:30:00+00:00,REGULAR_SEASON,,30,Real Valladolid CF,Getafe CF,0,4,FINISHED
498907,2024/25,2025-04-06 19:00:00+00:00,REGULAR_SEASON,,30,Villarreal CF,Athletic Club,0,0,FINISHED
498903,2024/25,2025-04-07 19:00:00+00:00,REGULAR_SEASON,,30,CD Leganés,CA Osasuna,1,1,FINISHED
498920,2024/25,2025-04-11 19:00:00+00:00,REGULAR_SEASON,,31,Valencia CF,Sevilla FC,1,0,FINISHED
498921,2024/25,2025-04-12 12:00:00+00:00,REGULAR_SEASON,,31,Real Sociedad de Fútbol,RCD Mallorca,0,2,FINISHED
498919,2024/25,2025-04-12 14:15:00+00:00,REGULAR_SEASON,,31,Getafe CF,UD Las Palmas,1,3,FINISHED
498922,2024/25,2025-04-12 16:30:00+00:00,REGULAR_SEASON,,31,RC Celta de Vigo,RCD Espanyol de Barcelona,0,2,FINISHED
498917,2024/25,2025-04-12 19:00:00+00:00,REGULAR_SEASON,,31,CD Leganés,FC Barcelona,0,1,FINISHED
498916,2024/25,2025-04-13 12:00:00+00:00,REGULAR_SEASON,,31,CA Osasuna,Girona FC,2,1,FINISHED
498918,2024/25,2025-04-13 14:15:00+00:00,REGULAR_SEASON,,31,Deportivo Alavés,Real Madrid CF,0,1,FINISHED
498915,2024/25,2025-04-13 16:30:00+00:00,REGULAR_SEASON,,31,Real Betis Balompié,Villarreal CF,1,2,FINISHED
498913,2024/25,2025-04-13 19:00:00+00:00,REGULAR_SEASON,,31,Athletic Club,Rayo Vallecano de Madrid,3,1,FINISHED
498914,2024/25,2025-04-14 19:00:00+00:00,REGULAR_SEASON,,31,Club Atlético de Madrid,Real Valladolid CF,4,2,FINISHED
498932,2024/25,2025-04-18 19:00:00+00:00,REGULAR_SEASON,,32,RCD Espanyol de Barcelona,Getafe CF,1,0,FINISHED
498927,2024/25,2025-04-19 12:00:00+00:00,REGULAR_SEASON,,32,Rayo Vallecano de Madrid,Valencia CF,1,1,FINISHED
498923,2024/25,2025-04-19 14:15:00+00:00,REGULAR_SEASON,,32,FC Barcelona,RC Celta de Vigo,4,3,FINISHED
498928,2024/25,2025-04-19 16:30:00+00:00,REGULAR_SEASON,,32,RCD Mallorca,CD Leganés,0,0,FINISHED
498931,2024/25,2025-04-19 19:00:00+00:00,REGULAR_SEASON,,32,UD Las Palmas,Club Atlético de Madrid,1,0,FINISHED
498930,2024/25,2025-04-20 12:00:00+00:00,REGULAR_SEASON,,32,Real Valladolid CF,CA Osasuna,2,3,FINISHED
498926,2024/25,2025-04-20 14:15:00+00:00,REGULAR_SEASON,,32,Villarreal CF,Real Sociedad de Fútbol,2,2,FINISHED
498925,2024/25,2025-04-20 16:30:00+00:00,REGULAR_SEASON,,32,Sevilla FC,Deportivo Alavés,1,1,FINISHED
498929,2024/25,2025-04-20 19:00:00+00:00,REGULAR_SEASON,,32,Real Madrid CF,Athletic Club,1,0,FINISHED
498924,2024/25,2025-04-21 19:00:00+00:00,REGULAR_SEASON,,32,Girona FC,Real Betis Balompié,1,3,FINISHED
498942,2024/25,2025-04-22 17:00:00+00:00,REGULAR_SEASON,,33,Valencia CF,RCD Espanyol de Barcelona,1,1,FINISHED
498940,2024/25,2025-04-22 19:30:00+00:00,REGULAR_SEASON,,33,FC Barcelona,RCD Mallorca,1,0,FINISHED
498933,2024/25,2025-04-23 17:00:00+00:00,REGULAR_SEASON,,33,Athletic Club,UD Las Palmas,1,0,FINISHED
498938,2024/25,2025-04-23 17:00:00+00:00,REGULAR_SEASON,,33,RC Celta de Vigo,Villarreal CF,3,0,FINISHED
498939,2024/25,2025-04-23 19:30:00+00:00,REGULAR_SEASON,,33,Deportivo Alavés,Real Sociedad de Fútbol,1,0,FINISHED
498941,2024/25,2025-04-23 19:30:00+00:00,REGULAR_SEASON,,33,Getafe CF,Real Madrid CF,0,1,FINISHED
498936,2024/25,2025-04-24 17:00:00+00:00,REGULAR_SEASON,,33,CA Osasuna,Sevilla FC,1,0,FINISHED
498937,2024/25,2025-04-24 17:00:00+00:00,REGULAR_SEASON,,33,CD Leganés,Girona FC,1,1,FINISHED
498934,2024/25,2025-04-24 19:30:00+00:00,REGULAR_SEASON,,33,Club Atlético de Madrid,Rayo Vallecano de Madrid,3,0,FINISHED
498935,2024/25,2025-04-24 19:30:00+00:00,REGULAR_SEASON,,33,Real Betis Balompié,Real Valladolid CF,5,1,FINISHED
498872,2024/25,2025-04-27 14:15:00+00:00,REGULAR_SEASON,,26,Villarreal CF,RCD Espanyol de Barcelona,1,0,FINISHED
498947,2024/25,2025-05-02 19:00:00+00:00,REGULAR_SEASON,,34,Rayo Vallecano de Madrid,Getafe CF,1,0,FINISHED
498943,2024/25,2025-05-03 12:00:00+00:00,REGULAR_SEASON,,34,Deportivo Alavés,Club Atlético de Madrid,0,0,FINISHED
498946,2024/25,2025-05-03 14:15:00+00:00,REGULAR_SEASON,,34,Villarreal CF,CA Osasuna,4,2,FINISHED
498951,2024/25,2025-05-03 16:30:00+00:00,REGULAR_SEASON,,34,UD Las Palmas,Valencia CF,2,3,FINISHED
498950,2024/25,2025-05-03 19:00:00+00:00,REGULAR_SEASON,,34,Real Valladolid CF,FC Barcelona,1,2,FINISHED
498948,2024/25,2025-05-04 12:00:00+00:00,REGULAR_SEASON,,34,Real Madrid CF,RC Celta de Vigo,3,2,FINISHED
498945,2024/25,2025-05-04 14:15:00+00:00,REGULAR_SEASON,,34,Sevilla FC,CD Leganés,2,2,FINISHED
498952,2024/25,2025-05-04 16:30:00+00:00,REGULAR_SEASON,,34,RCD Espanyol de Barcelona,Real Betis Balompié,1,2,FINISHED
498949,2024/25,2025-05-04 19:00:00+00:00,REGULAR_SEASON,,34,Real Sociedad de Fútbol,Athletic Club,0,0,FINISHED
498944,2024/25,2025-05-05 19:00:00+00:00,REGULAR_SEASON,,34,Girona FC,RCD Mallorca,1,0,FINISHED
498961,2024/25,2025-05-09 19:00:00+00:00,REGULAR_SEASON,,35,UD Las Palmas,Rayo Vallecano de Madrid,0,1,FINISHED
498959,2024/25,2025-05-10 12:00:00+00:00,REGULAR_SEASON,,35,Valencia CF,Getafe CF,3,0,FINISHED
498956,2024/25,2025-05-10 14:15:00+00:00,REGULAR_SEASON,,35,RC Celta de Vigo,Sevilla FC,3,2,FINISHED
498960,2024/25,2025-05-10 16:30:00+00:00,REGULAR_SEASON,,35,RCD Mallorca,Real Valladolid CF,2,1,FINISHED
498958,2024/25,2025-05-10 16:30:00+00:00,REGULAR_SEASON,,35,Girona FC,Villarreal CF,0,1,FINISHED
498954,2024/25,2025-05-10 19:00:00+00:00,REGULAR_SEASON,,35,Club Atlético de Madrid,Real Sociedad de Fútbol,4,0,FINISHED
498962,2024/25,2025-05-11 12:00:00+00:00,REGULAR_SEASON,,35,CD Leganés,RCD Espanyol de Barcelona,3,2,FINISHED
498957,2024/25,2025-05-11 14:15:00+00:00,REGULAR_SEASON,,35,FC Barcelona,Real Madrid CF,4,3,FINISHED
498953,2024/25,2025-05-11 16:30:00+00:00,REGULAR_SEASON,,35,Athletic Club,Deportivo Alavés,1,0,FINISHED
498955,2024/25,2025-05-11 19:00:00+00:00,REGULAR_SEASON,,35,Real Betis Balompié,CA Osasuna,1,1,FINISHED
498971,2024/25,2025-05-13 17:00:00+00:00,REGULAR_SEASON,,36,Real Valladolid CF,Girona FC,0,1,FINISHED
498970,2024/25,2025-05-13 18:00:00+00:00,REGULAR_SEASON,,36,Real Sociedad de Fútbol,RC Celta de Vigo,0,1,FINISHED
498966,2024/25,2025-05-13 19:30:00+00:00,REGULAR_SEASON,,36,Sevilla FC,UD Las Palmas,1,0,FINISHED
498964,2024/25,2025-05-14 17:00:00+00:00,REGULAR_SEASON,,36,Deportivo Alavés,Valencia CF,1,0,FINISHED
498967,2024/25,2025-05-14 17:00:00+00:00,REGULAR_SEASON,,36,Villarreal CF,CD Leganés,3,0,FINISHED
498969,2024/25,2025-05-14 19:30:00+00:00,REGULAR_SEASON,,36,Real Madrid CF,RCD Mallorca,2,1,FINISHED
498963,2024/25,2025-05-15 17:00:00+00:00,REGULAR_SEASON,,36,CA Osasuna,Club Atlético de Madrid,2,0,FINISHED
498968,2024/25,2025-05-15 17:00:00+00:00,REGULAR_SEASON,,36,Rayo Vallecano de Madrid,Real Betis Balompié,2,2,FINISHED
498965,2024/25,2025-05-15 19:30:00+00:00,REGULAR_SEASON,,36,Getafe CF,Athletic Club,0,2,FINISHED
498972,2024/25,2025-05-15 19:30:00+00:00,REGULAR_SEASON,,36,RCD Espanyol de Barcelona,FC Barcelona,0,2,FINISHED
498980,2024/25,2025-05-18 17:00:00+00:00,REGULAR_SEASON,,37,Real Valladolid CF,Deportivo Alavés,0,1,FINISHED
498982,2024/25,2025-05-18 17:00:00+00:00,REGULAR_SEASON,,37,CA Osasuna,RCD Espanyol de Barcelona,2,0,FINISHED
498979,2024/25,2025-05-18 17:00:00+00:00,REGULAR_SEASON,,37,Real Sociedad de Fútbol,Girona FC,3,2,FINISHED
498978,2024/25,2025-05-18 17:00:00+00:00,REGULAR_SEASON,,37,RCD Mallorca,Getafe CF,1,2,FINISHED
498981,2024/25,2025-05-18 17:00:00+00:00,REGULAR_SEASON,,37,UD Las Palmas,CD Leganés,0,1,FINISHED
498976,2024/25,2025-05-18 17:00:00+00:00,REGULAR_SEASON,,37,Sevilla FC,Real Madrid CF,0,2,FINISHED
498975,2024/25,2025-05-18 17:00:00+00:00,REGULAR_SEASON,,37,FC Barcelona,Villarreal CF,2,3,FINISHED
498973,2024/25,2025-05-18 17:00:00+00:00,REGULAR_SEASON,,37,Club Atlético de Madrid,Real Betis Balompié,4,1,FINISHED
498977,2024/25,2025-05-18 17:00:00+00:00,REGULAR_SEASON,,37,Valencia CF,Athletic Club,0,1,FINISHED
498974,2024/25,2025-05-18 17:00:00+00:00,REGULAR_SEASON,,37,RC Celta de Vigo,Rayo Vallecano de Madrid,1,2,FINISHED
498984,2024/25,2025-05-23 19:00:00+00:00,REGULAR_SEASON,,38,Real Betis Balompié,Valencia CF,1,1,FINISHED
498991,2024/25,2025-05-24 14:15:00+00:00,REGULAR_SEASON,,38,Real Madrid CF,Real Sociedad de Fútbol,2,0,FINISHED
498985,2024/25,2025-05-24 16:30:00+00:00,REGULAR_SEASON,,38,CD Leganés,Real Valladolid CF,3,0,FINISHED
498992,2024/25,2025-05-24 16:30:00+00:00,REGULAR_SEASON,,38,RCD Espanyol de Barcelona,UD Las Palmas,2,0,FINISHED
498986,2024/25,2025-05-24 19:00:00+00:00,REGULAR_SEASON,,38,Deportivo Alavés,CA Osasuna,1,1,FINISHED
498987,2024/25,2025-05-24 19:00:00+00:00,REGULAR_SEASON,,38,Getafe CF,RC Celta de Vigo,1,2,FINISHED
498990,2024/25,2025-05-24 19:00:00+00:00,REGULAR_SEASON,,38,Rayo Vallecano de Madrid,RCD Mallorca,0,0,FINISHED
498988,2024/25,2025-05-25 12:00:00+00:00,REGULAR_SEASON,,38,Girona FC,Club Atlético de Madrid,0,4,FINISHED
498989,2024/25,2025-05-25 14:15:00+00:00,REGULAR_SEASON,,38,Villarreal CF,Sevilla FC,4,2,FINISHED
498983,2024/25,2025-05-25 19:00:00+00:00,REGULAR_SEASON,,38,Athletic Club,FC Barcelona,0,3,FINISHED
544214,2025/26,2025-08-15 17:00:00+00:00,REGULAR_SEASON,,1,Girona FC,Rayo Vallecano de Madrid,1,3,FINISHED
544220,2025/26,2025-08-15 19:30:00+00:00,REGULAR_SEASON,,1,Villarreal CF,Real Oviedo,2,0,FINISHED
544216,2025/26,2025-08-16 17:30:00+00:00,REGULAR_SEASON,,1,RCD Mallorca,FC Barcelona,0,3,FINISHED
544211,2025/26,2025-08-16 19:30:00+00:00,REGULAR_SEASON,,1,Deportivo Alavés,Levante UD,2,1,FINISHED
544219,2025/26,2025-08-16 19:30:00+00:00,REGULAR_SEASON,,1,Valencia CF,Real Sociedad de Fútbol,1,1,FINISHED
544213,2025/26,2025-08-17 15:00:00+00:00,REGULAR_SEASON,,1,RC Celta de Vigo,Getafe CF,0,2,FINISHED
544212,2025/26,2025-08-17 17:30:00+00:00,REGULAR_SEASON,,1,Athletic Club,Sevilla FC,3,2,FINISHED
544215,2025/26,2025-08-17 19:30:00+00:00,REGULAR_SEASON,,1,RCD Espanyol de Barcelona,Club Atlético de Madrid,2,1,FINISHED
544217,2025/26,2025-08-18 19:00:00+00:00,REGULAR_SEASON,,1,Elche CF,Real Betis Balompié,1,1,FINISHED
544218,2025/26,2025-08-19 19:00:00+00:00,REGULAR_SEASON,,1,Real Madrid CF,CA Osasuna,1,0,FINISHED
544225,2025/26,2025-08-22 19:30:00+00:00,REGULAR_SEASON,,2,Real Betis Balompié,Deportivo Alavés,1,0,FINISHED
544227,2025/26,2025-08-23 15:00:00+00:00,REGULAR_SEASON,,2,RCD Mallorca,RC Celta de Vigo,1,1,FINISHED
544222,2025/26,2025-08-23 17:30:00+00:00,REGULAR_SEASON,,2,Club Atlético de Madrid,Elche CF,1,1,FINISHED
544226,2025/26,2025-08-23 19:30:00+00:00,REGULAR_SEASON,,2,Levante UD,FC Barcelona,2,3,FINISHED
544223,2025/26,2025-08-24 15:00:00+00:00,REGULAR_SEASON,,2,CA Osasuna,Valencia CF,1,0,FINISHED
544228,2025/26,2025-08-24 17:30:00+00:00,REGULAR_SEASON,,2,Real Sociedad de Fútbol,RCD Espanyol de Barcelona,2,2,FINISHED
544230,2025/26,2025-08-24 17:30:00+00:00,REGULAR_SEASON,,2,Villarreal CF,Girona FC,5,0,FINISHED
544224,2025/26,2025-08-24 19:30:00+00:00,REGULAR_SEASON,,2,Real Oviedo,Real Madrid CF,0,3,FINISHED
544221,2025/26,2025-08-25 17:30:00+00:00,REGULAR_SEASON,,2,Athletic Club,Rayo Vallecano de Madrid,1,0,FINISHED
544229,2025/26,2025-08-25 19:30:00+00:00,REGULAR_SEASON,,2,Sevilla FC,Getafe CF,1,2,FINISHED
544268,2025/26,2025-08-27 19:00:00+00:00,REGULAR_SEASON,,6,RC Celta de Vigo,Real Betis Balompié,1,1,FINISHED
544233,2025/26,2025-08-29 17:30:00+00:00,REGULAR_SEASON,,3,Elche CF,Levante UD,2,0,FINISHED
544239,2025/26,2025-08-29 19:30:00+00:00,REGULAR_SEASON,,3,Valencia CF,Getafe CF,3,0,FINISHED
544231,2025/26,2025-08-30 15:00:00+00:00,REGULAR_SEASON,,3,Deportivo Alavés,Club Atlético de Madrid,1,1,FINISHED
544236,2025/26,2025-08-30 17:00:00+00:00,REGULAR_SEASON,,3,Real Oviedo,Real Sociedad de Fútbol,1,0,FINISHED
544235,2025/26,2025-08-30 17:30:00+00:00,REGULAR_SEASON,,3,Girona FC,Sevilla FC,0,2,FINISHED
544240,2025/26,2025-08-30 19:30:00+00:00,REGULAR_SEASON,,3,Real Madrid CF,RCD Mallorca,2,1,FINISHED
544232,2025/26,2025-08-31 15:00:00+00:00,REGULAR_SEASON,,3,RC Celta de Vigo,Villarreal CF,1,1,FINISHED
544237,2025/26,2025-08-31 17:00:00+00:00,REGULAR_SEASON,,3,Real Betis Balompié,Athletic Club,1,2,FINISHED
544234,2025/26,2025-08-31 17:30:00+00:00,REGULAR_SEASON,,3,RCD Espanyol de Barcelona,CA Osasuna,1,0,FINISHED
544238,2025/26,2025-08-31 19:30:00+00:00,REGULAR_SEASON,,3,Rayo Vallecano de Madrid,FC Barcelona,1,1,FINISHED
544249,2025/26,2025-09-12 19:00:00+00:00,REGULAR_SEASON,,4,Sevilla FC,Elche CF,2,2,FINISHED
544245,2025/26,2025-09-13 12:00:00+00:00,REGULAR_SEASON,,4,Getafe CF,Real Oviedo,2,0,FINISHED
544250,2025/26,2025-09-13 14:15:00+00:00,REGULAR_SEASON,,4,Real Sociedad de Fútbol,Real Madrid CF,1,2,FINISHED
544247,2025/26,2025-09-13 16:30:00+00:00,REGULAR_SEASON,,4,Athletic Club,Deportivo Alavés,0,1,FINISHED
544241,2025/26,2025-09-13 19:00:00+00:00,REGULAR_SEASON,,4,Club Atlético de Madrid,Villarreal CF,2,0,FINISHED
544243,2025/26,2025-09-14 12:00:00+00:00,REGULAR_SEASON,,4,RC Celta de Vigo,Girona FC,1,1,FINISHED
544248,2025/26,2025-09-14 14:15:00+00:00,REGULAR_SEASON,,4,Levante UD,Real Betis Balompié,2,2,FINISHED
544246,2025/26,2025-09-14 16:30:00+00:00,REGULAR_SEASON,,4,CA Osasuna,Rayo Vallecano de Madrid,2,0,FINISHED
544242,2025/26,2025-09-14 19:00:00+00:00,REGULAR_SEASON,,4,FC Barcelona,Valencia CF,6,0,FINISHED
544244,2025/26,2025-09-15 19:00:00+00:00,REGULAR_SEASON,,4,RCD Espanyol de Barcelona,RCD Mallorca,3,2,FINISHED
544253,2025/26,2025-09-19 19:00:00+00:00,REGULAR_SEASON,,5,Real Betis Balompié,Real Sociedad de Fútbol,3,1,FINISHED
544255,2025/26,2025-09-20 12:00:00+00:00,REGULAR_SEASON,,5,Girona FC,Levante UD,0,4,FINISHED
544259,2025/26,2025-09-20 14:15:00+00:00,REGULAR_SEASON,,5,Real Madrid CF,RCD Espanyol de Barcelona,2,0,FINISHED
544260,2025/26,2025-09-20 16:30:00+00:00,REGULAR_SEASON,,5,Villarreal CF,CA Osasuna,2,1,FINISHED
544251,2025/26,2025-09-20 16:30:00+00:00,REGULAR_SEASON,,5,Deportivo Alavés,Sevilla FC,1,2,FINISHED
544256,2025/26,2025-09-20 19:00:00+00:00,REGULAR_SEASON,,5,Valencia CF,Athletic Club,2,0,FINISHED
544258,2025/26,2025-09-21 12:00:00+00:00,REGULAR_SEASON,,5,Rayo Vallecano de Madrid,RC Celta de Vigo,1,1,FINISHED
544257,2025/26,2025-09-21 14:15:00+00:00,REGULAR_SEASON,,5,RCD Mallorca,Club Atlético de Madrid,1,1,FINISHED
544254,2025/26,2025-09-21 16:30:00+00:00,REGULAR_SEASON,,5,Elche CF,Real Oviedo,1,0,FINISHED
544252,2025/26,2025-09-21 19:00:00+00:00,REGULAR_SEASON,,5,FC Barcelona,Getafe CF,3,0,FINISHED
544261,2025/26,2025-09-23 17:00:00+00:00,REGULAR_SEASON,,6,Athletic Club,Girona FC,1,1,FINISHED
544263,2025/26,2025-09-23 17:00:00+00:00,REGULAR_SEASON,,6,RCD Espanyol de Barcelona,Valencia CF,2,2,FINISHED
544265,2025/26,2025-09-23 19:30:00+00:00,REGULAR_SEASON,,6,Sevilla FC,Villarreal CF,1,2,FINISHED
544264,2025/26,2025-09-23 19:30:00+00:00,REGULAR_SEASON,,6,Levante UD,Real Madrid CF,1,4,FINISHED
544266,2025/26,2025-09-24 17:00:00+00:00,REGULAR_SEASON,,6,Getafe CF,Deportivo Alavés,1,1,FINISHED
544262,2025/26,2025-09-24 19:30:00+00:00,REGULAR_SEASON,,6,Club Atlético de Madrid,Rayo Vallecano de Madrid,3,2,FINISHED
544270,2025/26,2025-09-24 19:30:00+00:00,REGULAR_SEASON,,6,Real Sociedad de Fútbol,RCD Mallorca,1,0,FINISHED
544269,2025/26,2025-09-25 17:30:00+00:00,REGULAR_SEASON,,6,CA Osasuna,Elche CF,1,1,FINISHED
544267,2025/26,2025-09-25 19:30:00+00:00,REGULAR_SEASON,,6,Real Oviedo,FC Barcelona,1,3,FINISHED
544279,2025/26,2025-09-26 19:00:00+00:00,REGULAR_SEASON,,7,Girona FC,RCD Espanyol de Barcelona,0,0,FINISHED
544274,2025/26,2025-09-27 12:00:00+00:00,REGULAR_SEASON,,7,Getafe CF,Levante UD,1,1,FINISHED
544271,2025/26,2025-09-27 14:15:00+00:00,REGULAR_SEASON,,7,Club Atlético de Madrid,Real Madrid CF,5,2,FINISHED
544276,2025/26,2025-09-27 16:30:00+00:00,REGULAR_SEASON,,7,RCD Mallorca,Deportivo Alavés,1,0,FINISHED
544277,2025/26,2025-09-27 19:00:00+00:00,REGULAR_SEASON,,7,Villarreal CF,Athletic Club,1,0,FINISHED
544275,2025/26,2025-09-28 12:00:00+00:00,REGULAR_SEASON,,7,Rayo Vallecano de Madrid,Sevilla FC,0,1,FINISHED
544278,2025/26,2025-09-28 14:15:00+00:00,REGULAR_SEASON,,7,Elche CF,RC Celta de Vigo,2,1,FINISHED
544272,2025/26,2025-09-28 16:30:00+00:00,REGULAR_SEASON,,7,FC Barcelona,Real Sociedad de Fútbol,2,1,FINISHED
544273,2025/26,2025-09-28 19:00:00+00:00,REGULAR_SEASON,,7,Real Betis Balompié,CA Osasuna,2,0,FINISHED
544280,2025/26,2025-09-30 18:00:00+00:00,REGULAR_SEASON,,7,Valencia CF,Real Oviedo,1,2,FINISHED
544288,2025/26,2025-10-03 19:00:00+00:00,REGULAR_SEASON,,8,CA Osasuna,Getafe CF,2,1,FINISHED
544289,2025/26,2025-10-04 12:00:00+00:00,REGULAR_SEASON,,8,Real Oviedo,Levante UD,0,2,FINISHED
544283,2025/26,2025-10-04 14:15:00+00:00,REGULAR_SEASON,,8,Girona FC,Valencia CF,2,1,FINISHED
544282,2025/26,2025-10-04 16:30:00+00:00,REGULAR_SEASON,,8,Athletic Club,RCD Mallorca,2,1,FINISHED
544284,2025/26,2025-10-04 19:00:00+00:00,REGULAR_SEASON,,8,Real Madrid CF,Villarreal CF,3,1,FINISHED
544281,2025/26,2025-10-05 12:00:00+00:00,REGULAR_SEASON,,8,Deportivo Alavés,Elche CF,3,1,FINISHED
544286,2025/26,2025-10-05 14:15:00+00:00,REGULAR_SEASON,,8,Sevilla FC,FC Barcelona,4,1,FINISHED
544290,2025/26,2025-10-05 16:30:00+00:00,REGULAR_SEASON,,8,Real Sociedad de Fútbol,Rayo Vallecano de Madrid,0,1,FINISHED
544287,2025/26,2025-10-05 16:30:00+00:00,REGULAR_SEASON,,8,RCD Espanyol de Barcelona,Real Betis Balompié,1,2,FINISHED
544285,2025/26,2025-10-05 19:00:00+00:00,REGULAR_SEASON,,8,RC Celta de Vigo,Club Atlético de Madrid,1,1,FINISHED
544299,2025/26,2025-10-17 19:00:00+00:00,REGULAR_SEASON,,9,Real Oviedo,RCD Espanyol de Barcelona,0,2,FINISHED
544300,2025/26,2025-10-18 12:00:00+00:00,REGULAR_SEASON,,9,Sevilla FC,RCD Mallorca,1,3,FINISHED
544293,2025/26,2025-10-18 14:15:00+00:00,REGULAR_SEASON,,9,FC Barcelona,Girona FC,2,1,FINISHED
544298,2025/26,2025-10-18 16:30:00+00:00,REGULAR_SEASON,,9,Villarreal CF,Real Betis Balompié,2,2,FINISHED
544292,2025/26,2025-10-18 19:00:00+00:00,REGULAR_SEASON,,9,Club Atlético de Madrid,CA Osasuna,1,0,FINISHED
544297,2025/26,2025-10-19 12:00:00+00:00,REGULAR_SEASON,,9,Elche CF,Athletic Club,0,0,FINISHED
544294,2025/26,2025-10-19 14:15:00+00:00,REGULAR_SEASON,,9,RC Celta de Vigo,Real Sociedad de Fútbol,1,1,FINISHED
544296,2025/26,2025-10-19 16:30:00+00:00,REGULAR_SEASON,,9,Levante UD,Rayo Vallecano de Madrid,0,3,FINISHED
544295,2025/26,2025-10-19 19:00:00+00:00,REGULAR_SEASON,,9,Getafe CF,Real Madrid CF,0,1,FINISHED
544291,2025/26,2025-10-20 19:00:00+00:00,REGULAR_SEASON,,9,Deportivo Alavés,Valencia CF,0,0,FINISHED
544303,2025/26,2025-10-24 19:00:00+00:00,REGULAR_SEASON,,10,Real Sociedad de Fútbol,Sevilla FC,2,1,FINISHED
544302,2025/26,2025-10-25 12:00:00+00:00,REGULAR_SEASON,,10,Girona FC,Real Oviedo,3,3,FINISHED
544309,2025/26,2025-10-25 14:15:00+00:00,REGULAR_SEASON,,10,RCD Espanyol de Barcelona,Elche CF,1,0,FINISHED
544301,2025/26,2025-10-25 16:30:00+00:00,REGULAR_SEASON,,10,Athletic Club,Getafe CF,0,1,FINISHED
544304,2025/26,2025-10-25 19:00:00+00:00,REGULAR_SEASON,,10,Valencia CF,Villarreal CF,0,2,FINISHED
544310,2025/26,2025-10-26 13:00:00+00:00,REGULAR_SEASON,,10,RCD Mallorca,Levante UD,1,1,FINISHED
544307,2025/26,2025-10-26 15:15:00+00:00,REGULAR_SEASON,,10,Real Madrid CF,FC Barcelona,2,1,FINISHED
544308,2025/26,2025-10-26 17:30:00+00:00,REGULAR_SEASON,,10,CA Osasuna,RC Celta de Vigo,2,3,FINISHED
544305,2025/26,2025-10-26 20:00:00+00:00,REGULAR_SEASON,,10,Rayo Vallecano de Madrid,Deportivo Alavés,1,0,FINISHED
544306,2025/26,2025-10-27 20:00:00+00:00,REGULAR_SEASON,,10,Real Betis Balompié,Club Atlético de Madrid,0,2,FINISHED
544315,2025/26,2025-10-31 20:00:00+00:00,REGULAR_SEASON,,11,Getafe CF,Girona FC,2,1,FINISHED
544320,2025/26,2025-11-01 13:00:00+00:00,REGULAR_SEASON,,11,Villarreal CF,Rayo Vallecano de Madrid,4,0,FINISHED
544312,2025/26,2025-11-01 15:15:00+00:00,REGULAR_SEASON,,11,Club Atlético de Madrid,Sevilla FC,3,0,FINISHED
544317,2025/26,2025-11-01 17:30:00+00:00,REGULAR_SEASON,,11,Real Sociedad de Fútbol,Athletic Club,3,2,FINISHED
544316,2025/26,2025-11-01 20:00:00+00:00,REGULAR_SEASON,,11,Real Madrid CF,Valencia CF,4,0,FINISHED
544318,2025/26,2025-11-02 13:00:00+00:00,REGULAR_SEASON,,11,Levante UD,RC Celta de Vigo,1,2,FINISHED
544311,2025/26,2025-11-02 15:15:00+00:00,REGULAR_SEASON,,11,Deportivo Alavés,RCD Espanyol de Barcelona,2,1,FINISHED
544313,2025/26,2025-11-02 17:30:00+00:00,REGULAR_SEASON,,11,FC Barcelona,Elche CF,3,1,FINISHED
544314,2025/26,2025-11-02 20:00:00+00:00,REGULAR_SEASON,,11,Real Betis Balompié,RCD Mallorca,3,0,FINISHED
544319,2025/26,2025-11-03 20:00:00+00:00,REGULAR_SEASON,,11,Real Oviedo,CA Osasuna,0,0,FINISHED
544323,2025/26,2025-11-07 20:00:00+00:00,REGULAR_SEASON,,12,Elche CF,Real Sociedad de Fútbol,1,1,FINISHED
544326,2025/26,2025-11-08 13:00:00+00:00,REGULAR_SEASON,,12,Girona FC,Deportivo Alavés,1,0,FINISHED
544330,2025/26,2025-11-08 15:15:00+00:00,REGULAR_SEASON,,12,Sevilla FC,CA Osasuna,1,0,FINISHED
544322,2025/26,2025-11-08 17:30:00+00:00,REGULAR_SEASON,,12,Club Atlético de Madrid,Levante UD,3,1,FINISHED
544324,2025/26,2025-11-08 20:00:00+00:00,REGULAR_SEASON,,12,RCD Espanyol de Barcelona,Villarreal CF,0,2,FINISHED
544321,2025/26,2025-11-09 13:00:00+00:00,REGULAR_SEASON,,12,Athletic Club,Real Oviedo,1,0,FINISHED
544325,2025/26,2025-11-09 15:15:00+00:00,REGULAR_SEASON,,12,Rayo Vallecano de Madrid,Real Madrid CF,0,0,FINISHED
544328,2025/26,2025-11-09 17:30:00+00:00,REGULAR_SEASON,,12,Valencia CF,Real Betis Balompié,1,1,FINISHED
544329,2025/26,2025-11-09 17:30:00+00:00,REGULAR_SEASON,,12,RCD Mallorca,Getafe CF,1,0,FINISHED
544327,2025/26,2025-11-09 20:00:00+00:00,REGULAR_SEASON,,12,RC Celta de Vigo,FC Barcelona,2,4,FINISHED
544339,2025/26,2025-11-21 20:00:00+00:00,REGULAR_SEASON,,13,Valencia CF,Levante UD,1,0,FINISHED
544331,2025/26,2025-11-22 13:00:00+00:00,REGULAR_SEASON,,13,Deportivo Alavés,RC Celta de Vigo,0,1,FINISHED
544337,2025/26,2025-11-22 15:15:00+00:00,REGULAR_SEASON,,13,FC Barcelona,Athletic Club,4,0,FINISHED
544335,2025/26,2025-11-22 17:30:00+00:00,REGULAR_SEASON,,13,CA Osasuna,Real Sociedad de Fútbol,1,3,FINISHED
544340,2025/26,2025-11-22 20:00:00+00:00,REGULAR_SEASON,,13,Villarreal CF,RCD Mallorca,2,1,FINISHED
544336,2025/26,2025-11-23 13:00:00+00:00,REGULAR_SEASON,,13,Real Oviedo,Rayo Vallecano de Madrid,0,0,FINISHED
544332,2025/26,2025-11-23 15:15:00+00:00,REGULAR_SEASON,,13,Real Betis Balompié,Girona FC,1,1,FINISHED
544338,2025/26,2025-11-23 17:30:00+00:00,REGULAR_SEASON,,13,Getafe CF,Club Atlético de Madrid,0,1,FINISHED
544333,2025/26,2025-11-23 20:00:00+00:00,REGULAR_SEASON,,13,Elche CF,Real Madrid CF,2,2,FINISHED
544334,2025/26,2025-11-24 20:00:00+00:00,REGULAR_SEASON,,13,RCD Espanyol de Barcelona,Sevilla FC,2,1,FINISHED
544350,2025/26,2025-11-28 20:00:00+00:00,REGULAR_SEASON,,14,Getafe CF,Elche CF,1,0,FINISHED
544344,2025/26,2025-11-29 13:00:00+00:00,REGULAR_SEASON,,14,RCD Mallorca,CA Osasuna,2,2,FINISHED
544347,2025/26,2025-11-29 15:15:00+00:00,REGULAR_SEASON,,14,FC Barcelona,Deportivo Alavés,3,1,FINISHED
544348,2025/26,2025-11-29 17:30:00+00:00,REGULAR_SEASON,,14,Levante UD,Athletic Club,0,2,FINISHED
544341,2025/26,2025-11-29 20:00:00+00:00,REGULAR_SEASON,,14,Club Atlético de Madrid,Real Oviedo,2,0,FINISHED
544346,2025/26,2025-11-30 13:00:00+00:00,REGULAR_SEASON,,14,Real Sociedad de Fútbol,Villarreal CF,2,3,FINISHED
544349,2025/26,2025-11-30 15:15:00+00:00,REGULAR_SEASON,,14,Sevilla FC,Real Betis Balompié,0,2,FINISHED
544342,2025/26,2025-11-30 17:30:00+00:00,REGULAR_SEASON,,14,RC Celta de Vigo,RCD Espanyol de Barcelona,0,1,FINISHED
544343,2025/26,2025-11-30 20:00:00+00:00,REGULAR_SEASON,,14,Girona FC,Real Madrid CF,1,1,FINISHED
544345,2025/26,2025-12-01 20:00:00+00:00,REGULAR_SEASON,,14,Rayo Vallecano de Madrid,Valencia CF,1,1,FINISHED
544395,2025/26,2025-12-02 20:00:00+00:00,REGULAR_SEASON,,19,FC Barcelona,Club Atlético de Madrid,3,1,FINISHED
544391,2025/26,2025-12-03 18:00:00+00:00,REGULAR_SEASON,,19,Athletic Club,Real Madrid CF,0,3,FINISHED
544359,2025/26,2025-12-05 20:00:00+00:00,REGULAR_SEASON,,15,Real Oviedo,RCD Mallorca,0,0,FINISHED
544357,2025/26,2025-12-06 13:00:00+00:00,REGULAR_SEASON,,15,Villarreal CF,Getafe CF,2,0,FINISHED
544351,2025/26,2025-12-06 15:15:00+00:00,REGULAR_SEASON,,15,Deportivo Alavés,Real Sociedad de Fútbol,1,0,FINISHED
544355,2025/26,2025-12-06 17:30:00+00:00,REGULAR_SEASON,,15,Real Betis Balompié,FC Barcelona,3,5,FINISHED
544352,2025/26,2025-12-06 20:00:00+00:00,REGULAR_SEASON,,15,Athletic Club,Club Atlético de Madrid,1,0,FINISHED
544353,2025/26,2025-12-07 13:00:00+00:00,REGULAR_SEASON,,15,Elche CF,Girona FC,3,0,FINISHED
544360,2025/26,2025-12-07 15:15:00+00:00,REGULAR_SEASON,,15,Valencia CF,Sevilla FC,1,1,FINISHED
544354,2025/26,2025-12-07 17:30:00+00:00,REGULAR_SEASON,,15,RCD Espanyol de Barcelona,Rayo Vallecano de Madrid,1,0,FINISHED
544356,2025/26,2025-12-07 20:00:00+00:00,REGULAR_SEASON,,15,Real Madrid CF,RC Celta de Vigo,0,2,FINISHED
544358,2025/26,2025-12-08 20:00:00+00:00,REGULAR_SEASON,,15,CA Osasuna,Levante UD,2,0,FINISHED
544369,2025/26,2025-12-12 20:00:00+00:00,REGULAR_SEASON,,16,Real Sociedad de Fútbol,Girona FC,1,2,FINISHED
544362,2025/26,2025-12-13 13:00:00+00:00,REGULAR_SEASON,,16,Club Atlético de Madrid,Valencia CF,2,1,FINISHED
544367,2025/26,2025-12-13 15:15:00+00:00,REGULAR_SEASON,,16,RCD Mallorca,Elche CF,3,1,FINISHED
544363,2025/26,2025-12-13 17:30:00+00:00,REGULAR_SEASON,,16,FC Barcelona,CA Osasuna,2,0,FINISHED
544368,2025/26,2025-12-13 20:00:00+00:00,REGULAR_SEASON,,16,Getafe CF,RCD Espanyol de Barcelona,0,1,FINISHED
544370,2025/26,2025-12-14 13:00:00+00:00,REGULAR_SEASON,,16,Sevilla FC,Real Oviedo,4,0,FINISHED
544365,2025/26,2025-12-14 15:15:00+00:00,REGULAR_SEASON,,16,RC Celta de Vigo,Athletic Club,2,0,FINISHED
544361,2025/26,2025-12-14 20:00:00+00:00,REGULAR_SEASON,,16,Deportivo Alavés,Real Madrid CF,1,2,FINISHED
544366,2025/26,2025-12-15 20:00:00+00:00,REGULAR_SEASON,,16,Rayo Vallecano de Madrid,Real Betis Balompié,0,0,FINISHED
544380,2025/26,2025-12-19 20:00:00+00:00,REGULAR_SEASON,,17,Valencia CF,RCD Mallorca,1,1,FINISHED
544379,2025/26,2025-12-20 13:00:00+00:00,REGULAR_SEASON,,17,Real Oviedo,RC Celta de Vigo,0,0,FINISHED
544374,2025/26,2025-12-20 15:15:00+00:00,REGULAR_SEASON,,17,Levante UD,Real Sociedad de Fútbol,1,1,FINISHED
544376,2025/26,2025-12-20 17:30:00+00:00,REGULAR_SEASON,,17,CA Osasuna,Deportivo Alavés,3,0,FINISHED
544375,2025/26,2025-12-20 20:00:00+00:00,REGULAR_SEASON,,17,Real Madrid CF,Sevilla FC,2,0,FINISHED
544377,2025/26,2025-12-21 13:00:00+00:00,REGULAR_SEASON,,17,Girona FC,Club Atlético de Madrid,0,3,FINISHED
544378,2025/26,2025-12-21 15:15:00+00:00,REGULAR_SEASON,,17,Villarreal CF,FC Barcelona,0,2,FINISHED
544373,2025/26,2025-12-21 17:30:00+00:00,REGULAR_SEASON,,17,Elche CF,Rayo Vallecano de Madrid,4,0,FINISHED
544372,2025/26,2025-12-21 20:00:00+00:00,REGULAR_SEASON,,17,Real Betis Balompié,Getafe CF,4,0,FINISHED
544371,2025/26,2025-12-22 20:00:00+00:00,REGULAR_SEASON,,17,Athletic Club,RCD Espanyol de Barcelona,1,2,FINISHED
544388,2025/26,2026-01-02 20:00:00+00:00,REGULAR_SEASON,,18,Rayo Vallecano de Madrid,Getafe CF,1,1,FINISHED
544382,2025/26,2026-01-03 13:00:00+00:00,REGULAR_SEASON,,18,RC Celta de Vigo,Valencia CF,4,1,FINISHED
544384,2025/26,2026-01-03 15:15:00+00:00,REGULAR_SEASON,,18,CA Osasuna,Athletic Club,1,1,FINISHED
544383,2025/26,2026-01-03 17:30:00+00:00,REGULAR_SEASON,,18,Elche CF,Villarreal CF,1,3,FINISHED
544386,2025/26,2026-01-03 20:00:00+00:00,REGULAR_SEASON,,18,RCD Espanyol de Barcelona,FC Barcelona,0,2,FINISHED
544390,2025/26,2026-01-04 13:00:00+00:00,REGULAR_SEASON,,18,Sevilla FC,Levante UD,0,3,FINISHED
544387,2025/26,2026-01-04 15:15:00+00:00,REGULAR_SEASON,,18,Real Madrid CF,Real Betis Balompié,5,1,FINISHED
544381,2025/26,2026-01-04 17:30:00+00:00,REGULAR_SEASON,,18,Deportivo Alavés,Real Oviedo,1,1,FINISHED
544389,2025/26,2026-01-04 17:30:00+00:00,REGULAR_SEASON,,18,RCD Mallorca,Girona FC,1,2,FINISHED
544385,2025/26,2026-01-04 20:00:00+00:00,REGULAR_SEASON,,18,Real Sociedad de Fútbol,Club Atlético de Madrid,1,1,FINISHED
544392,2025/26,2026-01-09 20:00:00+00:00,REGULAR_SEASON,,19,Getafe CF,Real Sociedad de Fútbol,1,2,FINISHED
544396,2025/26,2026-01-10 13:00:00+00:00,REGULAR_SEASON,,19,Real Oviedo,Real Betis Balompié,1,1,FINISHED
544394,2025/26,2026-01-10 15:15:00+00:00,REGULAR_SEASON,,19,Villarreal CF,Deportivo Alavés,3,1,FINISHED
544393,2025/26,2026-01-10 17:30:00+00:00,REGULAR_SEASON,,19,Girona FC,CA Osasuna,1,0,FINISHED
544398,2025/26,2026-01-10 20:00:00+00:00,REGULAR_SEASON,,19,Valencia CF,Elche CF,1,1,FINISHED
544400,2025/26,2026-01-11 13:00:00+00:00,REGULAR_SEASON,,19,Rayo Vallecano de Madrid,RCD Mallorca,2,1,FINISHED
544399,2025/26,2026-01-11 15:15:00+00:00,REGULAR_SEASON,,19,Levante UD,RCD Espanyol de Barcelona,1,1,FINISHED
544397,2025/26,2026-01-12 20:00:00+00:00,REGULAR_SEASON,,19,Sevilla FC,RC Celta de Vigo,0,1,FINISHED
544404,2025/26,2026-01-16 20:00:00+00:00,REGULAR_SEASON,,20,RCD Espanyol de Barcelona,Girona FC,0,2,FINISHED
544410,2025/26,2026-01-17 13:00:00+00:00,REGULAR_SEASON,,20,Real Madrid CF,Levante UD,2,0,FINISHED
544408,2025/26,2026-01-17 15:15:00+00:00,REGULAR_SEASON,,20,RCD Mallorca,Athletic Club,3,2,FINISHED
544406,2025/26,2026-01-17 17:30:00+00:00,REGULAR_SEASON,,20,CA Osasuna,Real Oviedo,3,2,FINISHED
544401,2025/26,2026-01-17 20:00:00+00:00,REGULAR_SEASON,,20,Real Betis Balompié,Villarreal CF,2,0,FINISHED
544405,2025/26,2026-01-18 13:00:00+00:00,REGULAR_SEASON,,20,Getafe CF,Valencia CF,0,1,FINISHED
544407,2025/26,2026-01-18 15:15:00+00:00,REGULAR_SEASON,,20,Club Atlético de Madrid,Deportivo Alavés,1,0,FINISHED
544402,2025/26,2026-01-18 17:30:00+00:00,REGULAR_SEASON,,20,RC Celta de Vigo,Rayo Vallecano de Madrid,3,0,FINISHED
544409,2025/26,2026-01-18 20:00:00+00:00,REGULAR_SEASON,,20,Real Sociedad de Fútbol,FC Barcelona,2,1,FINISHED
544403,2025/26,2026-01-19 20:00:00+00:00,REGULAR_SEASON,,20,Elche CF,Sevilla FC,2,2,FINISHED
544416,2025/26,2026-01-23 20:00:00+00:00,REGULAR_SEASON,,21,Levante UD,Elche CF,3,2,FINISHED
544419,2025/26,2026-01-24 13:00:00+00:00,REGULAR_SEASON,,21,Rayo Vallecano de Madrid,CA Osasuna,1,3,FINISHED
544417,2025/26,2026-01-24 15:15:00+00:00,REGULAR_SEASON,,21,Valencia CF,RCD Espanyol de Barcelona,3,2,FINISHED
544414,2025/26,2026-01-24 17:30:00+00:00,REGULAR_SEASON,,21,Sevilla FC,Athletic Club,2,1,FINISHED
544420,2025/26,2026-01-24 20:00:00+00:00,REGULAR_SEASON,,21,Villarreal CF,Real Madrid CF,0,2,FINISHED
544412,2025/26,2026-01-25 13:00:00+00:00,REGULAR_SEASON,,21,Club Atlético de Madrid,RCD Mallorca,3,0,FINISHED
544413,2025/26,2026-01-25 15:15:00+00:00,REGULAR_SEASON,,21,FC Barcelona,Real Oviedo,3,0,FINISHED
544415,2025/26,2026-01-25 17:30:00+00:00,REGULAR_SEASON,,21,Real Sociedad de Fútbol,RC Celta de Vigo,3,1,FINISHED
544411,2025/26,2026-01-25 20:00:00+00:00,REGULAR_SEASON,,21,Deportivo Alavés,Real Betis Balompié,2,1,FINISHED
544418,2025/26,2026-01-26 20:00:00+00:00,REGULAR_SEASON,,21,Girona FC,Getafe CF,1,1,FINISHED
544425,2025/26,2026-01-30 20:00:00+00:00,REGULAR_SEASON,,22,RCD Espanyol de Barcelona,Deportivo Alavés,1,2,FINISHED
544429,2025/26,2026-01-31 13:00:00+00:00,REGULAR_SEASON,,22,Real Oviedo,Girona FC,1,0,FINISHED
544424,2025/26,2026-01-31 15:15:00+00:00,REGULAR_SEASON,,22,CA Osasuna,Villarreal CF,2,2,FINISHED
544426,2025/26,2026-01-31 17:30:00+00:00,REGULAR_SEASON,,22,Levante UD,Club Atlético de Madrid,0,0,FINISHED
544427,2025/26,2026-01-31 20:00:00+00:00,REGULAR_SEASON,,22,Elche CF,FC Barcelona,1,3,FINISHED
544430,2025/26,2026-02-01 13:00:00+00:00,REGULAR_SEASON,,22,Real Madrid CF,Rayo Vallecano de Madrid,2,1,FINISHED
544422,2025/26,2026-02-01 15:15:00+00:00,REGULAR_SEASON,,22,Real Betis Balompié,Valencia CF,2,1,FINISHED
544428,2025/26,2026-02-01 17:30:00+00:00,REGULAR_SEASON,,22,Getafe CF,RC Celta de Vigo,0,0,FINISHED
544421,2025/26,2026-02-01 20:00:00+00:00,REGULAR_SEASON,,22,Athletic Club,Real Sociedad de Fútbol,1,1,FINISHED
544423,2025/26,2026-02-02 20:00:00+00:00,REGULAR_SEASON,,22,RCD Mallorca,Sevilla FC,4,1,FINISHED
544435,2025/26,2026-02-06 20:00:00+00:00,REGULAR_SEASON,,23,RC Celta de Vigo,CA Osasuna,1,2,FINISHED
544434,2025/26,2026-02-07 15:15:00+00:00,REGULAR_SEASON,,23,FC Barcelona,RCD Mallorca,3,0,FINISHED
544436,2025/26,2026-02-07 20:00:00+00:00,REGULAR_SEASON,,23,Real Sociedad de Fútbol,Elche CF,3,1,FINISHED
544431,2025/26,2026-02-08 13:00:00+00:00,REGULAR_SEASON,,23,Deportivo Alavés,Getafe CF,0,2,FINISHED
544432,2025/26,2026-02-08 15:15:00+00:00,REGULAR_SEASON,,23,Athletic Club,Levante UD,4,2,FINISHED
544438,2025/26,2026-02-08 15:15:00+00:00,REGULAR_SEASON,,23,Sevilla FC,Girona FC,1,1,FINISHED
544433,2025/26,2026-02-08 17:30:00+00:00,REGULAR_SEASON,,23,Club Atlético de Madrid,Real Betis Balompié,0,1,FINISHED
544439,2025/26,2026-02-08 20:00:00+00:00,REGULAR_SEASON,,23,Valencia CF,Real Madrid CF,0,2,FINISHED
544437,2025/26,2026-02-09 20:00:00+00:00,REGULAR_SEASON,,23,Villarreal CF,RCD Espanyol de Barcelona,4,1,FINISHED
544441,2025/26,2026-02-13 20:00:00+00:00,REGULAR_SEASON,,24,Elche CF,CA Osasuna,0,0,FINISHED
544450,2025/26,2026-02-14 13:00:00+00:00,REGULAR_SEASON,,24,RCD Espanyol de Barcelona,RC Celta de Vigo,2,2,FINISHED
544442,2025/26,2026-02-14 15:15:00+00:00,REGULAR_SEASON,,24,Getafe CF,Villarreal CF,2,1,FINISHED
544445,2025/26,2026-02-14 17:30:00+00:00,REGULAR_SEASON,,24,Sevilla FC,Deportivo Alavés,1,1,FINISHED
544444,2025/26,2026-02-14 20:00:00+00:00,REGULAR_SEASON,,24,Real Madrid CF,Real Sociedad de Fútbol,4,1,FINISHED
544446,2025/26,2026-02-15 13:00:00+00:00,REGULAR_SEASON,,24,Real Oviedo,Athletic Club,1,2,FINISHED
544447,2025/26,2026-02-15 15:15:00+00:00,REGULAR_SEASON,,24,Rayo Vallecano de Madrid,Club Atlético de Madrid,3,0,FINISHED
544443,2025/26,2026-02-15 17:30:00+00:00,REGULAR_SEASON,,24,Levante UD,Valencia CF,0,2,FINISHED
544449,2025/26,2026-02-15 20:00:00+00:00,REGULAR_SEASON,,24,RCD Mallorca,Real Betis Balompié,1,2,FINISHED
544448,2025/26,2026-02-16 20:00:00+00:00,REGULAR_SEASON,,24,Girona FC,FC Barcelona,2,1,FINISHED
544364,2025/26,2026-02-18 19:00:00+00:00,REGULAR_SEASON,,16,Levante UD,Villarreal CF,0,1,FINISHED
544452,2025/26,2026-02-20 20:00:00+00:00,REGULAR_SEASON,,25,Athletic Club,Elche CF,2,1,FINISHED
544460,2025/26,2026-02-21 13:00:00+00:00,REGULAR_SEASON,,25,Real Sociedad de Fútbol,Real Oviedo,3,3,FINISHED
544455,2025/26,2026-02-21 15:15:00+00:00,REGULAR_SEASON,,25,Real Betis Balompié,Rayo Vallecano de Madrid,1,1,FINISHED
544458,2025/26,2026-02-21 17:30:00+00:00,REGULAR_SEASON,,25,CA Osasuna,Real Madrid CF,2,1,FINISHED
544453,2025/26,2026-02-21 20:00:00+00:00,REGULAR_SEASON,,25,Club Atlético de Madrid,RCD Espanyol de Barcelona,4,2,FINISHED
544457,2025/26,2026-02-22 13:00:00+00:00,REGULAR_SEASON,,25,Getafe CF,Sevilla FC,0,1,FINISHED
544454,2025/26,2026-02-22 15:15:00+00:00,REGULAR_SEASON,,25,FC Barcelona,Levante UD,3,0,FINISHED
544456,2025/26,2026-02-22 17:30:00+00:00,REGULAR_SEASON,,25,RC Celta de Vigo,RCD Mallorca,2,0,FINISHED
544459,2025/26,2026-02-22 20:00:00+00:00,REGULAR_SEASON,,25,Villarreal CF,Valencia CF,2,1,FINISHED
544451,2025/26,2026-02-23 20:00:00+00:00,REGULAR_SEASON,,25,Deportivo Alavés,Girona FC,2,2,FINISHED
544465,2025/26,2026-02-27 20:00:00+00:00,REGULAR_SEASON,,26,Levante UD,Deportivo Alavés,2,0,FINISHED
544466,2025/26,2026-02-28 13:00:00+00:00,REGULAR_SEASON,,26,Rayo Vallecano de Madrid,Athletic Club,1,1,FINISHED
544461,2025/26,2026-02-28 15:15:00+00:00,REGULAR_SEASON,,26,FC Barcelona,Villarreal CF,4,1,FINISHED
544464,2025/26,2026-02-28 17:30:00+00:00,REGULAR_SEASON,,26,RCD Mallorca,Real Sociedad de Fútbol,0,1,FINISHED
544467,2025/26,2026-02-28 20:00:00+00:00,REGULAR_SEASON,,26,Real Oviedo,Club Atlético de Madrid,0,1,FINISHED
544463,2025/26,2026-03-01 13:00:00+00:00,REGULAR_SEASON,,26,Elche CF,RCD Espanyol de Barcelona,2,2,FINISHED
544470,2025/26,2026-03-01 15:15:00+00:00,REGULAR_SEASON,,26,Valencia CF,CA Osasuna,1,0,FINISHED
544462,2025/26,2026-03-01 17:30:00+00:00,REGULAR_SEASON,,26,Real Betis Balompié,Sevilla FC,2,2,FINISHED
544468,2025/26,2026-03-01 20:00:00+00:00,REGULAR_SEASON,,26,Girona FC,RC Celta de Vigo,1,2,FINISHED
544469,2025/26,2026-03-02 20:00:00+00:00,REGULAR_SEASON,,26,Real Madrid CF,Getafe CF,0,1,FINISHED
544440,2025/26,2026-03-04 18:00:00+00:00,REGULAR_SEASON,,23,Rayo Vallecano de Madrid,Real Oviedo,3,0,FINISHED
544473,2025/26,2026-03-06 20:00:00+00:00,REGULAR_SEASON,,27,RC Celta de Vigo,Real Madrid CF,1,2,FINISHED
544479,2025/26,2026-03-07 13:00:00+00:00,REGULAR_SEASON,,27,CA Osasuna,RCD Mallorca,2,2,FINISHED
544478,2025/26,2026-03-07 15:15:00+00:00,REGULAR_SEASON,,27,Levante UD,Girona FC,1,1,FINISHED
544472,2025/26,2026-03-07 17:30:00+00:00,REGULAR_SEASON,,27,Club Atlético de Madrid,Real Sociedad de Fútbol,3,2,FINISHED
544471,2025/26,2026-03-07 20:00:00+00:00,REGULAR_SEASON,,27,Athletic Club,FC Barcelona,0,1,FINISHED
544477,2025/26,2026-03-08 13:00:00+00:00,REGULAR_SEASON,,27,Villarreal CF,Elche CF,2,1,FINISHED
544476,2025/26,2026-03-08 15:15:00+00:00,REGULAR_SEASON,,27,Getafe CF,Real Betis Balompié,2,0,FINISHED
544480,2025/26,2026-03-08 17:30:00+00:00,REGULAR_SEASON,,27,Sevilla FC,Rayo Vallecano de Madrid,1,1,FINISHED
544475,2025/26,2026-03-08 20:00:00+00:00,REGULAR_SEASON,,27,Valencia CF,Deportivo Alavés,3,2,FINISHED
544474,2025/26,2026-03-09 20:00:00+00:00,REGULAR_SEASON,,27,RCD Espanyol de Barcelona,Real Oviedo,1,1,FINISHED
544481,2025/26,2026-03-13 20:00:00+00:00,REGULAR_SEASON,,28,Deportivo Alavés,Villarreal CF,1,1,FINISHED
544486,2025/26,2026-03-14 13:00:00+00:00,REGULAR_SEASON,,28,Girona FC,Athletic Club,3,0,FINISHED
544482,2025/26,2026-03-14 15:15:00+00:00,REGULAR_SEASON,,28,Club Atlético de Madrid,Getafe CF,1,0,FINISHED
544485,2025/26,2026-03-14 17:30:00+00:00,REGULAR_SEASON,,28,Real Oviedo,Valencia CF,1,0,FINISHED
544487,2025/26,2026-03-14 20:00:00+00:00,REGULAR_SEASON,,28,Real Madrid CF,Elche CF,4,1,FINISHED
544488,2025/26,2026-03-15 13:00:00+00:00,REGULAR_SEASON,,28,RCD Mallorca,RCD Espanyol de Barcelona,2,1,FINISHED
544483,2025/26,2026-03-15 15:15:00+00:00,REGULAR_SEASON,,28,FC Barcelona,Sevilla FC,5,2,FINISHED
544484,2025/26,2026-03-15 17:30:00+00:00,REGULAR_SEASON,,28,Real Betis Balompié,RC Celta de Vigo,1,1,FINISHED
544490,2025/26,2026-03-15 20:00:00+00:00,REGULAR_SEASON,,28,Real Sociedad de Fútbol,CA Osasuna,3,1,FINISHED
544489,2025/26,2026-03-16 20:00:00+00:00,REGULAR_SEASON,,28,Rayo Vallecano de Madrid,Levante UD,1,1,FINISHED
544500,2025/26,2026-03-20 20:00:00+00:00,REGULAR_SEASON,,29,Villarreal CF,Real Sociedad de Fútbol,3,1,FINISHED
544493,2025/26,2026-03-21 13:00:00+00:00,REGULAR_SEASON,,29,Elche CF,RCD Mallorca,2,1,FINISHED
544494,2025/26,2026-03-21 15:15:00+00:00,REGULAR_SEASON,,29,RCD Espanyol de Barcelona,Getafe CF,1,2,FINISHED
544495,2025/26,2026-03-21 17:30:00+00:00,REGULAR_SEASON,,29,Levante UD,Real Oviedo,4,2,FINISHED
544499,2025/26,2026-03-21 17:30:00+00:00,REGULAR_SEASON,,29,CA Osasuna,Girona FC,1,0,FINISHED
544496,2025/26,2026-03-21 20:00:00+00:00,REGULAR_SEASON,,29,Sevilla FC,Valencia CF,0,2,FINISHED
544492,2025/26,2026-03-22 13:00:00+00:00,REGULAR_SEASON,,29,FC Barcelona,Rayo Vallecano de Madrid,1,0,FINISHED
544497,2025/26,2026-03-22 15:15:00+00:00,REGULAR_SEASON,,29,RC Celta de Vigo,Deportivo Alavés,3,4,FINISHED
544491,2025/26,2026-03-22 17:30:00+00:00,REGULAR_SEASON,,29,Athletic Club,Real Betis Balompié,2,1,FINISHED
544498,2025/26,2026-03-22 20:00:00+00:00,REGULAR_SEASON,,29,Real Madrid CF,Club Atlético de Madrid,3,2,FINISHED
544509,2025/26,2026-04-03 19:00:00+00:00,REGULAR_SEASON,,30,Rayo Vallecano de Madrid,Elche CF,1,0,FINISHED
544510,2025/26,2026-04-04 12:00:00+00:00,REGULAR_SEASON,,30,Real Sociedad de Fútbol,Levante UD,2,0,FINISHED
544505,2025/26,2026-04-04 14:15:00+00:00,REGULAR_SEASON,,30,RCD Mallorca,Real Madrid CF,2,1,FINISHED
544503,2025/26,2026-04-04 16:30:00+00:00,REGULAR_SEASON,,30,Real Betis Balompié,RCD Espanyol de Barcelona,0,0,FINISHED
544502,2025/26,2026-04-04 19:00:00+00:00,REGULAR_SEASON,,30,Club Atlético de Madrid,FC Barcelona,1,2,FINISHED
544507,2025/26,2026-04-05 12:00:00+00:00,REGULAR_SEASON,,30,Getafe CF,Athletic Club,2,0,FINISHED
544508,2025/26,2026-04-05 14:15:00+00:00,REGULAR_SEASON,,30,Valencia CF,RC Celta de Vigo,2,3,FINISHED
544506,2025/26,2026-04-05 16:30:00+00:00,REGULAR_SEASON,,30,Real Oviedo,Sevilla FC,1,0,FINISHED
544501,2025/26,2026-04-05 19:00:00+00:00,REGULAR_SEASON,,30,Deportivo Alavés,CA Osasuna,2,2,FINISHED
544504,2025/26,2026-04-06 19:00:00+00:00,REGULAR_SEASON,,30,Girona FC,Villarreal CF,1,0,FINISHED
544520,2025/26,2026-04-10 19:00:00+00:00,REGULAR_SEASON,,31,Real Madrid CF,Girona FC,1,1,FINISHED
544516,2025/26,2026-04-11 12:00:00+00:00,REGULAR_SEASON,,31,Real Sociedad de Fútbol,Deportivo Alavés,3,3,FINISHED
544514,2025/26,2026-04-11 14:15:00+00:00,REGULAR_SEASON,,31,Elche CF,Valencia CF,1,0,FINISHED
544512,2025/26,2026-04-11 16:30:00+00:00,REGULAR_SEASON,,31,FC Barcelona,RCD Espanyol de Barcelona,4,1,FINISHED
544517,2025/26,2026-04-11 19:00:00+00:00,REGULAR_SEASON,,31,Sevilla FC,Club Atlético de Madrid,2,1,FINISHED
544518,2025/26,2026-04-12 12:00:00+00:00,REGULAR_SEASON,,31,CA Osasuna,Real Betis Balompié,1,1,FINISHED
544515,2025/26,2026-04-12 14:15:00+00:00,REGULAR_SEASON,,31,RCD Mallorca,Rayo Vallecano de Madrid,3,0,FINISHED
544513,2025/26,2026-04-12 16:30:00+00:00,REGULAR_SEASON,,31,RC Celta de Vigo,Real Oviedo,0,3,FINISHED
544511,2025/26,2026-04-12 19:00:00+00:00,REGULAR_SEASON,,31,Athletic Club,Villarreal CF,1,2,FINISHED
544519,2025/26,2026-04-13 19:00:00+00:00,REGULAR_SEASON,,31,Levante UD,Getafe CF,1,0,FINISHED
544531,2025/26,2026-04-21 17:00:00+00:00,REGULAR_SEASON,,33,Athletic Club,CA Osasuna,1,0,FINISHED
544534,2025/26,2026-04-21 17:00:00+00:00,REGULAR_SEASON,,33,RCD Mallorca,Valencia CF,1,1,FINISHED
544538,2025/26,2026-04-21 19:30:00+00:00,REGULAR_SEASON,,33,Girona FC,Real Betis Balompié,2,3,FINISHED
544536,2025/26,2026-04-21 19:30:00+00:00,REGULAR_SEASON,,33,Real Madrid CF,Deportivo Alavés,2,1,FINISHED
544537,2025/26,2026-04-22 17:00:00+00:00,REGULAR_SEASON,,33,Elche CF,Club Atlético de Madrid,3,2,FINISHED
544540,2025/26,2026-04-22 18:00:00+00:00,REGULAR_SEASON,,33,Real Sociedad de Fútbol,Getafe CF,0,1,FINISHED
544532,2025/26,2026-04-22 19:30:00+00:00,REGULAR_SEASON,,33,FC Barcelona,RC Celta de Vigo,1,0,FINISHED
544533,2025/26,2026-04-23 17:00:00+00:00,REGULAR_SEASON,,33,Levante UD,Sevilla FC,2,0,FINISHED
544539,2025/26,2026-04-23 18:00:00+00:00,REGULAR_SEASON,,33,Rayo Vallecano de Madrid,RCD Espanyol de Barcelona,1,0,FINISHED
544535,2025/26,2026-04-23 19:30:00+00:00,REGULAR_SEASON,,33,Real Oviedo,Villarreal CF,1,1,FINISHED
544522,2025/26,2026-04-24 19:00:00+00:00,REGULAR_SEASON,,32,Real Betis Balompié,Real Madrid CF,1,1,FINISHED
544521,2025/26,2026-04-25 12:00:00+00:00,REGULAR_SEASON,,32,Deportivo Alavés,RCD Mallorca,2,1,FINISHED
544527,2025/26,2026-04-25 14:15:00+00:00,REGULAR_SEASON,,32,Getafe CF,FC Barcelona,0,2,FINISHED
544530,2025/26,2026-04-25 16:30:00+00:00,REGULAR_SEASON,,32,Valencia CF,Girona FC,2,1,FINISHED
544526,2025/26,2026-04-25 19:00:00+00:00,REGULAR_SEASON,,32,Club Atlético de Madrid,Athletic Club,3,2,FINISHED
544525,2025/26,2026-04-26 12:00:00+00:00,REGULAR_SEASON,,32,Rayo Vallecano de Madrid,Real Sociedad de Fútbol,3,3,FINISHED
544529,2025/26,2026-04-26 14:15:00+00:00,REGULAR_SEASON,,32,Real Oviedo,Elche CF,1,2,FINISHED
544524,2025/26,2026-04-26 16:30:00+00:00,REGULAR_SEASON,,32,CA Osasuna,Sevilla FC,2,1,FINISHED
544528,2025/26,2026-04-26 19:00:00+00:00,REGULAR_SEASON,,32,Villarreal CF,RC Celta de Vigo,2,1,FINISHED
544523,2025/26,2026-04-27 19:00:00+00:00,REGULAR_SEASON,,32,RCD Espanyol de Barcelona,Levante UD,0,0,FINISHED
544546,2025/26,2026-05-01 19:00:00+00:00,REGULAR_SEASON,,34,Girona FC,RCD Mallorca,0,1,FINISHED
544549,2025/26,2026-05-02 12:00:00+00:00,REGULAR_SEASON,,34,Villarreal CF,Levante UD,5,1,FINISHED
544547,2025/26,2026-05-02 14:15:00+00:00,REGULAR_SEASON,,34,Valencia CF,Club Atlético de Madrid,0,2,FINISHED
544541,2025/26,2026-05-02 16:30:00+00:00,REGULAR_SEASON,,34,Deportivo Alavés,Athletic Club,2,4,FINISHED
544548,2025/26,2026-05-02 19:00:00+00:00,REGULAR_SEASON,,34,CA Osasuna,FC Barcelona,1,2,FINISHED
544543,2025/26,2026-05-03 12:00:00+00:00,REGULAR_SEASON,,34,RC Celta de Vigo,Elche CF,3,1,FINISHED
544545,2025/26,2026-05-03 14:15:00+00:00,REGULAR_SEASON,,34,Getafe CF,Rayo Vallecano de Madrid,0,2,FINISHED
544542,2025/26,2026-05-03 16:30:00+00:00,REGULAR_SEASON,,34,Real Betis Balompié,Real Oviedo,3,0,FINISHED
544544,2025/26,2026-05-03 19:00:00+00:00,REGULAR_SEASON,,34,RCD Espanyol de Barcelona,Real Madrid CF,0,2,FINISHED
544550,2025/26,2026-05-04 19:00:00+00:00,REGULAR_SEASON,,34,Sevilla FC,Real Sociedad de Fútbol,1,0,FINISHED
544554,2025/26,2026-05-08 19:00:00+00:00,REGULAR_SEASON,,35,Levante UD,CA Osasuna,3,2,FINISHED
544556,2025/26,2026-05-09 12:00:00+00:00,REGULAR_SEASON,,35,Elche CF,Deportivo Alavés,1,1,FINISHED
544558,2025/26,2026-05-09 14:15:00+00:00,REGULAR_SEASON,,35,Sevilla FC,RCD Espanyol de Barcelona,2,1,FINISHED
544552,2025/26,2026-05-09 16:30:00+00:00,REGULAR_SEASON,,35,Club Atlético de Madrid,RC Celta de Vigo,0,1,FINISHED
544557,2025/26,2026-05-09 19:00:00+00:00,REGULAR_SEASON,,35,Real Sociedad de Fútbol,Real Betis Balompié,2,2,FINISHED
544555,2025/26,2026-05-10 12:00:00+00:00,REGULAR_SEASON,,35,RCD Mallorca,Villarreal CF,1,1,FINISHED
544551,2025/26,2026-05-10 14:15:00+00:00,REGULAR_SEASON,,35,Athletic Club,Valencia CF,0,1,FINISHED
544559,2025/26,2026-05-10 16:30:00+00:00,REGULAR_SEASON,,35,Real Oviedo,Getafe CF,0,0,FINISHED
544553,2025/26,2026-05-10 19:00:00+00:00,REGULAR_SEASON,,35,FC Barcelona,Real Madrid CF,2,0,FINISHED
544560,2025/26,2026-05-11 19:00:00+00:00,REGULAR_SEASON,,35,Rayo Vallecano de Madrid,Girona FC,1,1,FINISHED
544563,2025/26,2026-05-12 17:00:00+00:00,REGULAR_SEASON,,36,RC Celta de Vigo,Levante UD,2,3,FINISHED
544562,2025/26,2026-05-12 18:00:00+00:00,REGULAR_SEASON,,36,Real Betis Balompié,Elche CF,2,1,FINISHED
544567,2025/26,2026-05-12 19:30:00+00:00,REGULAR_SEASON,,36,CA Osasuna,Club Atlético de Madrid,1,2,FINISHED
544566,2025/26,2026-05-13 17:00:00+00:00,REGULAR_SEASON,,36,RCD Espanyol de Barcelona,Athletic Club,2,0,FINISHED
544569,2025/26,2026-05-13 17:00:00+00:00,REGULAR_SEASON,,36,Villarreal CF,Sevilla FC,2,3,FINISHED
544564,2025/26,2026-05-13 19:30:00+00:00,REGULAR_SEASON,,36,Getafe CF,RCD Mallorca,3,1,FINISHED
544561,2025/26,2026-05-13 19:30:00+00:00,REGULAR_SEASON,,36,Deportivo Alavés,FC Barcelona,1,0,FINISHED
544568,2025/26,2026-05-14 17:00:00+00:00,REGULAR_SEASON,,36,Valencia CF,Rayo Vallecano de Madrid,1,1,FINISHED
544565,2025/26,2026-05-14 18:00:00+00:00,REGULAR_SEASON,,36,Girona FC,Real Sociedad de Fútbol,1,1,FINISHED
544570,2025/26,2026-05-14 19:30:00+00:00,REGULAR_SEASON,,36,Real Madrid CF,Real Oviedo,2,0,FINISHED
544578,2025/26,2026-05-17 17:00:00+00:00,REGULAR_SEASON,,37,Real Oviedo,Deportivo Alavés,0,1,FINISHED
544576,2025/26,2026-05-17 17:00:00+00:00,REGULAR_SEASON,,37,Rayo Vallecano de Madrid,Villarreal CF,2,0,FINISHED
544571,2025/26,2026-05-17 17:00:00+00:00,REGULAR_SEASON,,37,Athletic Club,RC Celta de Vigo,1,1,FINISHED
544577,2025/26,2026-05-17 17:00:00+00:00,REGULAR_SEASON,,37,Real Sociedad de Fútbol,Valencia CF,3,4,FINISHED
544580,2025/26,2026-05-17 17:00:00+00:00,REGULAR_SEASON,,37,Sevilla FC,Real Madrid CF,0,1,FINISHED
544579,2025/26,2026-05-17 17:00:00+00:00,REGULAR_SEASON,,37,CA Osasuna,RCD Espanyol de Barcelona,1,2,FINISHED
544575,2025/26,2026-05-17 17:00:00+00:00,REGULAR_SEASON,,37,Levante UD,RCD Mallorca,2,0,FINISHED
544572,2025/26,2026-05-17 17:00:00+00:00,REGULAR_SEASON,,37,Club Atlético de Madrid,Girona FC,1,0,FINISHED
544574,2025/26,2026-05-17 17:00:00+00:00,REGULAR_SEASON,,37,Elche CF,Getafe CF,1,0,FINISHED
544573,2025/26,2026-05-17 19:15:00+00:00,REGULAR_SEASON,,37,FC Barcelona,Real Betis Balompié,3,1,FINISHED
544581,2025/26,2026-05-23 19:00:00+00:00,REGULAR_SEASON,,38,Deportivo Alavés,Rayo Vallecano de Madrid,1,2,FINISHED
544585,2025/26,2026-05-23 19:00:00+00:00,REGULAR_SEASON,,38,Getafe CF,CA Osasuna,1,0,FINISHED
544582,2025/26,2026-05-23 19:00:00+00:00,REGULAR_SEASON,,38,Real Betis Balompié,Levante UD,2,1,FINISHED
544590,2025/26,2026-05-23 19:00:00+00:00,REGULAR_SEASON,,38,Girona FC,Elche CF,1,1,FINISHED
544584,2025/26,2026-05-23 19:00:00+00:00,REGULAR_SEASON,,38,RCD Espanyol de Barcelona,Real Sociedad de Fútbol,1,1,FINISHED
544589,2025/26,2026-05-23 19:00:00+00:00,REGULAR_SEASON,,38,Valencia CF,FC Barcelona,3,1,FINISHED
544587,2025/26,2026-05-23 19:00:00+00:00,REGULAR_SEASON,,38,Real Madrid CF,Athletic Club,4,2,FINISHED
544586,2025/26,2026-05-23 19:00:00+00:00,REGULAR_SEASON,,38,RCD Mallorca,Real Oviedo,3,0,FINISHED
544583,2025/26,2026-05-23 19:00:00+00:00,REGULAR_SEASON,,38,RC Celta de Vigo,Sevilla FC,1,0,FINISHED
544588,2025/26,2026-05-24 19:00:00+00:00,REGULAR_SEASON,,38,Villarreal CF,Club Atlético de Madrid,5,1,FINISHED
564634,2026/27,2026-08-15 17:30:00+00:00,REGULAR_SEASON,,1,Deportivo Alavés,Getafe CF,3,0,FINISHED
564633,2026/27,2026-08-15 19:30:00+00:00,REGULAR_SEASON,,1,Sevilla FC,Rayo Vallecano de Madrid,2,1,FINISHED
564629,2026/27,2026-08-16 15:00:00+00:00,REGULAR_SEASON,,1,Real Racing Club de Santander,Villarreal CF,2,2,FINISHED
564632,2026/27,2026-08-16 17:00:00+00:00,REGULAR_SEASON,,1,RCD Espanyol de Barcelona,Levante UD,3,0,FINISHED
564635,2026/27,2026-08-17 19:00:00+00:00,REGULAR_SEASON,,1,RC Deportivo La Coruña,Elche CF,1,1,FINISHED
564628,2026/27,2026-08-19 19:00:00+00:00,REGULAR_SEASON,,1,Club Atlético de Madrid,Málaga CF,2,0,FINISHED
564638,2026/27,2026-08-20 19:00:00+00:00,REGULAR_SEASON,,2,Rayo Vallecano de Madrid,Deportivo Alavés,1,1,FINISHED
564647,2026/27,2026-08-21 19:00:00+00:00,REGULAR_SEASON,,2,Real Betis Balompié,Real Sociedad de Fútbol,1,0,FINISHED
564641,2026/27,2026-08-22 15:00:00+00:00,REGULAR_SEASON,,2,Athletic Club,Sevilla FC,1,3,FINISHED
564643,2026/27,2026-08-22 17:30:00+00:00,REGULAR_SEASON,,2,Valencia CF,RC Celta de Vigo,0,0,FINISHED
564645,2026/27,2026-08-22 19:30:00+00:00,REGULAR_SEASON,,2,RCD Espanyol de Barcelona,Real Madrid CF,1,2,FINISHED
564646,2026/27,2026-08-23 15:00:00+00:00,REGULAR_SEASON,,2,Club Atlético de Madrid,Villarreal CF,2,2,FINISHED
564644,2026/27,2026-08-23 17:30:00+00:00,REGULAR_SEASON,,2,Getafe CF,Real Racing Club de Santander,1,0,FINISHED
564642,2026/27,2026-08-23 19:30:00+00:00,REGULAR_SEASON,,2,Elche CF,FC Barcelona,0,5,FINISHED
564639,2026/27,2026-08-24 17:30:00+00:00,REGULAR_SEASON,,2,CA Osasuna,Levante UD,0,0,FINISHED
564640,2026/27,2026-08-24 19:30:00+00:00,REGULAR_SEASON,,2,Málaga CF,RC Deportivo La Coruña,1,1,FINISHED
564637,2026/27,2026-08-25 19:00:00+00:00,REGULAR_SEASON,,1,Valencia CF,Real Betis Balompié,0,1,FINISHED
564631,2026/27,2026-08-26 19:00:00+00:00,REGULAR_SEASON,,1,Real Madrid CF,Real Sociedad de Fútbol,4,1,FINISHED
564636,2026/27,2026-08-27 18:30:00+00:00,REGULAR_SEASON,,1,RC Celta de Vigo,CA Osasuna,1,2,FINISHED
564630,2026/27,2026-08-27 19:00:00+00:00,REGULAR_SEASON,,1,FC Barcelona,Athletic Club,2,0,FINISHED
564654,2026/27,2026-08-28 17:00:00+00:00,REGULAR_SEASON,,3,Real Racing Club de Santander,Elche CF,3,2,FINISHED
564648,2026/27,2026-08-28 19:30:00+00:00,REGULAR_SEASON,,3,Deportivo Alavés,Villarreal CF,1,0,FINISHED
564655,2026/27,2026-08-29 15:00:00+00:00,REGULAR_SEASON,,3,Levante UD,Real Betis Balompié,5,2,FINISHED
564653,2026/27,2026-08-29 17:00:00+00:00,REGULAR_SEASON,,3,Real Sociedad de Fútbol,RCD Espanyol de Barcelona,2,1,FINISHED
564649,2026/27,2026-08-29 19:30:00+00:00,REGULAR_SEASON,,3,Sevilla FC,Club Atlético de Madrid,1,3,FINISHED
564656,2026/27,2026-08-30 15:00:00+00:00,REGULAR_SEASON,,3,Real Madrid CF,Málaga CF,4,0,FINISHED
564651,2026/27,2026-08-30 17:30:00+00:00,REGULAR_SEASON,,3,RC Deportivo La Coruña,Valencia CF,3,1,FINISHED
564652,2026/27,2026-08-30 19:30:00+00:00,REGULAR_SEASON,,3,RC Celta de Vigo,Athletic Club,0,2,FINISHED
564657,2026/27,2026-08-31 17:30:00+00:00,REGULAR_SEASON,,3,CA Osasuna,Getafe CF,1,0,FINISHED
564650,2026/27,2026-08-31 19:30:00+00:00,REGULAR_SEASON,,3,FC Barcelona,Rayo Vallecano de Madrid,5,2,FINISHED
564682,2026/27,2026-09-03 19:00:00+00:00,REGULAR_SEASON,,6,Real Sociedad de Fútbol,RC Celta de Vigo,0,0,FINISHED
564667,2026/27,2026-09-04 19:00:00+00:00,REGULAR_SEASON,,4,Real Betis Balompié,Real Madrid CF,1,0,FINISHED
564663,2026/27,2026-09-05 14:15:00+00:00,REGULAR_SEASON,,4,Athletic Club,Club Atlético de Madrid,3,0,FINISHED
564660,2026/27,2026-09-05 16:30:00+00:00,REGULAR_SEASON,,4,Rayo Vallecano de Madrid,Real Racing Club de Santander,3,2,FINISHED
564662,2026/27,2026-09-05 19:00:00+00:00,REGULAR_SEASON,,4,Villarreal CF,RC Deportivo La Coruña,2,3,FINISHED
564659,2026/27,2026-09-06 14:15:00+00:00,REGULAR_SEASON,,4,Valencia CF,FC Barcelona,0,5,FINISHED
564664,2026/27,2026-09-06 16:30:00+00:00,REGULAR_SEASON,,4,Deportivo Alavés,CA Osasuna,5,2,FINISHED
564666,2026/27,2026-09-06 16:30:00+00:00,REGULAR_SEASON,,4,Málaga CF,Levante UD,0,0,FINISHED
564661,2026/27,2026-09-06 19:00:00+00:00,REGULAR_SEASON,,4,RCD Espanyol de Barcelona,Sevilla FC,1,1,FINISHED
564665,2026/27,2026-09-07 17:00:00+00:00,REGULAR_SEASON,,4,Getafe CF,RC Celta de Vigo,1,1,FINISHED
564658,2026/27,2026-09-07 19:30:00+00:00,REGULAR_SEASON,,4,Elche CF,Real Sociedad de Fútbol,2,3,FINISHED
564669,2026/27,2026-09-11 19:00:00+00:00,REGULAR_SEASON,,5,Sevilla FC,Valencia CF,1,0,FINISHED
564670,2026/27,2026-09-12 12:00:00+00:00,REGULAR_SEASON,,5,Real Racing Club de Santander,Deportivo Alavés,2,1,FINISHED
564673,2026/27,2026-09-12 14:15:00+00:00,REGULAR_SEASON,,5,CA Osasuna,RCD Espanyol de Barcelona,0,2,FINISHED
564676,2026/27,2026-09-12 16:30:00+00:00,REGULAR_SEASON,,5,Athletic Club,Elche CF,1,1,FINISHED
564677,2026/27,2026-09-12 19:00:00+00:00,REGULAR_SEASON,,5,Real Madrid CF,Rayo Vallecano de Madrid,4,1,FINISHED
564672,2026/27,2026-09-13 12:00:00+00:00,REGULAR_SEASON,,5,RC Celta de Vigo,Málaga CF,1,1,FINISHED
564675,2026/27,2026-09-13 14:15:00+00:00,REGULAR_SEASON,,5,Levante UD,FC Barcelona,2,4,FINISHED
564668,2026/27,2026-09-13 16:30:00+00:00,REGULAR_SEASON,,5,Getafe CF,RC Deportivo La Coruña,1,1,FINISHED
564674,2026/27,2026-09-13 19:00:00+00:00,REGULAR_SEASON,,5,Real Sociedad de Fútbol,Club Atlético de Madrid,0,3,FINISHED
564671,2026/27,2026-09-14 19:00:00+00:00,REGULAR_SEASON,,5,Villarreal CF,Real Betis Balompié,1,2,FINISHED
564678,2026/27,2026-09-15 17:00:00+00:00,REGULAR_SEASON,,6,Rayo Vallecano de Madrid,RCD Espanyol de Barcelona,2,1,FINISHED
564680,2026/27,2026-09-15 18:00:00+00:00,REGULAR_SEASON,,6,Deportivo Alavés,Valencia CF,0,1,FINISHED
564681,2026/27,2026-09-15 19:30:00+00:00,REGULAR_SEASON,,6,Elche CF,Real Madrid CF,2,3,FINISHED
564679,2026/27,2026-09-16 17:00:00+00:00,REGULAR_SEASON,,6,RC Deportivo La Coruña,Sevilla FC,0,1,FINISHED
564684,2026/27,2026-09-16 17:00:00+00:00,REGULAR_SEASON,,6,Club Atlético de Madrid,CA Osasuna,4,0,FINISHED
564687,2026/27,2026-09-16 19:30:00+00:00,REGULAR_SEASON,,6,FC Barcelona,Real Racing Club de Santander,7,2,FINISHED
564686,2026/27,2026-09-17 17:00:00+00:00,REGULAR_SEASON,,6,Real Betis Balompié,Getafe CF,1,0,FINISHED
564683,2026/27,2026-09-17 19:30:00+00:00,REGULAR_SEASON,,6,Málaga CF,Villarreal CF,1,3,FINISHED
564692,2026/27,2026-09-18 19:00:00+00:00,REGULAR_SEASON,,7,RCD Espanyol de Barcelona,Elche CF,1,3,FINISHED
564693,2026/27,2026-09-19 12:00:00+00:00,REGULAR_SEASON,,7,CA Osasuna,Rayo Vallecano de Madrid,1,1,FINISHED
564691,2026/27,2026-09-19 14:15:00+00:00,REGULAR_SEASON,,7,Athletic Club,Deportivo Alavés,0,0,FINISHED
564694,2026/27,2026-09-19 16:30:00+00:00,REGULAR_SEASON,,7,RC Celta de Vigo,Real Racing Club de Santander,5,0,FINISHED
564690,2026/27,2026-09-19 19:00:00+00:00,REGULAR_SEASON,,7,Sevilla FC,FC Barcelona,1,3,FINISHED
564697,2026/27,2026-09-20 12:00:00+00:00,REGULAR_SEASON,,7,Getafe CF,Málaga CF,1,0,FINISHED
564688,2026/27,2026-09-20 14:15:00+00:00,REGULAR_SEASON,,7,Club Atlético de Madrid,Real Madrid CF,2,1,FINISHED
564695,2026/27,2026-09-20 16:30:00+00:00,REGULAR_SEASON,,7,RC Deportivo La Coruña,Real Betis Balompié,1,1,FINISHED
564696,2026/27,2026-09-20 16:30:00+00:00,REGULAR_SEASON,,7,Villarreal CF,Levante UD,3,1,FINISHED
564689,2026/27,2026-09-20 19:00:00+00:00,REGULAR_SEASON,,7,Valencia CF,Real Sociedad de Fútbol,2,3,FINISHED
564706,2026/27,2026-10-09 19:00:00+00:00,REGULAR_SEASON,,8,Málaga CF,RCD Espanyol de Barcelona,,,TIMED
564698,2026/27,2026-10-10 12:00:00+00:00,REGULAR_SEASON,,8,Rayo Vallecano de Madrid,Athletic Club,,,TIMED
564699,2026/27,2026-10-10 14:15:00+00:00,REGULAR_SEASON,,8,Deportivo Alavés,Club Atlético de Madrid,,,TIMED
564700,2026/27,2026-10-10 16:30:00+00:00,REGULAR_SEASON,,8,FC Barcelona,Getafe CF,,,TIMED
564702,2026/27,2026-10-10 19:00:00+00:00,REGULAR_SEASON,,8,Real Madrid CF,Villarreal CF,,,TIMED
564703,2026/27,2026-10-11 12:00:00+00:00,REGULAR_SEASON,,8,Elche CF,RC Celta de Vigo,,,TIMED
564707,2026/27,2026-10-11 14:15:00+00:00,REGULAR_SEASON,,8,Real Sociedad de Fútbol,RC Deportivo La Coruña,,,TIMED
564701,2026/27,2026-10-11 16:30:00+00:00,REGULAR_SEASON,,8,Real Betis Balompié,CA Osasuna,,,TIMED
564705,2026/27,2026-10-11 19:00:00+00:00,REGULAR_SEASON,,8,Real Racing Club de Santander,Valencia CF,,,TIMED
564704,2026/27,2026-10-12 19:00:00+00:00,REGULAR_SEASON,,8,Levante UD,Sevilla FC,,,TIMED
564716,2026/27,2026-10-16 19:00:00+00:00,REGULAR_SEASON,,9,RC Deportivo La Coruña,Levante UD,,,TIMED
564710,2026/27,2026-10-17 12:00:00+00:00,REGULAR_SEASON,,9,RCD Espanyol de Barcelona,Club Atlético de Madrid,,,TIMED
564708,2026/27,2026-10-17 14:15:00+00:00,REGULAR_SEASON,,9,Villarreal CF,Elche CF,,,TIMED
564713,2026/27,2026-10-17 16:30:00+00:00,REGULAR_SEASON,,9,Real Betis Balompié,FC Barcelona,,,TIMED
564711,2026/27,2026-10-17 19:00:00+00:00,REGULAR_SEASON,,9,Valencia CF,Athletic Club,,,TIMED
564715,2026/27,2026-10-18 12:00:00+00:00,REGULAR_SEASON,,9,CA Osasuna,Real Racing Club de Santander,,,TIMED
564712,2026/27,2026-10-18 14:15:00+00:00,REGULAR_SEASON,,9,RC Celta de Vigo,Deportivo Alavés,,,TIMED
564714,2026/27,2026-10-18 16:30:00+00:00,REGULAR_SEASON,,9,Málaga CF,Real Sociedad de Fútbol,,,TIMED
564709,2026/27,2026-10-18 19:00:00+00:00,REGULAR_SEASON,,9,Real Madrid CF,Sevilla FC,,,TIMED
564717,2026/27,2026-10-19 19:00:00+00:00,REGULAR_SEASON,,9,Getafe CF,Rayo Vallecano de Madrid,,,TIMED
564685,2026/27,2026-10-21 18:00:00+00:00,REGULAR_SEASON,,6,Levante UD,Athletic Club,0,0,TIMED
564719,2026/27,2026-10-23 19:00:00+00:00,REGULAR_SEASON,,10,Deportivo Alavés,Málaga CF,,,TIMED
564718,2026/27,2026-10-24 12:00:00+00:00,REGULAR_SEASON,,10,Rayo Vallecano de Madrid,Elche CF,,,TIMED
564727,2026/27,2026-10-24 14:15:00+00:00,REGULAR_SEASON,,10,Real Racing Club de Santander,RCD Espanyol de Barcelona,,,TIMED
564722,2026/27,2026-10-24 16:30:00+00:00,REGULAR_SEASON,,10,Valencia CF,Villarreal CF,,,TIMED
564724,2026/27,2026-10-24 19:00:00+00:00,REGULAR_SEASON,,10,Club Atlético de Madrid,RC Deportivo La Coruña,,,TIMED
564720,2026/27,2026-10-25 13:00:00+00:00,REGULAR_SEASON,,10,Athletic Club,Getafe CF,,,TIMED
564725,2026/27,2026-10-25 15:15:00+00:00,REGULAR_SEASON,,10,RC Celta de Vigo,Real Betis Balompié,,,TIMED
564726,2026/27,2026-10-25 17:30:00+00:00,REGULAR_SEASON,,10,Real Sociedad de Fútbol,Levante UD,,,TIMED
564723,2026/27,2026-10-25 20:00:00+00:00,REGULAR_SEASON,,10,FC Barcelona,Real Madrid CF,,,TIMED
564721,2026/27,2026-10-26 20:00:00+00:00,REGULAR_SEASON,,10,Sevilla FC,CA Osasuna,,,TIMED
564731,2026/27,2026-11-01 00:00:00+00:00,REGULAR_SEASON,,11,RC Deportivo La Coruña,CA Osasuna,,,SCHEDULED
564735,2026/27,2026-11-01 00:00:00+00:00,REGULAR_SEASON,,11,Rayo Vallecano de Madrid,RC Celta de Vigo,,,SCHEDULED
564734,2026/27,2026-11-01 00:00:00+00:00,REGULAR_SEASON,,11,Real Racing Club de Santander,Real Madrid CF,,,SCHEDULED
564733,2026/27,2026-11-01 00:00:00+00:00,REGULAR_SEASON,,11,Getafe CF,Sevilla FC,,,SCHEDULED
564732,2026/27,2026-11-01 00:00:00+00:00,REGULAR_SEASON,,11,FC Barcelona,Deportivo Alavés,,,SCHEDULED
564728,2026/27,2026-11-01 00:00:00+00:00,REGULAR_SEASON,,11,Elche CF,Valencia CF,,,SCHEDULED
564737,2026/27,2026-11-01 00:00:00+00:00,REGULAR_SEASON,,11,Villarreal CF,RCD Espanyol de Barcelona,,,SCHEDULED
564736,2026/27,2026-11-01 00:00:00+00:00,REGULAR_SEASON,,11,Real Betis Balompié,Málaga CF,,,SCHEDULED
564730,2026/27,2026-11-01 00:00:00+00:00,REGULAR_SEASON,,11,Levante UD,Club Atlético de Madrid,,,SCHEDULED
564729,2026/27,2026-11-01 00:00:00+00:00,REGULAR_SEASON,,11,Athletic Club,Real Sociedad de Fútbol,,,SCHEDULED
564745,2026/27,2026-11-08 00:00:00+00:00,REGULAR_SEASON,,12,RCD Espanyol de Barcelona,RC Deportivo La Coruña,,,SCHEDULED
564743,2026/27,2026-11-08 00:00:00+00:00,REGULAR_SEASON,,12,Real Sociedad de Fútbol,Rayo Vallecano de Madrid,,,SCHEDULED
564744,2026/27,2026-11-08 00:00:00+00:00,REGULAR_SEASON,,12,Málaga CF,Real Racing Club de Santander,,,SCHEDULED
564747,2026/27,2026-11-08 00:00:00+00:00,REGULAR_SEASON,,12,Villarreal CF,Getafe CF,,,SCHEDULED
564746,2026/27,2026-11-08 00:00:00+00:00,REGULAR_SEASON,,12,Club Atlético de Madrid,FC Barcelona,,,SCHEDULED
564738,2026/27,2026-11-08 00:00:00+00:00,REGULAR_SEASON,,12,Elche CF,Real Betis Balompié,,,SCHEDULED
564739,2026/27,2026-11-08 00:00:00+00:00,REGULAR_SEASON,,12,CA Osasuna,Athletic Club,,,SCHEDULED
564742,2026/27,2026-11-08 00:00:00+00:00,REGULAR_SEASON,,12,RC Celta de Vigo,Levante UD,,,SCHEDULED
564741,2026/27,2026-11-08 00:00:00+00:00,REGULAR_SEASON,,12,Valencia CF,Real Madrid CF,,,SCHEDULED
564740,2026/27,2026-11-08 00:00:00+00:00,REGULAR_SEASON,,12,Sevilla FC,Deportivo Alavés,,,SCHEDULED
564754,2026/27,2026-11-22 00:00:00+00:00,REGULAR_SEASON,,13,Real Madrid CF,RC Celta de Vigo,,,SCHEDULED
564757,2026/27,2026-11-22 00:00:00+00:00,REGULAR_SEASON,,13,Levante UD,Elche CF,,,SCHEDULED
564756,2026/27,2026-11-22 00:00:00+00:00,REGULAR_SEASON,,13,Sevilla FC,Real Betis Balompié,,,SCHEDULED
564755,2026/27,2026-11-22 00:00:00+00:00,REGULAR_SEASON,,13,Deportivo Alavés,RC Deportivo La Coruña,,,SCHEDULED
564753,2026/27,2026-11-22 00:00:00+00:00,REGULAR_SEASON,,13,Getafe CF,Club Atlético de Madrid,,,SCHEDULED
564752,2026/27,2026-11-22 00:00:00+00:00,REGULAR_SEASON,,13,CA Osasuna,Málaga CF,,,SCHEDULED
564749,2026/27,2026-11-22 00:00:00+00:00,REGULAR_SEASON,,13,FC Barcelona,Villarreal CF,,,SCHEDULED
564748,2026/27,2026-11-22 00:00:00+00:00,REGULAR_SEASON,,13,Athletic Club,RCD Espanyol de Barcelona,,,SCHEDULED
564751,2026/27,2026-11-22 00:00:00+00:00,REGULAR_SEASON,,13,Rayo Vallecano de Madrid,Valencia CF,,,SCHEDULED
564750,2026/27,2026-11-22 00:00:00+00:00,REGULAR_SEASON,,13,Real Racing Club de Santander,Real Sociedad de Fútbol,,,SCHEDULED
564766,2026/27,2026-11-29 00:00:00+00:00,REGULAR_SEASON,,14,RC Deportivo La Coruña,FC Barcelona,,,SCHEDULED
564764,2026/27,2026-11-29 00:00:00+00:00,REGULAR_SEASON,,14,Real Sociedad de Fútbol,Sevilla FC,,,SCHEDULED
564767,2026/27,2026-11-29 00:00:00+00:00,REGULAR_SEASON,,14,Málaga CF,Athletic Club,,,SCHEDULED
564763,2026/27,2026-11-29 00:00:00+00:00,REGULAR_SEASON,,14,RCD Espanyol de Barcelona,Getafe CF,,,SCHEDULED
564765,2026/27,2026-11-29 00:00:00+00:00,REGULAR_SEASON,,14,Levante UD,Real Racing Club de Santander,,,SCHEDULED
564761,2026/27,2026-11-29 00:00:00+00:00,REGULAR_SEASON,,14,Valencia CF,CA Osasuna,,,SCHEDULED
564759,2026/27,2026-11-29 00:00:00+00:00,REGULAR_SEASON,,14,Elche CF,Club Atlético de Madrid,,,SCHEDULED
564762,2026/27,2026-11-29 00:00:00+00:00,REGULAR_SEASON,,14,Real Madrid CF,Deportivo Alavés,,,SCHEDULED
564758,2026/27,2026-11-29 00:00:00+00:00,REGULAR_SEASON,,14,RC Celta de Vigo,Villarreal CF,,,SCHEDULED
564760,2026/27,2026-11-29 00:00:00+00:00,REGULAR_SEASON,,14,Real Betis Balompié,Rayo Vallecano de Madrid,,,SCHEDULED
564777,2026/27,2026-12-06 00:00:00+00:00,REGULAR_SEASON,,15,Rayo Vallecano de Madrid,Levante UD,,,SCHEDULED
564776,2026/27,2026-12-06 00:00:00+00:00,REGULAR_SEASON,,15,Villarreal CF,Real Sociedad de Fútbol,,,SCHEDULED
564775,2026/27,2026-12-06 00:00:00+00:00,REGULAR_SEASON,,15,Athletic Club,Real Madrid CF,,,SCHEDULED
564774,2026/27,2026-12-06 00:00:00+00:00,REGULAR_SEASON,,15,Getafe CF,Valencia CF,,,SCHEDULED
564773,2026/27,2026-12-06 00:00:00+00:00,REGULAR_SEASON,,15,FC Barcelona,RC Celta de Vigo,,,SCHEDULED
564772,2026/27,2026-12-06 00:00:00+00:00,REGULAR_SEASON,,15,Real Racing Club de Santander,RC Deportivo La Coruña,,,SCHEDULED
564771,2026/27,2026-12-06 00:00:00+00:00,REGULAR_SEASON,,15,Club Atlético de Madrid,Real Betis Balompié,,,SCHEDULED
564770,2026/27,2026-12-06 00:00:00+00:00,REGULAR_SEASON,,15,Deportivo Alavés,RCD Espanyol de Barcelona,,,SCHEDULED
564769,2026/27,2026-12-06 00:00:00+00:00,REGULAR_SEASON,,15,Sevilla FC,Málaga CF,,,SCHEDULED
564768,2026/27,2026-12-06 00:00:00+00:00,REGULAR_SEASON,,15,CA Osasuna,Elche CF,,,SCHEDULED
564786,2026/27,2026-12-13 00:00:00+00:00,REGULAR_SEASON,,16,Real Sociedad de Fútbol,Getafe CF,,,SCHEDULED
564785,2026/27,2026-12-13 00:00:00+00:00,REGULAR_SEASON,,16,Real Betis Balompié,Real Racing Club de Santander,,,SCHEDULED
564784,2026/27,2026-12-13 00:00:00+00:00,REGULAR_SEASON,,16,Villarreal CF,Rayo Vallecano de Madrid,,,SCHEDULED
564783,2026/27,2026-12-13 00:00:00+00:00,REGULAR_SEASON,,16,Elche CF,Sevilla FC,,,SCHEDULED
564787,2026/27,2026-12-13 00:00:00+00:00,REGULAR_SEASON,,16,Club Atlético de Madrid,Valencia CF,,,SCHEDULED
564781,2026/27,2026-12-13 00:00:00+00:00,REGULAR_SEASON,,16,RC Deportivo La Coruña,Athletic Club,,,SCHEDULED
564780,2026/27,2026-12-13 00:00:00+00:00,REGULAR_SEASON,,16,Real Madrid CF,CA Osasuna,,,SCHEDULED
564779,2026/27,2026-12-13 00:00:00+00:00,REGULAR_SEASON,,16,Málaga CF,FC Barcelona,,,SCHEDULED
564778,2026/27,2026-12-13 00:00:00+00:00,REGULAR_SEASON,,16,RCD Espanyol de Barcelona,RC Celta de Vigo,,,SCHEDULED
564782,2026/27,2026-12-13 00:00:00+00:00,REGULAR_SEASON,,16,Levante UD,Deportivo Alavés,,,SCHEDULED
564796,2026/27,2026-12-20 00:00:00+00:00,REGULAR_SEASON,,17,RC Deportivo La Coruña,Real Madrid CF,,,SCHEDULED
564795,2026/27,2026-12-20 00:00:00+00:00,REGULAR_SEASON,,17,Rayo Vallecano de Madrid,Málaga CF,,,SCHEDULED
564794,2026/27,2026-12-20 00:00:00+00:00,REGULAR_SEASON,,17,RC Celta de Vigo,Club Atlético de Madrid,,,SCHEDULED
564793,2026/27,2026-12-20 00:00:00+00:00,REGULAR_SEASON,,17,FC Barcelona,Real Sociedad de Fútbol,,,SCHEDULED
564797,2026/27,2026-12-20 00:00:00+00:00,REGULAR_SEASON,,17,Sevilla FC,Real Racing Club de Santander,,,SCHEDULED
564791,2026/27,2026-12-20 00:00:00+00:00,REGULAR_SEASON,,17,Valencia CF,RCD Espanyol de Barcelona,,,SCHEDULED
564790,2026/27,2026-12-20 00:00:00+00:00,REGULAR_SEASON,,17,Deportivo Alavés,Elche CF,,,SCHEDULED
564789,2026/27,2026-12-20 00:00:00+00:00,REGULAR_SEASON,,17,Getafe CF,Levante UD,,,SCHEDULED
564788,2026/27,2026-12-20 00:00:00+00:00,REGULAR_SEASON,,17,Athletic Club,Real Betis Balompié,,,SCHEDULED
564792,2026/27,2026-12-20 00:00:00+00:00,REGULAR_SEASON,,17,CA Osasuna,Villarreal CF,,,SCHEDULED
564804,2026/27,2027-01-03 00:00:00+00:00,REGULAR_SEASON,,18,RC Celta de Vigo,RC Deportivo La Coruña,,,SCHEDULED
564807,2026/27,2027-01-03 00:00:00+00:00,REGULAR_SEASON,,18,Rayo Vallecano de Madrid,Club Atlético de Madrid,,,SCHEDULED
564806,2026/27,2027-01-03 00:00:00+00:00,REGULAR_SEASON,,18,Villarreal CF,Sevilla FC,,,SCHEDULED
564805,2026/27,2027-01-03 00:00:00+00:00,REGULAR_SEASON,,18,RCD Espanyol de Barcelona,FC Barcelona,,,SCHEDULED
564803,2026/27,2027-01-03 00:00:00+00:00,REGULAR_SEASON,,18,Real Betis Balompié,Deportivo Alavés,,,SCHEDULED
564802,2026/27,2027-01-03 00:00:00+00:00,REGULAR_SEASON,,18,Málaga CF,Elche CF,,,SCHEDULED
564799,2026/27,2027-01-03 00:00:00+00:00,REGULAR_SEASON,,18,Real Sociedad de Fútbol,CA Osasuna,,,SCHEDULED
564798,2026/27,2027-01-03 00:00:00+00:00,REGULAR_SEASON,,18,Real Madrid CF,Getafe CF,,,SCHEDULED
564801,2026/27,2027-01-03 00:00:00+00:00,REGULAR_SEASON,,18,Real Racing Club de Santander,Athletic Club,,,SCHEDULED
564800,2026/27,2027-01-03 00:00:00+00:00,REGULAR_SEASON,,18,Levante UD,Valencia CF,,,SCHEDULED
564815,2026/27,2027-01-10 00:00:00+00:00,REGULAR_SEASON,,19,Sevilla FC,RC Celta de Vigo,,,SCHEDULED
564814,2026/27,2027-01-10 00:00:00+00:00,REGULAR_SEASON,,19,Deportivo Alavés,Real Sociedad de Fútbol,,,SCHEDULED
564816,2026/27,2027-01-10 00:00:00+00:00,REGULAR_SEASON,,19,RCD Espanyol de Barcelona,Real Betis Balompié,,,SCHEDULED
564813,2026/27,2027-01-10 00:00:00+00:00,REGULAR_SEASON,,19,Club Atlético de Madrid,Real Racing Club de Santander,,,SCHEDULED
564817,2026/27,2027-01-10 00:00:00+00:00,REGULAR_SEASON,,19,Valencia CF,Málaga CF,,,SCHEDULED
564811,2026/27,2027-01-10 00:00:00+00:00,REGULAR_SEASON,,19,CA Osasuna,FC Barcelona,,,SCHEDULED
564809,2026/27,2027-01-10 00:00:00+00:00,REGULAR_SEASON,,19,Elche CF,Getafe CF,,,SCHEDULED
564808,2026/27,2027-01-10 00:00:00+00:00,REGULAR_SEASON,,19,Athletic Club,Villarreal CF,,,SCHEDULED
564810,2026/27,2027-01-10 00:00:00+00:00,REGULAR_SEASON,,19,Real Madrid CF,Levante UD,,,SCHEDULED
564812,2026/27,2027-01-10 00:00:00+00:00,REGULAR_SEASON,,19,RC Deportivo La Coruña,Rayo Vallecano de Madrid,,,SCHEDULED
564827,2026/27,2027-01-17 00:00:00+00:00,REGULAR_SEASON,,20,Club Atlético de Madrid,Real Sociedad de Fútbol,,,SCHEDULED
564826,2026/27,2027-01-17 00:00:00+00:00,REGULAR_SEASON,,20,Real Betis Balompié,RC Deportivo La Coruña,,,SCHEDULED
564825,2026/27,2027-01-17 00:00:00+00:00,REGULAR_SEASON,,20,Rayo Vallecano de Madrid,Sevilla FC,,,SCHEDULED
564824,2026/27,2027-01-17 00:00:00+00:00,REGULAR_SEASON,,20,Getafe CF,Athletic Club,,,SCHEDULED
564823,2026/27,2027-01-17 00:00:00+00:00,REGULAR_SEASON,,20,RC Celta de Vigo,Valencia CF,,,SCHEDULED
564822,2026/27,2027-01-17 00:00:00+00:00,REGULAR_SEASON,,20,Levante UD,RCD Espanyol de Barcelona,,,SCHEDULED
564821,2026/27,2027-01-17 00:00:00+00:00,REGULAR_SEASON,,20,Real Racing Club de Santander,CA Osasuna,,,SCHEDULED
564820,2026/27,2027-01-17 00:00:00+00:00,REGULAR_SEASON,,20,Villarreal CF,Deportivo Alavés,,,SCHEDULED
564819,2026/27,2027-01-17 00:00:00+00:00,REGULAR_SEASON,,20,FC Barcelona,Elche CF,,,SCHEDULED
564818,2026/27,2027-01-17 00:00:00+00:00,REGULAR_SEASON,,20,Málaga CF,Real Madrid CF,,,SCHEDULED
564836,2026/27,2027-01-24 00:00:00+00:00,REGULAR_SEASON,,21,RCD Espanyol de Barcelona,Villarreal CF,,,SCHEDULED
564835,2026/27,2027-01-24 00:00:00+00:00,REGULAR_SEASON,,21,Athletic Club,Levante UD,,,SCHEDULED
564834,2026/27,2027-01-24 00:00:00+00:00,REGULAR_SEASON,,21,Real Racing Club de Santander,RC Celta de Vigo,,,SCHEDULED
564833,2026/27,2027-01-24 00:00:00+00:00,REGULAR_SEASON,,21,Real Sociedad de Fútbol,Málaga CF,,,SCHEDULED
564837,2026/27,2027-01-24 00:00:00+00:00,REGULAR_SEASON,,21,RC Deportivo La Coruña,Club Atlético de Madrid,,,SCHEDULED
564831,2026/27,2027-01-24 00:00:00+00:00,REGULAR_SEASON,,21,Elche CF,Rayo Vallecano de Madrid,,,SCHEDULED
564830,2026/27,2027-01-24 00:00:00+00:00,REGULAR_SEASON,,21,Valencia CF,Sevilla FC,,,SCHEDULED
564829,2026/27,2027-01-24 00:00:00+00:00,REGULAR_SEASON,,21,Getafe CF,CA Osasuna,,,SCHEDULED
564828,2026/27,2027-01-24 00:00:00+00:00,REGULAR_SEASON,,21,Real Madrid CF,Real Betis Balompié,,,SCHEDULED
564832,2026/27,2027-01-24 00:00:00+00:00,REGULAR_SEASON,,21,Deportivo Alavés,FC Barcelona,,,SCHEDULED
564846,2026/27,2027-01-31 00:00:00+00:00,REGULAR_SEASON,,22,CA Osasuna,RC Deportivo La Coruña,,,SCHEDULED
564845,2026/27,2027-01-31 00:00:00+00:00,REGULAR_SEASON,,22,Sevilla FC,Athletic Club,,,SCHEDULED
564844,2026/27,2027-01-31 00:00:00+00:00,REGULAR_SEASON,,22,FC Barcelona,Valencia CF,,,SCHEDULED
564843,2026/27,2027-01-31 00:00:00+00:00,REGULAR_SEASON,,22,Levante UD,Real Sociedad de Fútbol,,,SCHEDULED
564847,2026/27,2027-01-31 00:00:00+00:00,REGULAR_SEASON,,22,Málaga CF,Deportivo Alavés,,,SCHEDULED
564841,2026/27,2027-01-31 00:00:00+00:00,REGULAR_SEASON,,22,RC Celta de Vigo,Getafe CF,,,SCHEDULED
564840,2026/27,2027-01-31 00:00:00+00:00,REGULAR_SEASON,,22,Club Atlético de Madrid,RCD Espanyol de Barcelona,,,SCHEDULED
564839,2026/27,2027-01-31 00:00:00+00:00,REGULAR_SEASON,,22,Rayo Vallecano de Madrid,Real Madrid CF,,,SCHEDULED
564838,2026/27,2027-01-31 00:00:00+00:00,REGULAR_SEASON,,22,Real Betis Balompié,Elche CF,,,SCHEDULED
564842,2026/27,2027-01-31 00:00:00+00:00,REGULAR_SEASON,,22,Villarreal CF,Real Racing Club de Santander,,,SCHEDULED
564854,2026/27,2027-02-07 00:00:00+00:00,REGULAR_SEASON,,23,RC Deportivo La Coruña,Málaga CF,,,SCHEDULED
564857,2026/27,2027-02-07 00:00:00+00:00,REGULAR_SEASON,,23,FC Barcelona,Club Atlético de Madrid,,,SCHEDULED
564856,2026/27,2027-02-07 00:00:00+00:00,REGULAR_SEASON,,23,Valencia CF,Real Racing Club de Santander,,,SCHEDULED
564855,2026/27,2027-02-07 00:00:00+00:00,REGULAR_SEASON,,23,Real Sociedad de Fútbol,Real Madrid CF,,,SCHEDULED
564853,2026/27,2027-02-07 00:00:00+00:00,REGULAR_SEASON,,23,Getafe CF,Villarreal CF,,,SCHEDULED
564852,2026/27,2027-02-07 00:00:00+00:00,REGULAR_SEASON,,23,RCD Espanyol de Barcelona,Rayo Vallecano de Madrid,,,SCHEDULED
564849,2026/27,2027-02-07 00:00:00+00:00,REGULAR_SEASON,,23,Deportivo Alavés,RC Celta de Vigo,,,SCHEDULED
564848,2026/27,2027-02-07 00:00:00+00:00,REGULAR_SEASON,,23,Athletic Club,CA Osasuna,,,SCHEDULED
564851,2026/27,2027-02-07 00:00:00+00:00,REGULAR_SEASON,,23,Elche CF,Levante UD,,,SCHEDULED
564850,2026/27,2027-02-07 00:00:00+00:00,REGULAR_SEASON,,23,Real Betis Balompié,Sevilla FC,,,SCHEDULED
564865,2026/27,2027-02-14 00:00:00+00:00,REGULAR_SEASON,,24,Levante UD,Málaga CF,,,SCHEDULED
564864,2026/27,2027-02-14 00:00:00+00:00,REGULAR_SEASON,,24,Valencia CF,Deportivo Alavés,,,SCHEDULED
564867,2026/27,2027-02-14 00:00:00+00:00,REGULAR_SEASON,,24,Real Madrid CF,Athletic Club,,,SCHEDULED
564866,2026/27,2027-02-14 00:00:00+00:00,REGULAR_SEASON,,24,Real Racing Club de Santander,Getafe CF,,,SCHEDULED
564863,2026/27,2027-02-14 00:00:00+00:00,REGULAR_SEASON,,24,Elche CF,RC Deportivo La Coruña,,,SCHEDULED
564862,2026/27,2027-02-14 00:00:00+00:00,REGULAR_SEASON,,24,Real Sociedad de Fútbol,Real Betis Balompié,,,SCHEDULED
564860,2026/27,2027-02-14 00:00:00+00:00,REGULAR_SEASON,,24,RC Celta de Vigo,Rayo Vallecano de Madrid,,,SCHEDULED
564859,2026/27,2027-02-14 00:00:00+00:00,REGULAR_SEASON,,24,CA Osasuna,Club Atlético de Madrid,,,SCHEDULED
564858,2026/27,2027-02-14 00:00:00+00:00,REGULAR_SEASON,,24,Sevilla FC,RCD Espanyol de Barcelona,,,SCHEDULED
564861,2026/27,2027-02-14 00:00:00+00:00,REGULAR_SEASON,,24,Villarreal CF,FC Barcelona,,,SCHEDULED
564873,2026/27,2027-02-21 00:00:00+00:00,REGULAR_SEASON,,25,RCD Espanyol de Barcelona,CA Osasuna,,,SCHEDULED
564877,2026/27,2027-02-21 00:00:00+00:00,REGULAR_SEASON,,25,Rayo Vallecano de Madrid,Getafe CF,,,SCHEDULED
564876,2026/27,2027-02-21 00:00:00+00:00,REGULAR_SEASON,,25,RC Deportivo La Coruña,Real Sociedad de Fútbol,,,SCHEDULED
564875,2026/27,2027-02-21 00:00:00+00:00,REGULAR_SEASON,,25,Club Atlético de Madrid,Elche CF,,,SCHEDULED
564874,2026/27,2027-02-21 00:00:00+00:00,REGULAR_SEASON,,25,Sevilla FC,Real Madrid CF,,,SCHEDULED
564870,2026/27,2027-02-21 00:00:00+00:00,REGULAR_SEASON,,25,Villarreal CF,Valencia CF,,,SCHEDULED
564869,2026/27,2027-02-21 00:00:00+00:00,REGULAR_SEASON,,25,Málaga CF,Real Betis Balompié,,,SCHEDULED
564868,2026/27,2027-02-21 00:00:00+00:00,REGULAR_SEASON,,25,Deportivo Alavés,Real Racing Club de Santander,,,SCHEDULED
564872,2026/27,2027-02-21 00:00:00+00:00,REGULAR_SEASON,,25,Athletic Club,RC Celta de Vigo,,,SCHEDULED
564871,2026/27,2027-02-21 00:00:00+00:00,REGULAR_SEASON,,25,FC Barcelona,Levante UD,,,SCHEDULED
564885,2026/27,2027-02-28 00:00:00+00:00,REGULAR_SEASON,,26,Real Racing Club de Santander,Rayo Vallecano de Madrid,,,SCHEDULED
564883,2026/27,2027-02-28 00:00:00+00:00,REGULAR_SEASON,,26,Getafe CF,Deportivo Alavés,,,SCHEDULED
564887,2026/27,2027-02-28 00:00:00+00:00,REGULAR_SEASON,,26,Real Sociedad de Fútbol,Elche CF,,,SCHEDULED
564886,2026/27,2027-02-28 00:00:00+00:00,REGULAR_SEASON,,26,Real Betis Balompié,Villarreal CF,,,SCHEDULED
564884,2026/27,2027-02-28 00:00:00+00:00,REGULAR_SEASON,,26,Athletic Club,FC Barcelona,,,SCHEDULED
564881,2026/27,2027-02-28 00:00:00+00:00,REGULAR_SEASON,,26,CA Osasuna,Sevilla FC,,,SCHEDULED
564880,2026/27,2027-02-28 00:00:00+00:00,REGULAR_SEASON,,26,Málaga CF,Club Atlético de Madrid,,,SCHEDULED
564879,2026/27,2027-02-28 00:00:00+00:00,REGULAR_SEASON,,26,Levante UD,RC Deportivo La Coruña,,,SCHEDULED
564882,2026/27,2027-02-28 00:00:00+00:00,REGULAR_SEASON,,26,Real Madrid CF,Valencia CF,,,SCHEDULED
564878,2026/27,2027-02-28 00:00:00+00:00,REGULAR_SEASON,,26,RC Celta de Vigo,RCD Espanyol de Barcelona,,,SCHEDULED
564895,2026/27,2027-03-07 00:00:00+00:00,REGULAR_SEASON,,27,Valencia CF,Levante UD,,,SCHEDULED
564893,2026/27,2027-03-07 00:00:00+00:00,REGULAR_SEASON,,27,Club Atlético de Madrid,RC Celta de Vigo,,,SCHEDULED
564897,2026/27,2027-03-07 00:00:00+00:00,REGULAR_SEASON,,27,RCD Espanyol de Barcelona,Real Racing Club de Santander,,,SCHEDULED
564896,2026/27,2027-03-07 00:00:00+00:00,REGULAR_SEASON,,27,RC Deportivo La Coruña,Getafe CF,,,SCHEDULED
564894,2026/27,2027-03-07 00:00:00+00:00,REGULAR_SEASON,,27,Villarreal CF,Real Madrid CF,,,SCHEDULED
564891,2026/27,2027-03-07 00:00:00+00:00,REGULAR_SEASON,,27,Rayo Vallecano de Madrid,CA Osasuna,,,SCHEDULED
564890,2026/27,2027-03-07 00:00:00+00:00,REGULAR_SEASON,,27,Deportivo Alavés,Athletic Club,,,SCHEDULED
564889,2026/27,2027-03-07 00:00:00+00:00,REGULAR_SEASON,,27,Elche CF,Málaga CF,,,SCHEDULED
564892,2026/27,2027-03-07 00:00:00+00:00,REGULAR_SEASON,,27,Sevilla FC,Real Sociedad de Fútbol,,,SCHEDULED
564888,2026/27,2027-03-07 00:00:00+00:00,REGULAR_SEASON,,27,FC Barcelona,Real Betis Balompié,,,SCHEDULED
564903,2026/27,2027-03-14 00:00:00+00:00,REGULAR_SEASON,,28,Real Racing Club de Santander,Club Atlético de Madrid,,,SCHEDULED
564907,2026/27,2027-03-14 00:00:00+00:00,REGULAR_SEASON,,28,Real Madrid CF,RCD Espanyol de Barcelona,,,SCHEDULED
564906,2026/27,2027-03-14 00:00:00+00:00,REGULAR_SEASON,,28,FC Barcelona,RC Deportivo La Coruña,,,SCHEDULED
564905,2026/27,2027-03-14 00:00:00+00:00,REGULAR_SEASON,,28,Getafe CF,Real Sociedad de Fútbol,,,SCHEDULED
564904,2026/27,2027-03-14 00:00:00+00:00,REGULAR_SEASON,,28,Málaga CF,Rayo Vallecano de Madrid,,,SCHEDULED
564900,2026/27,2027-03-14 00:00:00+00:00,REGULAR_SEASON,,28,Deportivo Alavés,Sevilla FC,,,SCHEDULED
564899,2026/27,2027-03-14 00:00:00+00:00,REGULAR_SEASON,,28,Elche CF,Villarreal CF,,,SCHEDULED
564898,2026/27,2027-03-14 00:00:00+00:00,REGULAR_SEASON,,28,CA Osasuna,RC Celta de Vigo,,,SCHEDULED
564902,2026/27,2027-03-14 00:00:00+00:00,REGULAR_SEASON,,28,Real Betis Balompié,Levante UD,,,SCHEDULED
564901,2026/27,2027-03-14 00:00:00+00:00,REGULAR_SEASON,,28,Athletic Club,Valencia CF,,,SCHEDULED
564917,2026/27,2027-03-21 00:00:00+00:00,REGULAR_SEASON,,29,Club Atlético de Madrid,Getafe CF,,,SCHEDULED
564914,2026/27,2027-03-21 00:00:00+00:00,REGULAR_SEASON,,29,RCD Espanyol de Barcelona,Athletic Club,,,SCHEDULED
564916,2026/27,2027-03-21 00:00:00+00:00,REGULAR_SEASON,,29,Valencia CF,RC Deportivo La Coruña,,,SCHEDULED
564913,2026/27,2027-03-21 00:00:00+00:00,REGULAR_SEASON,,29,Real Sociedad de Fútbol,Deportivo Alavés,,,SCHEDULED
564915,2026/27,2027-03-21 00:00:00+00:00,REGULAR_SEASON,,29,Real Racing Club de Santander,Real Betis Balompié,,,SCHEDULED
564909,2026/27,2027-03-21 00:00:00+00:00,REGULAR_SEASON,,29,Sevilla FC,Elche CF,,,SCHEDULED
564912,2026/27,2027-03-21 00:00:00+00:00,REGULAR_SEASON,,29,Rayo Vallecano de Madrid,FC Barcelona,,,SCHEDULED
564908,2026/27,2027-03-21 00:00:00+00:00,REGULAR_SEASON,,29,Villarreal CF,Málaga CF,,,SCHEDULED
564911,2026/27,2027-03-21 00:00:00+00:00,REGULAR_SEASON,,29,RC Celta de Vigo,Real Madrid CF,,,SCHEDULED
564910,2026/27,2027-03-21 00:00:00+00:00,REGULAR_SEASON,,29,Levante UD,CA Osasuna,,,SCHEDULED
564923,2026/27,2027-04-04 00:00:00+00:00,REGULAR_SEASON,,30,Real Sociedad de Fútbol,Valencia CF,,,SCHEDULED
564927,2026/27,2027-04-04 00:00:00+00:00,REGULAR_SEASON,,30,Real Betis Balompié,RC Celta de Vigo,,,SCHEDULED
564926,2026/27,2027-04-04 00:00:00+00:00,REGULAR_SEASON,,30,Getafe CF,RCD Espanyol de Barcelona,,,SCHEDULED
564925,2026/27,2027-04-04 00:00:00+00:00,REGULAR_SEASON,,30,Real Madrid CF,Club Atlético de Madrid,,,SCHEDULED
564924,2026/27,2027-04-04 00:00:00+00:00,REGULAR_SEASON,,30,Elche CF,Deportivo Alavés,,,SCHEDULED
564920,2026/27,2027-04-04 00:00:00+00:00,REGULAR_SEASON,,30,Málaga CF,CA Osasuna,,,SCHEDULED
564919,2026/27,2027-04-04 00:00:00+00:00,REGULAR_SEASON,,30,FC Barcelona,Sevilla FC,,,SCHEDULED
564918,2026/27,2027-04-04 00:00:00+00:00,REGULAR_SEASON,,30,Levante UD,Rayo Vallecano de Madrid,,,SCHEDULED
564922,2026/27,2027-04-04 00:00:00+00:00,REGULAR_SEASON,,30,RC Deportivo La Coruña,Villarreal CF,,,SCHEDULED
564921,2026/27,2027-04-04 00:00:00+00:00,REGULAR_SEASON,,30,Athletic Club,Real Racing Club de Santander,,,SCHEDULED
564935,2026/27,2027-04-11 00:00:00+00:00,REGULAR_SEASON,,31,Real Racing Club de Santander,FC Barcelona,,,SCHEDULED
564933,2026/27,2027-04-11 00:00:00+00:00,REGULAR_SEASON,,31,Sevilla FC,RC Deportivo La Coruña,,,SCHEDULED
564937,2026/27,2027-04-11 00:00:00+00:00,REGULAR_SEASON,,31,Club Atlético de Madrid,Levante UD,,,SCHEDULED
564936,2026/27,2027-04-11 00:00:00+00:00,REGULAR_SEASON,,31,CA Osasuna,Real Madrid CF,,,SCHEDULED
564934,2026/27,2027-04-11 00:00:00+00:00,REGULAR_SEASON,,31,RC Celta de Vigo,Elche CF,,,SCHEDULED
564931,2026/27,2027-04-11 00:00:00+00:00,REGULAR_SEASON,,31,Deportivo Alavés,Real Betis Balompié,,,SCHEDULED
564930,2026/27,2027-04-11 00:00:00+00:00,REGULAR_SEASON,,31,Villarreal CF,Athletic Club,,,SCHEDULED
564929,2026/27,2027-04-11 00:00:00+00:00,REGULAR_SEASON,,31,RCD Espanyol de Barcelona,Málaga CF,,,SCHEDULED
564932,2026/27,2027-04-11 00:00:00+00:00,REGULAR_SEASON,,31,Valencia CF,Getafe CF,,,SCHEDULED
564928,2026/27,2027-04-11 00:00:00+00:00,REGULAR_SEASON,,31,Rayo Vallecano de Madrid,Real Sociedad de Fútbol,,,SCHEDULED
564945,2026/27,2027-04-18 00:00:00+00:00,REGULAR_SEASON,,32,Deportivo Alavés,Rayo Vallecano de Madrid,,,SCHEDULED
564943,2026/27,2027-04-18 00:00:00+00:00,REGULAR_SEASON,,32,RC Deportivo La Coruña,RC Celta de Vigo,,,SCHEDULED
564947,2026/27,2027-04-18 00:00:00+00:00,REGULAR_SEASON,,32,Getafe CF,Real Madrid CF,,,SCHEDULED
564946,2026/27,2027-04-18 00:00:00+00:00,REGULAR_SEASON,,32,Real Betis Balompié,Athletic Club,,,SCHEDULED
564944,2026/27,2027-04-18 00:00:00+00:00,REGULAR_SEASON,,32,Elche CF,CA Osasuna,,,SCHEDULED
564941,2026/27,2027-04-18 00:00:00+00:00,REGULAR_SEASON,,32,Real Sociedad de Fútbol,Real Racing Club de Santander,,,SCHEDULED
564940,2026/27,2027-04-18 00:00:00+00:00,REGULAR_SEASON,,32,Levante UD,Villarreal CF,,,SCHEDULED
564939,2026/27,2027-04-18 00:00:00+00:00,REGULAR_SEASON,,32,FC Barcelona,RCD Espanyol de Barcelona,,,SCHEDULED
564942,2026/27,2027-04-18 00:00:00+00:00,REGULAR_SEASON,,32,Málaga CF,Valencia CF,,,SCHEDULED
564938,2026/27,2027-04-18 00:00:00+00:00,REGULAR_SEASON,,32,Club Atlético de Madrid,Sevilla FC,,,SCHEDULED
564953,2026/27,2027-04-21 00:00:00+00:00,REGULAR_SEASON,,33,Athletic Club,RC Deportivo La Coruña,,,SCHEDULED
564957,2026/27,2027-04-21 00:00:00+00:00,REGULAR_SEASON,,33,RCD Espanyol de Barcelona,Real Sociedad de Fútbol,,,SCHEDULED
564956,2026/27,2027-04-21 00:00:00+00:00,REGULAR_SEASON,,33,Sevilla FC,Levante UD,,,SCHEDULED
564955,2026/27,2027-04-21 00:00:00+00:00,REGULAR_SEASON,,33,Villarreal CF,Club Atlético de Madrid,,,SCHEDULED
564954,2026/27,2027-04-21 00:00:00+00:00,REGULAR_SEASON,,33,Real Racing Club de Santander,Málaga CF,,,SCHEDULED
564950,2026/27,2027-04-21 00:00:00+00:00,REGULAR_SEASON,,33,RC Celta de Vigo,FC Barcelona,,,SCHEDULED
564949,2026/27,2027-04-21 00:00:00+00:00,REGULAR_SEASON,,33,Valencia CF,Rayo Vallecano de Madrid,,,SCHEDULED
564948,2026/27,2027-04-21 00:00:00+00:00,REGULAR_SEASON,,33,Getafe CF,Real Betis Balompié,,,SCHEDULED
564952,2026/27,2027-04-21 00:00:00+00:00,REGULAR_SEASON,,33,Real Madrid CF,Elche CF,,,SCHEDULED
564951,2026/27,2027-04-21 00:00:00+00:00,REGULAR_SEASON,,33,CA Osasuna,Deportivo Alavés,,,SCHEDULED
564967,2026/27,2027-05-02 00:00:00+00:00,REGULAR_SEASON,,34,Club Atlético de Madrid,Deportivo Alavés,,,SCHEDULED
564964,2026/27,2027-05-02 00:00:00+00:00,REGULAR_SEASON,,34,Real Betis Balompié,Valencia CF,,,SCHEDULED
564966,2026/27,2027-05-02 00:00:00+00:00,REGULAR_SEASON,,34,Levante UD,Real Madrid CF,,,SCHEDULED
564963,2026/27,2027-05-02 00:00:00+00:00,REGULAR_SEASON,,34,Málaga CF,Getafe CF,,,SCHEDULED
564965,2026/27,2027-05-02 00:00:00+00:00,REGULAR_SEASON,,34,Elche CF,RCD Espanyol de Barcelona,,,SCHEDULED
564959,2026/27,2027-05-02 00:00:00+00:00,REGULAR_SEASON,,34,RC Celta de Vigo,Sevilla FC,,,SCHEDULED
564962,2026/27,2027-05-02 00:00:00+00:00,REGULAR_SEASON,,34,Rayo Vallecano de Madrid,Villarreal CF,,,SCHEDULED
564958,2026/27,2027-05-02 00:00:00+00:00,REGULAR_SEASON,,34,RC Deportivo La Coruña,Real Racing Club de Santander,,,SCHEDULED
564961,2026/27,2027-05-02 00:00:00+00:00,REGULAR_SEASON,,34,FC Barcelona,CA Osasuna,,,SCHEDULED
564960,2026/27,2027-05-02 00:00:00+00:00,REGULAR_SEASON,,34,Real Sociedad de Fútbol,Athletic Club,,,SCHEDULED
564977,2026/27,2027-05-09 00:00:00+00:00,REGULAR_SEASON,,35,Villarreal CF,RC Celta de Vigo,,,SCHEDULED
564976,2026/27,2027-05-09 00:00:00+00:00,REGULAR_SEASON,,35,Getafe CF,Elche CF,,,SCHEDULED
564975,2026/27,2027-05-09 00:00:00+00:00,REGULAR_SEASON,,35,Real Madrid CF,FC Barcelona,,,SCHEDULED
564974,2026/27,2027-05-09 00:00:00+00:00,REGULAR_SEASON,,35,Real Betis Balompié,RCD Espanyol de Barcelona,,,SCHEDULED
564973,2026/27,2027-05-09 00:00:00+00:00,REGULAR_SEASON,,35,Rayo Vallecano de Madrid,RC Deportivo La Coruña,,,SCHEDULED
564972,2026/27,2027-05-09 00:00:00+00:00,REGULAR_SEASON,,35,Real Racing Club de Santander,Sevilla FC,,,SCHEDULED
564971,2026/27,2027-05-09 00:00:00+00:00,REGULAR_SEASON,,35,Athletic Club,Málaga CF,,,SCHEDULED
564970,2026/27,2027-05-09 00:00:00+00:00,REGULAR_SEASON,,35,Deportivo Alavés,Levante UD,,,SCHEDULED
564969,2026/27,2027-05-09 00:00:00+00:00,REGULAR_SEASON,,35,CA Osasuna,Real Sociedad de Fútbol,,,SCHEDULED
564968,2026/27,2027-05-09 00:00:00+00:00,REGULAR_SEASON,,35,Valencia CF,Club Atlético de Madrid,,,SCHEDULED
564986,2026/27,2027-05-16 00:00:00+00:00,REGULAR_SEASON,,36,Real Madrid CF,Real Racing Club de Santander,,,SCHEDULED
564985,2026/27,2027-05-16 00:00:00+00:00,REGULAR_SEASON,,36,RCD Espanyol de Barcelona,Valencia CF,,,SCHEDULED
564984,2026/27,2027-05-16 00:00:00+00:00,REGULAR_SEASON,,36,Levante UD,Getafe CF,,,SCHEDULED
564983,2026/27,2027-05-16 00:00:00+00:00,REGULAR_SEASON,,36,RC Deportivo La Coruña,Deportivo Alavés,,,SCHEDULED
564987,2026/27,2027-05-16 00:00:00+00:00,REGULAR_SEASON,,36,CA Osasuna,Real Betis Balompié,,,SCHEDULED
564981,2026/27,2027-05-16 00:00:00+00:00,REGULAR_SEASON,,36,Elche CF,Athletic Club,,,SCHEDULED
564980,2026/27,2027-05-16 00:00:00+00:00,REGULAR_SEASON,,36,Real Sociedad de Fútbol,FC Barcelona,,,SCHEDULED
564982,2026/27,2027-05-16 00:00:00+00:00,REGULAR_SEASON,,36,Málaga CF,RC Celta de Vigo,,,SCHEDULED
564978,2026/27,2027-05-16 00:00:00+00:00,REGULAR_SEASON,,36,Club Atlético de Madrid,Rayo Vallecano de Madrid,,,SCHEDULED
564979,2026/27,2027-05-16 00:00:00+00:00,REGULAR_SEASON,,36,Sevilla FC,Villarreal CF,,,SCHEDULED
564989,2026/27,2027-05-23 00:00:00+00:00,REGULAR_SEASON,,37,FC Barcelona,Málaga CF,,,SCHEDULED
564991,2026/27,2027-05-23 00:00:00+00:00,REGULAR_SEASON,,37,RC Celta de Vigo,Real Sociedad de Fútbol,,,SCHEDULED
564988,2026/27,2027-05-23 00:00:00+00:00,REGULAR_SEASON,,37,Rayo Vallecano de Madrid,Real Betis Balompié,,,SCHEDULED
564997,2026/27,2027-05-23 00:00:00+00:00,REGULAR_SEASON,,37,RC Deportivo La Coruña,RCD Espanyol de Barcelona,,,SCHEDULED
564990,2026/27,2027-05-23 00:00:00+00:00,REGULAR_SEASON,,37,Valencia CF,Elche CF,,,SCHEDULED
564995,2026/27,2027-05-23 00:00:00+00:00,REGULAR_SEASON,,37,Villarreal CF,CA Osasuna,,,SCHEDULED
564994,2026/27,2027-05-23 00:00:00+00:00,REGULAR_SEASON,,37,Sevilla FC,Getafe CF,,,SCHEDULED
564992,2026/27,2027-05-23 00:00:00+00:00,REGULAR_SEASON,,37,Club Atlético de Madrid,Athletic Club,,,SCHEDULED
564996,2026/27,2027-05-23 00:00:00+00:00,REGULAR_SEASON,,37,Real Racing Club de Santander,Levante UD,,,SCHEDULED
564993,2026/27,2027-05-23 00:00:00+00:00,REGULAR_SEASON,,37,Deportivo Alavés,Real Madrid CF,,,SCHEDULED
565004,2026/27,2027-05-30 00:00:00+00:00,REGULAR_SEASON,,38,Athletic Club,Rayo Vallecano de Madrid,,,SCHEDULED
565005,2026/27,2027-05-30 00:00:00+00:00,REGULAR_SEASON,,38,RCD Espanyol de Barcelona,Deportivo Alavés,,,SCHEDULED
565006,2026/27,2027-05-30 00:00:00+00:00,REGULAR_SEASON,,38,Getafe CF,FC Barcelona,,,SCHEDULED
564998,2026/27,2027-05-30 00:00:00+00:00,REGULAR_SEASON,,38,Levante UD,RC Celta de Vigo,,,SCHEDULED
564999,2026/27,2027-05-30 00:00:00+00:00,REGULAR_SEASON,,38,Real Madrid CF,RC Deportivo La Coruña,,,SCHEDULED
565000,2026/27,2027-05-30 00:00:00+00:00,REGULAR_SEASON,,38,Real Betis Balompié,Club Atlético de Madrid,,,SCHEDULED
565001,2026/27,2027-05-30 00:00:00+00:00,REGULAR_SEASON,,38,Real Sociedad de Fútbol,Villarreal CF,,,SCHEDULED
565002,2026/27,2027-05-30 00:00:00+00:00,REGULAR_SEASON,,38,Málaga CF,Sevilla FC,,,SCHEDULED
565003,2026/27,2027-05-30 00:00:00+00:00,REGULAR_SEASON,,38,Elche CF,Real Racing Club de Santander,,,SCHEDULED
565007,2026/27,2027-05-30 00:00:00+00:00,REGULAR_SEASON,,38,CA Osasuna,Valencia CF,,,SCHEDULED
