fixture_id,season,date,stage,group,matchday,home_team,away_team,home_goals,away_goals,status
444255,2023/24,2023-08-19 16:30:00+00:00,REGULAR_SEASON,,1,Empoli FC,Hellas Verona FC,0,1,FINISHED
444256,2023/24,2023-08-19 16:30:00+00:00,REGULAR_SEASON,,1,Frosinone Calcio,SSC Napoli,1,3,FINISHED
444257,2023/24,2023-08-19 18:45:00+00:00,REGULAR_SEASON,,1,Genoa CFC,ACF Fiorentina,1,4,FINISHED
444258,2023/24,2023-08-19 18:45:00+00:00,REGULAR_SEASON,,1,FC Internazionale Milano,AC Monza,2,0,FINISHED
444260,2023/24,2023-08-20 16:30:00+00:00,REGULAR_SEASON,,1,AS Roma,US Salernitana 1919,2,2,FINISHED
444261,2023/24,2023-08-20 16:30:00+00:00,REGULAR_SEASON,,1,US Sassuolo Calcio,Atalanta BC,0,2,FINISHED
444259,2023/24,2023-08-20 18:45:00+00:00,REGULAR_SEASON,,1,US Lecce,SS Lazio,2,1,FINISHED
444263,2023/24,2023-08-20 18:45:00+00:00,REGULAR_SEASON,,1,Udinese Calcio,Juventus FC,0,3,FINISHED
444262,2023/24,2023-08-21 16:30:00+00:00,REGULAR_SEASON,,1,Torino FC,Cagliari Calcio,0,0,FINISHED
444254,2023/24,2023-08-21 18:45:00+00:00,REGULAR_SEASON,,1,Bologna FC 1909,AC Milan,0,2,FINISHED
444271,2023/24,2023-08-26 16:30:00+00:00,REGULAR_SEASON,,2,AC Monza,Empoli FC,2,0,FINISHED
444266,2023/24,2023-08-26 16:30:00+00:00,REGULAR_SEASON,,2,Frosinone Calcio,Atalanta BC,2,1,FINISHED
444267,2023/24,2023-08-26 18:45:00+00:00,REGULAR_SEASON,,2,Hellas Verona FC,AS Roma,2,1,FINISHED
444270,2023/24,2023-08-26 18:45:00+00:00,REGULAR_SEASON,,2,AC Milan,Torino FC,4,1,FINISHED
444265,2023/24,2023-08-27 16:30:00+00:00,REGULAR_SEASON,,2,ACF Fiorentina,US Lecce,2,2,FINISHED
444268,2023/24,2023-08-27 16:30:00+00:00,REGULAR_SEASON,,2,Juventus FC,Bologna FC 1909,1,1,FINISHED
444269,2023/24,2023-08-27 18:45:00+00:00,REGULAR_SEASON,,2,SS Lazio,Genoa CFC,0,1,FINISHED
444272,2023/24,2023-08-27 18:45:00+00:00,REGULAR_SEASON,,2,SSC Napoli,US Sassuolo Calcio,2,0,FINISHED
444273,2023/24,2023-08-28 16:30:00+00:00,REGULAR_SEASON,,2,US Salernitana 1919,Udinese Calcio,1,1,FINISHED
444264,2023/24,2023-08-28 18:45:00+00:00,REGULAR_SEASON,,2,Cagliari Calcio,FC Internazionale Milano,0,2,FINISHED
444281,2023/24,2023-09-01 16:30:00+00:00,REGULAR_SEASON,,3,US Sassuolo Calcio,Hellas Verona FC,3,1,FINISHED
444280,2023/24,2023-09-01 18:45:00+00:00,REGULAR_SEASON,,3,AS Roma,AC Milan,1,2,FINISHED
444283,2023/24,2023-09-02 16:30:00+00:00,REGULAR_SEASON,,3,Udinese Calcio,Frosinone Calcio,0,0,FINISHED
444275,2023/24,2023-09-02 16:30:00+00:00,REGULAR_SEASON,,3,Bologna FC 1909,Cagliari Calcio,2,1,FINISHED
444274,2023/24,2023-09-02 18:45:00+00:00,REGULAR_SEASON,,3,Atalanta BC,AC Monza,3,0,FINISHED
444279,2023/24,2023-09-02 18:45:00+00:00,REGULAR_SEASON,,3,SSC Napoli,SS Lazio,1,2,FINISHED
444277,2023/24,2023-09-03 16:30:00+00:00,REGULAR_SEASON,,3,FC Internazionale Milano,ACF Fiorentina,4,0,FINISHED
444282,2023/24,2023-09-03 16:30:00+00:00,REGULAR_SEASON,,3,Torino FC,Genoa CFC,1,0,FINISHED
444276,2023/24,2023-09-03 18:45:00+00:00,REGULAR_SEASON,,3,Empoli FC,Juventus FC,0,2,FINISHED
444278,2023/24,2023-09-03 18:45:00+00:00,REGULAR_SEASON,,3,US Lecce,US Salernitana 1919,2,0,FINISHED
444290,2023/24,2023-09-16 13:00:00+00:00,REGULAR_SEASON,,4,Juventus FC,SS Lazio,3,1,FINISHED
444289,2023/24,2023-09-16 16:00:00+00:00,REGULAR_SEASON,,4,FC Internazionale Milano,AC Milan,5,1,FINISHED
444287,2023/24,2023-09-16 18:45:00+00:00,REGULAR_SEASON,,4,Genoa CFC,SSC Napoli,2,2,FINISHED
444284,2023/24,2023-09-17 10:30:00+00:00,REGULAR_SEASON,,4,Cagliari Calcio,Udinese Calcio,0,0,FINISHED
444291,2023/24,2023-09-17 13:00:00+00:00,REGULAR_SEASON,,4,AC Monza,US Lecce,1,1,FINISHED
444286,2023/24,2023-09-17 13:00:00+00:00,REGULAR_SEASON,,4,Frosinone Calcio,US Sassuolo Calcio,4,2,FINISHED
444285,2023/24,2023-09-17 16:00:00+00:00,REGULAR_SEASON,,4,ACF Fiorentina,Atalanta BC,3,2,FINISHED
444292,2023/24,2023-09-17 18:45:00+00:00,REGULAR_SEASON,,4,AS Roma,Empoli FC,7,0,FINISHED
444293,2023/24,2023-09-18 16:30:00+00:00,REGULAR_SEASON,,4,US Salernitana 1919,Torino FC,0,3,FINISHED
444288,2023/24,2023-09-18 18:45:00+00:00,REGULAR_SEASON,,4,Hellas Verona FC,Bologna FC 1909,0,0,FINISHED
444300,2023/24,2023-09-22 16:30:00+00:00,REGULAR_SEASON,,5,US Salernitana 1919,Frosinone Calcio,1,1,FINISHED
444298,2023/24,2023-09-22 18:45:00+00:00,REGULAR_SEASON,,5,US Lecce,Genoa CFC,1,0,FINISHED
444299,2023/24,2023-09-23 13:00:00+00:00,REGULAR_SEASON,,5,AC Milan,Hellas Verona FC,1,0,FINISHED
444301,2023/24,2023-09-23 16:00:00+00:00,REGULAR_SEASON,,5,US Sassuolo Calcio,Juventus FC,4,2,FINISHED
444297,2023/24,2023-09-23 18:45:00+00:00,REGULAR_SEASON,,5,SS Lazio,AC Monza,1,1,FINISHED
444296,2023/24,2023-09-24 10:30:00+00:00,REGULAR_SEASON,,5,Empoli FC,FC Internazionale Milano,0,1,FINISHED
444294,2023/24,2023-09-24 13:00:00+00:00,REGULAR_SEASON,,5,Atalanta BC,Cagliari Calcio,2,0,FINISHED
444303,2023/24,2023-09-24 13:00:00+00:00,REGULAR_SEASON,,5,Udinese Calcio,ACF Fiorentina,0,2,FINISHED
444295,2023/24,2023-09-24 16:00:00+00:00,REGULAR_SEASON,,5,Bologna FC 1909,SSC Napoli,0,0,FINISHED
444302,2023/24,2023-09-24 18:45:00+00:00,REGULAR_SEASON,,5,Torino FC,AS Roma,1,1,FINISHED
444310,2023/24,2023-09-26 18:45:00+00:00,REGULAR_SEASON,,6,Juventus FC,US Lecce,1,0,FINISHED
444304,2023/24,2023-09-27 16:30:00+00:00,REGULAR_SEASON,,6,Cagliari Calcio,AC Milan,1,3,FINISHED
444305,2023/24,2023-09-27 16:30:00+00:00,REGULAR_SEASON,,6,Empoli FC,US Salernitana 1919,1,0,FINISHED
444308,2023/24,2023-09-27 16:30:00+00:00,REGULAR_SEASON,,6,Hellas Verona FC,Atalanta BC,0,1,FINISHED
444309,2023/24,2023-09-27 18:45:00+00:00,REGULAR_SEASON,,6,FC Internazionale Milano,US Sassuolo Calcio,1,2,FINISHED
444311,2023/24,2023-09-27 18:45:00+00:00,REGULAR_SEASON,,6,SS Lazio,Torino FC,2,0,FINISHED
444313,2023/24,2023-09-27 18:45:00+00:00,REGULAR_SEASON,,6,SSC Napoli,Udinese Calcio,4,1,FINISHED
444306,2023/24,2023-09-28 16:30:00+00:00,REGULAR_SEASON,,6,Frosinone Calcio,ACF Fiorentina,1,1,FINISHED
444312,2023/24,2023-09-28 16:30:00+00:00,REGULAR_SEASON,,6,AC Monza,Bologna FC 1909,0,0,FINISHED
444307,2023/24,2023-09-28 18:45:00+00:00,REGULAR_SEASON,,6,Genoa CFC,AS Roma,4,1,FINISHED
444317,2023/24,2023-09-30 13:00:00+00:00,REGULAR_SEASON,,7,US Lecce,SSC Napoli,0,4,FINISHED
444318,2023/24,2023-09-30 16:00:00+00:00,REGULAR_SEASON,,7,AC Milan,SS Lazio,2,0,FINISHED
444320,2023/24,2023-09-30 18:45:00+00:00,REGULAR_SEASON,,7,US Salernitana 1919,FC Internazionale Milano,0,4,FINISHED
444315,2023/24,2023-10-01 10:30:00+00:00,REGULAR_SEASON,,7,Bologna FC 1909,Empoli FC,3,0,FINISHED
444323,2023/24,2023-10-01 13:00:00+00:00,REGULAR_SEASON,,7,Udinese Calcio,Genoa CFC,2,2,FINISHED
444314,2023/24,2023-10-01 16:00:00+00:00,REGULAR_SEASON,,7,Atalanta BC,Juventus FC,0,0,FINISHED
444319,2023/24,2023-10-01 18:45:00+00:00,REGULAR_SEASON,,7,AS Roma,Frosinone Calcio,2,0,FINISHED
444322,2023/24,2023-10-02 16:30:00+00:00,REGULAR_SEASON,,7,Torino FC,Hellas Verona FC,0,0,FINISHED
444321,2023/24,2023-10-02 16:30:00+00:00,REGULAR_SEASON,,7,US Sassuolo Calcio,AC Monza,0,1,FINISHED
444316,2023/24,2023-10-02 18:45:00+00:00,REGULAR_SEASON,,7,ACF Fiorentina,Cagliari Calcio,3,0,FINISHED
444325,2023/24,2023-10-06 16:30:00+00:00,REGULAR_SEASON,,8,Empoli FC,Udinese Calcio,0,0,FINISHED
444331,2023/24,2023-10-06 18:45:00+00:00,REGULAR_SEASON,,8,US Lecce,US Sassuolo Calcio,1,1,FINISHED
444328,2023/24,2023-10-07 13:00:00+00:00,REGULAR_SEASON,,8,FC Internazionale Milano,Bologna FC 1909,2,2,FINISHED
444329,2023/24,2023-10-07 16:00:00+00:00,REGULAR_SEASON,,8,Juventus FC,Torino FC,2,0,FINISHED
444327,2023/24,2023-10-07 18:45:00+00:00,REGULAR_SEASON,,8,Genoa CFC,AC Milan,0,1,FINISHED
444332,2023/24,2023-10-08 10:30:00+00:00,REGULAR_SEASON,,8,AC Monza,US Salernitana 1919,3,0,FINISHED
444326,2023/24,2023-10-08 13:00:00+00:00,REGULAR_SEASON,,8,Frosinone Calcio,Hellas Verona FC,2,1,FINISHED
444330,2023/24,2023-10-08 13:00:00+00:00,REGULAR_SEASON,,8,SS Lazio,Atalanta BC,3,2,FINISHED
444324,2023/24,2023-10-08 16:00:00+00:00,REGULAR_SEASON,,8,Cagliari Calcio,AS Roma,1,4,FINISHED
444333,2023/24,2023-10-08 18:45:00+00:00,REGULAR_SEASON,,8,SSC Napoli,ACF Fiorentina,1,3,FINISHED
444337,2023/24,2023-10-21 13:00:00+00:00,REGULAR_SEASON,,9,Hellas Verona FC,SSC Napoli,1,3,FINISHED
444342,2023/24,2023-10-21 16:00:00+00:00,REGULAR_SEASON,,9,Torino FC,FC Internazionale Milano,0,3,FINISHED
444341,2023/24,2023-10-21 18:45:00+00:00,REGULAR_SEASON,,9,US Sassuolo Calcio,SS Lazio,0,2,FINISHED
444339,2023/24,2023-10-22 10:30:00+00:00,REGULAR_SEASON,,9,AS Roma,AC Monza,1,0,FINISHED
444335,2023/24,2023-10-22 13:00:00+00:00,REGULAR_SEASON,,9,Bologna FC 1909,Frosinone Calcio,2,1,FINISHED
444340,2023/24,2023-10-22 13:00:00+00:00,REGULAR_SEASON,,9,US Salernitana 1919,Cagliari Calcio,2,2,FINISHED
444334,2023/24,2023-10-22 16:00:00+00:00,REGULAR_SEASON,,9,Atalanta BC,Genoa CFC,2,0,FINISHED
444338,2023/24,2023-10-22 18:45:00+00:00,REGULAR_SEASON,,9,AC Milan,Juventus FC,0,1,FINISHED
444343,2023/24,2023-10-23 16:30:00+00:00,REGULAR_SEASON,,9,Udinese Calcio,US Lecce,1,1,FINISHED
444336,2023/24,2023-10-23 18:45:00+00:00,REGULAR_SEASON,,9,ACF Fiorentina,Empoli FC,0,2,FINISHED
444346,2023/24,2023-10-27 18:45:00+00:00,REGULAR_SEASON,,10,Genoa CFC,US Salernitana 1919,1,0,FINISHED
444353,2023/24,2023-10-28 13:00:00+00:00,REGULAR_SEASON,,10,US Sassuolo Calcio,Bologna FC 1909,1,1,FINISHED
444350,2023/24,2023-10-28 16:00:00+00:00,REGULAR_SEASON,,10,US Lecce,Torino FC,0,1,FINISHED
444348,2023/24,2023-10-28 18:45:00+00:00,REGULAR_SEASON,,10,Juventus FC,Hellas Verona FC,1,0,FINISHED
444344,2023/24,2023-10-29 11:30:00+00:00,REGULAR_SEASON,,10,Cagliari Calcio,Frosinone Calcio,4,3,FINISHED
444351,2023/24,2023-10-29 14:00:00+00:00,REGULAR_SEASON,,10,AC Monza,Udinese Calcio,1,1,FINISHED
444347,2023/24,2023-10-29 17:00:00+00:00,REGULAR_SEASON,,10,FC Internazionale Milano,AS Roma,1,0,FINISHED
444352,2023/24,2023-10-29 19:45:00+00:00,REGULAR_SEASON,,10,SSC Napoli,AC Milan,2,2,FINISHED
444345,2023/24,2023-10-30 17:30:00+00:00,REGULAR_SEASON,,10,Empoli FC,Atalanta BC,0,3,FINISHED
444349,2023/24,2023-10-30 19:45:00+00:00,REGULAR_SEASON,,10,SS Lazio,ACF Fiorentina,1,0,FINISHED
444355,2023/24,2023-11-03 19:45:00+00:00,REGULAR_SEASON,,11,Bologna FC 1909,SS Lazio,1,0,FINISHED
444362,2023/24,2023-11-04 14:00:00+00:00,REGULAR_SEASON,,11,US Salernitana 1919,SSC Napoli,0,2,FINISHED
444354,2023/24,2023-11-04 17:00:00+00:00,REGULAR_SEASON,,11,Atalanta BC,FC Internazionale Milano,1,2,FINISHED
444360,2023/24,2023-11-04 19:45:00+00:00,REGULAR_SEASON,,11,AC Milan,Udinese Calcio,0,1,FINISHED
444359,2023/24,2023-11-05 11:30:00+00:00,REGULAR_SEASON,,11,Hellas Verona FC,AC Monza,1,3,FINISHED
444356,2023/24,2023-11-05 14:00:00+00:00,REGULAR_SEASON,,11,Cagliari Calcio,Genoa CFC,2,1,FINISHED
444361,2023/24,2023-11-05 17:00:00+00:00,REGULAR_SEASON,,11,AS Roma,US Lecce,2,1,FINISHED
444357,2023/24,2023-11-05 19:45:00+00:00,REGULAR_SEASON,,11,ACF Fiorentina,Juventus FC,0,1,FINISHED
444358,2023/24,2023-11-06 17:30:00+00:00,REGULAR_SEASON,,11,Frosinone Calcio,Empoli FC,2,1,FINISHED
444363,2023/24,2023-11-06 19:45:00+00:00,REGULAR_SEASON,,11,Torino FC,US Sassuolo Calcio,2,1,FINISHED
444372,2023/24,2023-11-10 17:30:00+00:00,REGULAR_SEASON,,12,US Sassuolo Calcio,US Salernitana 1919,2,2,FINISHED
444365,2023/24,2023-11-10 19:45:00+00:00,REGULAR_SEASON,,12,Genoa CFC,Hellas Verona FC,1,0,FINISHED
444369,2023/24,2023-11-11 14:00:00+00:00,REGULAR_SEASON,,12,US Lecce,AC Milan,2,2,FINISHED
444367,2023/24,2023-11-11 17:00:00+00:00,REGULAR_SEASON,,12,Juventus FC,Cagliari Calcio,2,1,FINISHED
444370,2023/24,2023-11-11 19:45:00+00:00,REGULAR_SEASON,,12,AC Monza,Torino FC,1,1,FINISHED
444371,2023/24,2023-11-12 11:30:00+00:00,REGULAR_SEASON,,12,SSC Napoli,Empoli FC,0,1,FINISHED
444364,2023/24,2023-11-12 14:00:00+00:00,REGULAR_SEASON,,12,ACF Fiorentina,Bologna FC 1909,2,1,FINISHED
444373,2023/24,2023-11-12 14:00:00+00:00,REGULAR_SEASON,,12,Udinese Calcio,Atalanta BC,1,1,FINISHED
444368,2023/24,2023-11-12 17:00:00+00:00,REGULAR_SEASON,,12,SS Lazio,AS Roma,0,0,FINISHED
444366,2023/24,2023-11-12 19:45:00+00:00,REGULAR_SEASON,,12,FC Internazionale Milano,Frosinone Calcio,2,0,FINISHED
444383,2023/24,2023-11-25 14:00:00+00:00,REGULAR_SEASON,,13,US Salernitana 1919,SS Lazio,2,1,FINISHED
444374,2023/24,2023-11-25 17:00:00+00:00,REGULAR_SEASON,,13,Atalanta BC,SSC Napoli,1,2,FINISHED
444381,2023/24,2023-11-25 19:45:00+00:00,REGULAR_SEASON,,13,AC Milan,ACF Fiorentina,1,0,FINISHED
444376,2023/24,2023-11-26 11:30:00+00:00,REGULAR_SEASON,,13,Cagliari Calcio,AC Monza,1,1,FINISHED
444377,2023/24,2023-11-26 14:00:00+00:00,REGULAR_SEASON,,13,Empoli FC,US Sassuolo Calcio,3,4,FINISHED
444378,2023/24,2023-11-26 14:00:00+00:00,REGULAR_SEASON,,13,Frosinone Calcio,Genoa CFC,2,1,FINISHED
444382,2023/24,2023-11-26 17:00:00+00:00,REGULAR_SEASON,,13,AS Roma,Udinese Calcio,3,1,FINISHED
444380,2023/24,2023-11-26 19:45:00+00:00,REGULAR_SEASON,,13,Juventus FC,FC Internazionale Milano,1,1,FINISHED
444379,2023/24,2023-11-27 17:30:00+00:00,REGULAR_SEASON,,13,Hellas Verona FC,US Lecce,2,2,FINISHED
444375,2023/24,2023-11-27 19:45:00+00:00,REGULAR_SEASON,,13,Bologna FC 1909,Torino FC,2,0,FINISHED
444389,2023/24,2023-12-01 19:45:00+00:00,REGULAR_SEASON,,14,AC Monza,Juventus FC,1,2,FINISHED
444385,2023/24,2023-12-02 14:00:00+00:00,REGULAR_SEASON,,14,Genoa CFC,Empoli FC,1,1,FINISHED
444386,2023/24,2023-12-02 17:00:00+00:00,REGULAR_SEASON,,14,SS Lazio,Cagliari Calcio,1,0,FINISHED
444388,2023/24,2023-12-02 19:45:00+00:00,REGULAR_SEASON,,14,AC Milan,Frosinone Calcio,3,1,FINISHED
444387,2023/24,2023-12-03 11:30:00+00:00,REGULAR_SEASON,,14,US Lecce,Bologna FC 1909,1,1,FINISHED
444384,2023/24,2023-12-03 14:00:00+00:00,REGULAR_SEASON,,14,ACF Fiorentina,US Salernitana 1919,3,0,FINISHED
444393,2023/24,2023-12-03 14:00:00+00:00,REGULAR_SEASON,,14,Udinese Calcio,Hellas Verona FC,3,3,FINISHED
444391,2023/24,2023-12-03 17:00:00+00:00,REGULAR_SEASON,,14,US Sassuolo Calcio,AS Roma,1,2,FINISHED
444390,2023/24,2023-12-03 19:45:00+00:00,REGULAR_SEASON,,14,SSC Napoli,FC Internazionale Milano,0,3,FINISHED
444392,2023/24,2023-12-04 19:45:00+00:00,REGULAR_SEASON,,14,Torino FC,Atalanta BC,3,0,FINISHED
444400,2023/24,2023-12-08 19:45:00+00:00,REGULAR_SEASON,,15,Juventus FC,SSC Napoli,1,0,FINISHED
444398,2023/24,2023-12-09 14:00:00+00:00,REGULAR_SEASON,,15,Hellas Verona FC,SS Lazio,1,1,FINISHED
444394,2023/24,2023-12-09 17:00:00+00:00,REGULAR_SEASON,,15,Atalanta BC,AC Milan,3,2,FINISHED
444399,2023/24,2023-12-09 19:45:00+00:00,REGULAR_SEASON,,15,FC Internazionale Milano,Udinese Calcio,4,0,FINISHED
444397,2023/24,2023-12-10 11:30:00+00:00,REGULAR_SEASON,,15,Frosinone Calcio,Torino FC,0,0,FINISHED
444401,2023/24,2023-12-10 14:00:00+00:00,REGULAR_SEASON,,15,AC Monza,Genoa CFC,1,0,FINISHED
444403,2023/24,2023-12-10 17:00:00+00:00,REGULAR_SEASON,,15,US Salernitana 1919,Bologna FC 1909,1,2,FINISHED
444402,2023/24,2023-12-10 19:45:00+00:00,REGULAR_SEASON,,15,AS Roma,ACF Fiorentina,1,1,FINISHED
444396,2023/24,2023-12-11 17:30:00+00:00,REGULAR_SEASON,,15,Empoli FC,US Lecce,1,1,FINISHED
444395,2023/24,2023-12-11 19:45:00+00:00,REGULAR_SEASON,,15,Cagliari Calcio,US Sassuolo Calcio,2,1,FINISHED
444407,2023/24,2023-12-15 19:45:00+00:00,REGULAR_SEASON,,16,Genoa CFC,Juventus FC,1,1,FINISHED
444409,2023/24,2023-12-16 14:00:00+00:00,REGULAR_SEASON,,16,US Lecce,Frosinone Calcio,2,1,FINISHED
444411,2023/24,2023-12-16 17:30:00+00:00,REGULAR_SEASON,,16,SSC Napoli,Cagliari Calcio,2,1,FINISHED
444412,2023/24,2023-12-16 19:45:00+00:00,REGULAR_SEASON,,16,Torino FC,Empoli FC,1,0,FINISHED
444410,2023/24,2023-12-17 11:30:00+00:00,REGULAR_SEASON,,16,AC Milan,AC Monza,3,0,FINISHED
444406,2023/24,2023-12-17 14:00:00+00:00,REGULAR_SEASON,,16,ACF Fiorentina,Hellas Verona FC,1,0,FINISHED
444413,2023/24,2023-12-17 14:00:00+00:00,REGULAR_SEASON,,16,Udinese Calcio,US Sassuolo Calcio,2,2,FINISHED
444405,2023/24,2023-12-17 17:00:00+00:00,REGULAR_SEASON,,16,Bologna FC 1909,AS Roma,2,0,FINISHED
444408,2023/24,2023-12-17 19:45:00+00:00,REGULAR_SEASON,,16,SS Lazio,FC Internazionale Milano,0,2,FINISHED
444404,2023/24,2023-12-18 19:45:00+00:00,REGULAR_SEASON,,16,Atalanta BC,US Salernitana 1919,4,1,FINISHED
444422,2023/24,2023-12-22 17:30:00+00:00,REGULAR_SEASON,,17,US Sassuolo Calcio,Genoa CFC,1,2,FINISHED
444415,2023/24,2023-12-22 17:30:00+00:00,REGULAR_SEASON,,17,Empoli FC,SS Lazio,0,2,FINISHED
444421,2023/24,2023-12-22 19:45:00+00:00,REGULAR_SEASON,,17,US Salernitana 1919,AC Milan,2,2,FINISHED
444419,2023/24,2023-12-22 19:45:00+00:00,REGULAR_SEASON,,17,AC Monza,ACF Fiorentina,0,1,FINISHED
444416,2023/24,2023-12-23 11:30:00+00:00,REGULAR_SEASON,,17,Frosinone Calcio,Juventus FC,1,2,FINISHED
444423,2023/24,2023-12-23 14:00:00+00:00,REGULAR_SEASON,,17,Torino FC,Udinese Calcio,1,1,FINISHED
444414,2023/24,2023-12-23 14:00:00+00:00,REGULAR_SEASON,,17,Bologna FC 1909,Atalanta BC,1,0,FINISHED
444417,2023/24,2023-12-23 17:00:00+00:00,REGULAR_SEASON,,17,Hellas Verona FC,Cagliari Calcio,2,0,FINISHED
444418,2023/24,2023-12-23 17:00:00+00:00,REGULAR_SEASON,,17,FC Internazionale Milano,US Lecce,2,0,FINISHED
444420,2023/24,2023-12-23 19:45:00+00:00,REGULAR_SEASON,,17,AS Roma,SSC Napoli,2,0,FINISHED
444426,2023/24,2023-12-29 17:30:00+00:00,REGULAR_SEASON,,18,ACF Fiorentina,Torino FC,1,0,FINISHED
444432,2023/24,2023-12-29 17:30:00+00:00,REGULAR_SEASON,,18,SSC Napoli,AC Monza,0,0,FINISHED
444427,2023/24,2023-12-29 19:45:00+00:00,REGULAR_SEASON,,18,Genoa CFC,FC Internazionale Milano,1,1,FINISHED
444430,2023/24,2023-12-29 19:45:00+00:00,REGULAR_SEASON,,18,SS Lazio,Frosinone Calcio,3,1,FINISHED
444424,2023/24,2023-12-30 11:30:00+00:00,REGULAR_SEASON,,18,Atalanta BC,US Lecce,1,0,FINISHED
444425,2023/24,2023-12-30 14:00:00+00:00,REGULAR_SEASON,,18,Cagliari Calcio,Empoli FC,0,0,FINISHED
444433,2023/24,2023-12-30 14:00:00+00:00,REGULAR_SEASON,,18,Udinese Calcio,Bologna FC 1909,3,0,FINISHED
444428,2023/24,2023-12-30 17:00:00+00:00,REGULAR_SEASON,,18,Hellas Verona FC,US Salernitana 1919,0,1,FINISHED
444431,2023/24,2023-12-30 17:00:00+00:00,REGULAR_SEASON,,18,AC Milan,US Sassuolo Calcio,1,0,FINISHED
444429,2023/24,2023-12-30 19:45:00+00:00,REGULAR_SEASON,,18,Juventus FC,AS Roma,1,0,FINISHED
444434,2023/24,2024-01-05 19:45:00+00:00,REGULAR_SEASON,,19,Bologna FC 1909,Genoa CFC,1,1,FINISHED
444437,2023/24,2024-01-06 11:30:00+00:00,REGULAR_SEASON,,19,FC Internazionale Milano,Hellas Verona FC,2,1,FINISHED
444436,2023/24,2024-01-06 14:00:00+00:00,REGULAR_SEASON,,19,Frosinone Calcio,AC Monza,2,3,FINISHED
444438,2023/24,2024-01-06 17:00:00+00:00,REGULAR_SEASON,,19,US Lecce,Cagliari Calcio,1,1,FINISHED
444441,2023/24,2024-01-06 19:45:00+00:00,REGULAR_SEASON,,19,US Sassuolo Calcio,ACF Fiorentina,1,0,FINISHED
444435,2023/24,2024-01-07 11:30:00+00:00,REGULAR_SEASON,,19,Empoli FC,AC Milan,0,3,FINISHED
444443,2023/24,2024-01-07 14:00:00+00:00,REGULAR_SEASON,,19,Udinese Calcio,SS Lazio,1,2,FINISHED
444442,2023/24,2024-01-07 14:00:00+00:00,REGULAR_SEASON,,19,Torino FC,SSC Napoli,3,0,FINISHED
444440,2023/24,2024-01-07 17:00:00+00:00,REGULAR_SEASON,,19,US Salernitana 1919,Juventus FC,1,2,FINISHED
444439,2023/24,2024-01-07 19:45:00+00:00,REGULAR_SEASON,,19,AS Roma,Atalanta BC,1,1,FINISHED
444447,2023/24,2024-01-13 14:00:00+00:00,REGULAR_SEASON,,20,Genoa CFC,Torino FC,0,0,FINISHED
444453,2023/24,2024-01-13 14:00:00+00:00,REGULAR_SEASON,,20,SSC Napoli,US Salernitana 1919,2,1,FINISHED
444448,2023/24,2024-01-13 17:00:00+00:00,REGULAR_SEASON,,20,Hellas Verona FC,Empoli FC,2,1,FINISHED
444452,2023/24,2024-01-13 19:45:00+00:00,REGULAR_SEASON,,20,AC Monza,FC Internazionale Milano,1,5,FINISHED
444450,2023/24,2024-01-14 11:30:00+00:00,REGULAR_SEASON,,20,SS Lazio,US Lecce,1,0,FINISHED
444445,2023/24,2024-01-14 14:00:00+00:00,REGULAR_SEASON,,20,Cagliari Calcio,Bologna FC 1909,2,1,FINISHED
444446,2023/24,2024-01-14 17:00:00+00:00,REGULAR_SEASON,,20,ACF Fiorentina,Udinese Calcio,2,2,FINISHED
444451,2023/24,2024-01-14 19:45:00+00:00,REGULAR_SEASON,,20,AC Milan,AS Roma,3,1,FINISHED
444444,2023/24,2024-01-15 19:45:00+00:00,REGULAR_SEASON,,20,Atalanta BC,Frosinone Calcio,5,0,FINISHED
444449,2023/24,2024-01-16 19:45:00+00:00,REGULAR_SEASON,,20,Juventus FC,US Sassuolo Calcio,3,0,FINISHED
444459,2023/24,2024-01-20 17:00:00+00:00,REGULAR_SEASON,,21,AS Roma,Hellas Verona FC,2,1,FINISHED
444463,2023/24,2024-01-20 19:45:00+00:00,REGULAR_SEASON,,21,Udinese Calcio,AC Milan,2,3,FINISHED
444456,2023/24,2024-01-21 11:30:00+00:00,REGULAR_SEASON,,21,Frosinone Calcio,Cagliari Calcio,3,1,FINISHED
444455,2023/24,2024-01-21 14:00:00+00:00,REGULAR_SEASON,,21,Empoli FC,AC Monza,3,0,FINISHED
444460,2023/24,2024-01-21 17:00:00+00:00,REGULAR_SEASON,,21,US Salernitana 1919,Genoa CFC,1,2,FINISHED
444458,2023/24,2024-01-21 19:45:00+00:00,REGULAR_SEASON,,21,US Lecce,Juventus FC,0,3,FINISHED
444465,2023/24,2024-01-26 19:45:00+00:00,REGULAR_SEASON,,22,Cagliari Calcio,Torino FC,1,2,FINISHED
444464,2023/24,2024-01-27 14:00:00+00:00,REGULAR_SEASON,,22,Atalanta BC,Udinese Calcio,2,0,FINISHED
444469,2023/24,2024-01-27 17:00:00+00:00,REGULAR_SEASON,,22,Juventus FC,Empoli FC,1,1,FINISHED
444471,2023/24,2024-01-27 19:45:00+00:00,REGULAR_SEASON,,22,AC Milan,Bologna FC 1909,2,2,FINISHED
444467,2023/24,2024-01-28 11:30:00+00:00,REGULAR_SEASON,,22,Genoa CFC,US Lecce,2,1,FINISHED
444468,2023/24,2024-01-28 14:00:00+00:00,REGULAR_SEASON,,22,Hellas Verona FC,Frosinone Calcio,1,1,FINISHED
444472,2023/24,2024-01-28 14:00:00+00:00,REGULAR_SEASON,,22,AC Monza,US Sassuolo Calcio,1,0,FINISHED
444470,2023/24,2024-01-28 17:00:00+00:00,REGULAR_SEASON,,22,SS Lazio,SSC Napoli,0,0,FINISHED
444466,2023/24,2024-01-28 19:45:00+00:00,REGULAR_SEASON,,22,ACF Fiorentina,FC Internazionale Milano,0,1,FINISHED
444473,2023/24,2024-01-29 19:45:00+00:00,REGULAR_SEASON,,22,US Salernitana 1919,AS Roma,1,2,FINISHED
444479,2023/24,2024-02-02 19:45:00+00:00,REGULAR_SEASON,,23,US Lecce,ACF Fiorentina,3,2,FINISHED
444476,2023/24,2024-02-03 14:00:00+00:00,REGULAR_SEASON,,23,Empoli FC,Genoa CFC,0,0,FINISHED
444483,2023/24,2024-02-03 14:00:00+00:00,REGULAR_SEASON,,23,Udinese Calcio,AC Monza,0,0,FINISHED
444477,2023/24,2024-02-03 17:00:00+00:00,REGULAR_SEASON,,23,Frosinone Calcio,AC Milan,2,3,FINISHED
444475,2023/24,2024-02-03 19:45:00+00:00,REGULAR_SEASON,,23,Bologna FC 1909,US Sassuolo Calcio,4,2,FINISHED
444482,2023/24,2024-02-04 11:30:00+00:00,REGULAR_SEASON,,23,Torino FC,US Salernitana 1919,0,0,FINISHED
444480,2023/24,2024-02-04 14:00:00+00:00,REGULAR_SEASON,,23,SSC Napoli,Hellas Verona FC,2,1,FINISHED
444474,2023/24,2024-02-04 17:00:00+00:00,REGULAR_SEASON,,23,Atalanta BC,SS Lazio,3,1,FINISHED
444478,2023/24,2024-02-04 19:45:00+00:00,REGULAR_SEASON,,23,FC Internazionale Milano,Juventus FC,1,0,FINISHED
444481,2023/24,2024-02-05 19:45:00+00:00,REGULAR_SEASON,,23,AS Roma,Cagliari Calcio,4,0,FINISHED
444492,2023/24,2024-02-09 19:45:00+00:00,REGULAR_SEASON,,24,US Salernitana 1919,Empoli FC,1,3,FINISHED
444485,2023/24,2024-02-10 14:00:00+00:00,REGULAR_SEASON,,24,Cagliari Calcio,SS Lazio,1,3,FINISHED
444491,2023/24,2024-02-10 17:00:00+00:00,REGULAR_SEASON,,24,AS Roma,FC Internazionale Milano,2,4,FINISHED
444493,2023/24,2024-02-10 19:45:00+00:00,REGULAR_SEASON,,24,US Sassuolo Calcio,Torino FC,1,1,FINISHED
444486,2023/24,2024-02-11 11:30:00+00:00,REGULAR_SEASON,,24,ACF Fiorentina,Frosinone Calcio,5,1,FINISHED
444484,2023/24,2024-02-11 14:00:00+00:00,REGULAR_SEASON,,24,Bologna FC 1909,US Lecce,4,0,FINISHED
444490,2023/24,2024-02-11 14:00:00+00:00,REGULAR_SEASON,,24,AC Monza,Hellas Verona FC,0,0,FINISHED
444487,2023/24,2024-02-11 17:00:00+00:00,REGULAR_SEASON,,24,Genoa CFC,Atalanta BC,1,4,FINISHED
444489,2023/24,2024-02-11 19:45:00+00:00,REGULAR_SEASON,,24,AC Milan,SSC Napoli,1,0,FINISHED
444488,2023/24,2024-02-12 19:45:00+00:00,REGULAR_SEASON,,24,Juventus FC,Udinese Calcio,0,1,FINISHED
444454,2023/24,2024-02-14 18:00:00+00:00,REGULAR_SEASON,,21,Bologna FC 1909,ACF Fiorentina,2,0,FINISHED
444502,2023/24,2024-02-16 18:00:00+00:00,REGULAR_SEASON,,25,Torino FC,US Lecce,2,0,FINISHED
444498,2023/24,2024-02-16 20:00:00+00:00,REGULAR_SEASON,,25,FC Internazionale Milano,US Salernitana 1919,4,0,FINISHED
444501,2023/24,2024-02-17 14:00:00+00:00,REGULAR_SEASON,,25,SSC Napoli,Genoa CFC,1,1,FINISHED
444497,2023/24,2024-02-17 17:00:00+00:00,REGULAR_SEASON,,25,Hellas Verona FC,Juventus FC,2,2,FINISHED
444494,2023/24,2024-02-17 19:45:00+00:00,REGULAR_SEASON,,25,Atalanta BC,US Sassuolo Calcio,3,0,FINISHED
444499,2023/24,2024-02-18 11:30:00+00:00,REGULAR_SEASON,,25,SS Lazio,Bologna FC 1909,1,2,FINISHED
444495,2023/24,2024-02-18 14:00:00+00:00,REGULAR_SEASON,,25,Empoli FC,ACF Fiorentina,1,1,FINISHED
444503,2023/24,2024-02-18 14:00:00+00:00,REGULAR_SEASON,,25,Udinese Calcio,Cagliari Calcio,1,1,FINISHED
444496,2023/24,2024-02-18 17:00:00+00:00,REGULAR_SEASON,,25,Frosinone Calcio,AS Roma,0,3,FINISHED
444500,2023/24,2024-02-18 19:45:00+00:00,REGULAR_SEASON,,25,AC Monza,AC Milan,4,2,FINISHED
444462,2023/24,2024-02-22 19:45:00+00:00,REGULAR_SEASON,,21,Torino FC,SS Lazio,0,2,FINISHED
444504,2023/24,2024-02-23 19:45:00+00:00,REGULAR_SEASON,,26,Bologna FC 1909,Hellas Verona FC,2,0,FINISHED
444513,2023/24,2024-02-24 14:00:00+00:00,REGULAR_SEASON,,26,US Sassuolo Calcio,Empoli FC,2,3,FINISHED
444512,2023/24,2024-02-24 17:00:00+00:00,REGULAR_SEASON,,26,US Salernitana 1919,AC Monza,0,2,FINISHED
444507,2023/24,2024-02-24 19:45:00+00:00,REGULAR_SEASON,,26,Genoa CFC,Udinese Calcio,2,0,FINISHED
444508,2023/24,2024-02-25 11:30:00+00:00,REGULAR_SEASON,,26,Juventus FC,Frosinone Calcio,3,2,FINISHED
444505,2023/24,2024-02-25 14:00:00+00:00,REGULAR_SEASON,,26,Cagliari Calcio,SSC Napoli,1,1,FINISHED
444509,2023/24,2024-02-25 17:00:00+00:00,REGULAR_SEASON,,26,US Lecce,FC Internazionale Milano,0,4,FINISHED
444510,2023/24,2024-02-25 19:45:00+00:00,REGULAR_SEASON,,26,AC Milan,Atalanta BC,1,1,FINISHED
444511,2023/24,2024-02-26 17:30:00+00:00,REGULAR_SEASON,,26,AS Roma,Torino FC,3,2,FINISHED
444506,2023/24,2024-02-26 19:45:00+00:00,REGULAR_SEASON,,26,ACF Fiorentina,SS Lazio,2,1,FINISHED
444461,2023/24,2024-02-28 17:00:00+00:00,REGULAR_SEASON,,21,US Sassuolo Calcio,SSC Napoli,1,6,FINISHED
444457,2023/24,2024-02-28 19:45:00+00:00,REGULAR_SEASON,,21,FC Internazionale Milano,Atalanta BC,4,0,FINISHED
444519,2023/24,2024-03-01 19:45:00+00:00,REGULAR_SEASON,,27,SS Lazio,AC Milan,0,1,FINISHED
444523,2023/24,2024-03-02 14:00:00+00:00,REGULAR_SEASON,,27,Udinese Calcio,US Salernitana 1919,1,1,FINISHED
444520,2023/24,2024-03-02 17:00:00+00:00,REGULAR_SEASON,,27,AC Monza,AS Roma,1,4,FINISHED
444522,2023/24,2024-03-02 19:45:00+00:00,REGULAR_SEASON,,27,Torino FC,ACF Fiorentina,0,0,FINISHED
444517,2023/24,2024-03-03 11:30:00+00:00,REGULAR_SEASON,,27,Hellas Verona FC,US Sassuolo Calcio,1,0,FINISHED
444515,2023/24,2024-03-03 14:00:00+00:00,REGULAR_SEASON,,27,Empoli FC,Cagliari Calcio,0,1,FINISHED
444516,2023/24,2024-03-03 14:00:00+00:00,REGULAR_SEASON,,27,Frosinone Calcio,US Lecce,1,1,FINISHED
444514,2023/24,2024-03-03 17:00:00+00:00,REGULAR_SEASON,,27,Atalanta BC,Bologna FC 1909,1,2,FINISHED
444521,2023/24,2024-03-03 19:45:00+00:00,REGULAR_SEASON,,27,SSC Napoli,Juventus FC,2,1,FINISHED
444518,2023/24,2024-03-04 19:45:00+00:00,REGULAR_SEASON,,27,FC Internazionale Milano,Genoa CFC,2,1,FINISHED
444532,2023/24,2024-03-08 19:45:00+00:00,REGULAR_SEASON,,28,SSC Napoli,Torino FC,1,1,FINISHED
444525,2023/24,2024-03-09 14:00:00+00:00,REGULAR_SEASON,,28,Cagliari Calcio,US Salernitana 1919,4,2,FINISHED
444533,2023/24,2024-03-09 14:00:00+00:00,REGULAR_SEASON,,28,US Sassuolo Calcio,Frosinone Calcio,1,0,FINISHED
444524,2023/24,2024-03-09 17:00:00+00:00,REGULAR_SEASON,,28,Bologna FC 1909,FC Internazionale Milano,0,1,FINISHED
444527,2023/24,2024-03-09 19:45:00+00:00,REGULAR_SEASON,,28,Genoa CFC,AC Monza,2,3,FINISHED
444530,2023/24,2024-03-10 11:30:00+00:00,REGULAR_SEASON,,28,US Lecce,Hellas Verona FC,0,1,FINISHED
444531,2023/24,2024-03-10 14:00:00+00:00,REGULAR_SEASON,,28,AC Milan,Empoli FC,1,0,FINISHED
444528,2023/24,2024-03-10 17:00:00+00:00,REGULAR_SEASON,,28,Juventus FC,Atalanta BC,2,2,FINISHED
444526,2023/24,2024-03-10 19:45:00+00:00,REGULAR_SEASON,,28,ACF Fiorentina,AS Roma,2,2,FINISHED
444529,2023/24,2024-03-11 19:45:00+00:00,REGULAR_SEASON,,28,SS Lazio,Udinese Calcio,1,2,FINISHED
444535,2023/24,2024-03-15 19:45:00+00:00,REGULAR_SEASON,,29,Empoli FC,Bologna FC 1909,0,1,FINISHED
444543,2023/24,2024-03-16 14:00:00+00:00,REGULAR_SEASON,,29,Udinese Calcio,Torino FC,0,2,FINISHED
444540,2023/24,2024-03-16 14:00:00+00:00,REGULAR_SEASON,,29,AC Monza,Cagliari Calcio,1,0,FINISHED
444542,2023/24,2024-03-16 17:00:00+00:00,REGULAR_SEASON,,29,US Salernitana 1919,US Lecce,0,1,FINISHED
444536,2023/24,2024-03-16 19:45:00+00:00,REGULAR_SEASON,,29,Frosinone Calcio,SS Lazio,2,3,FINISHED
444539,2023/24,2024-03-17 11:30:00+00:00,REGULAR_SEASON,,29,Juventus FC,Genoa CFC,0,0,FINISHED
444537,2023/24,2024-03-17 14:00:00+00:00,REGULAR_SEASON,,29,Hellas Verona FC,AC Milan,1,3,FINISHED
444541,2023/24,2024-03-17 17:00:00+00:00,REGULAR_SEASON,,29,AS Roma,US Sassuolo Calcio,1,0,FINISHED
444538,2023/24,2024-03-17 19:45:00+00:00,REGULAR_SEASON,,29,FC Internazionale Milano,SSC Napoli,1,1,FINISHED
444551,2023/24,2024-03-30 11:30:00+00:00,REGULAR_SEASON,,30,SSC Napoli,Atalanta BC,0,3,FINISHED
444547,2023/24,2024-03-30 14:00:00+00:00,REGULAR_SEASON,,30,Genoa CFC,Frosinone Calcio,1,1,FINISHED
444553,2023/24,2024-03-30 14:00:00+00:00,REGULAR_SEASON,,30,Torino FC,AC Monza,1,0,FINISHED
444549,2023/24,2024-03-30 17:00:00+00:00,REGULAR_SEASON,,30,SS Lazio,Juventus FC,1,0,FINISHED
444546,2023/24,2024-03-30 19:45:00+00:00,REGULAR_SEASON,,30,ACF Fiorentina,AC Milan,1,2,FINISHED
444544,2023/24,2024-04-01 10:30:00+00:00,REGULAR_SEASON,,30,Bologna FC 1909,US Salernitana 1919,3,0,FINISHED
444545,2023/24,2024-04-01 13:00:00+00:00,REGULAR_SEASON,,30,Cagliari Calcio,Hellas Verona FC,1,1,FINISHED
444552,2023/24,2024-04-01 13:00:00+00:00,REGULAR_SEASON,,30,US Sassuolo Calcio,Udinese Calcio,1,1,FINISHED
444550,2023/24,2024-04-01 16:00:00+00:00,REGULAR_SEASON,,30,US Lecce,AS Roma,0,0,FINISHED
444548,2023/24,2024-04-01 18:45:00+00:00,REGULAR_SEASON,,30,FC Internazionale Milano,Empoli FC,2,0,FINISHED
444562,2023/24,2024-04-05 18:45:00+00:00,REGULAR_SEASON,,31,US Salernitana 1919,US Sassuolo Calcio,2,2,FINISHED
444559,2023/24,2024-04-06 13:00:00+00:00,REGULAR_SEASON,,31,AC Milan,US Lecce,3,0,FINISHED
444561,2023/24,2024-04-06 16:00:00+00:00,REGULAR_SEASON,,31,AS Roma,SS Lazio,1,0,FINISHED
444555,2023/24,2024-04-06 18:45:00+00:00,REGULAR_SEASON,,31,Empoli FC,Torino FC,3,2,FINISHED
444556,2023/24,2024-04-07 10:30:00+00:00,REGULAR_SEASON,,31,Frosinone Calcio,Bologna FC 1909,0,0,FINISHED
444560,2023/24,2024-04-07 13:00:00+00:00,REGULAR_SEASON,,31,AC Monza,SSC Napoli,2,4,FINISHED
444554,2023/24,2024-04-07 16:00:00+00:00,REGULAR_SEASON,,31,Cagliari Calcio,Atalanta BC,2,1,FINISHED
444557,2023/24,2024-04-07 16:00:00+00:00,REGULAR_SEASON,,31,Hellas Verona FC,Genoa CFC,1,2,FINISHED
444558,2023/24,2024-04-07 18:45:00+00:00,REGULAR_SEASON,,31,Juventus FC,ACF Fiorentina,1,0,FINISHED
444563,2023/24,2024-04-08 18:45:00+00:00,REGULAR_SEASON,,31,Udinese Calcio,FC Internazionale Milano,1,2,FINISHED
444568,2023/24,2024-04-12 18:45:00+00:00,REGULAR_SEASON,,32,SS Lazio,US Salernitana 1919,4,1,FINISHED
444569,2023/24,2024-04-13 13:00:00+00:00,REGULAR_SEASON,,32,US Lecce,Empoli FC,1,0,FINISHED
444572,2023/24,2024-04-13 16:00:00+00:00,REGULAR_SEASON,,32,Torino FC,Juventus FC,0,0,FINISHED
444565,2023/24,2024-04-13 18:45:00+00:00,REGULAR_SEASON,,32,Bologna FC 1909,AC Monza,0,0,FINISHED
444570,2023/24,2024-04-14 10:30:00+00:00,REGULAR_SEASON,,32,SSC Napoli,Frosinone Calcio,2,2,FINISHED
444571,2023/24,2024-04-14 13:00:00+00:00,REGULAR_SEASON,,32,US Sassuolo Calcio,AC Milan,3,3,FINISHED
444567,2023/24,2024-04-14 18:45:00+00:00,REGULAR_SEASON,,32,FC Internazionale Milano,Cagliari Calcio,2,2,FINISHED
444566,2023/24,2024-04-15 16:30:00+00:00,REGULAR_SEASON,,32,ACF Fiorentina,Genoa CFC,1,1,FINISHED
444564,2023/24,2024-04-15 18:45:00+00:00,REGULAR_SEASON,,32,Atalanta BC,Hellas Verona FC,2,2,FINISHED
444576,2023/24,2024-04-19 16:30:00+00:00,REGULAR_SEASON,,33,Genoa CFC,SS Lazio,0,1,FINISHED
444574,2023/24,2024-04-19 18:45:00+00:00,REGULAR_SEASON,,33,Cagliari Calcio,Juventus FC,2,2,FINISHED
444575,2023/24,2024-04-20 16:00:00+00:00,REGULAR_SEASON,,33,Empoli FC,SSC Napoli,1,0,FINISHED
444577,2023/24,2024-04-20 18:45:00+00:00,REGULAR_SEASON,,33,Hellas Verona FC,Udinese Calcio,1,0,FINISHED
444582,2023/24,2024-04-21 10:30:00+00:00,REGULAR_SEASON,,33,US Sassuolo Calcio,US Lecce,0,3,FINISHED
444583,2023/24,2024-04-21 13:00:00+00:00,REGULAR_SEASON,,33,Torino FC,Frosinone Calcio,0,0,FINISHED
444581,2023/24,2024-04-21 16:00:00+00:00,REGULAR_SEASON,,33,US Salernitana 1919,ACF Fiorentina,0,2,FINISHED
444579,2023/24,2024-04-21 18:45:00+00:00,REGULAR_SEASON,,33,AC Monza,Atalanta BC,1,2,FINISHED
444580,2023/24,2024-04-22 16:30:00+00:00,REGULAR_SEASON,,33,AS Roma,Bologna FC 1909,1,3,FINISHED
444578,2023/24,2024-04-22 18:45:00+00:00,REGULAR_SEASON,,33,AC Milan,FC Internazionale Milano,1,2,FINISHED
444573,2023/24,2024-04-25 18:00:00+00:00,REGULAR_SEASON,,32,Udinese Calcio,AS Roma,1,2,FINISHED
444587,2023/24,2024-04-26 18:45:00+00:00,REGULAR_SEASON,,34,Frosinone Calcio,US Salernitana 1919,3,0,FINISHED
444592,2023/24,2024-04-27 13:00:00+00:00,REGULAR_SEASON,,34,US Lecce,AC Monza,1,1,FINISHED
444590,2023/24,2024-04-27 16:00:00+00:00,REGULAR_SEASON,,34,Juventus FC,AC Milan,0,0,FINISHED
444591,2023/24,2024-04-27 18:45:00+00:00,REGULAR_SEASON,,34,SS Lazio,Hellas Verona FC,1,0,FINISHED
444589,2023/24,2024-04-28 10:30:00+00:00,REGULAR_SEASON,,34,FC Internazionale Milano,Torino FC,2,0,FINISHED
444585,2023/24,2024-04-28 13:00:00+00:00,REGULAR_SEASON,,34,Bologna FC 1909,Udinese Calcio,1,1,FINISHED
444584,2023/24,2024-04-28 16:00:00+00:00,REGULAR_SEASON,,34,Atalanta BC,Empoli FC,2,0,FINISHED
444593,2023/24,2024-04-28 16:00:00+00:00,REGULAR_SEASON,,34,SSC Napoli,AS Roma,2,2,FINISHED
444586,2023/24,2024-04-28 18:45:00+00:00,REGULAR_SEASON,,34,ACF Fiorentina,US Sassuolo Calcio,5,1,FINISHED
444588,2023/24,2024-04-29 18:45:00+00:00,REGULAR_SEASON,,34,Genoa CFC,Cagliari Calcio,3,0,FINISHED
444602,2023/24,2024-05-03 18:45:00+00:00,REGULAR_SEASON,,35,Torino FC,Bologna FC 1909,0,0,FINISHED
444598,2023/24,2024-05-04 16:00:00+00:00,REGULAR_SEASON,,35,AC Monza,SS Lazio,2,2,FINISHED
444601,2023/24,2024-05-04 18:45:00+00:00,REGULAR_SEASON,,35,US Sassuolo Calcio,FC Internazionale Milano,1,0,FINISHED
444594,2023/24,2024-05-05 10:30:00+00:00,REGULAR_SEASON,,35,Cagliari Calcio,US Lecce,1,1,FINISHED
444595,2023/24,2024-05-05 13:00:00+00:00,REGULAR_SEASON,,35,Empoli FC,Frosinone Calcio,0,0,FINISHED
444596,2023/24,2024-05-05 13:00:00+00:00,REGULAR_SEASON,,35,Hellas Verona FC,ACF Fiorentina,2,1,FINISHED
444597,2023/24,2024-05-05 16:00:00+00:00,REGULAR_SEASON,,35,AC Milan,Genoa CFC,3,3,FINISHED
444599,2023/24,2024-05-05 18:45:00+00:00,REGULAR_SEASON,,35,AS Roma,Juventus FC,1,1,FINISHED
444600,2023/24,2024-05-06 16:00:00+00:00,REGULAR_SEASON,,35,US Salernitana 1919,Atalanta BC,1,2,FINISHED
444603,2023/24,2024-05-06 18:45:00+00:00,REGULAR_SEASON,,35,Udinese Calcio,SSC Napoli,1,1,FINISHED
444606,2023/24,2024-05-10 18:45:00+00:00,REGULAR_SEASON,,36,Frosinone Calcio,FC Internazionale Milano,0,5,FINISHED
444613,2023/24,2024-05-11 16:00:00+00:00,REGULAR_SEASON,,36,SSC Napoli,Bologna FC 1909,0,2,FINISHED
444612,2023/24,2024-05-11 18:45:00+00:00,REGULAR_SEASON,,36,AC Milan,Cagliari Calcio,5,1,FINISHED
444610,2023/24,2024-05-12 10:30:00+00:00,REGULAR_SEASON,,36,SS Lazio,Empoli FC,2,0,FINISHED
444607,2023/24,2024-05-12 13:00:00+00:00,REGULAR_SEASON,,36,Genoa CFC,US Sassuolo Calcio,2,1,FINISHED
444608,2023/24,2024-05-12 13:00:00+00:00,REGULAR_SEASON,,36,Hellas Verona FC,Torino FC,1,2,FINISHED
444609,2023/24,2024-05-12 16:00:00+00:00,REGULAR_SEASON,,36,Juventus FC,US Salernitana 1919,1,1,FINISHED
444604,2023/24,2024-05-12 18:45:00+00:00,REGULAR_SEASON,,36,Atalanta BC,AS Roma,2,1,FINISHED
444611,2023/24,2024-05-13 16:30:00+00:00,REGULAR_SEASON,,36,US Lecce,Udinese Calcio,0,2,FINISHED
444605,2023/24,2024-05-13 18:45:00+00:00,REGULAR_SEASON,,36,ACF Fiorentina,AC Monza,2,1,FINISHED
444615,2023/24,2024-05-17 18:45:00+00:00,REGULAR_SEASON,,37,ACF Fiorentina,SSC Napoli,2,2,FINISHED
444617,2023/24,2024-05-18 16:00:00+00:00,REGULAR_SEASON,,37,US Lecce,Atalanta BC,0,2,FINISHED
444622,2023/24,2024-05-18 18:45:00+00:00,REGULAR_SEASON,,37,Torino FC,AC Milan,3,1,FINISHED
444621,2023/24,2024-05-19 10:30:00+00:00,REGULAR_SEASON,,37,US Sassuolo Calcio,Cagliari Calcio,0,2,FINISHED
444618,2023/24,2024-05-19 13:00:00+00:00,REGULAR_SEASON,,37,AC Monza,Frosinone Calcio,0,1,FINISHED
444623,2023/24,2024-05-19 13:00:00+00:00,REGULAR_SEASON,,37,Udinese Calcio,Empoli FC,1,1,FINISHED
444616,2023/24,2024-05-19 16:00:00+00:00,REGULAR_SEASON,,37,FC Internazionale Milano,SS Lazio,1,1,FINISHED
444619,2023/24,2024-05-19 18:45:00+00:00,REGULAR_SEASON,,37,AS Roma,Genoa CFC,1,0,FINISHED
444620,2023/24,2024-05-20 16:30:00+00:00,REGULAR_SEASON,,37,US Salernitana 1919,Hellas Verona FC,1,2,FINISHED
444614,2023/24,2024-05-20 18:45:00+00:00,REGULAR_SEASON,,37,Bologna FC 1909,Juventus FC,3,3,FINISHED
444625,2023/24,2024-05-23 18:45:00+00:00,REGULAR_SEASON,,38,Cagliari Calcio,ACF Fiorentina,2,3,FINISHED
444628,2023/24,2024-05-24 18:45:00+00:00,REGULAR_SEASON,,38,Genoa CFC,Bologna FC 1909,2,0,FINISHED
444630,2023/24,2024-05-25 16:00:00+00:00,REGULAR_SEASON,,38,Juventus FC,AC Monza,2,0,FINISHED
444632,2023/24,2024-05-25 18:45:00+00:00,REGULAR_SEASON,,38,AC Milan,US Salernitana 1919,3,3,FINISHED
444633,2023/24,2024-05-26 16:00:00+00:00,REGULAR_SEASON,,38,SSC Napoli,US Lecce,0,0,FINISHED
444624,2023/24,2024-05-26 16:00:00+00:00,REGULAR_SEASON,,38,Atalanta BC,Torino FC,3,0,FINISHED
444631,2023/24,2024-05-26 18:45:00+00:00,REGULAR_SEASON,,38,SS Lazio,US Sassuolo Calcio,1,1,FINISHED
444629,2023/24,2024-05-26 18:45:00+00:00,REGULAR_SEASON,,38,Hellas Verona FC,FC Internazionale Milano,2,2,FINISHED
444627,2023/24,2024-05-26 18:45:00+00:00,REGULAR_SEASON,,38,Frosinone Calcio,Udinese Calcio,0,1,FINISHED
444626,2023/24,2024-05-26 18:45:00+00:00,REGULAR_SEASON,,38,Empoli FC,AS Roma,2,1,FINISHED
444534,2023/24,2024-06-02 16:00:00+00:00,REGULAR_SEASON,,29,Atalanta BC,ACF Fiorentina,2,3,FINISHED
503046,2024/25,2024-08-17 16:30:00+00:00,REGULAR_SEASON,,1,Genoa CFC,FC Internazionale Milano,2,2,FINISHED
503052,2024/25,2024-08-17 16:30:00+00:00,REGULAR_SEASON,,1,Parma Calcio 1913,ACF Fiorentina,1,1,FINISHED
503045,2024/25,2024-08-17 18:45:00+00:00,REGULAR_SEASON,,1,Empoli FC,AC Monza,0,0,FINISHED
503051,2024/25,2024-08-17 18:45:00+00:00,REGULAR_SEASON,,1,AC Milan,Torino FC,2,2,FINISHED
503043,2024/25,2024-08-18 16:30:00+00:00,REGULAR_SEASON,,1,Bologna FC 1909,Udinese Calcio,1,1,FINISHED
503047,2024/25,2024-08-18 16:30:00+00:00,REGULAR_SEASON,,1,Hellas Verona FC,SSC Napoli,3,0,FINISHED
503049,2024/25,2024-08-18 18:45:00+00:00,REGULAR_SEASON,,1,SS Lazio,Venezia FC,3,1,FINISHED
503044,2024/25,2024-08-18 18:45:00+00:00,REGULAR_SEASON,,1,Cagliari Calcio,AS Roma,0,0,FINISHED
503050,2024/25,2024-08-19 16:30:00+00:00,REGULAR_SEASON,,1,US Lecce,Atalanta BC,0,4,FINISHED
503048,2024/25,2024-08-19 18:45:00+00:00,REGULAR_SEASON,,1,Juventus FC,Como 1907,3,0,FINISHED
503059,2024/25,2024-08-24 16:30:00+00:00,REGULAR_SEASON,,2,Parma Calcio 1913,AC Milan,2,1,FINISHED
503062,2024/25,2024-08-24 16:30:00+00:00,REGULAR_SEASON,,2,Udinese Calcio,SS Lazio,2,1,FINISHED
503056,2024/25,2024-08-24 18:45:00+00:00,REGULAR_SEASON,,2,FC Internazionale Milano,US Lecce,2,0,FINISHED
503057,2024/25,2024-08-24 18:45:00+00:00,REGULAR_SEASON,,2,AC Monza,Genoa CFC,0,1,FINISHED
503054,2024/25,2024-08-25 16:30:00+00:00,REGULAR_SEASON,,2,ACF Fiorentina,Venezia FC,0,0,FINISHED
503061,2024/25,2024-08-25 16:30:00+00:00,REGULAR_SEASON,,2,Torino FC,Atalanta BC,2,1,FINISHED
503060,2024/25,2024-08-25 18:45:00+00:00,REGULAR_SEASON,,2,AS Roma,Empoli FC,1,2,FINISHED
503058,2024/25,2024-08-25 18:45:00+00:00,REGULAR_SEASON,,2,SSC Napoli,Bologna FC 1909,3,0,FINISHED
503053,2024/25,2024-08-26 16:30:00+00:00,REGULAR_SEASON,,2,Cagliari Calcio,Como 1907,1,1,FINISHED
503055,2024/25,2024-08-26 18:45:00+00:00,REGULAR_SEASON,,2,Hellas Verona FC,Juventus FC,0,3,FINISHED
503072,2024/25,2024-08-30 16:30:00+00:00,REGULAR_SEASON,,3,Venezia FC,Torino FC,0,1,FINISHED
503066,2024/25,2024-08-30 18:45:00+00:00,REGULAR_SEASON,,3,FC Internazionale Milano,Atalanta BC,4,0,FINISHED
503063,2024/25,2024-08-31 16:30:00+00:00,REGULAR_SEASON,,3,Bologna FC 1909,Empoli FC,1,1,FINISHED
503069,2024/25,2024-08-31 16:30:00+00:00,REGULAR_SEASON,,3,US Lecce,Cagliari Calcio,1,0,FINISHED
503068,2024/25,2024-08-31 18:45:00+00:00,REGULAR_SEASON,,3,SS Lazio,AC Milan,2,2,FINISHED
503070,2024/25,2024-08-31 18:45:00+00:00,REGULAR_SEASON,,3,SSC Napoli,Parma Calcio 1913,2,1,FINISHED
503064,2024/25,2024-09-01 16:30:00+00:00,REGULAR_SEASON,,3,ACF Fiorentina,AC Monza,2,2,FINISHED
503065,2024/25,2024-09-01 16:30:00+00:00,REGULAR_SEASON,,3,Genoa CFC,Hellas Verona FC,0,2,FINISHED
503067,2024/25,2024-09-01 18:45:00+00:00,REGULAR_SEASON,,3,Juventus FC,AS Roma,0,0,FINISHED
503071,2024/25,2024-09-01 18:45:00+00:00,REGULAR_SEASON,,3,Udinese Calcio,Como 1907,1,0,FINISHED
503075,2024/25,2024-09-14 13:00:00+00:00,REGULAR_SEASON,,4,Como 1907,Bologna FC 1909,2,2,FINISHED
503076,2024/25,2024-09-14 16:00:00+00:00,REGULAR_SEASON,,4,Empoli FC,Juventus FC,0,0,FINISHED
503079,2024/25,2024-09-14 18:45:00+00:00,REGULAR_SEASON,,4,AC Milan,Venezia FC,4,0,FINISHED
503077,2024/25,2024-09-15 10:30:00+00:00,REGULAR_SEASON,,4,Genoa CFC,AS Roma,1,1,FINISHED
503073,2024/25,2024-09-15 13:00:00+00:00,REGULAR_SEASON,,4,Atalanta BC,ACF Fiorentina,3,2,FINISHED
503082,2024/25,2024-09-15 13:00:00+00:00,REGULAR_SEASON,,4,Torino FC,US Lecce,0,0,FINISHED
503074,2024/25,2024-09-15 16:00:00+00:00,REGULAR_SEASON,,4,Cagliari Calcio,SSC Napoli,0,4,FINISHED
503080,2024/25,2024-09-15 18:45:00+00:00,REGULAR_SEASON,,4,AC Monza,FC Internazionale Milano,1,1,FINISHED
503081,2024/25,2024-09-16 16:30:00+00:00,REGULAR_SEASON,,4,Parma Calcio 1913,Udinese Calcio,2,3,FINISHED
503078,2024/25,2024-09-16 18:45:00+00:00,REGULAR_SEASON,,4,SS Lazio,Hellas Verona FC,2,1,FINISHED
503084,2024/25,2024-09-20 16:30:00+00:00,REGULAR_SEASON,,5,Cagliari Calcio,Empoli FC,0,2,FINISHED
503086,2024/25,2024-09-20 18:45:00+00:00,REGULAR_SEASON,,5,Hellas Verona FC,Torino FC,2,3,FINISHED
503092,2024/25,2024-09-21 13:00:00+00:00,REGULAR_SEASON,,5,Venezia FC,Genoa CFC,2,0,FINISHED
503088,2024/25,2024-09-21 16:00:00+00:00,REGULAR_SEASON,,5,Juventus FC,SSC Napoli,0,0,FINISHED
503089,2024/25,2024-09-21 18:45:00+00:00,REGULAR_SEASON,,5,US Lecce,Parma Calcio 1913,2,2,FINISHED
503085,2024/25,2024-09-22 10:30:00+00:00,REGULAR_SEASON,,5,ACF Fiorentina,SS Lazio,2,1,FINISHED
503090,2024/25,2024-09-22 13:00:00+00:00,REGULAR_SEASON,,5,AC Monza,Bologna FC 1909,1,2,FINISHED
503091,2024/25,2024-09-22 16:00:00+00:00,REGULAR_SEASON,,5,AS Roma,Udinese Calcio,3,0,FINISHED
503087,2024/25,2024-09-22 18:45:00+00:00,REGULAR_SEASON,,5,FC Internazionale Milano,AC Milan,1,2,FINISHED
503083,2024/25,2024-09-24 18:45:00+00:00,REGULAR_SEASON,,5,Atalanta BC,Como 1907,2,3,FINISHED
503097,2024/25,2024-09-27 18:45:00+00:00,REGULAR_SEASON,,6,AC Milan,US Lecce,3,0,FINISHED
503102,2024/25,2024-09-28 13:00:00+00:00,REGULAR_SEASON,,6,Udinese Calcio,FC Internazionale Milano,2,3,FINISHED
503096,2024/25,2024-09-28 16:00:00+00:00,REGULAR_SEASON,,6,Genoa CFC,Juventus FC,0,3,FINISHED
503093,2024/25,2024-09-28 18:45:00+00:00,REGULAR_SEASON,,6,Bologna FC 1909,Atalanta BC,1,1,FINISHED
503101,2024/25,2024-09-29 10:30:00+00:00,REGULAR_SEASON,,6,Torino FC,SS Lazio,2,3,FINISHED
503094,2024/25,2024-09-29 13:00:00+00:00,REGULAR_SEASON,,6,Como 1907,Hellas Verona FC,3,2,FINISHED
503100,2024/25,2024-09-29 13:00:00+00:00,REGULAR_SEASON,,6,AS Roma,Venezia FC,2,1,FINISHED
503095,2024/25,2024-09-29 16:00:00+00:00,REGULAR_SEASON,,6,Empoli FC,ACF Fiorentina,0,0,FINISHED
503098,2024/25,2024-09-29 18:45:00+00:00,REGULAR_SEASON,,6,SSC Napoli,AC Monza,2,0,FINISHED
503099,2024/25,2024-09-30 18:45:00+00:00,REGULAR_SEASON,,6,Parma Calcio 1913,Cagliari Calcio,2,3,FINISHED
503111,2024/25,2024-10-04 16:30:00+00:00,REGULAR_SEASON,,7,SSC Napoli,Como 1907,3,1,FINISHED
503106,2024/25,2024-10-04 18:45:00+00:00,REGULAR_SEASON,,7,Hellas Verona FC,Venezia FC,2,1,FINISHED
503112,2024/25,2024-10-05 13:00:00+00:00,REGULAR_SEASON,,7,Udinese Calcio,US Lecce,1,0,FINISHED
503103,2024/25,2024-10-05 16:00:00+00:00,REGULAR_SEASON,,7,Atalanta BC,Genoa CFC,5,1,FINISHED
503107,2024/25,2024-10-05 18:45:00+00:00,REGULAR_SEASON,,7,FC Internazionale Milano,Torino FC,3,2,FINISHED
503108,2024/25,2024-10-06 10:30:00+00:00,REGULAR_SEASON,,7,Juventus FC,Cagliari Calcio,1,1,FINISHED
503109,2024/25,2024-10-06 13:00:00+00:00,REGULAR_SEASON,,7,SS Lazio,Empoli FC,2,1,FINISHED
503104,2024/25,2024-10-06 13:00:00+00:00,REGULAR_SEASON,,7,Bologna FC 1909,Parma Calcio 1913,0,0,FINISHED
503110,2024/25,2024-10-06 16:00:00+00:00,REGULAR_SEASON,,7,AC Monza,AS Roma,1,1,FINISHED
503105,2024/25,2024-10-06 18:45:00+00:00,REGULAR_SEASON,,7,ACF Fiorentina,AC Milan,2,1,FINISHED
503114,2024/25,2024-10-19 13:00:00+00:00,REGULAR_SEASON,,8,Como 1907,Parma Calcio 1913,1,1,FINISHED
503116,2024/25,2024-10-19 13:00:00+00:00,REGULAR_SEASON,,8,Genoa CFC,Bologna FC 1909,2,2,FINISHED
503120,2024/25,2024-10-19 16:00:00+00:00,REGULAR_SEASON,,8,AC Milan,Udinese Calcio,1,0,FINISHED
503118,2024/25,2024-10-19 18:45:00+00:00,REGULAR_SEASON,,8,Juventus FC,SS Lazio,1,0,FINISHED
503115,2024/25,2024-10-20 10:30:00+00:00,REGULAR_SEASON,,8,Empoli FC,SSC Napoli,0,1,FINISHED
503119,2024/25,2024-10-20 13:00:00+00:00,REGULAR_SEASON,,8,US Lecce,ACF Fiorentina,0,6,FINISHED
503122,2024/25,2024-10-20 13:00:00+00:00,REGULAR_SEASON,,8,Venezia FC,Atalanta BC,0,2,FINISHED
503113,2024/25,2024-10-20 16:00:00+00:00,REGULAR_SEASON,,8,Cagliari Calcio,Torino FC,3,2,FINISHED
503121,2024/25,2024-10-20 18:45:00+00:00,REGULAR_SEASON,,8,AS Roma,FC Internazionale Milano,0,1,FINISHED
503117,2024/25,2024-10-21 18:45:00+00:00,REGULAR_SEASON,,8,Hellas Verona FC,AC Monza,0,3,FINISHED
503132,2024/25,2024-10-25 16:30:00+00:00,REGULAR_SEASON,,9,Udinese Calcio,Cagliari Calcio,2,0,FINISHED
503131,2024/25,2024-10-25 18:45:00+00:00,REGULAR_SEASON,,9,Torino FC,Como 1907,1,0,FINISHED
503129,2024/25,2024-10-26 13:00:00+00:00,REGULAR_SEASON,,9,SSC Napoli,US Lecce,1,0,FINISHED
503123,2024/25,2024-10-26 18:45:00+00:00,REGULAR_SEASON,,9,Atalanta BC,Hellas Verona FC,6,1,FINISHED
503130,2024/25,2024-10-27 11:30:00+00:00,REGULAR_SEASON,,9,Parma Calcio 1913,Empoli FC,1,1,FINISHED
503127,2024/25,2024-10-27 14:00:00+00:00,REGULAR_SEASON,,9,SS Lazio,Genoa CFC,3,0,FINISHED
503128,2024/25,2024-10-27 14:00:00+00:00,REGULAR_SEASON,,9,AC Monza,Venezia FC,2,2,FINISHED
503126,2024/25,2024-10-27 17:00:00+00:00,REGULAR_SEASON,,9,FC Internazionale Milano,Juventus FC,4,4,FINISHED
503125,2024/25,2024-10-27 19:45:00+00:00,REGULAR_SEASON,,9,ACF Fiorentina,AS Roma,5,1,FINISHED
503134,2024/25,2024-10-29 17:30:00+00:00,REGULAR_SEASON,,10,Cagliari Calcio,Bologna FC 1909,0,2,FINISHED
503139,2024/25,2024-10-29 17:30:00+00:00,REGULAR_SEASON,,10,US Lecce,Hellas Verona FC,1,0,FINISHED
503140,2024/25,2024-10-29 19:45:00+00:00,REGULAR_SEASON,,10,AC Milan,SSC Napoli,0,2,FINISHED
503136,2024/25,2024-10-30 17:30:00+00:00,REGULAR_SEASON,,10,Empoli FC,FC Internazionale Milano,0,3,FINISHED
503142,2024/25,2024-10-30 17:30:00+00:00,REGULAR_SEASON,,10,Venezia FC,Udinese Calcio,3,2,FINISHED
503133,2024/25,2024-10-30 19:45:00+00:00,REGULAR_SEASON,,10,Atalanta BC,AC Monza,2,0,FINISHED
503138,2024/25,2024-10-30 19:45:00+00:00,REGULAR_SEASON,,10,Juventus FC,Parma Calcio 1913,2,2,FINISHED
503137,2024/25,2024-10-31 17:30:00+00:00,REGULAR_SEASON,,10,Genoa CFC,ACF Fiorentina,0,1,FINISHED
503135,2024/25,2024-10-31 19:45:00+00:00,REGULAR_SEASON,,10,Como 1907,SS Lazio,1,5,FINISHED
503141,2024/25,2024-10-31 19:45:00+00:00,REGULAR_SEASON,,10,AS Roma,Torino FC,1,0,FINISHED
503143,2024/25,2024-11-02 14:00:00+00:00,REGULAR_SEASON,,11,Bologna FC 1909,US Lecce,1,0,FINISHED
503152,2024/25,2024-11-02 17:00:00+00:00,REGULAR_SEASON,,11,Udinese Calcio,Juventus FC,0,2,FINISHED
503148,2024/25,2024-11-02 19:45:00+00:00,REGULAR_SEASON,,11,AC Monza,AC Milan,0,1,FINISHED
503149,2024/25,2024-11-03 11:30:00+00:00,REGULAR_SEASON,,11,SSC Napoli,Atalanta BC,0,3,FINISHED
503151,2024/25,2024-11-03 14:00:00+00:00,REGULAR_SEASON,,11,Torino FC,ACF Fiorentina,0,1,FINISHED
503145,2024/25,2024-11-03 17:00:00+00:00,REGULAR_SEASON,,11,Hellas Verona FC,AS Roma,3,2,FINISHED
503146,2024/25,2024-11-03 19:45:00+00:00,REGULAR_SEASON,,11,FC Internazionale Milano,Venezia FC,1,0,FINISHED
503144,2024/25,2024-11-04 17:30:00+00:00,REGULAR_SEASON,,11,Empoli FC,Como 1907,1,0,FINISHED
503150,2024/25,2024-11-04 17:30:00+00:00,REGULAR_SEASON,,11,Parma Calcio 1913,Genoa CFC,0,1,FINISHED
503147,2024/25,2024-11-04 19:45:00+00:00,REGULAR_SEASON,,11,SS Lazio,Cagliari Calcio,2,1,FINISHED
503156,2024/25,2024-11-07 19:45:00+00:00,REGULAR_SEASON,,12,Genoa CFC,Como 1907,1,1,FINISHED
503159,2024/25,2024-11-08 19:45:00+00:00,REGULAR_SEASON,,12,US Lecce,Empoli FC,1,1,FINISHED
503162,2024/25,2024-11-09 14:00:00+00:00,REGULAR_SEASON,,12,Venezia FC,Parma Calcio 1913,1,2,FINISHED
503154,2024/25,2024-11-09 17:00:00+00:00,REGULAR_SEASON,,12,Cagliari Calcio,AC Milan,3,3,FINISHED
503158,2024/25,2024-11-09 19:45:00+00:00,REGULAR_SEASON,,12,Juventus FC,Torino FC,2,0,FINISHED
503153,2024/25,2024-11-10 11:30:00+00:00,REGULAR_SEASON,,12,Atalanta BC,Udinese Calcio,2,1,FINISHED
503161,2024/25,2024-11-10 14:00:00+00:00,REGULAR_SEASON,,12,AS Roma,Bologna FC 1909,2,3,FINISHED
503155,2024/25,2024-11-10 14:00:00+00:00,REGULAR_SEASON,,12,ACF Fiorentina,Hellas Verona FC,3,1,FINISHED
503160,2024/25,2024-11-10 17:00:00+00:00,REGULAR_SEASON,,12,AC Monza,SS Lazio,0,1,FINISHED
503157,2024/25,2024-11-10 19:45:00+00:00,REGULAR_SEASON,,12,FC Internazionale Milano,SSC Napoli,1,1,FINISHED
503166,2024/25,2024-11-23 14:00:00+00:00,REGULAR_SEASON,,13,Hellas Verona FC,FC Internazionale Milano,0,5,FINISHED
503168,2024/25,2024-11-23 17:00:00+00:00,REGULAR_SEASON,,13,AC Milan,Juventus FC,0,0,FINISHED
503170,2024/25,2024-11-23 19:45:00+00:00,REGULAR_SEASON,,13,Parma Calcio 1913,Atalanta BC,1,3,FINISHED
503165,2024/25,2024-11-24 11:30:00+00:00,REGULAR_SEASON,,13,Genoa CFC,Cagliari Calcio,2,2,FINISHED
503163,2024/25,2024-11-24 14:00:00+00:00,REGULAR_SEASON,,13,Como 1907,ACF Fiorentina,0,2,FINISHED
503171,2024/25,2024-11-24 14:00:00+00:00,REGULAR_SEASON,,13,Torino FC,AC Monza,1,1,FINISHED
503169,2024/25,2024-11-24 17:00:00+00:00,REGULAR_SEASON,,13,SSC Napoli,AS Roma,1,0,FINISHED
503167,2024/25,2024-11-24 19:45:00+00:00,REGULAR_SEASON,,13,SS Lazio,Bologna FC 1909,3,0,FINISHED
503164,2024/25,2024-11-25 17:30:00+00:00,REGULAR_SEASON,,13,Empoli FC,Udinese Calcio,1,1,FINISHED
503172,2024/25,2024-11-25 19:45:00+00:00,REGULAR_SEASON,,13,Venezia FC,US Lecce,0,1,FINISHED
503174,2024/25,2024-11-29 19:45:00+00:00,REGULAR_SEASON,,14,Cagliari Calcio,Hellas Verona FC,1,0,FINISHED
503175,2024/25,2024-11-30 14:00:00+00:00,REGULAR_SEASON,,14,Como 1907,AC Monza,1,1,FINISHED
503178,2024/25,2024-11-30 17:00:00+00:00,REGULAR_SEASON,,14,AC Milan,Empoli FC,3,0,FINISHED
503173,2024/25,2024-11-30 19:45:00+00:00,REGULAR_SEASON,,14,Bologna FC 1909,Venezia FC,3,0,FINISHED
503182,2024/25,2024-12-01 11:30:00+00:00,REGULAR_SEASON,,14,Udinese Calcio,Genoa CFC,0,2,FINISHED
503179,2024/25,2024-12-01 14:00:00+00:00,REGULAR_SEASON,,14,Parma Calcio 1913,SS Lazio,3,1,FINISHED
503181,2024/25,2024-12-01 14:00:00+00:00,REGULAR_SEASON,,14,Torino FC,SSC Napoli,0,1,FINISHED
503177,2024/25,2024-12-01 19:45:00+00:00,REGULAR_SEASON,,14,US Lecce,Juventus FC,1,1,FINISHED
503180,2024/25,2024-12-02 19:45:00+00:00,REGULAR_SEASON,,14,AS Roma,Atalanta BC,0,2,FINISHED
503187,2024/25,2024-12-06 17:30:00+00:00,REGULAR_SEASON,,15,FC Internazionale Milano,Parma Calcio 1913,3,1,FINISHED
503183,2024/25,2024-12-06 19:45:00+00:00,REGULAR_SEASON,,15,Atalanta BC,AC Milan,2,1,FINISHED
503185,2024/25,2024-12-07 14:00:00+00:00,REGULAR_SEASON,,15,Genoa CFC,Torino FC,0,0,FINISHED
503188,2024/25,2024-12-07 17:00:00+00:00,REGULAR_SEASON,,15,Juventus FC,Bologna FC 1909,2,2,FINISHED
503191,2024/25,2024-12-07 19:45:00+00:00,REGULAR_SEASON,,15,AS Roma,US Lecce,4,1,FINISHED
503184,2024/25,2024-12-08 11:30:00+00:00,REGULAR_SEASON,,15,ACF Fiorentina,Cagliari Calcio,1,0,FINISHED
503186,2024/25,2024-12-08 14:00:00+00:00,REGULAR_SEASON,,15,Hellas Verona FC,Empoli FC,1,4,FINISHED
503192,2024/25,2024-12-08 17:00:00+00:00,REGULAR_SEASON,,15,Venezia FC,Como 1907,2,2,FINISHED
503190,2024/25,2024-12-08 19:45:00+00:00,REGULAR_SEASON,,15,SSC Napoli,SS Lazio,0,1,FINISHED
503189,2024/25,2024-12-09 19:45:00+00:00,REGULAR_SEASON,,15,AC Monza,Udinese Calcio,1,2,FINISHED
503196,2024/25,2024-12-13 19:45:00+00:00,REGULAR_SEASON,,16,Empoli FC,Torino FC,0,1,FINISHED
503194,2024/25,2024-12-14 14:00:00+00:00,REGULAR_SEASON,,16,Cagliari Calcio,Atalanta BC,0,1,FINISHED
503202,2024/25,2024-12-14 17:00:00+00:00,REGULAR_SEASON,,16,Udinese Calcio,SSC Napoli,1,3,FINISHED
503197,2024/25,2024-12-14 19:45:00+00:00,REGULAR_SEASON,,16,Juventus FC,Venezia FC,2,2,FINISHED
503199,2024/25,2024-12-15 11:30:00+00:00,REGULAR_SEASON,,16,US Lecce,AC Monza,2,1,FINISHED
503193,2024/25,2024-12-15 14:00:00+00:00,REGULAR_SEASON,,16,Bologna FC 1909,ACF Fiorentina,1,0,FINISHED
503201,2024/25,2024-12-15 14:00:00+00:00,REGULAR_SEASON,,16,Parma Calcio 1913,Hellas Verona FC,2,3,FINISHED
503195,2024/25,2024-12-15 17:00:00+00:00,REGULAR_SEASON,,16,Como 1907,AS Roma,2,0,FINISHED
503200,2024/25,2024-12-15 19:45:00+00:00,REGULAR_SEASON,,16,AC Milan,Genoa CFC,0,0,FINISHED
503198,2024/25,2024-12-16 19:45:00+00:00,REGULAR_SEASON,,16,SS Lazio,FC Internazionale Milano,0,6,FINISHED
503206,2024/25,2024-12-20 19:45:00+00:00,REGULAR_SEASON,,17,Hellas Verona FC,AC Milan,0,1,FINISHED
503211,2024/25,2024-12-21 14:00:00+00:00,REGULAR_SEASON,,17,Torino FC,Bologna FC 1909,0,2,FINISHED
503205,2024/25,2024-12-21 17:00:00+00:00,REGULAR_SEASON,,17,Genoa CFC,SSC Napoli,1,2,FINISHED
503208,2024/25,2024-12-21 19:45:00+00:00,REGULAR_SEASON,,17,US Lecce,SS Lazio,1,2,FINISHED
503210,2024/25,2024-12-22 11:30:00+00:00,REGULAR_SEASON,,17,AS Roma,Parma Calcio 1913,5,0,FINISHED
503212,2024/25,2024-12-22 14:00:00+00:00,REGULAR_SEASON,,17,Venezia FC,Cagliari Calcio,2,1,FINISHED
503203,2024/25,2024-12-22 17:00:00+00:00,REGULAR_SEASON,,17,Atalanta BC,Empoli FC,3,2,FINISHED
503209,2024/25,2024-12-22 19:45:00+00:00,REGULAR_SEASON,,17,AC Monza,Juventus FC,1,2,FINISHED
503204,2024/25,2024-12-23 17:30:00+00:00,REGULAR_SEASON,,17,ACF Fiorentina,Udinese Calcio,1,2,FINISHED
503207,2024/25,2024-12-23 19:45:00+00:00,REGULAR_SEASON,,17,FC Internazionale Milano,Como 1907,2,0,FINISHED
503216,2024/25,2024-12-28 14:00:00+00:00,REGULAR_SEASON,,18,Empoli FC,Genoa CFC,1,2,FINISHED
503221,2024/25,2024-12-28 14:00:00+00:00,REGULAR_SEASON,,18,Parma Calcio 1913,AC Monza,2,1,FINISHED
503214,2024/25,2024-12-28 17:00:00+00:00,REGULAR_SEASON,,18,Cagliari Calcio,FC Internazionale Milano,0,3,FINISHED
503218,2024/25,2024-12-28 19:45:00+00:00,REGULAR_SEASON,,18,SS Lazio,Atalanta BC,1,1,FINISHED
503222,2024/25,2024-12-29 11:30:00+00:00,REGULAR_SEASON,,18,Udinese Calcio,Torino FC,2,2,FINISHED
503220,2024/25,2024-12-29 14:00:00+00:00,REGULAR_SEASON,,18,SSC Napoli,Venezia FC,1,0,FINISHED
503217,2024/25,2024-12-29 17:00:00+00:00,REGULAR_SEASON,,18,Juventus FC,ACF Fiorentina,2,2,FINISHED
503219,2024/25,2024-12-29 19:45:00+00:00,REGULAR_SEASON,,18,AC Milan,AS Roma,1,1,FINISHED
503215,2024/25,2024-12-30 17:30:00+00:00,REGULAR_SEASON,,18,Como 1907,US Lecce,2,0,FINISHED
503213,2024/25,2024-12-30 19:45:00+00:00,REGULAR_SEASON,,18,Bologna FC 1909,Hellas Verona FC,2,3,FINISHED
503232,2024/25,2025-01-04 14:00:00+00:00,REGULAR_SEASON,,19,Venezia FC,Empoli FC,1,1,FINISHED
503225,2024/25,2025-01-04 17:00:00+00:00,REGULAR_SEASON,,19,ACF Fiorentina,SSC Napoli,0,3,FINISHED
503226,2024/25,2025-01-04 19:45:00+00:00,REGULAR_SEASON,,19,Hellas Verona FC,Udinese Calcio,0,0,FINISHED
503229,2024/25,2025-01-05 11:30:00+00:00,REGULAR_SEASON,,19,AC Monza,Cagliari Calcio,1,2,FINISHED
503228,2024/25,2025-01-05 14:00:00+00:00,REGULAR_SEASON,,19,US Lecce,Genoa CFC,0,0,FINISHED
503231,2024/25,2025-01-05 17:00:00+00:00,REGULAR_SEASON,,19,Torino FC,Parma Calcio 1913,0,0,FINISHED
503230,2024/25,2025-01-05 19:45:00+00:00,REGULAR_SEASON,,19,AS Roma,SS Lazio,2,0,FINISHED
503236,2024/25,2025-01-10 19:45:00+00:00,REGULAR_SEASON,,20,SS Lazio,Como 1907,1,1,FINISHED
503241,2024/25,2025-01-11 14:00:00+00:00,REGULAR_SEASON,,20,Udinese Calcio,Atalanta BC,0,0,FINISHED
503234,2024/25,2025-01-11 14:00:00+00:00,REGULAR_SEASON,,20,Empoli FC,US Lecce,1,3,FINISHED
503240,2024/25,2025-01-11 17:00:00+00:00,REGULAR_SEASON,,20,Torino FC,Juventus FC,1,1,FINISHED
503237,2024/25,2025-01-11 19:45:00+00:00,REGULAR_SEASON,,20,AC Milan,Cagliari Calcio,1,1,FINISHED
503235,2024/25,2025-01-12 11:30:00+00:00,REGULAR_SEASON,,20,Genoa CFC,Parma Calcio 1913,1,0,FINISHED
503242,2024/25,2025-01-12 14:00:00+00:00,REGULAR_SEASON,,20,Venezia FC,FC Internazionale Milano,0,1,FINISHED
503233,2024/25,2025-01-12 17:00:00+00:00,REGULAR_SEASON,,20,Bologna FC 1909,AS Roma,2,2,FINISHED
503239,2024/25,2025-01-12 19:45:00+00:00,REGULAR_SEASON,,20,SSC Napoli,Hellas Verona FC,2,0,FINISHED
503238,2024/25,2025-01-13 19:45:00+00:00,REGULAR_SEASON,,20,AC Monza,ACF Fiorentina,2,1,FINISHED
503224,2024/25,2025-01-14 17:30:00+00:00,REGULAR_SEASON,,19,Como 1907,AC Milan,1,2,FINISHED
503223,2024/25,2025-01-14 19:45:00+00:00,REGULAR_SEASON,,19,Atalanta BC,Juventus FC,1,1,FINISHED
503227,2024/25,2025-01-15 19:45:00+00:00,REGULAR_SEASON,,19,FC Internazionale Milano,Bologna FC 1909,2,2,FINISHED
503252,2024/25,2025-01-17 19:45:00+00:00,REGULAR_SEASON,,21,AS Roma,Genoa CFC,3,1,FINISHED
503244,2024/25,2025-01-18 14:00:00+00:00,REGULAR_SEASON,,21,Bologna FC 1909,AC Monza,3,1,FINISHED
503250,2024/25,2025-01-18 17:00:00+00:00,REGULAR_SEASON,,21,Juventus FC,AC Milan,2,0,FINISHED
503243,2024/25,2025-01-18 19:45:00+00:00,REGULAR_SEASON,,21,Atalanta BC,SSC Napoli,2,3,FINISHED
503247,2024/25,2025-01-19 11:30:00+00:00,REGULAR_SEASON,,21,ACF Fiorentina,Torino FC,1,1,FINISHED
503245,2024/25,2025-01-19 14:00:00+00:00,REGULAR_SEASON,,21,Cagliari Calcio,US Lecce,4,1,FINISHED
503251,2024/25,2025-01-19 14:00:00+00:00,REGULAR_SEASON,,21,Parma Calcio 1913,Venezia FC,1,1,FINISHED
503248,2024/25,2025-01-19 17:00:00+00:00,REGULAR_SEASON,,21,Hellas Verona FC,SS Lazio,0,3,FINISHED
503249,2024/25,2025-01-19 19:45:00+00:00,REGULAR_SEASON,,21,FC Internazionale Milano,Empoli FC,3,1,FINISHED
503246,2024/25,2025-01-20 19:45:00+00:00,REGULAR_SEASON,,21,Como 1907,Udinese Calcio,4,1,FINISHED
503260,2024/25,2025-01-24 19:45:00+00:00,REGULAR_SEASON,,22,Torino FC,Cagliari Calcio,2,0,FINISHED
503253,2024/25,2025-01-25 14:00:00+00:00,REGULAR_SEASON,,22,Como 1907,Atalanta BC,1,2,FINISHED
503259,2024/25,2025-01-25 17:00:00+00:00,REGULAR_SEASON,,22,SSC Napoli,Juventus FC,2,1,FINISHED
503254,2024/25,2025-01-25 19:45:00+00:00,REGULAR_SEASON,,22,Empoli FC,Bologna FC 1909,1,1,FINISHED
503258,2024/25,2025-01-26 11:30:00+00:00,REGULAR_SEASON,,22,AC Milan,Parma Calcio 1913,3,2,FINISHED
503261,2024/25,2025-01-26 14:00:00+00:00,REGULAR_SEASON,,22,Udinese Calcio,AS Roma,1,2,FINISHED
503257,2024/25,2025-01-26 17:00:00+00:00,REGULAR_SEASON,,22,US Lecce,FC Internazionale Milano,0,4,FINISHED
503256,2024/25,2025-01-26 19:45:00+00:00,REGULAR_SEASON,,22,SS Lazio,ACF Fiorentina,1,2,FINISHED
503262,2024/25,2025-01-27 17:30:00+00:00,REGULAR_SEASON,,22,Venezia FC,Hellas Verona FC,1,1,FINISHED
503255,2024/25,2025-01-27 19:45:00+00:00,REGULAR_SEASON,,22,Genoa CFC,AC Monza,2,0,FINISHED
503270,2024/25,2025-01-31 19:45:00+00:00,REGULAR_SEASON,,23,Parma Calcio 1913,US Lecce,1,3,FINISHED
503269,2024/25,2025-02-01 14:00:00+00:00,REGULAR_SEASON,,23,AC Monza,Hellas Verona FC,0,1,FINISHED
503272,2024/25,2025-02-01 14:00:00+00:00,REGULAR_SEASON,,23,Udinese Calcio,Venezia FC,3,2,FINISHED
503263,2024/25,2025-02-01 17:00:00+00:00,REGULAR_SEASON,,23,Atalanta BC,Torino FC,1,1,FINISHED
503264,2024/25,2025-02-01 19:45:00+00:00,REGULAR_SEASON,,23,Bologna FC 1909,Como 1907,2,0,FINISHED
503267,2024/25,2025-02-02 11:30:00+00:00,REGULAR_SEASON,,23,Juventus FC,Empoli FC,4,1,FINISHED
503266,2024/25,2025-02-02 14:00:00+00:00,REGULAR_SEASON,,23,ACF Fiorentina,Genoa CFC,2,1,FINISHED
503268,2024/25,2025-02-02 17:00:00+00:00,REGULAR_SEASON,,23,AC Milan,FC Internazionale Milano,1,1,FINISHED
503271,2024/25,2025-02-02 19:45:00+00:00,REGULAR_SEASON,,23,AS Roma,SSC Napoli,1,1,FINISHED
503265,2024/25,2025-02-03 19:45:00+00:00,REGULAR_SEASON,,23,Cagliari Calcio,SS Lazio,1,2,FINISHED
503176,2024/25,2025-02-06 19:45:00+00:00,REGULAR_SEASON,,14,ACF Fiorentina,FC Internazionale Milano,3,0,FINISHED
503274,2024/25,2025-02-07 19:45:00+00:00,REGULAR_SEASON,,24,Como 1907,Juventus FC,1,2,FINISHED
503276,2024/25,2025-02-08 14:00:00+00:00,REGULAR_SEASON,,24,Hellas Verona FC,Atalanta BC,0,5,FINISHED
503275,2024/25,2025-02-08 17:00:00+00:00,REGULAR_SEASON,,24,Empoli FC,AC Milan,0,2,FINISHED
503281,2024/25,2025-02-08 19:45:00+00:00,REGULAR_SEASON,,24,Torino FC,Genoa CFC,1,1,FINISHED
503282,2024/25,2025-02-09 11:30:00+00:00,REGULAR_SEASON,,24,Venezia FC,AS Roma,0,1,FINISHED
503273,2024/25,2025-02-09 14:00:00+00:00,REGULAR_SEASON,,24,Cagliari Calcio,Parma Calcio 1913,2,1,FINISHED
503278,2024/25,2025-02-09 14:00:00+00:00,REGULAR_SEASON,,24,SS Lazio,AC Monza,5,1,FINISHED
503279,2024/25,2025-02-09 17:00:00+00:00,REGULAR_SEASON,,24,US Lecce,Bologna FC 1909,0,0,FINISHED
503280,2024/25,2025-02-09 19:45:00+00:00,REGULAR_SEASON,,24,SSC Napoli,Udinese Calcio,1,1,FINISHED
503277,2024/25,2025-02-10 19:45:00+00:00,REGULAR_SEASON,,24,FC Internazionale Milano,ACF Fiorentina,2,1,FINISHED
503284,2024/25,2025-02-14 19:45:00+00:00,REGULAR_SEASON,,25,Bologna FC 1909,Torino FC,3,2,FINISHED
503283,2024/25,2025-02-15 14:00:00+00:00,REGULAR_SEASON,,25,Atalanta BC,Cagliari Calcio,0,0,FINISHED
503288,2024/25,2025-02-15 17:00:00+00:00,REGULAR_SEASON,,25,SS Lazio,SSC Napoli,2,2,FINISHED
503289,2024/25,2025-02-15 19:45:00+00:00,REGULAR_SEASON,,25,AC Milan,Hellas Verona FC,1,0,FINISHED
503285,2024/25,2025-02-16 11:30:00+00:00,REGULAR_SEASON,,25,ACF Fiorentina,Como 1907,0,2,FINISHED
503292,2024/25,2025-02-16 14:00:00+00:00,REGULAR_SEASON,,25,Udinese Calcio,Empoli FC,3,0,FINISHED
503290,2024/25,2025-02-16 14:00:00+00:00,REGULAR_SEASON,,25,AC Monza,US Lecce,0,0,FINISHED
503291,2024/25,2025-02-16 17:00:00+00:00,REGULAR_SEASON,,25,Parma Calcio 1913,AS Roma,0,1,FINISHED
503287,2024/25,2025-02-16 19:45:00+00:00,REGULAR_SEASON,,25,Juventus FC,FC Internazionale Milano,1,0,FINISHED
503286,2024/25,2025-02-17 19:45:00+00:00,REGULAR_SEASON,,25,Genoa CFC,Venezia FC,2,0,FINISHED
503298,2024/25,2025-02-21 19:45:00+00:00,REGULAR_SEASON,,26,US Lecce,Udinese Calcio,0,1,FINISHED
503299,2024/25,2025-02-22 14:00:00+00:00,REGULAR_SEASON,,26,Parma Calcio 1913,Bologna FC 1909,2,0,FINISHED
503302,2024/25,2025-02-22 14:00:00+00:00,REGULAR_SEASON,,26,Venezia FC,SS Lazio,0,0,FINISHED
503301,2024/25,2025-02-22 17:00:00+00:00,REGULAR_SEASON,,26,Torino FC,AC Milan,2,1,FINISHED
503297,2024/25,2025-02-22 19:45:00+00:00,REGULAR_SEASON,,26,FC Internazionale Milano,Genoa CFC,1,0,FINISHED
503294,2024/25,2025-02-23 11:30:00+00:00,REGULAR_SEASON,,26,Como 1907,SSC Napoli,2,1,FINISHED
503296,2024/25,2025-02-23 14:00:00+00:00,REGULAR_SEASON,,26,Hellas Verona FC,ACF Fiorentina,1,0,FINISHED
503295,2024/25,2025-02-23 17:00:00+00:00,REGULAR_SEASON,,26,Empoli FC,Atalanta BC,0,5,FINISHED
503293,2024/25,2025-02-23 19:45:00+00:00,REGULAR_SEASON,,26,Cagliari Calcio,Juventus FC,0,1,FINISHED
503300,2024/25,2025-02-24 19:45:00+00:00,REGULAR_SEASON,,26,AS Roma,AC Monza,4,0,FINISHED
503124,2024/25,2025-02-27 19:45:00+00:00,REGULAR_SEASON,,9,Bologna FC 1909,AC Milan,2,1,FINISHED
503305,2024/25,2025-02-28 19:45:00+00:00,REGULAR_SEASON,,27,ACF Fiorentina,US Lecce,1,0,FINISHED
503303,2024/25,2025-03-01 14:00:00+00:00,REGULAR_SEASON,,27,Atalanta BC,Venezia FC,0,0,FINISHED
503310,2024/25,2025-03-01 17:00:00+00:00,REGULAR_SEASON,,27,SSC Napoli,FC Internazionale Milano,1,1,FINISHED
503312,2024/25,2025-03-01 19:45:00+00:00,REGULAR_SEASON,,27,Udinese Calcio,Parma Calcio 1913,1,0,FINISHED
503309,2024/25,2025-03-02 11:30:00+00:00,REGULAR_SEASON,,27,AC Monza,Torino FC,0,2,FINISHED
503304,2024/25,2025-03-02 14:00:00+00:00,REGULAR_SEASON,,27,Bologna FC 1909,Cagliari Calcio,2,1,FINISHED
503306,2024/25,2025-03-02 14:00:00+00:00,REGULAR_SEASON,,27,Genoa CFC,Empoli FC,1,1,FINISHED
503311,2024/25,2025-03-02 17:00:00+00:00,REGULAR_SEASON,,27,AS Roma,Como 1907,2,1,FINISHED
503308,2024/25,2025-03-02 19:45:00+00:00,REGULAR_SEASON,,27,AC Milan,SS Lazio,1,2,FINISHED
503307,2024/25,2025-03-03 19:45:00+00:00,REGULAR_SEASON,,27,Juventus FC,Hellas Verona FC,2,0,FINISHED
503313,2024/25,2025-03-07 19:45:00+00:00,REGULAR_SEASON,,28,Cagliari Calcio,Genoa CFC,1,1,FINISHED
503314,2024/25,2025-03-08 14:00:00+00:00,REGULAR_SEASON,,28,Como 1907,Venezia FC,1,1,FINISHED
503322,2024/25,2025-03-08 14:00:00+00:00,REGULAR_SEASON,,28,Parma Calcio 1913,Torino FC,2,2,FINISHED
503320,2024/25,2025-03-08 17:00:00+00:00,REGULAR_SEASON,,28,US Lecce,AC Milan,2,3,FINISHED
503317,2024/25,2025-03-08 19:45:00+00:00,REGULAR_SEASON,,28,FC Internazionale Milano,AC Monza,3,2,FINISHED
503316,2024/25,2025-03-09 11:30:00+00:00,REGULAR_SEASON,,28,Hellas Verona FC,Bologna FC 1909,1,2,FINISHED
503321,2024/25,2025-03-09 14:00:00+00:00,REGULAR_SEASON,,28,SSC Napoli,ACF Fiorentina,2,1,FINISHED
503315,2024/25,2025-03-09 17:00:00+00:00,REGULAR_SEASON,,28,Empoli FC,AS Roma,0,1,FINISHED
503318,2024/25,2025-03-09 19:45:00+00:00,REGULAR_SEASON,,28,Juventus FC,Atalanta BC,0,4,FINISHED
503319,2024/25,2025-03-10 19:45:00+00:00,REGULAR_SEASON,,28,SS Lazio,Udinese Calcio,1,1,FINISHED
503326,2024/25,2025-03-14 19:45:00+00:00,REGULAR_SEASON,,29,Genoa CFC,US Lecce,2,1,FINISHED
503328,2024/25,2025-03-15 14:00:00+00:00,REGULAR_SEASON,,29,AC Monza,Parma Calcio 1913,1,1,FINISHED
503331,2024/25,2025-03-15 14:00:00+00:00,REGULAR_SEASON,,29,Udinese Calcio,Hellas Verona FC,0,1,FINISHED
503327,2024/25,2025-03-15 17:00:00+00:00,REGULAR_SEASON,,29,AC Milan,Como 1907,2,1,FINISHED
503330,2024/25,2025-03-15 19:45:00+00:00,REGULAR_SEASON,,29,Torino FC,Empoli FC,1,0,FINISHED
503332,2024/25,2025-03-16 11:30:00+00:00,REGULAR_SEASON,,29,Venezia FC,SSC Napoli,0,0,FINISHED
503324,2024/25,2025-03-16 14:00:00+00:00,REGULAR_SEASON,,29,Bologna FC 1909,SS Lazio,5,0,FINISHED
503329,2024/25,2025-03-16 15:00:00+00:00,REGULAR_SEASON,,29,AS Roma,Cagliari Calcio,1,0,FINISHED
503325,2024/25,2025-03-16 17:00:00+00:00,REGULAR_SEASON,,29,ACF Fiorentina,Juventus FC,3,0,FINISHED
503323,2024/25,2025-03-16 19:45:00+00:00,REGULAR_SEASON,,29,Atalanta BC,FC Internazionale Milano,0,2,FINISHED
503334,2024/25,2025-03-29 14:00:00+00:00,REGULAR_SEASON,,30,Como 1907,Empoli FC,1,1,FINISHED
503342,2024/25,2025-03-29 14:00:00+00:00,REGULAR_SEASON,,30,Venezia FC,Bologna FC 1909,0,1,FINISHED
503338,2024/25,2025-03-29 17:00:00+00:00,REGULAR_SEASON,,30,Juventus FC,Genoa CFC,1,0,FINISHED
503340,2024/25,2025-03-29 19:45:00+00:00,REGULAR_SEASON,,30,US Lecce,AS Roma,0,1,FINISHED
503333,2024/25,2025-03-30 10:30:00+00:00,REGULAR_SEASON,,30,Cagliari Calcio,AC Monza,3,0,FINISHED
503335,2024/25,2025-03-30 13:00:00+00:00,REGULAR_SEASON,,30,ACF Fiorentina,Atalanta BC,1,0,FINISHED
503337,2024/25,2025-03-30 16:00:00+00:00,REGULAR_SEASON,,30,FC Internazionale Milano,Udinese Calcio,2,1,FINISHED
503341,2024/25,2025-03-30 18:45:00+00:00,REGULAR_SEASON,,30,SSC Napoli,AC Milan,2,1,FINISHED
503336,2024/25,2025-03-31 16:30:00+00:00,REGULAR_SEASON,,30,Hellas Verona FC,Parma Calcio 1913,0,0,FINISHED
503339,2024/25,2025-03-31 18:45:00+00:00,REGULAR_SEASON,,30,SS Lazio,Torino FC,1,1,FINISHED
503346,2024/25,2025-04-04 18:45:00+00:00,REGULAR_SEASON,,31,Genoa CFC,Udinese Calcio,1,0,FINISHED
503349,2024/25,2025-04-05 13:00:00+00:00,REGULAR_SEASON,,31,AC Monza,Como 1907,1,3,FINISHED
503350,2024/25,2025-04-05 16:00:00+00:00,REGULAR_SEASON,,31,Parma Calcio 1913,FC Internazionale Milano,2,2,FINISHED
503348,2024/25,2025-04-05 18:45:00+00:00,REGULAR_SEASON,,31,AC Milan,ACF Fiorentina,2,2,FINISHED
503347,2024/25,2025-04-06 10:30:00+00:00,REGULAR_SEASON,,31,US Lecce,Venezia FC,1,1,FINISHED
503345,2024/25,2025-04-06 13:00:00+00:00,REGULAR_SEASON,,31,Empoli FC,Cagliari Calcio,0,0,FINISHED
503352,2024/25,2025-04-06 13:00:00+00:00,REGULAR_SEASON,,31,Torino FC,Hellas Verona FC,1,1,FINISHED
503343,2024/25,2025-04-06 16:00:00+00:00,REGULAR_SEASON,,31,Atalanta BC,SS Lazio,0,1,FINISHED
503351,2024/25,2025-04-06 18:45:00+00:00,REGULAR_SEASON,,31,AS Roma,Juventus FC,1,1,FINISHED
503344,2024/25,2025-04-07 18:45:00+00:00,REGULAR_SEASON,,31,Bologna FC 1909,SSC Napoli,1,1,FINISHED
503361,2024/25,2025-04-11 18:45:00+00:00,REGULAR_SEASON,,32,Udinese Calcio,AC Milan,0,4,FINISHED
503362,2024/25,2025-04-12 13:00:00+00:00,REGULAR_SEASON,,32,Venezia FC,AC Monza,1,0,FINISHED
503357,2024/25,2025-04-12 16:00:00+00:00,REGULAR_SEASON,,32,FC Internazionale Milano,Cagliari Calcio,3,1,FINISHED
503358,2024/25,2025-04-12 18:45:00+00:00,REGULAR_SEASON,,32,Juventus FC,US Lecce,2,1,FINISHED
503353,2024/25,2025-04-13 10:30:00+00:00,REGULAR_SEASON,,32,Atalanta BC,Bologna FC 1909,2,0,FINISHED
503356,2024/25,2025-04-13 13:00:00+00:00,REGULAR_SEASON,,32,Hellas Verona FC,Genoa CFC,0,0,FINISHED
503355,2024/25,2025-04-13 13:00:00+00:00,REGULAR_SEASON,,32,ACF Fiorentina,Parma Calcio 1913,0,0,FINISHED
503354,2024/25,2025-04-13 16:00:00+00:00,REGULAR_SEASON,,32,Como 1907,Torino FC,1,0,FINISHED
503359,2024/25,2025-04-13 18:45:00+00:00,REGULAR_SEASON,,32,SS Lazio,AS Roma,1,1,FINISHED
503360,2024/25,2025-04-14 18:45:00+00:00,REGULAR_SEASON,,32,SSC Napoli,Empoli FC,3,0,FINISHED
503367,2024/25,2025-04-19 13:00:00+00:00,REGULAR_SEASON,,33,US Lecce,Como 1907,0,3,FINISHED
503369,2024/25,2025-04-19 16:00:00+00:00,REGULAR_SEASON,,33,AC Monza,SSC Napoli,0,1,FINISHED
503371,2024/25,2025-04-19 18:45:00+00:00,REGULAR_SEASON,,33,AS Roma,Hellas Verona FC,1,0,FINISHED
503365,2024/25,2025-04-20 13:00:00+00:00,REGULAR_SEASON,,33,Empoli FC,Venezia FC,2,2,FINISHED
503363,2024/25,2025-04-20 16:00:00+00:00,REGULAR_SEASON,,33,Bologna FC 1909,FC Internazionale Milano,1,0,FINISHED
503368,2024/25,2025-04-20 18:45:00+00:00,REGULAR_SEASON,,33,AC Milan,Atalanta BC,0,1,FINISHED
503372,2024/25,2025-04-23 16:30:00+00:00,REGULAR_SEASON,,33,Torino FC,Udinese Calcio,2,0,FINISHED
503370,2024/25,2025-04-23 16:30:00+00:00,REGULAR_SEASON,,33,Parma Calcio 1913,Juventus FC,1,0,FINISHED
503366,2024/25,2025-04-23 16:30:00+00:00,REGULAR_SEASON,,33,Genoa CFC,SS Lazio,0,2,FINISHED
503364,2024/25,2025-04-23 16:30:00+00:00,REGULAR_SEASON,,33,Cagliari Calcio,ACF Fiorentina,1,2,FINISHED
503374,2024/25,2025-04-27 10:30:00+00:00,REGULAR_SEASON,,34,Como 1907,Genoa CFC,1,0,FINISHED
503382,2024/25,2025-04-27 10:30:00+00:00,REGULAR_SEASON,,34,Venezia FC,AC Milan,0,2,FINISHED
503375,2024/25,2025-04-27 13:00:00+00:00,REGULAR_SEASON,,34,ACF Fiorentina,Empoli FC,2,1,FINISHED
503377,2024/25,2025-04-27 13:00:00+00:00,REGULAR_SEASON,,34,FC Internazionale Milano,AS Roma,0,1,FINISHED
503378,2024/25,2025-04-27 16:00:00+00:00,REGULAR_SEASON,,34,Juventus FC,AC Monza,2,0,FINISHED
503373,2024/25,2025-04-27 18:45:00+00:00,REGULAR_SEASON,,34,Atalanta BC,US Lecce,1,1,FINISHED
503380,2024/25,2025-04-27 18:45:00+00:00,REGULAR_SEASON,,34,SSC Napoli,Torino FC,2,0,FINISHED
503381,2024/25,2025-04-28 16:30:00+00:00,REGULAR_SEASON,,34,Udinese Calcio,Bologna FC 1909,0,0,FINISHED
503379,2024/25,2025-04-28 18:45:00+00:00,REGULAR_SEASON,,34,SS Lazio,Parma Calcio 1913,2,2,FINISHED
503376,2024/25,2025-04-28 18:45:00+00:00,REGULAR_SEASON,,34,Hellas Verona FC,Cagliari Calcio,0,2,FINISHED
503392,2024/25,2025-05-02 18:45:00+00:00,REGULAR_SEASON,,35,Torino FC,Venezia FC,1,1,FINISHED
503384,2024/25,2025-05-03 13:00:00+00:00,REGULAR_SEASON,,35,Cagliari Calcio,Udinese Calcio,1,2,FINISHED
503390,2024/25,2025-05-03 13:00:00+00:00,REGULAR_SEASON,,35,Parma Calcio 1913,Como 1907,0,1,FINISHED
503388,2024/25,2025-05-03 16:00:00+00:00,REGULAR_SEASON,,35,US Lecce,SSC Napoli,0,1,FINISHED
503387,2024/25,2025-05-03 18:45:00+00:00,REGULAR_SEASON,,35,FC Internazionale Milano,Hellas Verona FC,1,0,FINISHED
503385,2024/25,2025-05-04 10:30:00+00:00,REGULAR_SEASON,,35,Empoli FC,SS Lazio,0,1,FINISHED
503389,2024/25,2025-05-04 13:00:00+00:00,REGULAR_SEASON,,35,AC Monza,Atalanta BC,0,4,FINISHED
503391,2024/25,2025-05-04 16:00:00+00:00,REGULAR_SEASON,,35,AS Roma,ACF Fiorentina,1,0,FINISHED
503383,2024/25,2025-05-04 18:45:00+00:00,REGULAR_SEASON,,35,Bologna FC 1909,Juventus FC,1,1,FINISHED
503386,2024/25,2025-05-05 18:45:00+00:00,REGULAR_SEASON,,35,Genoa CFC,AC Milan,1,2,FINISHED
503398,2024/25,2025-05-09 18:45:00+00:00,REGULAR_SEASON,,36,AC Milan,Bologna FC 1909,3,1,FINISHED
503394,2024/25,2025-05-10 13:00:00+00:00,REGULAR_SEASON,,36,Como 1907,Cagliari Calcio,3,1,FINISHED
503397,2024/25,2025-05-10 16:00:00+00:00,REGULAR_SEASON,,36,SS Lazio,Juventus FC,1,1,FINISHED
503395,2024/25,2025-05-10 18:45:00+00:00,REGULAR_SEASON,,36,Empoli FC,Parma Calcio 1913,2,1,FINISHED
503401,2024/25,2025-05-11 10:30:00+00:00,REGULAR_SEASON,,36,Udinese Calcio,AC Monza,1,2,FINISHED
503396,2024/25,2025-05-11 13:00:00+00:00,REGULAR_SEASON,,36,Hellas Verona FC,US Lecce,1,1,FINISHED
503400,2024/25,2025-05-11 16:00:00+00:00,REGULAR_SEASON,,36,Torino FC,FC Internazionale Milano,0,2,FINISHED
503399,2024/25,2025-05-11 18:45:00+00:00,REGULAR_SEASON,,36,SSC Napoli,Genoa CFC,2,2,FINISHED
503402,2024/25,2025-05-12 16:30:00+00:00,REGULAR_SEASON,,36,Venezia FC,ACF Fiorentina,2,1,FINISHED
503393,2024/25,2025-05-12 18:45:00+00:00,REGULAR_SEASON,,36,Atalanta BC,AS Roma,2,1,FINISHED
503405,2024/25,2025-05-17 18:45:00+00:00,REGULAR_SEASON,,37,Genoa CFC,Atalanta BC,2,3,FINISHED
503404,2024/25,2025-05-18 18:45:00+00:00,REGULAR_SEASON,,37,ACF Fiorentina,Bologna FC 1909,3,2,FINISHED
503407,2024/25,2025-05-18 18:45:00+00:00,REGULAR_SEASON,,37,FC Internazionale Milano,SS Lazio,2,2,FINISHED
503410,2024/25,2025-05-18 18:45:00+00:00,REGULAR_SEASON,,37,AC Monza,Empoli FC,1,3,FINISHED
503409,2024/25,2025-05-18 18:45:00+00:00,REGULAR_SEASON,,37,US Lecce,Torino FC,1,0,FINISHED
503411,2024/25,2025-05-18 18:45:00+00:00,REGULAR_SEASON,,37,Parma Calcio 1913,SSC Napoli,0,0,FINISHED
503403,2024/25,2025-05-18 18:45:00+00:00,REGULAR_SEASON,,37,Cagliari Calcio,Venezia FC,3,0,FINISHED
503406,2024/25,2025-05-18 18:45:00+00:00,REGULAR_SEASON,,37,Hellas Verona FC,Como 1907,1,1,FINISHED
503412,2024/25,2025-05-18 18:45:00+00:00,REGULAR_SEASON,,37,AS Roma,AC Milan,3,1,FINISHED
503408,2024/25,2025-05-18 18:45:00+00:00,REGULAR_SEASON,,37,Juventus FC,Udinese Calcio,2,0,FINISHED
503415,2024/25,2025-05-23 18:45:00+00:00,REGULAR_SEASON,,38,Como 1907,FC Internazionale Milano,0,2,FINISHED
503419,2024/25,2025-05-23 18:45:00+00:00,REGULAR_SEASON,,38,SSC Napoli,Cagliari Calcio,2,0,FINISHED
503414,2024/25,2025-05-24 16:00:00+00:00,REGULAR_SEASON,,38,Bologna FC 1909,Genoa CFC,1,3,FINISHED
503418,2024/25,2025-05-24 18:45:00+00:00,REGULAR_SEASON,,38,AC Milan,AC Monza,2,0,FINISHED
503413,2024/25,2025-05-25 18:45:00+00:00,REGULAR_SEASON,,38,Atalanta BC,Parma Calcio 1913,2,3,FINISHED
503422,2024/25,2025-05-25 18:45:00+00:00,REGULAR_SEASON,,38,Venezia FC,Juventus FC,2,3,FINISHED
503421,2024/25,2025-05-25 18:45:00+00:00,REGULAR_SEASON,,38,Udinese Calcio,ACF Fiorentina,2,3,FINISHED
503417,2024/25,2025-05-25 18:45:00+00:00,REGULAR_SEASON,,38,SS Lazio,US Lecce,0,1,FINISHED
503416,2024/25,2025-05-25 18:45:00+00:00,REGULAR_SEASON,,38,Empoli FC,Hellas Verona FC,1,2,FINISHED
503420,2024/25,2025-05-25 18:45:00+00:00,REGULAR_SEASON,,38,Torino FC,AS Roma,0,2,FINISHED
536819,2025/26,2025-08-23 16:30:00+00:00,REGULAR_SEASON,,1,Genoa CFC,US Lecce,0,0,FINISHED
536823,2025/26,2025-08-23 16:30:00+00:00,REGULAR_SEASON,,1,US Sassuolo Calcio,SSC Napoli,0,2,FINISHED
536815,2025/26,2025-08-23 18:45:00+00:00,REGULAR_SEASON,,1,AC Milan,US Cremonese,1,2,FINISHED
536816,2025/26,2025-08-23 18:45:00+00:00,REGULAR_SEASON,,1,AS Roma,Bologna FC 1909,1,0,FINISHED
536818,2025/26,2025-08-24 16:30:00+00:00,REGULAR_SEASON,,1,Cagliari Calcio,ACF Fiorentina,1,1,FINISHED
536820,2025/26,2025-08-24 16:30:00+00:00,REGULAR_SEASON,,1,Como 1907,SS Lazio,2,0,FINISHED
536817,2025/26,2025-08-24 18:45:00+00:00,REGULAR_SEASON,,1,Atalanta BC,AC Pisa 1909,1,1,FINISHED
536822,2025/26,2025-08-24 18:45:00+00:00,REGULAR_SEASON,,1,Juventus FC,Parma Calcio 1913,2,0,FINISHED
536824,2025/26,2025-08-25 16:30:00+00:00,REGULAR_SEASON,,1,Udinese Calcio,Hellas Verona FC,1,1,FINISHED
536821,2025/26,2025-08-25 18:45:00+00:00,REGULAR_SEASON,,1,FC Internazionale Milano,Torino FC,5,0,FINISHED
536833,2025/26,2025-08-29 16:30:00+00:00,REGULAR_SEASON,,2,US Cremonese,US Sassuolo Calcio,3,2,FINISHED
536834,2025/26,2025-08-29 18:45:00+00:00,REGULAR_SEASON,,2,US Lecce,AC Milan,0,2,FINISHED
536826,2025/26,2025-08-30 16:30:00+00:00,REGULAR_SEASON,,2,Bologna FC 1909,Como 1907,1,0,FINISHED
536830,2025/26,2025-08-30 16:30:00+00:00,REGULAR_SEASON,,2,Parma Calcio 1913,Atalanta BC,1,1,FINISHED
536831,2025/26,2025-08-30 18:45:00+00:00,REGULAR_SEASON,,2,AC Pisa 1909,AS Roma,0,1,FINISHED
536832,2025/26,2025-08-30 18:45:00+00:00,REGULAR_SEASON,,2,SSC Napoli,Cagliari Calcio,1,0,FINISHED
536825,2025/26,2025-08-31 16:30:00+00:00,REGULAR_SEASON,,2,Genoa CFC,Juventus FC,0,1,FINISHED
536827,2025/26,2025-08-31 16:30:00+00:00,REGULAR_SEASON,,2,Torino FC,ACF Fiorentina,0,0,FINISHED
536828,2025/26,2025-08-31 18:45:00+00:00,REGULAR_SEASON,,2,FC Internazionale Milano,Udinese Calcio,1,2,FINISHED
536829,2025/26,2025-08-31 18:45:00+00:00,REGULAR_SEASON,,2,SS Lazio,Hellas Verona FC,4,0,FINISHED
536839,2025/26,2025-09-13 13:00:00+00:00,REGULAR_SEASON,,3,Cagliari Calcio,Parma Calcio 1913,2,0,FINISHED
536842,2025/26,2025-09-13 16:00:00+00:00,REGULAR_SEASON,,3,Juventus FC,FC Internazionale Milano,4,3,FINISHED
536835,2025/26,2025-09-13 18:45:00+00:00,REGULAR_SEASON,,3,ACF Fiorentina,SSC Napoli,1,3,FINISHED
536837,2025/26,2025-09-14 10:30:00+00:00,REGULAR_SEASON,,3,AS Roma,Torino FC,0,1,FINISHED
536843,2025/26,2025-09-14 13:00:00+00:00,REGULAR_SEASON,,3,AC Pisa 1909,Udinese Calcio,0,1,FINISHED
536838,2025/26,2025-09-14 13:00:00+00:00,REGULAR_SEASON,,3,Atalanta BC,US Lecce,4,1,FINISHED
536844,2025/26,2025-09-14 16:00:00+00:00,REGULAR_SEASON,,3,US Sassuolo Calcio,SS Lazio,1,0,FINISHED
536836,2025/26,2025-09-14 18:45:00+00:00,REGULAR_SEASON,,3,AC Milan,Bologna FC 1909,1,0,FINISHED
536841,2025/26,2025-09-15 16:30:00+00:00,REGULAR_SEASON,,3,Hellas Verona FC,US Cremonese,0,0,FINISHED
536840,2025/26,2025-09-15 18:45:00+00:00,REGULAR_SEASON,,3,Como 1907,Genoa CFC,1,1,FINISHED
536854,2025/26,2025-09-19 18:45:00+00:00,REGULAR_SEASON,,4,US Lecce,Cagliari Calcio,1,2,FINISHED
536846,2025/26,2025-09-20 13:00:00+00:00,REGULAR_SEASON,,4,Bologna FC 1909,Genoa CFC,2,1,FINISHED
536848,2025/26,2025-09-20 16:00:00+00:00,REGULAR_SEASON,,4,Hellas Verona FC,Juventus FC,1,1,FINISHED
536852,2025/26,2025-09-20 18:45:00+00:00,REGULAR_SEASON,,4,Udinese Calcio,AC Milan,0,3,FINISHED
536850,2025/26,2025-09-21 10:30:00+00:00,REGULAR_SEASON,,4,SS Lazio,AS Roma,0,1,FINISHED
536853,2025/26,2025-09-21 13:00:00+00:00,REGULAR_SEASON,,4,US Cremonese,Parma Calcio 1913,0,0,FINISHED
536847,2025/26,2025-09-21 13:00:00+00:00,REGULAR_SEASON,,4,Torino FC,Atalanta BC,0,3,FINISHED
536845,2025/26,2025-09-21 16:00:00+00:00,REGULAR_SEASON,,4,ACF Fiorentina,Como 1907,1,2,FINISHED
536849,2025/26,2025-09-21 18:45:00+00:00,REGULAR_SEASON,,4,FC Internazionale Milano,US Sassuolo Calcio,2,1,FINISHED
536851,2025/26,2025-09-22 18:45:00+00:00,REGULAR_SEASON,,4,SSC Napoli,AC Pisa 1909,3,2,FINISHED
536859,2025/26,2025-09-27 13:00:00+00:00,REGULAR_SEASON,,5,Como 1907,US Cremonese,1,1,FINISHED
536860,2025/26,2025-09-27 16:00:00+00:00,REGULAR_SEASON,,5,Juventus FC,Atalanta BC,1,1,FINISHED
536857,2025/26,2025-09-27 18:45:00+00:00,REGULAR_SEASON,,5,Cagliari Calcio,FC Internazionale Milano,0,2,FINISHED
536863,2025/26,2025-09-28 10:30:00+00:00,REGULAR_SEASON,,5,US Sassuolo Calcio,Udinese Calcio,3,1,FINISHED
536856,2025/26,2025-09-28 13:00:00+00:00,REGULAR_SEASON,,5,AS Roma,Hellas Verona FC,2,0,FINISHED
536862,2025/26,2025-09-28 13:00:00+00:00,REGULAR_SEASON,,5,AC Pisa 1909,ACF Fiorentina,0,0,FINISHED
536864,2025/26,2025-09-28 16:00:00+00:00,REGULAR_SEASON,,5,US Lecce,Bologna FC 1909,2,2,FINISHED
536855,2025/26,2025-09-28 18:45:00+00:00,REGULAR_SEASON,,5,AC Milan,SSC Napoli,2,1,FINISHED
536861,2025/26,2025-09-29 16:30:00+00:00,REGULAR_SEASON,,5,Parma Calcio 1913,Torino FC,2,1,FINISHED
536858,2025/26,2025-09-29 18:45:00+00:00,REGULAR_SEASON,,5,Genoa CFC,SS Lazio,0,3,FINISHED
536868,2025/26,2025-10-03 18:45:00+00:00,REGULAR_SEASON,,6,Hellas Verona FC,US Sassuolo Calcio,0,1,FINISHED
536871,2025/26,2025-10-04 13:00:00+00:00,REGULAR_SEASON,,6,SS Lazio,Torino FC,3,3,FINISHED
536872,2025/26,2025-10-04 13:00:00+00:00,REGULAR_SEASON,,6,Parma Calcio 1913,US Lecce,0,1,FINISHED
536869,2025/26,2025-10-04 16:00:00+00:00,REGULAR_SEASON,,6,FC Internazionale Milano,US Cremonese,4,1,FINISHED
536866,2025/26,2025-10-04 18:45:00+00:00,REGULAR_SEASON,,6,Atalanta BC,Como 1907,1,1,FINISHED
536874,2025/26,2025-10-05 10:30:00+00:00,REGULAR_SEASON,,6,Udinese Calcio,Cagliari Calcio,1,1,FINISHED
536865,2025/26,2025-10-05 13:00:00+00:00,REGULAR_SEASON,,6,ACF Fiorentina,AS Roma,1,2,FINISHED
536867,2025/26,2025-10-05 13:00:00+00:00,REGULAR_SEASON,,6,Bologna FC 1909,AC Pisa 1909,4,0,FINISHED
536873,2025/26,2025-10-05 16:00:00+00:00,REGULAR_SEASON,,6,SSC Napoli,Genoa CFC,2,1,FINISHED
536870,2025/26,2025-10-05 18:45:00+00:00,REGULAR_SEASON,,6,Juventus FC,AC Milan,0,0,FINISHED
536884,2025/26,2025-10-18 13:00:00+00:00,REGULAR_SEASON,,7,US Lecce,US Sassuolo Calcio,0,0,FINISHED
536882,2025/26,2025-10-18 13:00:00+00:00,REGULAR_SEASON,,7,AC Pisa 1909,Hellas Verona FC,0,0,FINISHED
536881,2025/26,2025-10-18 16:00:00+00:00,REGULAR_SEASON,,7,Torino FC,SSC Napoli,1,0,FINISHED
536876,2025/26,2025-10-18 18:45:00+00:00,REGULAR_SEASON,,7,AS Roma,FC Internazionale Milano,0,1,FINISHED
536880,2025/26,2025-10-19 10:30:00+00:00,REGULAR_SEASON,,7,Como 1907,Juventus FC,2,0,FINISHED
536878,2025/26,2025-10-19 13:00:00+00:00,REGULAR_SEASON,,7,Cagliari Calcio,Bologna FC 1909,0,2,FINISHED
536879,2025/26,2025-10-19 13:00:00+00:00,REGULAR_SEASON,,7,Genoa CFC,Parma Calcio 1913,0,0,FINISHED
536877,2025/26,2025-10-19 16:00:00+00:00,REGULAR_SEASON,,7,Atalanta BC,SS Lazio,0,0,FINISHED
536875,2025/26,2025-10-19 18:45:00+00:00,REGULAR_SEASON,,7,AC Milan,ACF Fiorentina,2,1,FINISHED
536883,2025/26,2025-10-20 18:45:00+00:00,REGULAR_SEASON,,7,US Cremonese,Udinese Calcio,1,1,FINISHED
536886,2025/26,2025-10-24 18:45:00+00:00,REGULAR_SEASON,,8,AC Milan,AC Pisa 1909,2,2,FINISHED
536893,2025/26,2025-10-25 13:00:00+00:00,REGULAR_SEASON,,8,Udinese Calcio,US Lecce,3,2,FINISHED
536890,2025/26,2025-10-25 13:00:00+00:00,REGULAR_SEASON,,8,Parma Calcio 1913,Como 1907,0,0,FINISHED
536892,2025/26,2025-10-25 16:00:00+00:00,REGULAR_SEASON,,8,SSC Napoli,FC Internazionale Milano,3,1,FINISHED
536894,2025/26,2025-10-25 18:45:00+00:00,REGULAR_SEASON,,8,US Cremonese,Atalanta BC,1,1,FINISHED
536887,2025/26,2025-10-26 11:30:00+00:00,REGULAR_SEASON,,8,Torino FC,Genoa CFC,2,1,FINISHED
536888,2025/26,2025-10-26 14:00:00+00:00,REGULAR_SEASON,,8,Hellas Verona FC,Cagliari Calcio,2,2,FINISHED
536891,2025/26,2025-10-26 14:00:00+00:00,REGULAR_SEASON,,8,US Sassuolo Calcio,AS Roma,0,1,FINISHED
536885,2025/26,2025-10-26 17:00:00+00:00,REGULAR_SEASON,,8,ACF Fiorentina,Bologna FC 1909,2,2,FINISHED
536889,2025/26,2025-10-26 19:45:00+00:00,REGULAR_SEASON,,8,SS Lazio,Juventus FC,1,0,FINISHED
536904,2025/26,2025-10-28 17:30:00+00:00,REGULAR_SEASON,,9,US Lecce,SSC Napoli,0,1,FINISHED
536896,2025/26,2025-10-28 19:45:00+00:00,REGULAR_SEASON,,9,Atalanta BC,AC Milan,1,1,FINISHED
536902,2025/26,2025-10-29 17:30:00+00:00,REGULAR_SEASON,,9,Juventus FC,Udinese Calcio,3,1,FINISHED
536895,2025/26,2025-10-29 17:30:00+00:00,REGULAR_SEASON,,9,AS Roma,Parma Calcio 1913,2,1,FINISHED
536899,2025/26,2025-10-29 17:30:00+00:00,REGULAR_SEASON,,9,Como 1907,Hellas Verona FC,3,1,FINISHED
536898,2025/26,2025-10-29 19:45:00+00:00,REGULAR_SEASON,,9,Genoa CFC,US Cremonese,0,2,FINISHED
536900,2025/26,2025-10-29 19:45:00+00:00,REGULAR_SEASON,,9,Bologna FC 1909,Torino FC,0,0,FINISHED
536901,2025/26,2025-10-29 19:45:00+00:00,REGULAR_SEASON,,9,FC Internazionale Milano,ACF Fiorentina,3,0,FINISHED
536897,2025/26,2025-10-30 17:30:00+00:00,REGULAR_SEASON,,9,Cagliari Calcio,US Sassuolo Calcio,1,2,FINISHED
536903,2025/26,2025-10-30 19:45:00+00:00,REGULAR_SEASON,,9,AC Pisa 1909,SS Lazio,0,0,FINISHED
536913,2025/26,2025-11-01 14:00:00+00:00,REGULAR_SEASON,,10,Udinese Calcio,Atalanta BC,1,0,FINISHED
536912,2025/26,2025-11-01 17:00:00+00:00,REGULAR_SEASON,,10,SSC Napoli,Como 1907,0,0,FINISHED
536914,2025/26,2025-11-01 19:45:00+00:00,REGULAR_SEASON,,10,US Cremonese,Juventus FC,1,2,FINISHED
536908,2025/26,2025-11-02 11:30:00+00:00,REGULAR_SEASON,,10,Hellas Verona FC,FC Internazionale Milano,1,2,FINISHED
536907,2025/26,2025-11-02 14:00:00+00:00,REGULAR_SEASON,,10,Torino FC,AC Pisa 1909,2,2,FINISHED
536905,2025/26,2025-11-02 14:00:00+00:00,REGULAR_SEASON,,10,ACF Fiorentina,US Lecce,0,1,FINISHED
536910,2025/26,2025-11-02 17:00:00+00:00,REGULAR_SEASON,,10,Parma Calcio 1913,Bologna FC 1909,1,3,FINISHED
536906,2025/26,2025-11-02 19:45:00+00:00,REGULAR_SEASON,,10,AC Milan,AS Roma,1,0,FINISHED
536911,2025/26,2025-11-03 17:30:00+00:00,REGULAR_SEASON,,10,US Sassuolo Calcio,Genoa CFC,1,2,FINISHED
536909,2025/26,2025-11-03 19:45:00+00:00,REGULAR_SEASON,,10,SS Lazio,Cagliari Calcio,2,0,FINISHED
536923,2025/26,2025-11-07 19:45:00+00:00,REGULAR_SEASON,,11,AC Pisa 1909,US Cremonese,1,0,FINISHED
536924,2025/26,2025-11-08 14:00:00+00:00,REGULAR_SEASON,,11,US Lecce,Hellas Verona FC,0,0,FINISHED
536918,2025/26,2025-11-08 14:00:00+00:00,REGULAR_SEASON,,11,Como 1907,Cagliari Calcio,0,0,FINISHED
536921,2025/26,2025-11-08 17:00:00+00:00,REGULAR_SEASON,,11,Juventus FC,Torino FC,0,0,FINISHED
536922,2025/26,2025-11-08 19:45:00+00:00,REGULAR_SEASON,,11,Parma Calcio 1913,AC Milan,2,2,FINISHED
536916,2025/26,2025-11-09 11:30:00+00:00,REGULAR_SEASON,,11,Atalanta BC,US Sassuolo Calcio,0,3,FINISHED
536917,2025/26,2025-11-09 14:00:00+00:00,REGULAR_SEASON,,11,Genoa CFC,ACF Fiorentina,2,2,FINISHED
536919,2025/26,2025-11-09 14:00:00+00:00,REGULAR_SEASON,,11,Bologna FC 1909,SSC Napoli,2,0,FINISHED
536915,2025/26,2025-11-09 17:00:00+00:00,REGULAR_SEASON,,11,AS Roma,Udinese Calcio,2,0,FINISHED
536920,2025/26,2025-11-09 19:45:00+00:00,REGULAR_SEASON,,11,FC Internazionale Milano,SS Lazio,2,0,FINISHED
536933,2025/26,2025-11-22 14:00:00+00:00,REGULAR_SEASON,,12,Udinese Calcio,Bologna FC 1909,0,3,FINISHED
536926,2025/26,2025-11-22 14:00:00+00:00,REGULAR_SEASON,,12,Cagliari Calcio,Genoa CFC,3,3,FINISHED
536925,2025/26,2025-11-22 17:00:00+00:00,REGULAR_SEASON,,12,ACF Fiorentina,Juventus FC,1,1,FINISHED
536932,2025/26,2025-11-22 19:45:00+00:00,REGULAR_SEASON,,12,SSC Napoli,Atalanta BC,3,1,FINISHED
536928,2025/26,2025-11-23 11:30:00+00:00,REGULAR_SEASON,,12,Hellas Verona FC,Parma Calcio 1913,1,2,FINISHED
536934,2025/26,2025-11-23 14:00:00+00:00,REGULAR_SEASON,,12,US Cremonese,AS Roma,1,3,FINISHED
536930,2025/26,2025-11-23 17:00:00+00:00,REGULAR_SEASON,,12,SS Lazio,US Lecce,2,0,FINISHED
536929,2025/26,2025-11-23 19:45:00+00:00,REGULAR_SEASON,,12,FC Internazionale Milano,AC Milan,0,1,FINISHED
536927,2025/26,2025-11-24 17:30:00+00:00,REGULAR_SEASON,,12,Torino FC,Como 1907,1,5,FINISHED
536931,2025/26,2025-11-24 19:45:00+00:00,REGULAR_SEASON,,12,US Sassuolo Calcio,AC Pisa 1909,2,2,FINISHED
536939,2025/26,2025-11-28 19:45:00+00:00,REGULAR_SEASON,,13,Como 1907,US Sassuolo Calcio,2,0,FINISHED
536942,2025/26,2025-11-29 14:00:00+00:00,REGULAR_SEASON,,13,Parma Calcio 1913,Udinese Calcio,0,2,FINISHED
536938,2025/26,2025-11-29 14:00:00+00:00,REGULAR_SEASON,,13,Genoa CFC,Hellas Verona FC,2,1,FINISHED
536941,2025/26,2025-11-29 17:00:00+00:00,REGULAR_SEASON,,13,Juventus FC,Cagliari Calcio,2,1,FINISHED
536935,2025/26,2025-11-29 19:45:00+00:00,REGULAR_SEASON,,13,AC Milan,SS Lazio,1,0,FINISHED
536944,2025/26,2025-11-30 11:30:00+00:00,REGULAR_SEASON,,13,US Lecce,Torino FC,2,1,FINISHED
536943,2025/26,2025-11-30 14:00:00+00:00,REGULAR_SEASON,,13,AC Pisa 1909,FC Internazionale Milano,0,2,FINISHED
536937,2025/26,2025-11-30 17:00:00+00:00,REGULAR_SEASON,,13,Atalanta BC,ACF Fiorentina,2,0,FINISHED
536936,2025/26,2025-11-30 19:45:00+00:00,REGULAR_SEASON,,13,AS Roma,SSC Napoli,0,1,FINISHED
536940,2025/26,2025-12-01 19:45:00+00:00,REGULAR_SEASON,,13,Bologna FC 1909,US Cremonese,1,3,FINISHED
536951,2025/26,2025-12-06 14:00:00+00:00,REGULAR_SEASON,,14,US Sassuolo Calcio,ACF Fiorentina,3,1,FINISHED
536948,2025/26,2025-12-06 17:00:00+00:00,REGULAR_SEASON,,14,FC Internazionale Milano,Como 1907,4,0,FINISHED
536947,2025/26,2025-12-06 19:45:00+00:00,REGULAR_SEASON,,14,Hellas Verona FC,Atalanta BC,3,1,FINISHED
536954,2025/26,2025-12-07 11:30:00+00:00,REGULAR_SEASON,,14,US Cremonese,US Lecce,2,0,FINISHED
536945,2025/26,2025-12-07 14:00:00+00:00,REGULAR_SEASON,,14,Cagliari Calcio,AS Roma,1,0,FINISHED
536949,2025/26,2025-12-07 17:00:00+00:00,REGULAR_SEASON,,14,SS Lazio,Bologna FC 1909,1,1,FINISHED
536952,2025/26,2025-12-07 19:45:00+00:00,REGULAR_SEASON,,14,SSC Napoli,Juventus FC,2,1,FINISHED
536950,2025/26,2025-12-08 14:00:00+00:00,REGULAR_SEASON,,14,AC Pisa 1909,Parma Calcio 1913,0,1,FINISHED
536953,2025/26,2025-12-08 17:00:00+00:00,REGULAR_SEASON,,14,Udinese Calcio,Genoa CFC,1,2,FINISHED
536946,2025/26,2025-12-08 19:45:00+00:00,REGULAR_SEASON,,14,Torino FC,AC Milan,2,3,FINISHED
536964,2025/26,2025-12-12 19:45:00+00:00,REGULAR_SEASON,,15,US Lecce,AC Pisa 1909,1,0,FINISHED
536961,2025/26,2025-12-13 14:00:00+00:00,REGULAR_SEASON,,15,Torino FC,US Cremonese,1,0,FINISHED
536962,2025/26,2025-12-13 17:00:00+00:00,REGULAR_SEASON,,15,Parma Calcio 1913,SS Lazio,0,1,FINISHED
536958,2025/26,2025-12-13 19:45:00+00:00,REGULAR_SEASON,,15,Atalanta BC,Cagliari Calcio,2,1,FINISHED
536956,2025/26,2025-12-14 11:30:00+00:00,REGULAR_SEASON,,15,AC Milan,US Sassuolo Calcio,2,2,FINISHED
536963,2025/26,2025-12-14 14:00:00+00:00,REGULAR_SEASON,,15,Udinese Calcio,SSC Napoli,1,0,FINISHED
536955,2025/26,2025-12-14 14:00:00+00:00,REGULAR_SEASON,,15,ACF Fiorentina,Hellas Verona FC,1,2,FINISHED
536959,2025/26,2025-12-14 17:00:00+00:00,REGULAR_SEASON,,15,Genoa CFC,FC Internazionale Milano,1,2,FINISHED
536960,2025/26,2025-12-14 19:45:00+00:00,REGULAR_SEASON,,15,Bologna FC 1909,Juventus FC,0,1,FINISHED
536957,2025/26,2025-12-15 19:45:00+00:00,REGULAR_SEASON,,15,AS Roma,Como 1907,1,0,FINISHED
536972,2025/26,2025-12-20 17:00:00+00:00,REGULAR_SEASON,,16,SS Lazio,US Cremonese,0,0,FINISHED
536971,2025/26,2025-12-20 19:45:00+00:00,REGULAR_SEASON,,16,Juventus FC,AS Roma,2,1,FINISHED
536966,2025/26,2025-12-21 11:30:00+00:00,REGULAR_SEASON,,16,Cagliari Calcio,AC Pisa 1909,2,2,FINISHED
536973,2025/26,2025-12-21 14:00:00+00:00,REGULAR_SEASON,,16,US Sassuolo Calcio,Torino FC,0,1,FINISHED
536965,2025/26,2025-12-21 17:00:00+00:00,REGULAR_SEASON,,16,ACF Fiorentina,Udinese Calcio,5,1,FINISHED
536967,2025/26,2025-12-21 19:45:00+00:00,REGULAR_SEASON,,16,Genoa CFC,Atalanta BC,0,1,FINISHED
536980,2025/26,2025-12-27 11:30:00+00:00,REGULAR_SEASON,,17,Parma Calcio 1913,ACF Fiorentina,1,0,FINISHED
536984,2025/26,2025-12-27 14:00:00+00:00,REGULAR_SEASON,,17,US Lecce,Como 1907,0,3,FINISHED
536979,2025/26,2025-12-27 14:00:00+00:00,REGULAR_SEASON,,17,Torino FC,Cagliari Calcio,1,2,FINISHED
536982,2025/26,2025-12-27 17:00:00+00:00,REGULAR_SEASON,,17,Udinese Calcio,SS Lazio,1,1,FINISHED
536981,2025/26,2025-12-27 19:45:00+00:00,REGULAR_SEASON,,17,AC Pisa 1909,Juventus FC,0,2,FINISHED
536975,2025/26,2025-12-28 11:30:00+00:00,REGULAR_SEASON,,17,AC Milan,Hellas Verona FC,3,0,FINISHED
536983,2025/26,2025-12-28 14:00:00+00:00,REGULAR_SEASON,,17,US Cremonese,SSC Napoli,0,2,FINISHED
536978,2025/26,2025-12-28 17:00:00+00:00,REGULAR_SEASON,,17,Bologna FC 1909,US Sassuolo Calcio,1,1,FINISHED
536977,2025/26,2025-12-28 19:45:00+00:00,REGULAR_SEASON,,17,Atalanta BC,FC Internazionale Milano,0,1,FINISHED
536976,2025/26,2025-12-29 19:45:00+00:00,REGULAR_SEASON,,17,AS Roma,Genoa CFC,3,1,FINISHED
536987,2025/26,2026-01-02 19:45:00+00:00,REGULAR_SEASON,,18,Cagliari Calcio,AC Milan,0,1,FINISHED
536989,2025/26,2026-01-03 11:30:00+00:00,REGULAR_SEASON,,18,Como 1907,Udinese Calcio,1,0,FINISHED
536988,2025/26,2026-01-03 14:00:00+00:00,REGULAR_SEASON,,18,Genoa CFC,AC Pisa 1909,1,1,FINISHED
536994,2025/26,2026-01-03 14:00:00+00:00,REGULAR_SEASON,,18,US Sassuolo Calcio,Parma Calcio 1913,1,1,FINISHED
536992,2025/26,2026-01-03 17:00:00+00:00,REGULAR_SEASON,,18,Juventus FC,US Lecce,1,1,FINISHED
536986,2025/26,2026-01-03 19:45:00+00:00,REGULAR_SEASON,,18,Atalanta BC,AS Roma,1,0,FINISHED
536993,2025/26,2026-01-04 11:30:00+00:00,REGULAR_SEASON,,18,SS Lazio,SSC Napoli,0,2,FINISHED
536985,2025/26,2026-01-04 14:00:00+00:00,REGULAR_SEASON,,18,ACF Fiorentina,US Cremonese,1,0,FINISHED
536990,2025/26,2026-01-04 17:00:00+00:00,REGULAR_SEASON,,18,Hellas Verona FC,Torino FC,0,3,FINISHED
536991,2025/26,2026-01-04 19:45:00+00:00,REGULAR_SEASON,,18,FC Internazionale Milano,Bologna FC 1909,3,1,FINISHED
537000,2025/26,2026-01-06 14:00:00+00:00,REGULAR_SEASON,,19,AC Pisa 1909,Como 1907,0,3,FINISHED
537004,2025/26,2026-01-06 17:00:00+00:00,REGULAR_SEASON,,19,US Lecce,AS Roma,0,2,FINISHED
537001,2025/26,2026-01-06 19:45:00+00:00,REGULAR_SEASON,,19,US Sassuolo Calcio,Juventus FC,0,3,FINISHED
537002,2025/26,2026-01-07 17:30:00+00:00,REGULAR_SEASON,,19,SSC Napoli,Hellas Verona FC,2,2,FINISHED
536996,2025/26,2026-01-07 17:30:00+00:00,REGULAR_SEASON,,19,Bologna FC 1909,Atalanta BC,0,2,FINISHED
536997,2025/26,2026-01-07 19:45:00+00:00,REGULAR_SEASON,,19,Torino FC,Udinese Calcio,1,2,FINISHED
536998,2025/26,2026-01-07 19:45:00+00:00,REGULAR_SEASON,,19,SS Lazio,ACF Fiorentina,2,2,FINISHED
536999,2025/26,2026-01-07 19:45:00+00:00,REGULAR_SEASON,,19,Parma Calcio 1913,FC Internazionale Milano,0,2,FINISHED
537003,2025/26,2026-01-08 17:30:00+00:00,REGULAR_SEASON,,19,US Cremonese,Cagliari Calcio,2,2,FINISHED
536995,2025/26,2026-01-08 19:45:00+00:00,REGULAR_SEASON,,19,AC Milan,Genoa CFC,1,1,FINISHED
537009,2025/26,2026-01-10 14:00:00+00:00,REGULAR_SEASON,,20,Como 1907,Bologna FC 1909,1,1,FINISHED
537013,2025/26,2026-01-10 14:00:00+00:00,REGULAR_SEASON,,20,Udinese Calcio,AC Pisa 1909,2,2,FINISHED
537006,2025/26,2026-01-10 17:00:00+00:00,REGULAR_SEASON,,20,AS Roma,US Sassuolo Calcio,2,0,FINISHED
537007,2025/26,2026-01-10 19:45:00+00:00,REGULAR_SEASON,,20,Atalanta BC,Torino FC,2,0,FINISHED
537014,2025/26,2026-01-11 11:30:00+00:00,REGULAR_SEASON,,20,US Lecce,Parma Calcio 1913,1,2,FINISHED
537005,2025/26,2026-01-11 14:00:00+00:00,REGULAR_SEASON,,20,ACF Fiorentina,AC Milan,1,1,FINISHED
537010,2025/26,2026-01-11 17:00:00+00:00,REGULAR_SEASON,,20,Hellas Verona FC,SS Lazio,0,1,FINISHED
537011,2025/26,2026-01-11 19:45:00+00:00,REGULAR_SEASON,,20,FC Internazionale Milano,SSC Napoli,2,2,FINISHED
537008,2025/26,2026-01-12 17:30:00+00:00,REGULAR_SEASON,,20,Genoa CFC,Cagliari Calcio,3,0,FINISHED
537012,2025/26,2026-01-12 19:45:00+00:00,REGULAR_SEASON,,20,Juventus FC,US Cremonese,5,0,FINISHED
536974,2025/26,2026-01-14 17:30:00+00:00,REGULAR_SEASON,,16,SSC Napoli,Parma Calcio 1913,0,0,FINISHED
536970,2025/26,2026-01-14 19:45:00+00:00,REGULAR_SEASON,,16,FC Internazionale Milano,US Lecce,1,0,FINISHED
536969,2025/26,2026-01-15 17:30:00+00:00,REGULAR_SEASON,,16,Hellas Verona FC,Bologna FC 1909,2,3,FINISHED
536968,2025/26,2026-01-15 19:45:00+00:00,REGULAR_SEASON,,16,Como 1907,AC Milan,1,3,FINISHED
537021,2025/26,2026-01-16 19:45:00+00:00,REGULAR_SEASON,,21,AC Pisa 1909,Atalanta BC,1,1,FINISHED
537023,2025/26,2026-01-17 14:00:00+00:00,REGULAR_SEASON,,21,Udinese Calcio,FC Internazionale Milano,0,1,FINISHED
537022,2025/26,2026-01-17 17:00:00+00:00,REGULAR_SEASON,,21,SSC Napoli,US Sassuolo Calcio,1,0,FINISHED
537016,2025/26,2026-01-17 19:45:00+00:00,REGULAR_SEASON,,21,Cagliari Calcio,Juventus FC,1,0,FINISHED
537020,2025/26,2026-01-18 11:30:00+00:00,REGULAR_SEASON,,21,Parma Calcio 1913,Genoa CFC,0,0,FINISHED
537017,2025/26,2026-01-18 14:00:00+00:00,REGULAR_SEASON,,21,Bologna FC 1909,ACF Fiorentina,1,2,FINISHED
537018,2025/26,2026-01-18 17:00:00+00:00,REGULAR_SEASON,,21,Torino FC,AS Roma,0,2,FINISHED
537015,2025/26,2026-01-18 19:45:00+00:00,REGULAR_SEASON,,21,AC Milan,US Lecce,1,0,FINISHED
537024,2025/26,2026-01-19 17:30:00+00:00,REGULAR_SEASON,,21,US Cremonese,Hellas Verona FC,0,0,FINISHED
537019,2025/26,2026-01-19 19:45:00+00:00,REGULAR_SEASON,,21,SS Lazio,Como 1907,0,3,FINISHED
537031,2025/26,2026-01-23 19:45:00+00:00,REGULAR_SEASON,,22,FC Internazionale Milano,AC Pisa 1909,6,2,FINISHED
537029,2025/26,2026-01-24 14:00:00+00:00,REGULAR_SEASON,,22,Como 1907,Torino FC,6,0,FINISHED
537025,2025/26,2026-01-24 17:00:00+00:00,REGULAR_SEASON,,22,ACF Fiorentina,Cagliari Calcio,1,2,FINISHED
537034,2025/26,2026-01-24 19:45:00+00:00,REGULAR_SEASON,,22,US Lecce,SS Lazio,0,0,FINISHED
537033,2025/26,2026-01-25 11:30:00+00:00,REGULAR_SEASON,,22,US Sassuolo Calcio,US Cremonese,1,0,FINISHED
537028,2025/26,2026-01-25 14:00:00+00:00,REGULAR_SEASON,,22,Genoa CFC,Bologna FC 1909,3,2,FINISHED
537027,2025/26,2026-01-25 14:00:00+00:00,REGULAR_SEASON,,22,Atalanta BC,Parma Calcio 1913,4,0,FINISHED
537032,2025/26,2026-01-25 17:00:00+00:00,REGULAR_SEASON,,22,Juventus FC,SSC Napoli,3,0,FINISHED
537026,2025/26,2026-01-25 19:45:00+00:00,REGULAR_SEASON,,22,AS Roma,AC Milan,1,1,FINISHED
537030,2025/26,2026-01-26 19:45:00+00:00,REGULAR_SEASON,,22,Hellas Verona FC,Udinese Calcio,1,3,FINISHED
537039,2025/26,2026-01-30 19:45:00+00:00,REGULAR_SEASON,,23,SS Lazio,Genoa CFC,3,2,FINISHED
537041,2025/26,2026-01-31 14:00:00+00:00,REGULAR_SEASON,,23,AC Pisa 1909,US Sassuolo Calcio,1,3,FINISHED
537042,2025/26,2026-01-31 17:00:00+00:00,REGULAR_SEASON,,23,SSC Napoli,ACF Fiorentina,2,1,FINISHED
537035,2025/26,2026-01-31 19:45:00+00:00,REGULAR_SEASON,,23,Cagliari Calcio,Hellas Verona FC,4,0,FINISHED
537038,2025/26,2026-02-01 11:30:00+00:00,REGULAR_SEASON,,23,Torino FC,US Lecce,1,0,FINISHED
537036,2025/26,2026-02-01 14:00:00+00:00,REGULAR_SEASON,,23,Como 1907,Atalanta BC,0,0,FINISHED
537044,2025/26,2026-02-01 17:00:00+00:00,REGULAR_SEASON,,23,US Cremonese,FC Internazionale Milano,0,2,FINISHED
537040,2025/26,2026-02-01 19:45:00+00:00,REGULAR_SEASON,,23,Parma Calcio 1913,Juventus FC,1,4,FINISHED
537043,2025/26,2026-02-02 19:45:00+00:00,REGULAR_SEASON,,23,Udinese Calcio,AS Roma,1,0,FINISHED
537037,2025/26,2026-02-03 19:45:00+00:00,REGULAR_SEASON,,23,Bologna FC 1909,AC Milan,0,3,FINISHED
537051,2025/26,2026-02-06 19:45:00+00:00,REGULAR_SEASON,,24,Hellas Verona FC,AC Pisa 1909,0,0,FINISHED
537049,2025/26,2026-02-07 17:00:00+00:00,REGULAR_SEASON,,24,Genoa CFC,SSC Napoli,2,3,FINISHED
537045,2025/26,2026-02-07 19:45:00+00:00,REGULAR_SEASON,,24,ACF Fiorentina,Torino FC,2,2,FINISHED
537050,2025/26,2026-02-08 11:30:00+00:00,REGULAR_SEASON,,24,Bologna FC 1909,Parma Calcio 1913,0,1,FINISHED
537054,2025/26,2026-02-08 14:00:00+00:00,REGULAR_SEASON,,24,US Lecce,Udinese Calcio,2,1,FINISHED
537053,2025/26,2026-02-08 17:00:00+00:00,REGULAR_SEASON,,24,US Sassuolo Calcio,FC Internazionale Milano,0,5,FINISHED
537052,2025/26,2026-02-08 19:45:00+00:00,REGULAR_SEASON,,24,Juventus FC,SS Lazio,2,2,FINISHED
537048,2025/26,2026-02-09 17:30:00+00:00,REGULAR_SEASON,,24,Atalanta BC,US Cremonese,2,1,FINISHED
537047,2025/26,2026-02-09 19:45:00+00:00,REGULAR_SEASON,,24,AS Roma,Cagliari Calcio,2,0,FINISHED
537061,2025/26,2026-02-13 19:45:00+00:00,REGULAR_SEASON,,25,AC Pisa 1909,AC Milan,1,2,FINISHED
537056,2025/26,2026-02-14 14:00:00+00:00,REGULAR_SEASON,,25,Como 1907,ACF Fiorentina,1,2,FINISHED
537059,2025/26,2026-02-14 17:00:00+00:00,REGULAR_SEASON,,25,SS Lazio,Atalanta BC,0,2,FINISHED
537058,2025/26,2026-02-14 19:45:00+00:00,REGULAR_SEASON,,25,FC Internazionale Milano,Juventus FC,3,2,FINISHED
537063,2025/26,2026-02-15 11:30:00+00:00,REGULAR_SEASON,,25,Udinese Calcio,US Sassuolo Calcio,1,2,FINISHED
537060,2025/26,2026-02-15 14:00:00+00:00,REGULAR_SEASON,,25,Parma Calcio 1913,Hellas Verona FC,2,1,FINISHED
537064,2025/26,2026-02-15 14:00:00+00:00,REGULAR_SEASON,,25,US Cremonese,Genoa CFC,0,0,FINISHED
537057,2025/26,2026-02-15 17:00:00+00:00,REGULAR_SEASON,,25,Torino FC,Bologna FC 1909,1,2,FINISHED
537062,2025/26,2026-02-15 19:45:00+00:00,REGULAR_SEASON,,25,SSC Napoli,AS Roma,2,2,FINISHED
537055,2025/26,2026-02-16 19:45:00+00:00,REGULAR_SEASON,,25,Cagliari Calcio,US Lecce,0,2,FINISHED
537046,2025/26,2026-02-18 19:45:00+00:00,REGULAR_SEASON,,24,AC Milan,Como 1907,1,1,FINISHED
537073,2025/26,2026-02-20 19:45:00+00:00,REGULAR_SEASON,,26,US Sassuolo Calcio,Hellas Verona FC,3,0,FINISHED
537072,2025/26,2026-02-21 14:00:00+00:00,REGULAR_SEASON,,26,Juventus FC,Como 1907,0,2,FINISHED
537074,2025/26,2026-02-21 17:00:00+00:00,REGULAR_SEASON,,26,US Lecce,FC Internazionale Milano,0,2,FINISHED
537069,2025/26,2026-02-21 19:45:00+00:00,REGULAR_SEASON,,26,Cagliari Calcio,SS Lazio,0,0,FINISHED
537070,2025/26,2026-02-22 11:30:00+00:00,REGULAR_SEASON,,26,Genoa CFC,Torino FC,3,0,FINISHED
537068,2025/26,2026-02-22 14:00:00+00:00,REGULAR_SEASON,,26,Atalanta BC,SSC Napoli,2,1,FINISHED
537066,2025/26,2026-02-22 17:00:00+00:00,REGULAR_SEASON,,26,AC Milan,Parma Calcio 1913,0,1,FINISHED
537067,2025/26,2026-02-22 19:45:00+00:00,REGULAR_SEASON,,26,AS Roma,US Cremonese,3,0,FINISHED
537065,2025/26,2026-02-23 17:30:00+00:00,REGULAR_SEASON,,26,ACF Fiorentina,AC Pisa 1909,1,0,FINISHED
537071,2025/26,2026-02-23 19:45:00+00:00,REGULAR_SEASON,,26,Bologna FC 1909,Udinese Calcio,1,0,FINISHED
537080,2025/26,2026-02-27 19:45:00+00:00,REGULAR_SEASON,,27,Parma Calcio 1913,Cagliari Calcio,1,1,FINISHED
537076,2025/26,2026-02-28 14:00:00+00:00,REGULAR_SEASON,,27,Como 1907,US Lecce,3,1,FINISHED
537078,2025/26,2026-02-28 17:00:00+00:00,REGULAR_SEASON,,27,Hellas Verona FC,SSC Napoli,1,2,FINISHED
537079,2025/26,2026-02-28 19:45:00+00:00,REGULAR_SEASON,,27,FC Internazionale Milano,Genoa CFC,2,0,FINISHED
537084,2025/26,2026-03-01 11:30:00+00:00,REGULAR_SEASON,,27,US Cremonese,AC Milan,0,2,FINISHED
537082,2025/26,2026-03-01 14:00:00+00:00,REGULAR_SEASON,,27,US Sassuolo Calcio,Atalanta BC,2,1,FINISHED
537077,2025/26,2026-03-01 17:00:00+00:00,REGULAR_SEASON,,27,Torino FC,SS Lazio,2,0,FINISHED
537075,2025/26,2026-03-01 19:45:00+00:00,REGULAR_SEASON,,27,AS Roma,Juventus FC,3,3,FINISHED
537081,2025/26,2026-03-02 17:30:00+00:00,REGULAR_SEASON,,27,AC Pisa 1909,Bologna FC 1909,0,1,FINISHED
537083,2025/26,2026-03-02 19:45:00+00:00,REGULAR_SEASON,,27,Udinese Calcio,ACF Fiorentina,3,0,FINISHED
537093,2025/26,2026-03-06 19:45:00+00:00,REGULAR_SEASON,,28,SSC Napoli,Torino FC,2,1,FINISHED
537088,2025/26,2026-03-07 14:00:00+00:00,REGULAR_SEASON,,28,Cagliari Calcio,Como 1907,1,2,FINISHED
537087,2025/26,2026-03-07 17:00:00+00:00,REGULAR_SEASON,,28,Atalanta BC,Udinese Calcio,2,2,FINISHED
537091,2025/26,2026-03-07 19:45:00+00:00,REGULAR_SEASON,,28,Juventus FC,AC Pisa 1909,4,0,FINISHED
537094,2025/26,2026-03-08 11:30:00+00:00,REGULAR_SEASON,,28,US Lecce,US Cremonese,2,1,FINISHED
537085,2025/26,2026-03-08 14:00:00+00:00,REGULAR_SEASON,,28,ACF Fiorentina,Parma Calcio 1913,0,0,FINISHED
537090,2025/26,2026-03-08 14:00:00+00:00,REGULAR_SEASON,,28,Bologna FC 1909,Hellas Verona FC,1,2,FINISHED
537089,2025/26,2026-03-08 17:00:00+00:00,REGULAR_SEASON,,28,Genoa CFC,AS Roma,2,1,FINISHED
537086,2025/26,2026-03-08 19:45:00+00:00,REGULAR_SEASON,,28,AC Milan,FC Internazionale Milano,1,0,FINISHED
537092,2025/26,2026-03-09 19:45:00+00:00,REGULAR_SEASON,,28,SS Lazio,US Sassuolo Calcio,2,1,FINISHED
537096,2025/26,2026-03-13 19:45:00+00:00,REGULAR_SEASON,,29,Torino FC,Parma Calcio 1913,4,1,FINISHED
537098,2025/26,2026-03-14 14:00:00+00:00,REGULAR_SEASON,,29,FC Internazionale Milano,Atalanta BC,1,1,FINISHED
537102,2025/26,2026-03-14 17:00:00+00:00,REGULAR_SEASON,,29,SSC Napoli,US Lecce,2,1,FINISHED
537103,2025/26,2026-03-14 19:45:00+00:00,REGULAR_SEASON,,29,Udinese Calcio,Juventus FC,0,1,FINISHED
537097,2025/26,2026-03-15 11:30:00+00:00,REGULAR_SEASON,,29,Hellas Verona FC,Genoa CFC,0,2,FINISHED
537100,2025/26,2026-03-15 14:00:00+00:00,REGULAR_SEASON,,29,AC Pisa 1909,Cagliari Calcio,3,1,FINISHED
537101,2025/26,2026-03-15 14:00:00+00:00,REGULAR_SEASON,,29,US Sassuolo Calcio,Bologna FC 1909,0,1,FINISHED
537095,2025/26,2026-03-15 17:00:00+00:00,REGULAR_SEASON,,29,Como 1907,AS Roma,2,1,FINISHED
537099,2025/26,2026-03-15 19:45:00+00:00,REGULAR_SEASON,,29,SS Lazio,AC Milan,1,0,FINISHED
537104,2025/26,2026-03-16 19:45:00+00:00,REGULAR_SEASON,,29,US Cremonese,ACF Fiorentina,1,4,FINISHED
537109,2025/26,2026-03-20 17:30:00+00:00,REGULAR_SEASON,,30,Cagliari Calcio,SSC Napoli,0,1,FINISHED
537110,2025/26,2026-03-20 19:45:00+00:00,REGULAR_SEASON,,30,Genoa CFC,Udinese Calcio,0,2,FINISHED
537114,2025/26,2026-03-21 14:00:00+00:00,REGULAR_SEASON,,30,Parma Calcio 1913,US Cremonese,0,2,FINISHED
537106,2025/26,2026-03-21 17:00:00+00:00,REGULAR_SEASON,,30,AC Milan,Torino FC,3,2,FINISHED
537113,2025/26,2026-03-21 19:45:00+00:00,REGULAR_SEASON,,30,Juventus FC,US Sassuolo Calcio,1,1,FINISHED
537111,2025/26,2026-03-22 11:30:00+00:00,REGULAR_SEASON,,30,Como 1907,AC Pisa 1909,5,0,FINISHED
537108,2025/26,2026-03-22 14:00:00+00:00,REGULAR_SEASON,,30,Atalanta BC,Hellas Verona FC,1,0,FINISHED
537112,2025/26,2026-03-22 14:00:00+00:00,REGULAR_SEASON,,30,Bologna FC 1909,SS Lazio,0,2,FINISHED
537107,2025/26,2026-03-22 17:00:00+00:00,REGULAR_SEASON,,30,AS Roma,US Lecce,1,0,FINISHED
537105,2025/26,2026-03-22 19:45:00+00:00,REGULAR_SEASON,,30,ACF Fiorentina,FC Internazionale Milano,1,1,FINISHED
537120,2025/26,2026-04-04 13:00:00+00:00,REGULAR_SEASON,,31,US Sassuolo Calcio,Cagliari Calcio,2,1,FINISHED
537115,2025/26,2026-04-04 16:00:00+00:00,REGULAR_SEASON,,31,Hellas Verona FC,ACF Fiorentina,0,1,FINISHED
537118,2025/26,2026-04-04 18:45:00+00:00,REGULAR_SEASON,,31,SS Lazio,Parma Calcio 1913,1,1,FINISHED
537123,2025/26,2026-04-05 13:00:00+00:00,REGULAR_SEASON,,31,US Cremonese,Bologna FC 1909,1,2,FINISHED
537119,2025/26,2026-04-05 16:00:00+00:00,REGULAR_SEASON,,31,AC Pisa 1909,Torino FC,0,1,FINISHED
537116,2025/26,2026-04-05 18:45:00+00:00,REGULAR_SEASON,,31,FC Internazionale Milano,AS Roma,5,2,FINISHED
537122,2025/26,2026-04-06 10:30:00+00:00,REGULAR_SEASON,,31,Udinese Calcio,Como 1907,0,0,FINISHED
537124,2025/26,2026-04-06 13:00:00+00:00,REGULAR_SEASON,,31,US Lecce,Atalanta BC,0,3,FINISHED
537117,2025/26,2026-04-06 16:00:00+00:00,REGULAR_SEASON,,31,Juventus FC,Genoa CFC,2,0,FINISHED
537121,2025/26,2026-04-06 18:45:00+00:00,REGULAR_SEASON,,31,SSC Napoli,AC Milan,1,0,FINISHED
537127,2025/26,2026-04-10 18:45:00+00:00,REGULAR_SEASON,,32,AS Roma,AC Pisa 1909,3,0,FINISHED
537133,2025/26,2026-04-11 13:00:00+00:00,REGULAR_SEASON,,32,Torino FC,Hellas Verona FC,2,1,FINISHED
537129,2025/26,2026-04-11 13:00:00+00:00,REGULAR_SEASON,,32,Cagliari Calcio,US Cremonese,1,0,FINISHED
537126,2025/26,2026-04-11 16:00:00+00:00,REGULAR_SEASON,,32,AC Milan,Udinese Calcio,0,3,FINISHED
537128,2025/26,2026-04-11 18:45:00+00:00,REGULAR_SEASON,,32,Atalanta BC,Juventus FC,0,1,FINISHED
537130,2025/26,2026-04-12 10:30:00+00:00,REGULAR_SEASON,,32,Genoa CFC,US Sassuolo Calcio,2,1,FINISHED
537134,2025/26,2026-04-12 13:00:00+00:00,REGULAR_SEASON,,32,Parma Calcio 1913,SSC Napoli,1,1,FINISHED
537132,2025/26,2026-04-12 16:00:00+00:00,REGULAR_SEASON,,32,Bologna FC 1909,US Lecce,2,0,FINISHED
537131,2025/26,2026-04-12 18:45:00+00:00,REGULAR_SEASON,,32,Como 1907,FC Internazionale Milano,3,4,FINISHED
537125,2025/26,2026-04-13 18:45:00+00:00,REGULAR_SEASON,,32,ACF Fiorentina,SS Lazio,1,0,FINISHED
537140,2025/26,2026-04-17 16:30:00+00:00,REGULAR_SEASON,,33,US Sassuolo Calcio,Como 1907,2,1,FINISHED
537137,2025/26,2026-04-17 18:45:00+00:00,REGULAR_SEASON,,33,FC Internazionale Milano,Cagliari Calcio,3,0,FINISHED
537142,2025/26,2026-04-18 13:00:00+00:00,REGULAR_SEASON,,33,Udinese Calcio,Parma Calcio 1913,0,1,FINISHED
537141,2025/26,2026-04-18 16:00:00+00:00,REGULAR_SEASON,,33,SSC Napoli,SS Lazio,0,2,FINISHED
537135,2025/26,2026-04-18 18:45:00+00:00,REGULAR_SEASON,,33,AS Roma,Atalanta BC,1,1,FINISHED
537143,2025/26,2026-04-19 10:30:00+00:00,REGULAR_SEASON,,33,US Cremonese,Torino FC,0,0,FINISHED
537136,2025/26,2026-04-19 13:00:00+00:00,REGULAR_SEASON,,33,Hellas Verona FC,AC Milan,0,1,FINISHED
537139,2025/26,2026-04-19 16:00:00+00:00,REGULAR_SEASON,,33,AC Pisa 1909,Genoa CFC,1,2,FINISHED
537138,2025/26,2026-04-19 18:45:00+00:00,REGULAR_SEASON,,33,Juventus FC,Bologna FC 1909,2,0,FINISHED
537144,2025/26,2026-04-20 18:45:00+00:00,REGULAR_SEASON,,33,US Lecce,ACF Fiorentina,1,1,FINISHED
537154,2025/26,2026-04-24 18:45:00+00:00,REGULAR_SEASON,,34,SSC Napoli,US Cremonese,4,0,FINISHED
537153,2025/26,2026-04-25 13:00:00+00:00,REGULAR_SEASON,,34,Parma Calcio 1913,AC Pisa 1909,1,0,FINISHED
537149,2025/26,2026-04-25 16:00:00+00:00,REGULAR_SEASON,,34,Bologna FC 1909,AS Roma,0,2,FINISHED
537151,2025/26,2026-04-25 18:45:00+00:00,REGULAR_SEASON,,34,Hellas Verona FC,US Lecce,0,0,FINISHED
537145,2025/26,2026-04-26 10:30:00+00:00,REGULAR_SEASON,,34,ACF Fiorentina,US Sassuolo Calcio,0,0,FINISHED
537148,2025/26,2026-04-26 13:00:00+00:00,REGULAR_SEASON,,34,Genoa CFC,Como 1907,0,2,FINISHED
537150,2025/26,2026-04-26 16:00:00+00:00,REGULAR_SEASON,,34,Torino FC,FC Internazionale Milano,2,2,FINISHED
537146,2025/26,2026-04-26 18:45:00+00:00,REGULAR_SEASON,,34,AC Milan,Juventus FC,0,0,FINISHED
537147,2025/26,2026-04-27 16:30:00+00:00,REGULAR_SEASON,,34,Cagliari Calcio,Atalanta BC,3,2,FINISHED
537152,2025/26,2026-04-27 18:45:00+00:00,REGULAR_SEASON,,34,SS Lazio,Udinese Calcio,3,3,FINISHED
537161,2025/26,2026-05-01 18:45:00+00:00,REGULAR_SEASON,,35,AC Pisa 1909,US Lecce,1,2,FINISHED
537163,2025/26,2026-05-02 13:00:00+00:00,REGULAR_SEASON,,35,Udinese Calcio,Torino FC,2,0,FINISHED
537157,2025/26,2026-05-02 16:00:00+00:00,REGULAR_SEASON,,35,Como 1907,SSC Napoli,0,0,FINISHED
537156,2025/26,2026-05-02 18:45:00+00:00,REGULAR_SEASON,,35,Atalanta BC,Genoa CFC,0,0,FINISHED
537158,2025/26,2026-05-03 10:30:00+00:00,REGULAR_SEASON,,35,Bologna FC 1909,Cagliari Calcio,0,0,FINISHED
537162,2025/26,2026-05-03 13:00:00+00:00,REGULAR_SEASON,,35,US Sassuolo Calcio,AC Milan,2,0,FINISHED
537160,2025/26,2026-05-03 16:00:00+00:00,REGULAR_SEASON,,35,Juventus FC,Hellas Verona FC,1,1,FINISHED
537159,2025/26,2026-05-03 18:45:00+00:00,REGULAR_SEASON,,35,FC Internazionale Milano,Parma Calcio 1913,2,0,FINISHED
537164,2025/26,2026-05-04 16:30:00+00:00,REGULAR_SEASON,,35,US Cremonese,SS Lazio,1,2,FINISHED
537155,2025/26,2026-05-04 18:45:00+00:00,REGULAR_SEASON,,35,AS Roma,ACF Fiorentina,4,0,FINISHED
537168,2025/26,2026-05-08 18:45:00+00:00,REGULAR_SEASON,,36,Torino FC,US Sassuolo Calcio,2,1,FINISHED
537167,2025/26,2026-05-09 13:00:00+00:00,REGULAR_SEASON,,36,Cagliari Calcio,Udinese Calcio,0,2,FINISHED
537170,2025/26,2026-05-09 16:00:00+00:00,REGULAR_SEASON,,36,SS Lazio,FC Internazionale Milano,0,3,FINISHED
537174,2025/26,2026-05-09 18:45:00+00:00,REGULAR_SEASON,,36,US Lecce,Juventus FC,0,1,FINISHED
537169,2025/26,2026-05-10 10:30:00+00:00,REGULAR_SEASON,,36,Hellas Verona FC,Como 1907,0,1,FINISHED
537165,2025/26,2026-05-10 13:00:00+00:00,REGULAR_SEASON,,36,ACF Fiorentina,Genoa CFC,0,0,FINISHED
537173,2025/26,2026-05-10 13:00:00+00:00,REGULAR_SEASON,,36,US Cremonese,AC Pisa 1909,3,0,FINISHED
537171,2025/26,2026-05-10 16:00:00+00:00,REGULAR_SEASON,,36,Parma Calcio 1913,AS Roma,2,3,FINISHED
537166,2025/26,2026-05-10 18:45:00+00:00,REGULAR_SEASON,,36,AC Milan,Atalanta BC,2,3,FINISHED
537172,2025/26,2026-05-11 18:45:00+00:00,REGULAR_SEASON,,36,SSC Napoli,Bologna FC 1909,2,3,FINISHED
537175,2025/26,2026-05-17 10:00:00+00:00,REGULAR_SEASON,,37,AS Roma,SS Lazio,2,0,FINISHED
537182,2025/26,2026-05-17 10:00:00+00:00,REGULAR_SEASON,,37,AC Pisa 1909,SSC Napoli,0,3,FINISHED
537178,2025/26,2026-05-17 10:00:00+00:00,REGULAR_SEASON,,37,Genoa CFC,AC Milan,1,2,FINISHED
537181,2025/26,2026-05-17 10:00:00+00:00,REGULAR_SEASON,,37,Juventus FC,ACF Fiorentina,0,2,FINISHED
537179,2025/26,2026-05-17 10:00:00+00:00,REGULAR_SEASON,,37,Como 1907,Parma Calcio 1913,1,0,FINISHED
537180,2025/26,2026-05-17 13:00:00+00:00,REGULAR_SEASON,,37,FC Internazionale Milano,Hellas Verona FC,1,1,FINISHED
537176,2025/26,2026-05-17 16:00:00+00:00,REGULAR_SEASON,,37,Atalanta BC,Bologna FC 1909,0,1,FINISHED
537177,2025/26,2026-05-17 18:45:00+00:00,REGULAR_SEASON,,37,Cagliari Calcio,Torino FC,2,1,FINISHED
537183,2025/26,2026-05-17 18:45:00+00:00,REGULAR_SEASON,,37,US Sassuolo Calcio,US Lecce,2,3,FINISHED
537184,2025/26,2026-05-17 18:45:00+00:00,REGULAR_SEASON,,37,Udinese Calcio,US Cremonese,0,1,FINISHED
537185,2025/26,2026-05-22 18:45:00+00:00,REGULAR_SEASON,,38,ACF Fiorentina,Atalanta BC,1,1,FINISHED
537187,2025/26,2026-05-23 16:00:00+00:00,REGULAR_SEASON,,38,Bologna FC 1909,FC Internazionale Milano,3,3,FINISHED
537190,2025/26,2026-05-23 18:45:00+00:00,REGULAR_SEASON,,38,SS Lazio,AC Pisa 1909,2,1,FINISHED
537191,2025/26,2026-05-24 13:00:00+00:00,REGULAR_SEASON,,38,Parma Calcio 1913,US Sassuolo Calcio,1,0,FINISHED
537192,2025/26,2026-05-24 16:00:00+00:00,REGULAR_SEASON,,38,SSC Napoli,Udinese Calcio,1,0,FINISHED
537186,2025/26,2026-05-24 18:45:00+00:00,REGULAR_SEASON,,38,AC Milan,Cagliari Calcio,1,2,FINISHED
537189,2025/26,2026-05-24 18:45:00+00:00,REGULAR_SEASON,,38,Hellas Verona FC,AS Roma,0,2,FINISHED
537193,2025/26,2026-05-24 18:45:00+00:00,REGULAR_SEASON,,38,US Cremonese,Como 1907,1,4,FINISHED
537194,2025/26,2026-05-24 18:45:00+00:00,REGULAR_SEASON,,38,US Lecce,Genoa CFC,1,0,FINISHED
537188,2025/26,2026-05-24 19:45:00+00:00,REGULAR_SEASON,,38,Torino FC,Juventus FC,2,2,FINISHED
558629,2026/27,2026-08-22 16:30:00+00:00,REGULAR_SEASON,,1,Udinese Calcio,Como 1907,1,1,FINISHED
558632,2026/27,2026-08-22 16:30:00+00:00,REGULAR_SEASON,,1,FC Internazionale Milano,AC Monza,4,1,FINISHED
558631,2026/27,2026-08-22 18:45:00+00:00,REGULAR_SEASON,,1,Genoa CFC,SSC Napoli,0,2,FINISHED
558636,2026/27,2026-08-22 18:45:00+00:00,REGULAR_SEASON,,1,Parma Calcio 1913,Cagliari Calcio,0,1,FINISHED
558635,2026/27,2026-08-23 16:30:00+00:00,REGULAR_SEASON,,1,Frosinone Calcio,Juventus FC,0,1,FINISHED
558637,2026/27,2026-08-23 16:30:00+00:00,REGULAR_SEASON,,1,Venezia FC,US Lecce,0,2,FINISHED
558633,2026/27,2026-08-23 18:45:00+00:00,REGULAR_SEASON,,1,Atalanta BC,US Sassuolo Calcio,2,1,FINISHED
558634,2026/27,2026-08-23 18:45:00+00:00,REGULAR_SEASON,,1,Torino FC,AC Milan,1,2,FINISHED
558630,2026/27,2026-08-24 16:30:00+00:00,REGULAR_SEASON,,1,Bologna FC 1909,SS Lazio,0,1,FINISHED
558638,2026/27,2026-08-24 18:45:00+00:00,REGULAR_SEASON,,1,AS Roma,ACF Fiorentina,4,0,FINISHED
558625,2026/27,2026-08-28 18:45:00+00:00,REGULAR_SEASON,,2,AC Milan,Venezia FC,2,0,FINISHED
558620,2026/27,2026-08-29 16:30:00+00:00,REGULAR_SEASON,,2,US Sassuolo Calcio,Torino FC,2,1,FINISHED
558624,2026/27,2026-08-29 16:30:00+00:00,REGULAR_SEASON,,2,AC Monza,Udinese Calcio,2,3,FINISHED
558627,2026/27,2026-08-29 16:30:00+00:00,REGULAR_SEASON,,2,ACF Fiorentina,Frosinone Calcio,0,3,FINISHED
558619,2026/27,2026-08-29 18:45:00+00:00,REGULAR_SEASON,,2,Juventus FC,Parma Calcio 1913,2,0,FINISHED
558626,2026/27,2026-08-30 16:30:00+00:00,REGULAR_SEASON,,2,SSC Napoli,Como 1907,1,2,FINISHED
558622,2026/27,2026-08-30 18:45:00+00:00,REGULAR_SEASON,,2,SS Lazio,Genoa CFC,1,0,FINISHED
558623,2026/27,2026-08-30 18:45:00+00:00,REGULAR_SEASON,,2,Cagliari Calcio,FC Internazionale Milano,0,1,FINISHED
558621,2026/27,2026-08-31 16:30:00+00:00,REGULAR_SEASON,,2,US Lecce,AS Roma,0,4,FINISHED
558628,2026/27,2026-08-31 18:45:00+00:00,REGULAR_SEASON,,2,Atalanta BC,Bologna FC 1909,1,0,FINISHED
558609,2026/27,2026-09-04 18:45:00+00:00,REGULAR_SEASON,,3,Genoa CFC,Como 1907,1,4,FINISHED
558616,2026/27,2026-09-05 13:00:00+00:00,REGULAR_SEASON,,3,ACF Fiorentina,Torino FC,1,2,FINISHED
558614,2026/27,2026-09-05 16:00:00+00:00,REGULAR_SEASON,,3,FC Internazionale Milano,SSC Napoli,3,2,FINISHED
558611,2026/27,2026-09-05 18:45:00+00:00,REGULAR_SEASON,,3,AS Roma,Atalanta BC,2,1,FINISHED
558612,2026/27,2026-09-06 13:00:00+00:00,REGULAR_SEASON,,3,Parma Calcio 1913,AC Monza,1,1,FINISHED
558615,2026/27,2026-09-06 13:00:00+00:00,REGULAR_SEASON,,3,Frosinone Calcio,Venezia FC,3,2,FINISHED
558613,2026/27,2026-09-06 16:00:00+00:00,REGULAR_SEASON,,3,Bologna FC 1909,US Sassuolo Calcio,2,2,FINISHED
558618,2026/27,2026-09-06 18:45:00+00:00,REGULAR_SEASON,,3,Juventus FC,AC Milan,1,1,FINISHED
558610,2026/27,2026-09-07 16:30:00+00:00,REGULAR_SEASON,,3,Cagliari Calcio,US Lecce,1,0,FINISHED
558617,2026/27,2026-09-07 18:45:00+00:00,REGULAR_SEASON,,3,Udinese Calcio,SS Lazio,1,2,FINISHED
558606,2026/27,2026-09-11 18:45:00+00:00,REGULAR_SEASON,,4,Venezia FC,ACF Fiorentina,2,4,FINISHED
558604,2026/27,2026-09-12 13:00:00+00:00,REGULAR_SEASON,,4,Genoa CFC,Frosinone Calcio,1,1,FINISHED
558600,2026/27,2026-09-12 16:00:00+00:00,REGULAR_SEASON,,4,SS Lazio,AC Milan,2,2,FINISHED
558607,2026/27,2026-09-12 18:45:00+00:00,REGULAR_SEASON,,4,Atalanta BC,Cagliari Calcio,1,2,FINISHED
558605,2026/27,2026-09-13 13:00:00+00:00,REGULAR_SEASON,,4,US Lecce,AC Monza,3,2,FINISHED
558599,2026/27,2026-09-13 16:00:00+00:00,REGULAR_SEASON,,4,SSC Napoli,Bologna FC 1909,1,0,FINISHED
558608,2026/27,2026-09-13 18:45:00+00:00,REGULAR_SEASON,,4,US Sassuolo Calcio,Juventus FC,3,2,FINISHED
558602,2026/27,2026-09-14 16:30:00+00:00,REGULAR_SEASON,,4,Como 1907,Parma Calcio 1913,2,1,FINISHED
558603,2026/27,2026-09-14 16:30:00+00:00,REGULAR_SEASON,,4,Torino FC,AS Roma,0,2,FINISHED
558601,2026/27,2026-09-14 18:45:00+00:00,REGULAR_SEASON,,4,FC Internazionale Milano,Udinese Calcio,5,3,FINISHED
558596,2026/27,2026-09-18 18:45:00+00:00,REGULAR_SEASON,,5,AC Monza,US Sassuolo Calcio,2,1,FINISHED
558598,2026/27,2026-09-19 13:00:00+00:00,REGULAR_SEASON,,5,Bologna FC 1909,Torino FC,1,1,FINISHED
558589,2026/27,2026-09-19 13:00:00+00:00,REGULAR_SEASON,,5,Udinese Calcio,Cagliari Calcio,0,1,FINISHED
558593,2026/27,2026-09-19 16:00:00+00:00,REGULAR_SEASON,,5,AS Roma,FC Internazionale Milano,2,2,FINISHED
558594,2026/27,2026-09-19 18:45:00+00:00,REGULAR_SEASON,,5,Venezia FC,SS Lazio,0,2,FINISHED
558591,2026/27,2026-09-20 10:30:00+00:00,REGULAR_SEASON,,5,ACF Fiorentina,SSC Napoli,1,1,FINISHED
558592,2026/27,2026-09-20 13:00:00+00:00,REGULAR_SEASON,,5,Frosinone Calcio,Como 1907,2,0,FINISHED
558590,2026/27,2026-09-20 13:00:00+00:00,REGULAR_SEASON,,5,Parma Calcio 1913,Genoa CFC,2,1,FINISHED
558595,2026/27,2026-09-20 16:00:00+00:00,REGULAR_SEASON,,5,Juventus FC,Atalanta BC,2,0,FINISHED
558597,2026/27,2026-09-20 18:45:00+00:00,REGULAR_SEASON,,5,AC Milan,US Lecce,3,0,FINISHED
558588,2026/27,2026-10-10 13:00:00+00:00,REGULAR_SEASON,,6,Genoa CFC,ACF Fiorentina,,,TIMED
558582,2026/27,2026-10-10 16:00:00+00:00,REGULAR_SEASON,,6,FC Internazionale Milano,Parma Calcio 1913,,,TIMED
558586,2026/27,2026-10-10 18:45:00+00:00,REGULAR_SEASON,,6,SSC Napoli,Frosinone Calcio,,,TIMED
558585,2026/27,2026-10-11 10:30:00+00:00,REGULAR_SEASON,,6,Como 1907,AS Roma,,,TIMED
558581,2026/27,2026-10-11 13:00:00+00:00,REGULAR_SEASON,,6,US Lecce,Bologna FC 1909,,,TIMED
558583,2026/27,2026-10-11 13:00:00+00:00,REGULAR_SEASON,,6,SS Lazio,AC Monza,,,TIMED
558580,2026/27,2026-10-11 16:00:00+00:00,REGULAR_SEASON,,6,US Sassuolo Calcio,AC Milan,,,TIMED
558584,2026/27,2026-10-11 18:45:00+00:00,REGULAR_SEASON,,6,Cagliari Calcio,Juventus FC,,,TIMED
558579,2026/27,2026-10-12 16:30:00+00:00,REGULAR_SEASON,,6,Atalanta BC,Venezia FC,,,TIMED
558587,2026/27,2026-10-12 18:45:00+00:00,REGULAR_SEASON,,6,Torino FC,Udinese Calcio,,,TIMED
558573,2026/27,2026-10-16 18:45:00+00:00,REGULAR_SEASON,,7,Frosinone Calcio,US Sassuolo Calcio,,,TIMED
558575,2026/27,2026-10-17 13:00:00+00:00,REGULAR_SEASON,,7,Venezia FC,SSC Napoli,,,TIMED
558571,2026/27,2026-10-17 16:00:00+00:00,REGULAR_SEASON,,7,Bologna FC 1909,FC Internazionale Milano,,,TIMED
558572,2026/27,2026-10-17 18:45:00+00:00,REGULAR_SEASON,,7,AS Roma,Genoa CFC,,,TIMED
558574,2026/27,2026-10-18 10:30:00+00:00,REGULAR_SEASON,,7,Udinese Calcio,US Lecce,,,TIMED
558577,2026/27,2026-10-18 13:00:00+00:00,REGULAR_SEASON,,7,ACF Fiorentina,Como 1907,,,TIMED
558569,2026/27,2026-10-18 16:00:00+00:00,REGULAR_SEASON,,7,AC Milan,Atalanta BC,,,TIMED
558570,2026/27,2026-10-18 18:45:00+00:00,REGULAR_SEASON,,7,Juventus FC,SS Lazio,,,TIMED
558576,2026/27,2026-10-19 16:30:00+00:00,REGULAR_SEASON,,7,AC Monza,Cagliari Calcio,,,TIMED
558578,2026/27,2026-10-19 18:45:00+00:00,REGULAR_SEASON,,7,Parma Calcio 1913,Torino FC,,,TIMED
558567,2026/27,2026-10-23 18:45:00+00:00,REGULAR_SEASON,,8,Torino FC,AC Monza,,,TIMED
558560,2026/27,2026-10-24 13:00:00+00:00,REGULAR_SEASON,,8,Cagliari Calcio,Bologna FC 1909,,,TIMED
558561,2026/27,2026-10-24 13:00:00+00:00,REGULAR_SEASON,,8,Como 1907,US Sassuolo Calcio,,,TIMED
558564,2026/27,2026-10-24 16:00:00+00:00,REGULAR_SEASON,,8,SSC Napoli,AS Roma,,,TIMED
558565,2026/27,2026-10-24 18:45:00+00:00,REGULAR_SEASON,,8,SS Lazio,Parma Calcio 1913,,,TIMED
558563,2026/27,2026-10-25 11:30:00+00:00,REGULAR_SEASON,,8,FC Internazionale Milano,ACF Fiorentina,,,TIMED
558562,2026/27,2026-10-25 14:00:00+00:00,REGULAR_SEASON,,8,Atalanta BC,Frosinone Calcio,,,TIMED
558568,2026/27,2026-10-25 14:00:00+00:00,REGULAR_SEASON,,8,Genoa CFC,Venezia FC,,,TIMED
558566,2026/27,2026-10-25 17:00:00+00:00,REGULAR_SEASON,,8,US Lecce,Juventus FC,,,TIMED
558559,2026/27,2026-10-25 19:45:00+00:00,REGULAR_SEASON,,8,Udinese Calcio,AC Milan,,,TIMED
558556,2026/27,2026-10-27 17:30:00+00:00,REGULAR_SEASON,,9,US Sassuolo Calcio,SS Lazio,,,TIMED
558555,2026/27,2026-10-27 19:45:00+00:00,REGULAR_SEASON,,9,AS Roma,Cagliari Calcio,,,TIMED
558557,2026/27,2026-10-27 19:45:00+00:00,REGULAR_SEASON,,9,Torino FC,Como 1907,,,TIMED
558549,2026/27,2026-10-28 17:30:00+00:00,REGULAR_SEASON,,9,AC Milan,Bologna FC 1909,,,TIMED
558550,2026/27,2026-10-28 17:30:00+00:00,REGULAR_SEASON,,9,Venezia FC,FC Internazionale Milano,,,TIMED
558553,2026/27,2026-10-28 17:30:00+00:00,REGULAR_SEASON,,9,Parma Calcio 1913,Udinese Calcio,,,TIMED
558552,2026/27,2026-10-28 19:45:00+00:00,REGULAR_SEASON,,9,Genoa CFC,Juventus FC,,,TIMED
558554,2026/27,2026-10-28 19:45:00+00:00,REGULAR_SEASON,,9,AC Monza,SSC Napoli,,,TIMED
558558,2026/27,2026-10-29 17:30:00+00:00,REGULAR_SEASON,,9,Frosinone Calcio,US Lecce,,,TIMED
558551,2026/27,2026-10-29 19:45:00+00:00,REGULAR_SEASON,,9,ACF Fiorentina,Atalanta BC,,,TIMED
558539,2026/27,2026-10-31 14:00:00+00:00,REGULAR_SEASON,,10,Bologna FC 1909,AC Monza,,,TIMED
558542,2026/27,2026-10-31 17:00:00+00:00,REGULAR_SEASON,,10,Udinese Calcio,AS Roma,,,TIMED
558548,2026/27,2026-10-31 19:45:00+00:00,REGULAR_SEASON,,10,AC Milan,FC Internazionale Milano,,,TIMED
558543,2026/27,2026-11-01 11:30:00+00:00,REGULAR_SEASON,,10,Como 1907,Venezia FC,,,TIMED
558544,2026/27,2026-11-01 14:00:00+00:00,REGULAR_SEASON,,10,Frosinone Calcio,Torino FC,,,TIMED
558546,2026/27,2026-11-01 14:00:00+00:00,REGULAR_SEASON,,10,SS Lazio,Cagliari Calcio,,,TIMED
558540,2026/27,2026-11-01 17:00:00+00:00,REGULAR_SEASON,,10,US Lecce,Genoa CFC,,,TIMED
558547,2026/27,2026-11-01 19:45:00+00:00,REGULAR_SEASON,,10,Juventus FC,SSC Napoli,,,TIMED
558541,2026/27,2026-11-02 17:30:00+00:00,REGULAR_SEASON,,10,US Sassuolo Calcio,ACF Fiorentina,,,TIMED
558545,2026/27,2026-11-02 19:45:00+00:00,REGULAR_SEASON,,10,Atalanta BC,Parma Calcio 1913,,,TIMED
558537,2026/27,2026-11-06 19:45:00+00:00,REGULAR_SEASON,,11,Venezia FC,Udinese Calcio,,,TIMED
558532,2026/27,2026-11-07 14:00:00+00:00,REGULAR_SEASON,,11,Torino FC,US Lecce,,,TIMED
558534,2026/27,2026-11-07 14:00:00+00:00,REGULAR_SEASON,,11,Cagliari Calcio,Frosinone Calcio,,,TIMED
558535,2026/27,2026-11-07 17:00:00+00:00,REGULAR_SEASON,,11,Parma Calcio 1913,Bologna FC 1909,,,TIMED
558531,2026/27,2026-11-07 19:45:00+00:00,REGULAR_SEASON,,11,AS Roma,US Sassuolo Calcio,,,TIMED
558533,2026/27,2026-11-08 11:30:00+00:00,REGULAR_SEASON,,11,SSC Napoli,SS Lazio,,,TIMED
558536,2026/27,2026-11-08 14:00:00+00:00,REGULAR_SEASON,,11,Genoa CFC,AC Milan,,,TIMED
558538,2026/27,2026-11-08 14:00:00+00:00,REGULAR_SEASON,,11,AC Monza,Atalanta BC,,,TIMED
558530,2026/27,2026-11-08 17:00:00+00:00,REGULAR_SEASON,,11,FC Internazionale Milano,Como 1907,,,TIMED
558529,2026/27,2026-11-08 19:45:00+00:00,REGULAR_SEASON,,11,ACF Fiorentina,Juventus FC,,,TIMED
558525,2026/27,2026-11-21 14:00:00+00:00,REGULAR_SEASON,,12,Como 1907,Cagliari Calcio,,,TIMED
558528,2026/27,2026-11-21 14:00:00+00:00,REGULAR_SEASON,,12,SS Lazio,US Lecce,,,TIMED
558526,2026/27,2026-11-21 17:00:00+00:00,REGULAR_SEASON,,12,Parma Calcio 1913,AS Roma,,,TIMED
558527,2026/27,2026-11-21 19:45:00+00:00,REGULAR_SEASON,,12,SSC Napoli,Torino FC,,,TIMED
558521,2026/27,2026-11-22 11:30:00+00:00,REGULAR_SEASON,,12,Juventus FC,Venezia FC,,,TIMED
558524,2026/27,2026-11-22 14:00:00+00:00,REGULAR_SEASON,,12,US Sassuolo Calcio,Genoa CFC,,,TIMED
558522,2026/27,2026-11-22 14:00:00+00:00,REGULAR_SEASON,,12,Bologna FC 1909,Udinese Calcio,,,TIMED
558523,2026/27,2026-11-22 17:00:00+00:00,REGULAR_SEASON,,12,AC Milan,Frosinone Calcio,,,TIMED
558520,2026/27,2026-11-22 19:45:00+00:00,REGULAR_SEASON,,12,Atalanta BC,FC Internazionale Milano,,,TIMED
558519,2026/27,2026-11-23 19:45:00+00:00,REGULAR_SEASON,,12,AC Monza,ACF Fiorentina,,,TIMED
558515,2026/27,2026-11-27 19:45:00+00:00,REGULAR_SEASON,,13,Venezia FC,Bologna FC 1909,,,TIMED
558513,2026/27,2026-11-28 14:00:00+00:00,REGULAR_SEASON,,13,Frosinone Calcio,Parma Calcio 1913,,,TIMED
558514,2026/27,2026-11-28 17:00:00+00:00,REGULAR_SEASON,,13,Torino FC,SS Lazio,,,TIMED
558518,2026/27,2026-11-28 19:45:00+00:00,REGULAR_SEASON,,13,FC Internazionale Milano,Genoa CFC,,,TIMED
558517,2026/27,2026-11-29 11:30:00+00:00,REGULAR_SEASON,,13,Udinese Calcio,ACF Fiorentina,,,TIMED
558509,2026/27,2026-11-29 14:00:00+00:00,REGULAR_SEASON,,13,US Sassuolo Calcio,SSC Napoli,,,TIMED
558512,2026/27,2026-11-29 17:00:00+00:00,REGULAR_SEASON,,13,AS Roma,AC Monza,,,TIMED
558511,2026/27,2026-11-29 19:45:00+00:00,REGULAR_SEASON,,13,Como 1907,Juventus FC,,,TIMED
558516,2026/27,2026-11-30 17:30:00+00:00,REGULAR_SEASON,,13,US Lecce,Atalanta BC,,,TIMED
558510,2026/27,2026-11-30 19:45:00+00:00,REGULAR_SEASON,,13,Cagliari Calcio,AC Milan,,,TIMED
558502,2026/27,2026-12-04 19:45:00+00:00,REGULAR_SEASON,,14,Bologna FC 1909,AS Roma,,,TIMED
558507,2026/27,2026-12-05 14:00:00+00:00,REGULAR_SEASON,,14,AC Monza,Como 1907,,,TIMED
558501,2026/27,2026-12-05 17:00:00+00:00,REGULAR_SEASON,,14,Frosinone Calcio,FC Internazionale Milano,,,TIMED
558508,2026/27,2026-12-05 19:45:00+00:00,REGULAR_SEASON,,14,SSC Napoli,US Lecce,,,TIMED
558499,2026/27,2026-12-06 11:30:00+00:00,REGULAR_SEASON,,14,Genoa CFC,Torino FC,,,TIMED
558504,2026/27,2026-12-06 14:00:00+00:00,REGULAR_SEASON,,14,SS Lazio,Atalanta BC,,,TIMED
558500,2026/27,2026-12-06 17:00:00+00:00,REGULAR_SEASON,,14,Juventus FC,Udinese Calcio,,,TIMED
558505,2026/27,2026-12-06 19:45:00+00:00,REGULAR_SEASON,,14,AC Milan,Parma Calcio 1913,,,TIMED
558506,2026/27,2026-12-07 17:30:00+00:00,REGULAR_SEASON,,14,Venezia FC,US Sassuolo Calcio,,,TIMED
558503,2026/27,2026-12-07 19:45:00+00:00,REGULAR_SEASON,,14,ACF Fiorentina,Cagliari Calcio,,,TIMED
558491,2026/27,2026-12-11 19:45:00+00:00,REGULAR_SEASON,,15,Udinese Calcio,Frosinone Calcio,,,TIMED
558494,2026/27,2026-12-12 14:00:00+00:00,REGULAR_SEASON,,15,Cagliari Calcio,Venezia FC,,,TIMED
558492,2026/27,2026-12-12 17:00:00+00:00,REGULAR_SEASON,,15,US Lecce,US Sassuolo Calcio,,,TIMED
558490,2026/27,2026-12-12 19:45:00+00:00,REGULAR_SEASON,,15,Como 1907,Bologna FC 1909,,,TIMED
558498,2026/27,2026-12-13 11:30:00+00:00,REGULAR_SEASON,,15,SS Lazio,AS Roma,,,TIMED
558495,2026/27,2026-12-13 14:00:00+00:00,REGULAR_SEASON,,15,FC Internazionale Milano,Torino FC,,,TIMED
558493,2026/27,2026-12-13 17:00:00+00:00,REGULAR_SEASON,,15,Parma Calcio 1913,ACF Fiorentina,,,TIMED
558489,2026/27,2026-12-13 19:45:00+00:00,REGULAR_SEASON,,15,SSC Napoli,AC Milan,,,TIMED
558497,2026/27,2026-12-14 17:30:00+00:00,REGULAR_SEASON,,15,Atalanta BC,Genoa CFC,,,TIMED
558496,2026/27,2026-12-14 19:45:00+00:00,REGULAR_SEASON,,15,Juventus FC,AC Monza,,,TIMED
558482,2026/27,2026-12-18 17:30:00+00:00,REGULAR_SEASON,,16,Frosinone Calcio,SS Lazio,,,TIMED
558486,2026/27,2026-12-18 19:45:00+00:00,REGULAR_SEASON,,16,US Lecce,FC Internazionale Milano,,,TIMED
558480,2026/27,2026-12-19 14:00:00+00:00,REGULAR_SEASON,,16,US Sassuolo Calcio,Parma Calcio 1913,,,TIMED
558479,2026/27,2026-12-19 17:00:00+00:00,REGULAR_SEASON,,16,AC Milan,Como 1907,,,TIMED
558481,2026/27,2026-12-19 19:45:00+00:00,REGULAR_SEASON,,16,AS Roma,Juventus FC,,,TIMED
558484,2026/27,2026-12-20 11:30:00+00:00,REGULAR_SEASON,,16,ACF Fiorentina,Bologna FC 1909,,,TIMED
558487,2026/27,2026-12-20 14:00:00+00:00,REGULAR_SEASON,,16,Torino FC,Cagliari Calcio,,,TIMED
558488,2026/27,2026-12-20 14:00:00+00:00,REGULAR_SEASON,,16,Venezia FC,AC Monza,,,TIMED
558485,2026/27,2026-12-20 17:00:00+00:00,REGULAR_SEASON,,16,Genoa CFC,Udinese Calcio,,,TIMED
558483,2026/27,2026-12-20 19:45:00+00:00,REGULAR_SEASON,,16,Atalanta BC,SSC Napoli,,,TIMED
558473,2026/27,2027-01-02 11:30:00+00:00,REGULAR_SEASON,,17,Cagliari Calcio,Genoa CFC,,,TIMED
558474,2026/27,2027-01-02 14:00:00+00:00,REGULAR_SEASON,,17,Torino FC,Venezia FC,,,TIMED
558478,2026/27,2027-01-02 14:00:00+00:00,REGULAR_SEASON,,17,ACF Fiorentina,SS Lazio,,,TIMED
558471,2026/27,2027-01-02 17:00:00+00:00,REGULAR_SEASON,,17,AS Roma,Frosinone Calcio,,,TIMED
558475,2026/27,2027-01-02 19:45:00+00:00,REGULAR_SEASON,,17,AC Monza,AC Milan,,,TIMED
558476,2026/27,2027-01-03 11:30:00+00:00,REGULAR_SEASON,,17,FC Internazionale Milano,US Sassuolo Calcio,,,TIMED
558469,2026/27,2027-01-03 14:00:00+00:00,REGULAR_SEASON,,17,Udinese Calcio,Atalanta BC,,,TIMED
558470,2026/27,2027-01-03 14:00:00+00:00,REGULAR_SEASON,,17,Como 1907,US Lecce,,,TIMED
558472,2026/27,2027-01-03 17:00:00+00:00,REGULAR_SEASON,,17,Parma Calcio 1913,SSC Napoli,,,TIMED
558477,2026/27,2027-01-03 19:45:00+00:00,REGULAR_SEASON,,17,Bologna FC 1909,Juventus FC,,,TIMED
558461,2026/27,2027-01-05 17:30:00+00:00,REGULAR_SEASON,,18,Genoa CFC,AC Monza,,,TIMED
558462,2026/27,2027-01-05 17:30:00+00:00,REGULAR_SEASON,,18,Venezia FC,AS Roma,,,TIMED
558464,2026/27,2027-01-05 19:45:00+00:00,REGULAR_SEASON,,18,AC Milan,ACF Fiorentina,,,TIMED
558465,2026/27,2027-01-06 11:30:00+00:00,REGULAR_SEASON,,18,Juventus FC,Torino FC,,,TIMED
558459,2026/27,2027-01-06 14:00:00+00:00,REGULAR_SEASON,,18,Frosinone Calcio,Bologna FC 1909,,,TIMED
558468,2026/27,2027-01-06 14:00:00+00:00,REGULAR_SEASON,,18,US Lecce,Parma Calcio 1913,,,TIMED
558466,2026/27,2027-01-06 17:00:00+00:00,REGULAR_SEASON,,18,Atalanta BC,Como 1907,,,TIMED
558467,2026/27,2027-01-06 19:45:00+00:00,REGULAR_SEASON,,18,SS Lazio,FC Internazionale Milano,,,TIMED
558460,2026/27,2027-01-07 17:30:00+00:00,REGULAR_SEASON,,18,US Sassuolo Calcio,Udinese Calcio,,,TIMED
558463,2026/27,2027-01-07 19:45:00+00:00,REGULAR_SEASON,,18,SSC Napoli,Cagliari Calcio,,,TIMED
558452,2026/27,2027-01-09 14:00:00+00:00,REGULAR_SEASON,,19,AC Monza,Frosinone Calcio,,,TIMED
558458,2026/27,2027-01-09 17:00:00+00:00,REGULAR_SEASON,,19,AS Roma,AC Milan,,,TIMED
558455,2026/27,2027-01-09 19:45:00+00:00,REGULAR_SEASON,,19,Bologna FC 1909,Genoa CFC,,,TIMED
558457,2026/27,2027-01-10 11:30:00+00:00,REGULAR_SEASON,,19,Como 1907,SS Lazio,,,TIMED
558449,2026/27,2027-01-10 14:00:00+00:00,REGULAR_SEASON,,19,ACF Fiorentina,US Lecce,,,TIMED
558454,2026/27,2027-01-10 14:00:00+00:00,REGULAR_SEASON,,19,Parma Calcio 1913,Venezia FC,,,TIMED
558451,2026/27,2027-01-10 17:00:00+00:00,REGULAR_SEASON,,19,Torino FC,Atalanta BC,,,TIMED
558453,2026/27,2027-01-10 19:45:00+00:00,REGULAR_SEASON,,19,FC Internazionale Milano,Juventus FC,,,TIMED
558456,2026/27,2027-01-11 17:30:00+00:00,REGULAR_SEASON,,19,Cagliari Calcio,US Sassuolo Calcio,,,TIMED
558450,2026/27,2027-01-11 19:45:00+00:00,REGULAR_SEASON,,19,Udinese Calcio,SSC Napoli,,,TIMED
558439,2026/27,2027-01-17 00:00:00+00:00,REGULAR_SEASON,,20,AC Milan,Torino FC,,,SCHEDULED
558440,2026/27,2027-01-17 00:00:00+00:00,REGULAR_SEASON,,20,Parma Calcio 1913,FC Internazionale Milano,,,SCHEDULED
558441,2026/27,2027-01-17 00:00:00+00:00,REGULAR_SEASON,,20,Juventus FC,Genoa CFC,,,SCHEDULED
558442,2026/27,2027-01-17 00:00:00+00:00,REGULAR_SEASON,,20,US Lecce,Udinese Calcio,,,SCHEDULED
558443,2026/27,2027-01-17 00:00:00+00:00,REGULAR_SEASON,,20,Cagliari Calcio,Como 1907,,,SCHEDULED
558444,2026/27,2027-01-17 00:00:00+00:00,REGULAR_SEASON,,20,US Sassuolo Calcio,AC Monza,,,SCHEDULED
558445,2026/27,2027-01-17 00:00:00+00:00,REGULAR_SEASON,,20,SSC Napoli,ACF Fiorentina,,,SCHEDULED
558446,2026/27,2027-01-17 00:00:00+00:00,REGULAR_SEASON,,20,SS Lazio,Bologna FC 1909,,,SCHEDULED
558447,2026/27,2027-01-17 00:00:00+00:00,REGULAR_SEASON,,20,Venezia FC,Frosinone Calcio,,,SCHEDULED
558448,2026/27,2027-01-17 00:00:00+00:00,REGULAR_SEASON,,20,Atalanta BC,AS Roma,,,SCHEDULED
558434,2026/27,2027-01-24 00:00:00+00:00,REGULAR_SEASON,,21,AS Roma,Udinese Calcio,,,SCHEDULED
558438,2026/27,2027-01-24 00:00:00+00:00,REGULAR_SEASON,,21,AC Monza,SS Lazio,,,SCHEDULED
558437,2026/27,2027-01-24 00:00:00+00:00,REGULAR_SEASON,,21,Como 1907,SSC Napoli,,,SCHEDULED
558435,2026/27,2027-01-24 00:00:00+00:00,REGULAR_SEASON,,21,Bologna FC 1909,Atalanta BC,,,SCHEDULED
558436,2026/27,2027-01-24 00:00:00+00:00,REGULAR_SEASON,,21,Genoa CFC,Parma Calcio 1913,,,SCHEDULED
558429,2026/27,2027-01-24 00:00:00+00:00,REGULAR_SEASON,,21,US Lecce,Torino FC,,,SCHEDULED
558432,2026/27,2027-01-24 00:00:00+00:00,REGULAR_SEASON,,21,ACF Fiorentina,US Sassuolo Calcio,,,SCHEDULED
558430,2026/27,2027-01-24 00:00:00+00:00,REGULAR_SEASON,,21,Juventus FC,Cagliari Calcio,,,SCHEDULED
558433,2026/27,2027-01-24 00:00:00+00:00,REGULAR_SEASON,,21,Frosinone Calcio,AC Milan,,,SCHEDULED
558431,2026/27,2027-01-24 00:00:00+00:00,REGULAR_SEASON,,21,FC Internazionale Milano,Venezia FC,,,SCHEDULED
558426,2026/27,2027-01-31 00:00:00+00:00,REGULAR_SEASON,,22,Atalanta BC,ACF Fiorentina,,,SCHEDULED
558424,2026/27,2027-01-31 00:00:00+00:00,REGULAR_SEASON,,22,Genoa CFC,US Lecce,,,SCHEDULED
558425,2026/27,2027-01-31 00:00:00+00:00,REGULAR_SEASON,,22,Cagliari Calcio,Parma Calcio 1913,,,SCHEDULED
558427,2026/27,2027-01-31 00:00:00+00:00,REGULAR_SEASON,,22,SS Lazio,Venezia FC,,,SCHEDULED
558428,2026/27,2027-01-31 00:00:00+00:00,REGULAR_SEASON,,22,SSC Napoli,FC Internazionale Milano,,,SCHEDULED
558423,2026/27,2027-01-31 00:00:00+00:00,REGULAR_SEASON,,22,US Sassuolo Calcio,Como 1907,,,SCHEDULED
558421,2026/27,2027-01-31 00:00:00+00:00,REGULAR_SEASON,,22,Torino FC,Frosinone Calcio,,,SCHEDULED
558419,2026/27,2027-01-31 00:00:00+00:00,REGULAR_SEASON,,22,AC Milan,Juventus FC,,,SCHEDULED
558422,2026/27,2027-01-31 00:00:00+00:00,REGULAR_SEASON,,22,Udinese Calcio,Bologna FC 1909,,,SCHEDULED
558420,2026/27,2027-01-31 00:00:00+00:00,REGULAR_SEASON,,22,AC Monza,AS Roma,,,SCHEDULED
558415,2026/27,2027-02-07 00:00:00+00:00,REGULAR_SEASON,,23,Atalanta BC,SS Lazio,,,SCHEDULED
558418,2026/27,2027-02-07 00:00:00+00:00,REGULAR_SEASON,,23,ACF Fiorentina,Udinese Calcio,,,SCHEDULED
558417,2026/27,2027-02-07 00:00:00+00:00,REGULAR_SEASON,,23,Bologna FC 1909,AC Milan,,,SCHEDULED
558416,2026/27,2027-02-07 00:00:00+00:00,REGULAR_SEASON,,23,Parma Calcio 1913,Frosinone Calcio,,,SCHEDULED
558414,2026/27,2027-02-07 00:00:00+00:00,REGULAR_SEASON,,23,AS Roma,Torino FC,,,SCHEDULED
558413,2026/27,2027-02-07 00:00:00+00:00,REGULAR_SEASON,,23,Venezia FC,Genoa CFC,,,SCHEDULED
558410,2026/27,2027-02-07 00:00:00+00:00,REGULAR_SEASON,,23,FC Internazionale Milano,Cagliari Calcio,,,SCHEDULED
558409,2026/27,2027-02-07 00:00:00+00:00,REGULAR_SEASON,,23,Juventus FC,US Sassuolo Calcio,,,SCHEDULED
558412,2026/27,2027-02-07 00:00:00+00:00,REGULAR_SEASON,,23,US Lecce,SSC Napoli,,,SCHEDULED
558411,2026/27,2027-02-07 00:00:00+00:00,REGULAR_SEASON,,23,Como 1907,AC Monza,,,SCHEDULED
558406,2026/27,2027-02-14 00:00:00+00:00,REGULAR_SEASON,,24,Genoa CFC,Atalanta BC,,,SCHEDULED
558405,2026/27,2027-02-14 00:00:00+00:00,REGULAR_SEASON,,24,Udinese Calcio,Venezia FC,,,SCHEDULED
558408,2026/27,2027-02-14 00:00:00+00:00,REGULAR_SEASON,,24,FC Internazionale Milano,AC Milan,,,SCHEDULED
558404,2026/27,2027-02-14 00:00:00+00:00,REGULAR_SEASON,,24,AS Roma,Parma Calcio 1913,,,SCHEDULED
558407,2026/27,2027-02-14 00:00:00+00:00,REGULAR_SEASON,,24,Cagliari Calcio,SS Lazio,,,SCHEDULED
558402,2026/27,2027-02-14 00:00:00+00:00,REGULAR_SEASON,,24,Frosinone Calcio,ACF Fiorentina,,,SCHEDULED
558403,2026/27,2027-02-14 00:00:00+00:00,REGULAR_SEASON,,24,Bologna FC 1909,Como 1907,,,SCHEDULED
558400,2026/27,2027-02-14 00:00:00+00:00,REGULAR_SEASON,,24,AC Monza,US Lecce,,,SCHEDULED
558399,2026/27,2027-02-14 00:00:00+00:00,REGULAR_SEASON,,24,SSC Napoli,Juventus FC,,,SCHEDULED
558401,2026/27,2027-02-14 00:00:00+00:00,REGULAR_SEASON,,24,Torino FC,US Sassuolo Calcio,,,SCHEDULED
558398,2026/27,2027-02-21 00:00:00+00:00,REGULAR_SEASON,,25,SS Lazio,SSC Napoli,,,SCHEDULED
558397,2026/27,2027-02-21 00:00:00+00:00,REGULAR_SEASON,,25,US Lecce,Frosinone Calcio,,,SCHEDULED
558396,2026/27,2027-02-21 00:00:00+00:00,REGULAR_SEASON,,25,Venezia FC,Cagliari Calcio,,,SCHEDULED
558395,2026/27,2027-02-21 00:00:00+00:00,REGULAR_SEASON,,25,AC Milan,Genoa CFC,,,SCHEDULED
558394,2026/27,2027-02-21 00:00:00+00:00,REGULAR_SEASON,,25,US Sassuolo Calcio,AS Roma,,,SCHEDULED
558393,2026/27,2027-02-21 00:00:00+00:00,REGULAR_SEASON,,25,ACF Fiorentina,FC Internazionale Milano,,,SCHEDULED
558392,2026/27,2027-02-21 00:00:00+00:00,REGULAR_SEASON,,25,Juventus FC,Bologna FC 1909,,,SCHEDULED
558391,2026/27,2027-02-21 00:00:00+00:00,REGULAR_SEASON,,25,Udinese Calcio,Parma Calcio 1913,,,SCHEDULED
558390,2026/27,2027-02-21 00:00:00+00:00,REGULAR_SEASON,,25,Atalanta BC,AC Monza,,,SCHEDULED
558389,2026/27,2027-02-21 00:00:00+00:00,REGULAR_SEASON,,25,Como 1907,Torino FC,,,SCHEDULED
558387,2026/27,2027-02-28 00:00:00+00:00,REGULAR_SEASON,,26,AC Monza,Juventus FC,,,SCHEDULED
558386,2026/27,2027-02-28 00:00:00+00:00,REGULAR_SEASON,,26,Bologna FC 1909,US Lecce,,,SCHEDULED
558385,2026/27,2027-02-28 00:00:00+00:00,REGULAR_SEASON,,26,Torino FC,ACF Fiorentina,,,SCHEDULED
558384,2026/27,2027-02-28 00:00:00+00:00,REGULAR_SEASON,,26,Como 1907,AC Milan,,,SCHEDULED
558388,2026/27,2027-02-28 00:00:00+00:00,REGULAR_SEASON,,26,Frosinone Calcio,SSC Napoli,,,SCHEDULED
558382,2026/27,2027-02-28 00:00:00+00:00,REGULAR_SEASON,,26,Genoa CFC,SS Lazio,,,SCHEDULED
558381,2026/27,2027-02-28 00:00:00+00:00,REGULAR_SEASON,,26,Parma Calcio 1913,US Sassuolo Calcio,,,SCHEDULED
558380,2026/27,2027-02-28 00:00:00+00:00,REGULAR_SEASON,,26,Cagliari Calcio,Udinese Calcio,,,SCHEDULED
558379,2026/27,2027-02-28 00:00:00+00:00,REGULAR_SEASON,,26,FC Internazionale Milano,Atalanta BC,,,SCHEDULED
558383,2026/27,2027-02-28 00:00:00+00:00,REGULAR_SEASON,,26,AS Roma,Venezia FC,,,SCHEDULED
558377,2026/27,2027-03-07 00:00:00+00:00,REGULAR_SEASON,,27,AC Milan,Cagliari Calcio,,,SCHEDULED
558376,2026/27,2027-03-07 00:00:00+00:00,REGULAR_SEASON,,27,ACF Fiorentina,Venezia FC,,,SCHEDULED
558375,2026/27,2027-03-07 00:00:00+00:00,REGULAR_SEASON,,27,AC Monza,Genoa CFC,,,SCHEDULED
558374,2026/27,2027-03-07 00:00:00+00:00,REGULAR_SEASON,,27,US Sassuolo Calcio,Bologna FC 1909,,,SCHEDULED
558378,2026/27,2027-03-07 00:00:00+00:00,REGULAR_SEASON,,27,Juventus FC,AS Roma,,,SCHEDULED
558372,2026/27,2027-03-07 00:00:00+00:00,REGULAR_SEASON,,27,US Lecce,Como 1907,,,SCHEDULED
558371,2026/27,2027-03-07 00:00:00+00:00,REGULAR_SEASON,,27,SSC Napoli,Parma Calcio 1913,,,SCHEDULED
558370,2026/27,2027-03-07 00:00:00+00:00,REGULAR_SEASON,,27,Atalanta BC,Torino FC,,,SCHEDULED
558369,2026/27,2027-03-07 00:00:00+00:00,REGULAR_SEASON,,27,Udinese Calcio,FC Internazionale Milano,,,SCHEDULED
558373,2026/27,2027-03-07 00:00:00+00:00,REGULAR_SEASON,,27,SS Lazio,Frosinone Calcio,,,SCHEDULED
558365,2026/27,2027-03-14 00:00:00+00:00,REGULAR_SEASON,,28,Frosinone Calcio,AC Monza,,,SCHEDULED
558368,2026/27,2027-03-14 00:00:00+00:00,REGULAR_SEASON,,28,Venezia FC,Atalanta BC,,,SCHEDULED
558367,2026/27,2027-03-14 00:00:00+00:00,REGULAR_SEASON,,28,SS Lazio,Juventus FC,,,SCHEDULED
558366,2026/27,2027-03-14 00:00:00+00:00,REGULAR_SEASON,,28,Como 1907,Udinese Calcio,,,SCHEDULED
558364,2026/27,2027-03-14 00:00:00+00:00,REGULAR_SEASON,,28,Torino FC,FC Internazionale Milano,,,SCHEDULED
558363,2026/27,2027-03-14 00:00:00+00:00,REGULAR_SEASON,,28,Parma Calcio 1913,US Lecce,,,SCHEDULED
558360,2026/27,2027-03-14 00:00:00+00:00,REGULAR_SEASON,,28,Cagliari Calcio,ACF Fiorentina,,,SCHEDULED
558359,2026/27,2027-03-14 00:00:00+00:00,REGULAR_SEASON,,28,Bologna FC 1909,SSC Napoli,,,SCHEDULED
558362,2026/27,2027-03-14 00:00:00+00:00,REGULAR_SEASON,,28,Genoa CFC,AS Roma,,,SCHEDULED
558361,2026/27,2027-03-14 00:00:00+00:00,REGULAR_SEASON,,28,AC Milan,US Sassuolo Calcio,,,SCHEDULED
558356,2026/27,2027-03-21 00:00:00+00:00,REGULAR_SEASON,,29,FC Internazionale Milano,Frosinone Calcio,,,SCHEDULED
558355,2026/27,2027-03-21 00:00:00+00:00,REGULAR_SEASON,,29,AC Monza,Bologna FC 1909,,,SCHEDULED
558358,2026/27,2027-03-21 00:00:00+00:00,REGULAR_SEASON,,29,Atalanta BC,AC Milan,,,SCHEDULED
558357,2026/27,2027-03-21 00:00:00+00:00,REGULAR_SEASON,,29,AS Roma,US Lecce,,,SCHEDULED
558354,2026/27,2027-03-21 00:00:00+00:00,REGULAR_SEASON,,29,US Sassuolo Calcio,Cagliari Calcio,,,SCHEDULED
558353,2026/27,2027-03-21 00:00:00+00:00,REGULAR_SEASON,,29,Parma Calcio 1913,SS Lazio,,,SCHEDULED
558351,2026/27,2027-03-21 00:00:00+00:00,REGULAR_SEASON,,29,Juventus FC,Como 1907,,,SCHEDULED
558350,2026/27,2027-03-21 00:00:00+00:00,REGULAR_SEASON,,29,Udinese Calcio,Torino FC,,,SCHEDULED
558349,2026/27,2027-03-21 00:00:00+00:00,REGULAR_SEASON,,29,SSC Napoli,Venezia FC,,,SCHEDULED
558352,2026/27,2027-03-21 00:00:00+00:00,REGULAR_SEASON,,29,ACF Fiorentina,Genoa CFC,,,SCHEDULED
558344,2026/27,2027-04-04 00:00:00+00:00,REGULAR_SEASON,,30,AC Milan,AC Monza,,,SCHEDULED
558348,2026/27,2027-04-04 00:00:00+00:00,REGULAR_SEASON,,30,Frosinone Calcio,Udinese Calcio,,,SCHEDULED
558347,2026/27,2027-04-04 00:00:00+00:00,REGULAR_SEASON,,30,Venezia FC,Parma Calcio 1913,,,SCHEDULED
558346,2026/27,2027-04-04 00:00:00+00:00,REGULAR_SEASON,,30,Torino FC,Juventus FC,,,SCHEDULED
558345,2026/27,2027-04-04 00:00:00+00:00,REGULAR_SEASON,,30,Genoa CFC,FC Internazionale Milano,,,SCHEDULED
558341,2026/27,2027-04-04 00:00:00+00:00,REGULAR_SEASON,,30,Como 1907,ACF Fiorentina,,,SCHEDULED
558340,2026/27,2027-04-04 00:00:00+00:00,REGULAR_SEASON,,30,Cagliari Calcio,SSC Napoli,,,SCHEDULED
558339,2026/27,2027-04-04 00:00:00+00:00,REGULAR_SEASON,,30,US Lecce,SS Lazio,,,SCHEDULED
558343,2026/27,2027-04-04 00:00:00+00:00,REGULAR_SEASON,,30,AS Roma,Bologna FC 1909,,,SCHEDULED
558342,2026/27,2027-04-04 00:00:00+00:00,REGULAR_SEASON,,30,US Sassuolo Calcio,Atalanta BC,,,SCHEDULED
558333,2026/27,2027-04-11 00:00:00+00:00,REGULAR_SEASON,,31,Frosinone Calcio,Genoa CFC,,,SCHEDULED
558331,2026/27,2027-04-11 00:00:00+00:00,REGULAR_SEASON,,31,Parma Calcio 1913,Como 1907,,,SCHEDULED
558335,2026/27,2027-04-11 00:00:00+00:00,REGULAR_SEASON,,31,Udinese Calcio,AC Monza,,,SCHEDULED
558334,2026/27,2027-04-11 00:00:00+00:00,REGULAR_SEASON,,31,FC Internazionale Milano,AS Roma,,,SCHEDULED
558332,2026/27,2027-04-11 00:00:00+00:00,REGULAR_SEASON,,31,Bologna FC 1909,Venezia FC,,,SCHEDULED
558329,2026/27,2027-04-11 00:00:00+00:00,REGULAR_SEASON,,31,SS Lazio,Torino FC,,,SCHEDULED
558338,2026/27,2027-04-11 00:00:00+00:00,REGULAR_SEASON,,31,ACF Fiorentina,AC Milan,,,SCHEDULED
558337,2026/27,2027-04-11 00:00:00+00:00,REGULAR_SEASON,,31,SSC Napoli,US Sassuolo Calcio,,,SCHEDULED
558330,2026/27,2027-04-11 00:00:00+00:00,REGULAR_SEASON,,31,Cagliari Calcio,Atalanta BC,,,SCHEDULED
558336,2026/27,2027-04-11 00:00:00+00:00,REGULAR_SEASON,,31,Juventus FC,US Lecce,,,SCHEDULED
558326,2026/27,2027-04-18 00:00:00+00:00,REGULAR_SEASON,,32,Venezia FC,Juventus FC,,,SCHEDULED
558324,2026/27,2027-04-18 00:00:00+00:00,REGULAR_SEASON,,32,Bologna FC 1909,Cagliari Calcio,,,SCHEDULED
558328,2026/27,2027-04-18 00:00:00+00:00,REGULAR_SEASON,,32,Torino FC,Genoa CFC,,,SCHEDULED
558327,2026/27,2027-04-18 00:00:00+00:00,REGULAR_SEASON,,32,AC Milan,SSC Napoli,,,SCHEDULED
558325,2026/27,2027-04-18 00:00:00+00:00,REGULAR_SEASON,,32,Atalanta BC,Udinese Calcio,,,SCHEDULED
558322,2026/27,2027-04-18 00:00:00+00:00,REGULAR_SEASON,,32,Como 1907,Frosinone Calcio,,,SCHEDULED
558321,2026/27,2027-04-18 00:00:00+00:00,REGULAR_SEASON,,32,AS Roma,SS Lazio,,,SCHEDULED
558320,2026/27,2027-04-18 00:00:00+00:00,REGULAR_SEASON,,32,ACF Fiorentina,Parma Calcio 1913,,,SCHEDULED
558323,2026/27,2027-04-18 00:00:00+00:00,REGULAR_SEASON,,32,US Sassuolo Calcio,US Lecce,,,SCHEDULED
558319,2026/27,2027-04-18 00:00:00+00:00,REGULAR_SEASON,,32,AC Monza,FC Internazionale Milano,,,SCHEDULED
558314,2026/27,2027-04-25 00:00:00+00:00,REGULAR_SEASON,,33,Juventus FC,ACF Fiorentina,,,SCHEDULED
558318,2026/27,2027-04-25 00:00:00+00:00,REGULAR_SEASON,,33,FC Internazionale Milano,Bologna FC 1909,,,SCHEDULED
558317,2026/27,2027-04-25 00:00:00+00:00,REGULAR_SEASON,,33,Venezia FC,Torino FC,,,SCHEDULED
558316,2026/27,2027-04-25 00:00:00+00:00,REGULAR_SEASON,,33,US Lecce,AC Milan,,,SCHEDULED
558315,2026/27,2027-04-25 00:00:00+00:00,REGULAR_SEASON,,33,Genoa CFC,US Sassuolo Calcio,,,SCHEDULED
558311,2026/27,2027-04-25 00:00:00+00:00,REGULAR_SEASON,,33,SSC Napoli,Udinese Calcio,,,SCHEDULED
558310,2026/27,2027-04-25 00:00:00+00:00,REGULAR_SEASON,,33,Cagliari Calcio,AC Monza,,,SCHEDULED
558309,2026/27,2027-04-25 00:00:00+00:00,REGULAR_SEASON,,33,Frosinone Calcio,AS Roma,,,SCHEDULED
558313,2026/27,2027-04-25 00:00:00+00:00,REGULAR_SEASON,,33,SS Lazio,Como 1907,,,SCHEDULED
558312,2026/27,2027-04-25 00:00:00+00:00,REGULAR_SEASON,,33,Parma Calcio 1913,Atalanta BC,,,SCHEDULED
558306,2026/27,2027-05-02 00:00:00+00:00,REGULAR_SEASON,,34,AC Monza,Venezia FC,,,SCHEDULED
558305,2026/27,2027-05-02 00:00:00+00:00,REGULAR_SEASON,,34,Como 1907,FC Internazionale Milano,,,SCHEDULED
558308,2026/27,2027-05-02 00:00:00+00:00,REGULAR_SEASON,,34,AS Roma,SSC Napoli,,,SCHEDULED
558304,2026/27,2027-05-02 00:00:00+00:00,REGULAR_SEASON,,34,Bologna FC 1909,ACF Fiorentina,,,SCHEDULED
558307,2026/27,2027-05-02 00:00:00+00:00,REGULAR_SEASON,,34,US Lecce,Cagliari Calcio,,,SCHEDULED
558300,2026/27,2027-05-02 00:00:00+00:00,REGULAR_SEASON,,34,Torino FC,Parma Calcio 1913,,,SCHEDULED
558303,2026/27,2027-05-02 00:00:00+00:00,REGULAR_SEASON,,34,US Sassuolo Calcio,Frosinone Calcio,,,SCHEDULED
558301,2026/27,2027-05-02 00:00:00+00:00,REGULAR_SEASON,,34,AC Milan,SS Lazio,,,SCHEDULED
558299,2026/27,2027-05-02 00:00:00+00:00,REGULAR_SEASON,,34,Atalanta BC,Juventus FC,,,SCHEDULED
558302,2026/27,2027-05-02 00:00:00+00:00,REGULAR_SEASON,,34,Udinese Calcio,Genoa CFC,,,SCHEDULED
558298,2026/27,2027-05-09 00:00:00+00:00,REGULAR_SEASON,,35,ACF Fiorentina,AS Roma,,,SCHEDULED
558297,2026/27,2027-05-09 00:00:00+00:00,REGULAR_SEASON,,35,Frosinone Calcio,Atalanta BC,,,SCHEDULED
558296,2026/27,2027-05-09 00:00:00+00:00,REGULAR_SEASON,,35,Torino FC,Bologna FC 1909,,,SCHEDULED
558295,2026/27,2027-05-09 00:00:00+00:00,REGULAR_SEASON,,35,Udinese Calcio,Juventus FC,,,SCHEDULED
558294,2026/27,2027-05-09 00:00:00+00:00,REGULAR_SEASON,,35,Venezia FC,Como 1907,,,SCHEDULED
558293,2026/27,2027-05-09 00:00:00+00:00,REGULAR_SEASON,,35,FC Internazionale Milano,US Lecce,,,SCHEDULED
558292,2026/27,2027-05-09 00:00:00+00:00,REGULAR_SEASON,,35,SSC Napoli,AC Monza,,,SCHEDULED
558291,2026/27,2027-05-09 00:00:00+00:00,REGULAR_SEASON,,35,SS Lazio,US Sassuolo Calcio,,,SCHEDULED
558290,2026/27,2027-05-09 00:00:00+00:00,REGULAR_SEASON,,35,Genoa CFC,Cagliari Calcio,,,SCHEDULED
558289,2026/27,2027-05-09 00:00:00+00:00,REGULAR_SEASON,,35,Parma Calcio 1913,AC Milan,,,SCHEDULED
558287,2026/27,2027-05-16 00:00:00+00:00,REGULAR_SEASON,,36,AC Milan,AS Roma,,,SCHEDULED
558286,2026/27,2027-05-16 00:00:00+00:00,REGULAR_SEASON,,36,AC Monza,Parma Calcio 1913,,,SCHEDULED
558285,2026/27,2027-05-16 00:00:00+00:00,REGULAR_SEASON,,36,US Sassuolo Calcio,Venezia FC,,,SCHEDULED
558284,2026/27,2027-05-16 00:00:00+00:00,REGULAR_SEASON,,36,Juventus FC,FC Internazionale Milano,,,SCHEDULED
558288,2026/27,2027-05-16 00:00:00+00:00,REGULAR_SEASON,,36,Cagliari Calcio,Torino FC,,,SCHEDULED
558282,2026/27,2027-05-16 00:00:00+00:00,REGULAR_SEASON,,36,Bologna FC 1909,Frosinone Calcio,,,SCHEDULED
558281,2026/27,2027-05-16 00:00:00+00:00,REGULAR_SEASON,,36,SS Lazio,Udinese Calcio,,,SCHEDULED
558283,2026/27,2027-05-16 00:00:00+00:00,REGULAR_SEASON,,36,Como 1907,Atalanta BC,,,SCHEDULED
558279,2026/27,2027-05-16 00:00:00+00:00,REGULAR_SEASON,,36,SSC Napoli,Genoa CFC,,,SCHEDULED
558280,2026/27,2027-05-16 00:00:00+00:00,REGULAR_SEASON,,36,US Lecce,ACF Fiorentina,,,SCHEDULED
558276,2026/27,2027-05-23 00:00:00+00:00,REGULAR_SEASON,,37,ACF Fiorentina,AC Monza,,,SCHEDULED
558278,2026/27,2027-05-23 00:00:00+00:00,REGULAR_SEASON,,37,Genoa CFC,Bologna FC 1909,,,SCHEDULED
558275,2026/27,2027-05-23 00:00:00+00:00,REGULAR_SEASON,,37,Frosinone Calcio,Cagliari Calcio,,,SCHEDULED
558274,2026/27,2027-05-23 00:00:00+00:00,REGULAR_SEASON,,37,Udinese Calcio,US Sassuolo Calcio,,,SCHEDULED
558277,2026/27,2027-05-23 00:00:00+00:00,REGULAR_SEASON,,37,Venezia FC,AC Milan,,,SCHEDULED
558272,2026/27,2027-05-23 00:00:00+00:00,REGULAR_SEASON,,37,Atalanta BC,US Lecce,,,SCHEDULED
558271,2026/27,2027-05-23 00:00:00+00:00,REGULAR_SEASON,,37,Torino FC,SSC Napoli,,,SCHEDULED
558269,2026/27,2027-05-23 00:00:00+00:00,REGULAR_SEASON,,37,AS Roma,Como 1907,,,SCHEDULED
558273,2026/27,2027-05-23 00:00:00+00:00,REGULAR_SEASON,,37,FC Internazionale Milano,SS Lazio,,,SCHEDULED
558270,2026/27,2027-05-23 00:00:00+00:00,REGULAR_SEASON,,37,Parma Calcio 1913,Juventus FC,,,SCHEDULED
558265,2026/27,2027-05-30 00:00:00+00:00,REGULAR_SEASON,,38,Como 1907,Genoa CFC,,,SCHEDULED
558266,2026/27,2027-05-30 00:00:00+00:00,REGULAR_SEASON,,38,SSC Napoli,Atalanta BC,,,SCHEDULED
558267,2026/27,2027-05-30 00:00:00+00:00,REGULAR_SEASON,,38,US Lecce,Venezia FC,,,SCHEDULED
558259,2026/27,2027-05-30 00:00:00+00:00,REGULAR_SEASON,,38,AC Milan,Udinese Calcio,,,SCHEDULED
558260,2026/27,2027-05-30 00:00:00+00:00,REGULAR_SEASON,,38,Juventus FC,Frosinone Calcio,,,SCHEDULED
558261,2026/27,2027-05-30 00:00:00+00:00,REGULAR_SEASON,,38,AC Monza,Torino FC,,,SCHEDULED
558262,2026/27,2027-05-30 00:00:00+00:00,REGULAR_SEASON,,38,US Sassuolo Calcio,FC Internazionale Milano,,,SCHEDULED
558263,2026/27,2027-05-30 00:00:00+00:00,REGULAR_SEASON,,38,Cagliari Calcio,AS Roma,,,SCHEDULED
558264,2026/27,2027-05-30 00:00:00+00:00,REGULAR_SEASON,,38,SS Lazio,ACF Fiorentina,,,SCHEDULED
558268,2026/27,2027-05-30 00:00:00+00:00,REGULAR_SEASON,,38,Bologna FC 1909,Parma Calcio 1913,,,SCHEDULED
