season,date,home_team,away_team,home_xg,away_xg,home_ppda,away_ppda,home_ppda_allowed,away_ppda_allowed,home_deep,away_deep,home_deep_allowed,away_deep_allowed
2016/17,2016-08-13 15:30:00,Hull City AFC,Leicester City FC,0.740018,2.45631,17.866666666666667,11.28,11.28,17.866666666666667,0.0,5.0,5.0,0.0
2016/17,2016-08-13 18:00:00,Crystal Palace FC,West Bromwich Albion FC,0.990062,0.684593,4.260869565217392,7.076923076923077,7.076923076923077,4.260869565217392,4.0,5.0,5.0,4.0
2016/17,2016-08-13 18:00:00,Everton FC,Tottenham Hotspur FC,0.790063,1.12348,7.419354838709677,5.411764705882353,5.411764705882353,7.419354838709677,5.0,8.0,8.0,5.0
2016/17,2016-08-13 18:00:00,Burnley FC,Swansea City AFC,1.04903,1.72089,10.952380952380953,10.3125,10.3125,10.952380952380953,5.0,2.0,2.0,5.0
2016/17,2016-08-13 18:00:00,Middlesbrough FC,Stoke City FC,1.80523,0.485626,7.3125,9.045454545454545,9.045454545454545,7.3125,4.0,4.0,4.0,4.0
2016/17,2016-08-13 18:00:00,Southampton FC,Watford FC,0.937328,0.180046,6.583333333333333,14.956521739130435,14.956521739130435,6.583333333333333,6.0,4.0,4.0,6.0
2016/17,2016-08-13 20:30:00,Manchester City FC,Sunderland AFC,1.95479,1.09877,5.428571428571429,16.0,16.0,5.428571428571429,11.0,4.0,4.0,11.0
2016/17,2016-08-14 16:30:00,AFC Bournemouth,Manchester United FC,0.522847,1.91105,14.625,10.52,10.52,14.625,3.0,4.0,4.0,3.0
2016/17,2016-08-14 19:00:00,Arsenal FC,Liverpool FC,1.18197,1.6591,8.666666666666666,9.586206896551724,9.586206896551724,8.666666666666666,2.0,12.0,12.0,2.0
2016/17,2016-08-15 23:00:00,Chelsea FC,West Ham United FC,1.4603,0.445604,6.264705882352941,11.892857142857142,11.892857142857142,6.264705882352941,7.0,3.0,3.0,7.0
2016/17,2016-08-19 23:00:00,Manchester United FC,Southampton FC,1.36553,0.613233,17.2,6.870967741935484,6.870967741935484,17.2,9.0,8.0,8.0,9.0
2016/17,2016-08-20 15:30:00,Stoke City FC,Manchester City FC,1.31066,2.17198,13.31578947368421,4.7272727272727275,4.7272727272727275,13.31578947368421,3.0,9.0,9.0,3.0
2016/17,2016-08-20 18:00:00,Burnley FC,Liverpool FC,0.197536,0.939025,25.4375,6.0,6.0,25.4375,0.0,14.0,14.0,0.0
2016/17,2016-08-20 18:00:00,Swansea City AFC,Hull City AFC,1.14134,2.18655,10.233333333333333,25.25,25.25,10.233333333333333,11.0,5.0,5.0,11.0
2016/17,2016-08-20 18:00:00,Tottenham Hotspur FC,Crystal Palace FC,2.25623,0.357943,4.84375,8.35483870967742,8.35483870967742,4.84375,2.0,6.0,6.0,2.0
2016/17,2016-08-20 18:00:00,Watford FC,Chelsea FC,0.804549,1.75595,9.866666666666667,8.375,8.375,9.866666666666667,1.0,9.0,9.0,1.0
2016/17,2016-08-20 18:00:00,West Bromwich Albion FC,Everton FC,2.01885,1.83897,11.88888888888889,4.857142857142857,4.857142857142857,11.88888888888889,7.0,8.0,8.0,7.0
2016/17,2016-08-20 20:30:00,Leicester City FC,Arsenal FC,0.553693,0.521509,7.444444444444445,6.6521739130434785,6.6521739130434785,7.444444444444445,8.0,12.0,12.0,8.0
2016/17,2016-08-21 16:30:00,Sunderland AFC,Middlesbrough FC,1.4645,0.854908,9.96551724137931,5.875,5.875,9.96551724137931,12.0,6.0,6.0,12.0
2016/17,2016-08-21 19:00:00,West Ham United FC,AFC Bournemouth,1.69288,0.39341,7.4411764705882355,7.478260869565218,7.478260869565218,7.4411764705882355,13.0,7.0,7.0,13.0
2016/17,2016-08-27 15:30:00,Tottenham Hotspur FC,Liverpool FC,0.590511,1.92569,7.571428571428571,7.129032258064516,7.129032258064516,7.571428571428571,3.0,11.0,11.0,3.0
2016/17,2016-08-27 18:00:00,Watford FC,Arsenal FC,1.07775,2.03271,9.862068965517242,7.0344827586206895,7.0344827586206895,9.862068965517242,8.0,11.0,11.0,8.0
2016/17,2016-08-27 18:00:00,Leicester City FC,Swansea City AFC,2.47977,0.32818,5.857142857142857,11.333333333333334,11.333333333333334,5.857142857142857,3.0,4.0,4.0,3.0
2016/17,2016-08-27 18:00:00,Southampton FC,Sunderland AFC,0.613743,1.39142,5.842105263157895,15.176470588235293,15.176470588235293,5.842105263157895,4.0,7.0,7.0,4.0
2016/17,2016-08-27 18:00:00,Chelsea FC,Burnley FC,2.65838,0.18449,16.642857142857142,14.291666666666666,14.291666666666666,16.642857142857142,23.0,1.0,1.0,23.0
2016/17,2016-08-27 18:00:00,Crystal Palace FC,AFC Bournemouth,2.659,0.974014,4.882352941176471,12.947368421052632,12.947368421052632,4.882352941176471,12.0,8.0,8.0,12.0
2016/17,2016-08-27 18:00:00,Everton FC,Stoke City FC,2.31835,0.187415,7.137931034482759,11.16,11.16,7.137931034482759,9.0,9.0,9.0,9.0
2016/17,2016-08-27 20:30:00,Hull City AFC,Manchester United FC,0.268815,2.47208,19.153846153846153,11.85,11.85,19.153846153846153,2.0,15.0,15.0,2.0
2016/17,2016-08-28 16:30:00,West Bromwich Albion FC,Middlesbrough FC,0.696845,0.396816,17.88888888888889,6.730769230769231,6.730769230769231,17.88888888888889,5.0,4.0,4.0,5.0
2016/17,2016-08-28 19:00:00,Manchester City FC,West Ham United FC,3.21624,1.08385,5.615384615384615,13.615384615384615,13.615384615384615,5.615384615384615,18.0,0.0,0.0,18.0
2016/17,2016-09-10 15:30:00,Manchester United FC,Manchester City FC,1.01013,1.88688,11.074074074074074,5.057142857142857,5.057142857142857,11.074074074074074,8.0,11.0,11.0,8.0
2016/17,2016-09-10 18:00:00,Middlesbrough FC,Crystal Palace FC,0.611959,1.12437,9.304347826086957,16.842105263157894,16.842105263157894,9.304347826086957,2.0,4.0,4.0,2.0
2016/17,2016-09-10 18:00:00,Stoke City FC,Tottenham Hotspur FC,1.01771,2.77025,13.4,8.666666666666666,8.666666666666666,13.4,10.0,9.0,9.0,10.0
2016/17,2016-09-10 18:00:00,Arsenal FC,Southampton FC,1.89219,1.17522,10.782608695652174,12.375,12.375,10.782608695652174,13.0,1.0,1.0,13.0
2016/17,2016-09-10 18:00:00,AFC Bournemouth,West Bromwich Albion FC,0.986511,1.48347,6.842105263157895,10.666666666666666,10.666666666666666,6.842105263157895,8.0,4.0,4.0,8.0
2016/17,2016-09-10 18:00:00,Burnley FC,Hull City AFC,0.453149,0.907116,13.931034482758621,12.777777777777779,12.777777777777779,13.931034482758621,7.0,2.0,2.0,7.0
2016/17,2016-09-10 18:00:00,West Ham United FC,Watford FC,1.32216,1.85479,5.448275862068965,12.095238095238095,12.095238095238095,5.448275862068965,5.0,6.0,6.0,5.0
2016/17,2016-09-10 20:30:00,Liverpool FC,Leicester City FC,2.76916,1.22508,15.3,14.772727272727273,14.772727272727273,15.3,14.0,3.0,3.0,14.0
2016/17,2016-09-11 19:00:00,Swansea City AFC,Chelsea FC,1.2304,2.19035,10.25,13.764705882352942,13.764705882352942,10.25,3.0,14.0,14.0,3.0
2016/17,2016-09-12 23:00:00,Sunderland AFC,Everton FC,1.0404,2.84526,16.956521739130434,4.88,4.88,16.956521739130434,3.0,4.0,4.0,3.0
2016/17,2016-09-16 23:00:00,Chelsea FC,Liverpool FC,1.16415,1.41642,14.705882352941176,10.09375,10.09375,14.705882352941176,11.0,4.0,4.0,11.0
2016/17,2016-09-17 18:00:00,Hull City AFC,Arsenal FC,0.969693,3.63453,37.1,10.818181818181818,10.818181818181818,37.1,5.0,14.0,14.0,5.0
2016/17,2016-09-17 18:00:00,Leicester City FC,Burnley FC,1.98503,0.464523,9.736842105263158,15.0,15.0,9.736842105263158,6.0,1.0,1.0,6.0
2016/17,2016-09-17 18:00:00,Manchester City FC,AFC Bournemouth,3.38733,0.389672,4.395348837209302,21.2,21.2,4.395348837209302,16.0,2.0,2.0,16.0
2016/17,2016-09-17 18:00:00,West Bromwich Albion FC,West Ham United FC,1.94229,2.37422,19.263157894736842,4.517241379310345,4.517241379310345,19.263157894736842,2.0,10.0,10.0,2.0
2016/17,2016-09-17 20:30:00,Everton FC,Middlesbrough FC,1.17467,0.178081,24.23076923076923,9.472222222222221,9.472222222222221,24.23076923076923,8.0,1.0,1.0,8.0
2016/17,2016-09-18 15:00:00,Watford FC,Manchester United FC,1.74506,1.41359,11.476190476190476,6.055555555555555,6.055555555555555,11.476190476190476,4.0,6.0,6.0,4.0
2016/17,2016-09-18 17:15:00,Crystal Palace FC,Stoke City FC,1.31366,1.20308,6.0344827586206895,8.90625,8.90625,6.0344827586206895,3.0,3.0,3.0,3.0
2016/17,2016-09-18 17:15:00,Southampton FC,Swansea City AFC,2.15218,0.490661,8.52,16.928571428571427,16.928571428571427,8.52,7.0,4.0,4.0,7.0
2016/17,2016-09-18 19:30:00,Tottenham Hotspur FC,Sunderland AFC,2.52591,0.960821,5.421052631578948,17.7,17.7,5.421052631578948,10.0,2.0,2.0,10.0
2016/17,2016-09-24 15:00:00,Swansea City AFC,Manchester City FC,1.11096,2.57704,11.428571428571429,9.956521739130435,9.956521739130435,11.428571428571429,5.0,23.0,23.0,5.0
2016/17,2016-09-24 15:30:00,Manchester United FC,Leicester City FC,2.45604,0.286966,6.954545454545454,19.454545454545453,19.454545454545453,6.954545454545454,11.0,11.0,11.0,11.0
2016/17,2016-09-24 18:00:00,Middlesbrough FC,Tottenham Hotspur FC,0.361508,1.4158,6.9,10.0,10.0,6.9,0.0,12.0,12.0,0.0
2016/17,2016-09-24 18:00:00,Stoke City FC,West Bromwich Albion FC,0.979673,0.270862,7.285714285714286,7.8076923076923075,7.8076923076923075,7.285714285714286,4.0,3.0,3.0,4.0
2016/17,2016-09-24 18:00:00,Sunderland AFC,Crystal Palace FC,1.51457,1.7887,10.375,9.411764705882353,9.411764705882353,10.375,7.0,6.0,6.0,7.0
2016/17,2016-09-24 18:00:00,Liverpool FC,Hull City AFC,4.64913,0.157549,5.833333333333333,26.5,26.5,5.833333333333333,21.0,2.0,2.0,21.0
2016/17,2016-09-24 18:00:00,AFC Bournemouth,Everton FC,0.693594,1.15724,8.571428571428571,8.25925925925926,8.25925925925926,8.571428571428571,4.0,4.0,4.0,4.0
2016/17,2016-09-24 20:30:00,Arsenal FC,Chelsea FC,1.66224,0.613553,11.416666666666666,11.8,11.8,11.416666666666666,15.0,4.0,4.0,15.0
2016/17,2016-09-25 19:00:00,West Ham United FC,Southampton FC,0.693818,2.97877,11.826086956521738,9.227272727272727,9.227272727272727,11.826086956521738,4.0,12.0,12.0,4.0
2016/17,2016-09-26 23:00:00,Burnley FC,Watford FC,0.569734,0.776105,10.958333333333334,9.61111111111111,9.61111111111111,10.958333333333334,2.0,1.0,1.0,2.0
2016/17,2016-09-30 23:00:00,Everton FC,Crystal Palace FC,1.1542,0.47692,5.08,11.1875,11.1875,5.08,8.0,6.0,6.0,8.0
2016/17,2016-10-01 15:30:00,Swansea City AFC,Liverpool FC,2.65842,2.02239,13.857142857142858,9.16,9.16,13.857142857142858,2.0,16.0,16.0,2.0
2016/17,2016-10-01 18:00:00,Sunderland AFC,West Bromwich Albion FC,1.19268,0.88211,7.545454545454546,20.0,20.0,7.545454545454546,8.0,7.0,7.0,8.0
2016/17,2016-10-01 18:00:00,Hull City AFC,Chelsea FC,0.27266,1.99155,14.789473684210526,11.095238095238095,11.095238095238095,14.789473684210526,2.0,11.0,11.0,2.0
2016/17,2016-10-01 18:00:00,Watford FC,AFC Bournemouth,1.23419,1.35487,6.464285714285714,9.0,9.0,6.464285714285714,12.0,2.0,2.0,12.0
2016/17,2016-10-01 18:00:00,West Ham United FC,Middlesbrough FC,0.883385,0.852603,11.538461538461538,7.458333333333333,7.458333333333333,11.538461538461538,3.0,2.0,2.0,3.0
2016/17,2016-10-02 15:00:00,Manchester United FC,Stoke City FC,2.80988,1.20043,4.206896551724138,21.076923076923077,21.076923076923077,4.206896551724138,11.0,6.0,6.0,11.0
2016/17,2016-10-02 17:15:00,Leicester City FC,Southampton FC,0.446309,0.920963,19.4,10.952380952380953,10.952380952380953,19.4,4.0,8.0,8.0,4.0
2016/17,2016-10-02 17:15:00,Tottenham Hotspur FC,Manchester City FC,1.69975,0.909513,5.909090909090909,7.136363636363637,7.136363636363637,5.909090909090909,2.0,13.0,13.0,2.0
2016/17,2016-10-02 19:30:00,Burnley FC,Arsenal FC,0.608783,1.85433,29.916666666666668,7.833333333333333,7.833333333333333,29.916666666666668,0.0,15.0,15.0,0.0
2016/17,2016-10-15 15:30:00,Chelsea FC,Leicester City FC,3.11573,0.182549,11.217391304347826,12.8,12.8,11.217391304347826,12.0,3.0,3.0,12.0
2016/17,2016-10-15 18:00:00,Arsenal FC,Swansea City AFC,3.50519,1.74979,13.0,8.571428571428571,8.571428571428571,13.0,11.0,7.0,7.0,11.0
2016/17,2016-10-15 18:00:00,AFC Bournemouth,Hull City AFC,2.92532,0.388589,7.472222222222222,16.647058823529413,16.647058823529413,7.472222222222222,11.0,1.0,1.0,11.0
2016/17,2016-10-15 18:00:00,Manchester City FC,Everton FC,2.69208,0.144498,5.9,24.416666666666668,24.416666666666668,5.9,23.0,1.0,1.0,23.0
2016/17,2016-10-15 18:00:00,Stoke City FC,Sunderland AFC,2.29543,0.587572,11.375,14.263157894736842,14.263157894736842,11.375,12.0,6.0,6.0,12.0
2016/17,2016-10-15 18:00:00,West Bromwich Albion FC,Tottenham Hotspur FC,1.30365,1.32318,15.476190476190476,4.2105263157894735,4.2105263157894735,15.476190476190476,2.0,13.0,13.0,2.0
2016/17,2016-10-15 20:30:00,Crystal Palace FC,West Ham United FC,1.94599,0.874219,11.8,8.0,8.0,11.8,3.0,4.0,4.0,3.0
2016/17,2016-10-16 16:30:00,Middlesbrough FC,Watford FC,0.528576,0.0893749,5.464285714285714,15.052631578947368,15.052631578947368,5.464285714285714,3.0,2.0,2.0,3.0
2016/17,2016-10-16 19:00:00,Southampton FC,Burnley FC,4.21181,1.03126,18.11111111111111,16.529411764705884,16.529411764705884,18.11111111111111,9.0,4.0,4.0,9.0
2016/17,2016-10-17 23:00:00,Liverpool FC,Manchester United FC,0.270441,0.537762,4.515151515151516,9.236842105263158,9.236842105263158,4.515151515151516,10.0,1.0,1.0,10.0
2016/17,2016-10-22 15:30:00,AFC Bournemouth,Tottenham Hotspur FC,0.523371,0.74529,11.24,5.464285714285714,5.464285714285714,11.24,3.0,11.0,11.0,3.0
2016/17,2016-10-22 18:00:00,West Ham United FC,Sunderland AFC,1.19585,0.808339,5.64,12.571428571428571,12.571428571428571,5.64,8.0,3.0,3.0,8.0
2016/17,2016-10-22 18:00:00,Swansea City AFC,Watford FC,1.33215,0.478578,7.551724137931035,7.925925925925926,7.925925925925926,7.551724137931035,5.0,6.0,6.0,5.0
2016/17,2016-10-22 18:00:00,Leicester City FC,Crystal Palace FC,1.7041,1.656,8.65625,7.217391304347826,7.217391304347826,8.65625,10.0,8.0,8.0,10.0
2016/17,2016-10-22 18:00:00,Hull City AFC,Stoke City FC,0.701606,1.04273,9.10344827586207,11.681818181818182,11.681818181818182,9.10344827586207,7.0,6.0,6.0,7.0
2016/17,2016-10-22 18:00:00,Burnley FC,Everton FC,0.905579,0.752795,8.875,8.9375,8.9375,8.875,2.0,5.0,5.0,2.0
2016/17,2016-10-22 18:00:00,Arsenal FC,Middlesbrough FC,0.711811,1.55581,4.578947368421052,20.5,20.5,4.578947368421052,13.0,0.0,0.0,13.0
2016/17,2016-10-22 20:30:00,Liverpool FC,West Bromwich Albion FC,2.2952,0.685982,8.117647058823529,18.3,18.3,8.117647058823529,13.0,4.0,4.0,13.0
2016/17,2016-10-23 16:30:00,Manchester City FC,Southampton FC,1.15321,0.563752,6.304347826086956,11.0,11.0,6.304347826086956,11.0,4.0,4.0,11.0
2016/17,2016-10-23 19:00:00,Chelsea FC,Manchester United FC,2.25192,0.742805,9.08,6.472222222222222,6.472222222222222,9.08,4.0,9.0,9.0,4.0
2016/17,2016-10-29 15:30:00,Sunderland AFC,Arsenal FC,0.853434,2.48348,13.956521739130435,6.333333333333333,6.333333333333333,13.956521739130435,1.0,12.0,12.0,1.0
2016/17,2016-10-29 18:00:00,Tottenham Hotspur FC,Leicester City FC,1.69833,0.740987,7.4,8.090909090909092,8.090909090909092,7.4,9.0,6.0,6.0,9.0
2016/17,2016-10-29 18:00:00,Watford FC,Hull City AFC,1.14991,0.251367,8.272727272727273,19.333333333333332,19.333333333333332,8.272727272727273,5.0,6.0,6.0,5.0
2016/17,2016-10-29 18:00:00,West Bromwich Albion FC,Manchester City FC,0.596605,2.48018,16.208333333333332,7.681818181818182,7.681818181818182,16.208333333333332,3.0,13.0,13.0,3.0
2016/17,2016-10-29 18:00:00,Middlesbrough FC,AFC Bournemouth,1.44317,1.54599,9.791666666666666,9.904761904761905,9.904761904761905,9.791666666666666,6.0,14.0,14.0,6.0
2016/17,2016-10-29 18:00:00,Manchester United FC,Burnley FC,2.72391,0.327957,8.461538461538462,20.933333333333334,20.933333333333334,8.461538461538462,20.0,4.0,4.0,20.0
2016/17,2016-10-29 20:30:00,Crystal Palace FC,Liverpool FC,0.496044,2.26056,10.91304347826087,9.26086956521739,9.26086956521739,10.91304347826087,12.0,16.0,16.0,12.0
2016/17,2016-10-30 17:30:00,Everton FC,West Ham United FC,2.0087,0.944816,11.761904761904763,10.9,10.9,11.761904761904763,5.0,6.0,6.0,5.0
2016/17,2016-10-30 20:00:00,Southampton FC,Chelsea FC,0.422364,1.14759,7.172413793103448,12.473684210526315,12.473684210526315,7.172413793103448,5.0,8.0,8.0,5.0
2016/17,2016-11-01 00:00:00,Stoke City FC,Swansea City AFC,2.16407,1.10058,17.933333333333334,7.875,7.875,17.933333333333334,10.0,4.0,4.0,10.0
2016/17,2016-11-05 19:00:00,AFC Bournemouth,Sunderland AFC,2.6457,1.13672,4.3,10.208333333333334,10.208333333333334,4.3,24.0,6.0,6.0,24.0
2016/17,2016-11-05 19:00:00,Burnley FC,Crystal Palace FC,2.25738,2.05902,19.6,7.454545454545454,7.454545454545454,19.6,3.0,11.0,11.0,3.0
2016/17,2016-11-05 19:00:00,Manchester City FC,Middlesbrough FC,2.49606,0.208762,5.28,11.666666666666666,11.666666666666666,5.28,15.0,1.0,1.0,15.0
2016/17,2016-11-05 19:00:00,West Ham United FC,Stoke City FC,0.404528,0.81046,10.117647058823529,18.470588235294116,18.470588235294116,10.117647058823529,2.0,5.0,5.0,2.0
2016/17,2016-11-05 21:30:00,Chelsea FC,Everton FC,1.94078,0.0131321,13.047619047619047,13.357142857142858,13.357142857142858,13.047619047619047,12.0,1.0,1.0,12.0
2016/17,2016-11-06 16:00:00,Arsenal FC,Tottenham Hotspur FC,0.675745,1.19585,6.951219512195122,6.8,6.8,6.951219512195122,9.0,3.0,3.0,9.0
2016/17,2016-11-06 18:15:00,Liverpool FC,Watford FC,4.18366,0.771133,6.161290322580645,16.470588235294116,16.470588235294116,6.161290322580645,17.0,5.0,5.0,17.0
2016/17,2016-11-06 18:15:00,Hull City AFC,Southampton FC,0.561215,2.03046,30.454545454545453,6.769230769230769,6.769230769230769,30.454545454545453,3.0,13.0,13.0,3.0
2016/17,2016-11-06 19:00:00,Swansea City AFC,Manchester United FC,0.51266,1.00006,26.58823529411765,11.68,11.68,26.58823529411765,1.0,10.0,10.0,1.0
2016/17,2016-11-06 20:30:00,Leicester City FC,West Bromwich Albion FC,0.629678,0.78196,8.736842105263158,9.851851851851851,9.851851851851851,8.736842105263158,5.0,1.0,1.0,5.0
2016/17,2016-11-19 16:30:00,Manchester United FC,Arsenal FC,0.511462,0.575813,6.390243902439025,10.666666666666666,10.666666666666666,6.390243902439025,4.0,5.0,5.0,4.0
2016/17,2016-11-19 19:00:00,Southampton FC,Liverpool FC,0.0942055,1.68802,19.11764705882353,4.439024390243903,4.439024390243903,19.11764705882353,0.0,11.0,11.0,0.0
2016/17,2016-11-19 19:00:00,Stoke City FC,AFC Bournemouth,1.60429,1.24012,6.541666666666667,6.035714285714286,6.035714285714286,6.541666666666667,8.0,4.0,4.0,8.0
2016/17,2016-11-19 19:00:00,Sunderland AFC,Hull City AFC,0.951511,1.25065,16.0,10.666666666666666,10.666666666666666,16.0,8.0,9.0,9.0,8.0
2016/17,2016-11-19 19:00:00,Watford FC,Leicester City FC,0.7197,1.19686,9.095238095238095,5.107142857142857,5.107142857142857,9.095238095238095,5.0,6.0,6.0,5.0
2016/17,2016-11-19 19:00:00,Everton FC,Swansea City AFC,1.54877,1.07471,5.64,12.95,12.95,5.64,2.0,3.0,3.0,2.0
2016/17,2016-11-19 19:00:00,Crystal Palace FC,Manchester City FC,0.431559,1.39421,6.705882352941177,5.409090909090909,5.409090909090909,6.705882352941177,2.0,6.0,6.0,2.0
2016/17,2016-11-19 21:30:00,Tottenham Hotspur FC,West Ham United FC,2.53396,1.76706,4.741935483870968,14.576923076923077,14.576923076923077,4.741935483870968,5.0,4.0,4.0,5.0
2016/17,2016-11-20 20:00:00,Middlesbrough FC,Chelsea FC,0.55976,1.68738,12.416666666666666,10.310344827586206,10.310344827586206,12.416666666666666,2.0,20.0,20.0,2.0
2016/17,2016-11-22 00:00:00,West Bromwich Albion FC,Burnley FC,1.40512,0.571005,21.428571428571427,8.727272727272727,8.727272727272727,21.428571428571427,3.0,2.0,2.0,3.0
2016/17,2016-11-26 16:30:00,Burnley FC,Manchester City FC,0.475642,2.25698,14.85,4.0,4.0,14.85,4.0,18.0,18.0,4.0
2016/17,2016-11-26 19:00:00,Hull City AFC,West Bromwich Albion FC,0.424457,1.40213,10.15,18.933333333333334,18.933333333333334,10.15,2.0,3.0,3.0,2.0
2016/17,2016-11-26 19:00:00,Swansea City AFC,Crystal Palace FC,3.3955,2.28156,5.153846153846154,8.590909090909092,8.590909090909092,5.153846153846154,8.0,5.0,5.0,8.0
2016/17,2016-11-26 19:00:00,Liverpool FC,Sunderland AFC,2.02461,0.291073,4.352941176470588,25.923076923076923,25.923076923076923,4.352941176470588,17.0,3.0,3.0,17.0
2016/17,2016-11-26 19:00:00,Leicester City FC,Middlesbrough FC,2.0478,0.425252,11.814814814814815,6.7272727272727275,6.7272727272727275,11.814814814814815,7.0,6.0,6.0,7.0
2016/17,2016-11-26 21:30:00,Chelsea FC,Tottenham Hotspur FC,1.24948,0.422568,9.153846153846153,6.2727272727272725,6.2727272727272725,9.153846153846153,7.0,3.0,3.0,7.0
2016/17,2016-11-27 16:00:00,Watford FC,Stoke City FC,0.541915,0.704736,5.026315789473684,7.681818181818182,7.681818181818182,5.026315789473684,4.0,2.0,2.0,4.0
2016/17,2016-11-27 18:15:00,Arsenal FC,AFC Bournemouth,2.8697,2.0491,8.074074074074074,12.38888888888889,12.38888888888889,8.074074074074074,21.0,6.0,6.0,21.0
2016/17,2016-11-27 20:30:00,Southampton FC,Everton FC,2.80562,0.615174,6.428571428571429,8.576923076923077,8.576923076923077,6.428571428571429,8.0,8.0,8.0,8.0
2016/17,2016-11-27 20:30:00,Manchester United FC,West Ham United FC,1.44452,0.749388,3.6176470588235294,13.08695652173913,13.08695652173913,3.6176470588235294,15.0,4.0,4.0,15.0
2016/17,2016-12-03 15:00:00,Sunderland AFC,Leicester City FC,1.4282,1.13791,11.428571428571429,6.896551724137931,6.896551724137931,11.428571428571429,9.0,3.0,3.0,9.0
2016/17,2016-12-03 16:30:00,Manchester City FC,Chelsea FC,2.24061,1.2848,5.705882352941177,13.476190476190476,13.476190476190476,5.705882352941177,9.0,8.0,8.0,9.0
2016/17,2016-12-03 19:00:00,Crystal Palace FC,Southampton FC,2.20073,0.764357,8.384615384615385,5.285714285714286,5.285714285714286,8.384615384615385,2.0,9.0,9.0,2.0
2016/17,2016-12-03 19:00:00,Stoke City FC,Burnley FC,1.12929,0.773995,11.538461538461538,8.689655172413794,8.689655172413794,11.538461538461538,5.0,9.0,9.0,5.0
2016/17,2016-12-03 19:00:00,Tottenham Hotspur FC,Swansea City AFC,3.9767,0.0342109,8.444444444444445,12.555555555555555,12.555555555555555,8.444444444444445,14.0,0.0,0.0,14.0
2016/17,2016-12-03 19:00:00,West Bromwich Albion FC,Watford FC,1.17737,1.476,17.285714285714285,7.444444444444445,7.444444444444445,17.285714285714285,2.0,6.0,6.0,2.0
2016/17,2016-12-03 21:30:00,West Ham United FC,Arsenal FC,0.882486,2.96923,7.67741935483871,13.61111111111111,13.61111111111111,7.67741935483871,3.0,13.0,13.0,3.0
2016/17,2016-12-04 17:30:00,AFC Bournemouth,Liverpool FC,2.54396,1.26532,16.263157894736842,6.967741935483871,6.967741935483871,16.263157894736842,6.0,7.0,7.0,6.0
2016/17,2016-12-04 20:00:00,Everton FC,Manchester United FC,1.64985,0.541299,8.333333333333334,6.642857142857143,6.642857142857143,8.333333333333334,2.0,6.0,6.0,2.0
2016/17,2016-12-06 00:00:00,Middlesbrough FC,Hull City AFC,1.94961,0.221339,11.272727272727273,28.416666666666668,28.416666666666668,11.272727272727273,6.0,3.0,3.0,6.0
2016/17,2016-12-10 16:30:00,Watford FC,Everton FC,1.49271,1.09675,8.0,8.85,8.85,8.0,6.0,8.0,8.0,6.0
2016/17,2016-12-10 19:00:00,Hull City AFC,Crystal Palace FC,2.16649,1.50059,7.0,17.416666666666668,17.416666666666668,7.0,7.0,4.0,4.0,7.0
2016/17,2016-12-10 19:00:00,Swansea City AFC,Sunderland AFC,2.18185,0.672058,5.76,13.68421052631579,13.68421052631579,5.76,5.0,5.0,5.0,5.0
2016/17,2016-12-10 19:00:00,Arsenal FC,Stoke City FC,1.58027,1.29401,5.44,14.9375,14.9375,5.44,11.0,10.0,10.0,11.0
2016/17,2016-12-10 19:00:00,Burnley FC,AFC Bournemouth,2.15178,1.00194,12.61111111111111,3.6363636363636362,3.6363636363636362,12.61111111111111,9.0,6.0,6.0,9.0
2016/17,2016-12-10 21:30:00,Leicester City FC,Manchester City FC,2.60583,0.970372,17.0,6.545454545454546,6.545454545454546,17.0,4.0,19.0,19.0,4.0
2016/17,2016-12-11 16:00:00,Chelsea FC,West Bromwich Albion FC,0.551109,0.212574,5.857142857142857,10.692307692307692,10.692307692307692,5.857142857142857,4.0,0.0,0.0,4.0
2016/17,2016-12-11 18:15:00,Manchester United FC,Tottenham Hotspur FC,1.04894,0.720341,6.1,4.166666666666667,4.166666666666667,6.1,11.0,1.0,1.0,11.0
2016/17,2016-12-11 18:15:00,Southampton FC,Middlesbrough FC,1.72919,0.493941,9.125,9.96551724137931,9.96551724137931,9.125,6.0,1.0,1.0,6.0
2016/17,2016-12-11 20:30:00,Liverpool FC,West Ham United FC,1.79134,0.64998,9.714285714285714,21.933333333333334,21.933333333333334,9.714285714285714,28.0,0.0,0.0,28.0
2016/17,2016-12-13 23:45:00,AFC Bournemouth,Leicester City FC,0.64118,1.6751,7.444444444444445,10.851851851851851,10.851851851851851,7.444444444444445,4.0,10.0,10.0,4.0
2016/17,2016-12-13 23:45:00,Everton FC,Arsenal FC,1.46034,1.3508,11.458333333333334,6.074074074074074,6.074074074074074,11.458333333333334,3.0,15.0,15.0,3.0
2016/17,2016-12-14 23:45:00,Middlesbrough FC,Liverpool FC,0.161583,2.13526,18.0,7.0606060606060606,7.0606060606060606,18.0,2.0,10.0,10.0,2.0
2016/17,2016-12-14 23:45:00,Sunderland AFC,Chelsea FC,0.473979,1.22459,16.72222222222222,8.705882352941176,8.705882352941176,16.72222222222222,5.0,4.0,4.0,5.0
2016/17,2016-12-14 23:45:00,West Ham United FC,Burnley FC,1.67016,0.923353,15.88888888888889,12.35,12.35,15.88888888888889,4.0,5.0,5.0,4.0
2016/17,2016-12-15 00:00:00,Crystal Palace FC,Manchester United FC,0.710324,1.27306,16.210526315789473,7.689655172413793,7.689655172413793,16.210526315789473,3.0,13.0,13.0,3.0
2016/17,2016-12-15 00:00:00,West Bromwich Albion FC,Swansea City AFC,1.78268,1.07221,15.0,10.058823529411764,10.058823529411764,15.0,2.0,1.0,1.0,2.0
2016/17,2016-12-15 00:00:00,Manchester City FC,Watford FC,1.62359,0.497462,3.4,12.333333333333334,12.333333333333334,3.4,12.0,1.0,1.0,12.0
2016/17,2016-12-15 00:00:00,Stoke City FC,Southampton FC,0.333754,0.723114,56.75,3.1481481481481484,3.1481481481481484,56.75,1.0,15.0,15.0,1.0
2016/17,2016-12-15 00:00:00,Tottenham Hotspur FC,Hull City AFC,2.83077,0.570636,16.727272727272727,15.296296296296296,15.296296296296296,16.727272727272727,9.0,3.0,3.0,9.0
2016/17,2016-12-17 16:30:00,Crystal Palace FC,Chelsea FC,0.356331,0.81444,9.142857142857142,12.523809523809524,12.523809523809524,9.142857142857142,5.0,13.0,13.0,5.0
2016/17,2016-12-17 19:00:00,Middlesbrough FC,Swansea City AFC,1.71549,0.602249,17.6875,9.8,9.8,17.6875,2.0,7.0,7.0,2.0
2016/17,2016-12-17 19:00:00,West Ham United FC,Hull City AFC,1.92151,1.13479,8.0,16.214285714285715,16.214285714285715,8.0,2.0,9.0,9.0,2.0
2016/17,2016-12-17 19:00:00,Stoke City FC,Leicester City FC,2.518,1.25572,9.411764705882353,16.77777777777778,16.77777777777778,9.411764705882353,7.0,4.0,4.0,7.0
2016/17,2016-12-17 19:00:00,Sunderland AFC,Watford FC,1.13526,1.07552,8.714285714285714,5.9,5.9,8.714285714285714,4.0,5.0,5.0,4.0
2016/17,2016-12-17 21:30:00,West Bromwich Albion FC,Manchester United FC,0.600426,0.983306,15.952380952380953,8.08695652173913,8.08695652173913,15.952380952380953,3.0,6.0,6.0,3.0
2016/17,2016-12-18 17:30:00,AFC Bournemouth,Southampton FC,0.492912,1.69451,12.818181818181818,8.391304347826088,8.391304347826088,12.818181818181818,5.0,10.0,10.0,5.0
2016/17,2016-12-18 20:00:00,Manchester City FC,Arsenal FC,1.5186,0.609893,6.25,17.41176470588235,17.41176470588235,6.25,6.0,5.0,5.0,6.0
2016/17,2016-12-18 20:00:00,Tottenham Hotspur FC,Burnley FC,1.50755,1.17031,8.9375,8.692307692307692,8.692307692307692,8.9375,7.0,4.0,4.0,7.0
2016/17,2016-12-20 00:00:00,Everton FC,Liverpool FC,0.456788,1.87823,14.571428571428571,5.761904761904762,5.761904761904762,14.571428571428571,1.0,17.0,17.0,1.0
2016/17,2016-12-26 15:00:00,Leicester City FC,Everton FC,0.377464,1.25512,10.73076923076923,9.764705882352942,9.764705882352942,10.73076923076923,6.0,4.0,4.0,6.0
2016/17,2016-12-26 16:30:00,Watford FC,Crystal Palace FC,0.959496,1.53834,5.076923076923077,7.380952380952381,7.380952380952381,5.076923076923077,3.0,1.0,1.0,3.0
2016/17,2016-12-26 19:00:00,Swansea City AFC,West Ham United FC,0.954864,3.40585,9.08,18.22222222222222,18.22222222222222,9.08,5.0,6.0,6.0,5.0
2016/17,2016-12-26 19:00:00,Manchester United FC,Sunderland AFC,2.32117,0.488541,17.818181818181817,16.88888888888889,16.88888888888889,17.818181818181817,14.0,1.0,1.0,14.0
2016/17,2016-12-26 19:00:00,Arsenal FC,West Bromwich Albion FC,1.97881,0.687502,4.448275862068965,24.153846153846153,24.153846153846153,4.448275862068965,24.0,0.0,0.0,24.0
2016/17,2016-12-26 19:00:00,Burnley FC,Middlesbrough FC,0.275704,0.698814,9.363636363636363,5.583333333333333,5.583333333333333,9.363636363636363,4.0,3.0,3.0,4.0
2016/17,2016-12-26 19:00:00,Chelsea FC,AFC Bournemouth,1.71303,0.650942,13.37037037037037,9.565217391304348,9.565217391304348,13.37037037037037,9.0,5.0,5.0,9.0
2016/17,2016-12-26 21:15:00,Hull City AFC,Manchester City FC,0.350069,2.22237,16.166666666666668,11.538461538461538,11.538461538461538,16.166666666666668,0.0,9.0,9.0,0.0
2016/17,2016-12-27 21:15:00,Liverpool FC,Stoke City FC,1.66669,0.389104,6.068965517241379,15.954545454545455,15.954545454545455,6.068965517241379,13.0,0.0,0.0,13.0
2016/17,2016-12-28 23:45:00,Southampton FC,Tottenham Hotspur FC,0.403743,1.61035,15.285714285714286,6.0,6.0,15.285714285714286,1.0,7.0,7.0,1.0
2016/17,2016-12-31 00:00:00,Hull City AFC,Everton FC,0.852585,1.27757,12.0,7.642857142857143,7.642857142857143,12.0,4.0,9.0,9.0,4.0
2016/17,2016-12-31 15:00:00,Leicester City FC,West Ham United FC,1.10842,1.58333,14.736842105263158,9.428571428571429,9.428571428571429,14.736842105263158,7.0,6.0,6.0,7.0
2016/17,2016-12-31 15:00:00,Manchester United FC,Middlesbrough FC,2.53996,0.64492,8.565217391304348,15.11111111111111,15.11111111111111,8.565217391304348,18.0,4.0,4.0,18.0
2016/17,2016-12-31 19:00:00,Burnley FC,Sunderland AFC,2.72471,0.465701,10.217391304347826,10.235294117647058,10.235294117647058,10.217391304347826,7.0,6.0,6.0,7.0
2016/17,2016-12-31 19:00:00,Chelsea FC,Stoke City FC,1.94737,0.858417,8.0,19.923076923076923,19.923076923076923,8.0,14.0,6.0,6.0,14.0
2016/17,2016-12-31 19:00:00,Southampton FC,West Bromwich Albion FC,0.371668,0.6675,3.8333333333333335,9.393939393939394,9.393939393939394,3.8333333333333335,4.0,3.0,3.0,4.0
2016/17,2016-12-31 19:00:00,Swansea City AFC,AFC Bournemouth,0.515218,2.43608,12.555555555555555,12.25,12.25,12.555555555555555,4.0,9.0,9.0,4.0
2016/17,2016-12-31 21:30:00,Liverpool FC,Manchester City FC,0.256825,0.352445,9.513513513513514,8.545454545454545,8.545454545454545,9.513513513513514,2.0,3.0,3.0,2.0
2016/17,2017-01-01 13:30:00,Watford FC,Tottenham Hotspur FC,1.26331,3.06509,15.318181818181818,7.9375,7.9375,15.318181818181818,6.0,10.0,10.0,6.0
2016/17,2017-01-01 20:00:00,Arsenal FC,Crystal Palace FC,1.67138,0.221469,6.230769230769231,22.857142857142858,22.857142857142858,6.230769230769231,19.0,2.0,2.0,19.0
2016/17,2017-01-02 15:00:00,Everton FC,Southampton FC,2.34997,1.01083,11.0,5.394736842105263,5.394736842105263,11.0,11.0,4.0,4.0,11.0
2016/17,2017-01-02 15:00:00,Manchester City FC,Burnley FC,0.617412,0.642111,11.529411764705882,13.157894736842104,13.157894736842104,11.529411764705882,6.0,5.0,5.0,6.0
2016/17,2017-01-02 16:30:00,Middlesbrough FC,Leicester City FC,0.697108,0.477078,7.0,9.366666666666667,9.366666666666667,7.0,2.0,9.0,9.0,2.0
2016/17,2017-01-02 19:00:00,West Bromwich Albion FC,Hull City AFC,0.883566,0.992341,19.4,11.8125,11.8125,19.4,1.0,2.0,2.0,1.0
2016/17,2017-01-02 19:00:00,Sunderland AFC,Liverpool FC,1.91057,2.332,19.57894736842105,8.705882352941176,8.705882352941176,19.57894736842105,4.0,10.0,10.0,4.0
2016/17,2017-01-02 21:15:00,West Ham United FC,Manchester United FC,0.799911,1.64905,19.526315789473685,7.0625,7.0625,19.526315789473685,4.0,16.0,16.0,4.0
2016/17,2017-01-03 23:45:00,AFC Bournemouth,Arsenal FC,1.55859,1.12629,11.6,6.75,6.75,11.6,4.0,22.0,22.0,4.0
2016/17,2017-01-04 00:00:00,Crystal Palace FC,Swansea City AFC,0.331276,1.18905,7.515151515151516,11.095238095238095,11.095238095238095,7.515151515151516,3.0,5.0,5.0,3.0
2016/17,2017-01-04 00:00:00,Stoke City FC,Watford FC,1.85359,0.510395,12.0,7.962962962962963,7.962962962962963,12.0,4.0,8.0,8.0,4.0
2016/17,2017-01-05 00:00:00,Tottenham Hotspur FC,Chelsea FC,1.00945,0.912754,11.071428571428571,13.421052631578947,13.421052631578947,11.071428571428571,1.0,6.0,6.0,1.0
2016/17,2017-01-14 16:30:00,Tottenham Hotspur FC,West Bromwich Albion FC,2.65474,0.165019,5.086956521739131,12.666666666666666,12.666666666666666,5.086956521739131,9.0,1.0,1.0,9.0
2016/17,2017-01-14 19:00:00,Watford FC,Middlesbrough FC,0.835827,0.325347,11.136363636363637,9.722222222222221,9.722222222222221,11.136363636363637,5.0,1.0,1.0,5.0
2016/17,2017-01-14 19:00:00,Sunderland AFC,Stoke City FC,1.1365,1.22897,7.793103448275862,11.4,11.4,7.793103448275862,7.0,8.0,8.0,7.0
2016/17,2017-01-14 19:00:00,Swansea City AFC,Arsenal FC,0.488485,2.31811,14.083333333333334,7.617647058823529,7.617647058823529,14.083333333333334,7.0,21.0,21.0,7.0
2016/17,2017-01-14 19:00:00,Hull City AFC,AFC Bournemouth,1.18904,1.43455,12.958333333333334,12.466666666666667,12.466666666666667,12.958333333333334,2.0,4.0,4.0,2.0
2016/17,2017-01-14 19:00:00,Burnley FC,Southampton FC,0.464555,0.962065,9.0,6.285714285714286,6.285714285714286,9.0,4.0,4.0,4.0,4.0
2016/17,2017-01-14 19:00:00,West Ham United FC,Crystal Palace FC,1.72338,1.06181,12.95,8.095238095238095,8.095238095238095,12.95,2.0,6.0,6.0,2.0
2016/17,2017-01-14 21:30:00,Leicester City FC,Chelsea FC,0.179144,0.738826,21.705882352941178,8.25,8.25,21.705882352941178,2.0,7.0,7.0,2.0
2016/17,2017-01-15 16:00:00,Manchester United FC,Liverpool FC,1.03178,1.46058,6.5625,9.851851851851851,9.851851851851851,6.5625,6.0,6.0,6.0,6.0
2016/17,2017-01-15 17:30:00,Everton FC,Manchester City FC,0.572528,0.569286,17.0,5.6521739130434785,5.6521739130434785,17.0,4.0,10.0,10.0,4.0
2016/17,2017-01-21 15:30:00,Liverpool FC,Swansea City AFC,1.24037,1.60482,4.78125,38.36363636363637,38.36363636363637,4.78125,14.0,8.0,8.0,14.0
2016/17,2017-01-21 18:00:00,Middlesbrough FC,West Ham United FC,0.958825,2.6558,9.333333333333334,15.105263157894736,15.105263157894736,9.333333333333334,7.0,5.0,5.0,7.0
2016/17,2017-01-21 18:00:00,AFC Bournemouth,Watford FC,1.14791,1.08731,11.846153846153847,7.962962962962963,7.962962962962963,11.846153846153847,7.0,4.0,4.0,7.0
2016/17,2017-01-21 18:00:00,Crystal Palace FC,Everton FC,0.463733,0.949561,12.941176470588236,12.4,12.4,12.941176470588236,6.0,6.0,6.0,6.0
2016/17,2017-01-21 18:00:00,Stoke City FC,Manchester United FC,0.353777,1.74295,12.130434782608695,7.208333333333333,7.208333333333333,12.130434782608695,4.0,11.0,11.0,4.0
2016/17,2017-01-21 18:00:00,West Bromwich Albion FC,Sunderland AFC,1.3279,0.440887,10.428571428571429,9.333333333333334,9.333333333333334,10.428571428571429,5.0,5.0,5.0,5.0
2016/17,2017-01-21 20:30:00,Manchester City FC,Tottenham Hotspur FC,2.52702,1.12391,7.258064516129032,11.842105263157896,11.842105263157896,7.258064516129032,11.0,4.0,4.0,11.0
2016/17,2017-01-22 15:00:00,Southampton FC,Leicester City FC,2.49923,0.935866,5.636363636363637,11.68421052631579,11.68421052631579,5.636363636363637,4.0,3.0,3.0,4.0
2016/17,2017-01-22 17:15:00,Arsenal FC,Burnley FC,1.86443,1.29948,8.214285714285714,17.764705882352942,17.764705882352942,8.214285714285714,19.0,7.0,7.0,19.0
2016/17,2017-01-22 19:30:00,Chelsea FC,Hull City AFC,1.47165,0.314532,15.238095238095237,9.607142857142858,9.607142857142858,15.238095238095237,9.0,6.0,6.0,9.0
2016/17,2017-01-31 22:45:00,Arsenal FC,Watford FC,1.07765,0.918309,4.1,10.151515151515152,10.151515151515152,4.1,15.0,2.0,2.0,15.0
2016/17,2017-01-31 22:45:00,AFC Bournemouth,Crystal Palace FC,0.32099,1.60667,3.090909090909091,6.935483870967742,6.935483870967742,3.090909090909091,1.0,3.0,3.0,1.0
2016/17,2017-01-31 22:45:00,Burnley FC,Leicester City FC,1.82995,0.775645,6.315789473684211,18.666666666666668,18.666666666666668,6.315789473684211,13.0,4.0,4.0,13.0
2016/17,2017-01-31 22:45:00,Middlesbrough FC,West Bromwich Albion FC,1.18135,1.25288,6.176470588235294,11.818181818181818,11.818181818181818,6.176470588235294,5.0,4.0,4.0,5.0
2016/17,2017-01-31 22:45:00,Sunderland AFC,Tottenham Hotspur FC,0.228009,0.682758,11.590909090909092,7.583333333333333,7.583333333333333,11.590909090909092,4.0,6.0,6.0,4.0
2016/17,2017-01-31 22:45:00,Swansea City AFC,Southampton FC,0.760046,0.907103,15.772727272727273,9.153846153846153,9.153846153846153,15.772727272727273,2.0,5.0,5.0,2.0
2016/17,2017-01-31 23:00:00,Liverpool FC,Chelsea FC,1.20485,1.0666,6.387096774193548,11.392857142857142,11.392857142857142,6.387096774193548,8.0,3.0,3.0,8.0
2016/17,2017-02-01 22:45:00,West Ham United FC,Manchester City FC,0.49472,2.66472,14.612903225806452,6.565217391304348,6.565217391304348,14.612903225806452,4.0,11.0,11.0,4.0
2016/17,2017-02-01 23:00:00,Manchester United FC,Hull City AFC,1.48151,0.395896,5.709677419354839,19.58823529411765,19.58823529411765,5.709677419354839,13.0,4.0,4.0,13.0
2016/17,2017-02-01 23:00:00,Stoke City FC,Everton FC,1.7362,0.870158,8.53125,13.933333333333334,13.933333333333334,8.53125,8.0,3.0,3.0,8.0
2016/17,2017-02-04 12:30:00,Chelsea FC,Arsenal FC,1.95451,0.950035,7.944444444444445,9.0,9.0,7.944444444444445,8.0,7.0,7.0,8.0
2016/17,2017-02-04 15:00:00,Crystal Palace FC,Sunderland AFC,2.45994,0.837361,5.241379310344827,19.153846153846153,19.153846153846153,5.241379310344827,5.0,1.0,1.0,5.0
2016/17,2017-02-04 15:00:00,Everton FC,AFC Bournemouth,2.75981,2.1501,24.5,11.08,11.08,24.5,4.0,12.0,12.0,4.0
2016/17,2017-02-04 15:00:00,Hull City AFC,Liverpool FC,1.88587,1.12538,33.333333333333336,4.818181818181818,4.818181818181818,33.333333333333336,3.0,16.0,16.0,3.0
2016/17,2017-02-04 15:00:00,Watford FC,Burnley FC,1.66308,1.4777,9.61111111111111,11.380952380952381,11.380952380952381,9.61111111111111,4.0,2.0,2.0,4.0
2016/17,2017-02-04 15:00:00,West Bromwich Albion FC,Stoke City FC,1.84983,1.10818,29.875,5.68,5.68,29.875,6.0,4.0,4.0,6.0
2016/17,2017-02-04 15:00:00,Southampton FC,West Ham United FC,1.06276,0.91785,10.142857142857142,9.448275862068966,9.448275862068966,10.142857142857142,5.0,2.0,2.0,5.0
2016/17,2017-02-04 17:30:00,Tottenham Hotspur FC,Middlesbrough FC,2.10053,0.50484,7.142857142857143,18.5,18.5,7.142857142857143,14.0,6.0,6.0,14.0
2016/17,2017-02-05 13:30:00,Manchester City FC,Swansea City AFC,2.87972,0.11445,9.176470588235293,20.38888888888889,20.38888888888889,9.176470588235293,13.0,0.0,0.0,13.0
2016/17,2017-02-05 16:00:00,Leicester City FC,Manchester United FC,0.492009,1.98688,19.823529411764707,6.2,6.2,19.823529411764707,1.0,9.0,9.0,1.0
2016/17,2017-02-11 12:30:00,Arsenal FC,Hull City AFC,3.1235,0.466403,10.73913043478261,11.318181818181818,11.318181818181818,10.73913043478261,17.0,4.0,4.0,17.0
2016/17,2017-02-11 15:00:00,Manchester United FC,Watford FC,2.627,0.641058,9.25925925925926,13.04,13.04,9.25925925925926,9.0,3.0,3.0,9.0
2016/17,2017-02-11 15:00:00,Middlesbrough FC,Everton FC,0.651056,0.831644,13.851851851851851,7.243243243243243,7.243243243243243,13.851851851851851,5.0,8.0,8.0,5.0
2016/17,2017-02-11 15:00:00,Stoke City FC,Crystal Palace FC,0.720883,0.202159,7.076923076923077,6.515151515151516,6.515151515151516,7.076923076923077,6.0,2.0,2.0,6.0
2016/17,2017-02-11 15:00:00,Sunderland AFC,Southampton FC,0.197925,1.72717,13.0,8.34375,8.34375,13.0,3.0,9.0,9.0,3.0
2016/17,2017-02-11 15:00:00,West Ham United FC,West Bromwich Albion FC,1.17553,0.769974,7.166666666666667,13.863636363636363,13.863636363636363,7.166666666666667,5.0,2.0,2.0,5.0
2016/17,2017-02-11 17:30:00,Liverpool FC,Tottenham Hotspur FC,2.38009,0.622104,6.8125,7.714285714285714,7.714285714285714,6.8125,10.0,3.0,3.0,10.0
2016/17,2017-02-12 13:30:00,Burnley FC,Chelsea FC,0.906366,0.800222,16.291666666666668,5.545454545454546,5.545454545454546,16.291666666666668,5.0,11.0,11.0,5.0
2016/17,2017-02-12 16:00:00,Swansea City AFC,Leicester City FC,0.693376,0.672883,13.842105263157896,11.73913043478261,11.73913043478261,13.842105263157896,2.0,6.0,6.0,2.0
2016/17,2017-02-13 20:00:00,AFC Bournemouth,Manchester City FC,0.152385,2.953,16.095238095238095,7.64,7.64,16.095238095238095,4.0,8.0,8.0,4.0
2016/17,2017-02-25 15:00:00,Chelsea FC,Swansea City AFC,1.22573,0.280172,10.428571428571429,15.296296296296296,15.296296296296296,10.428571428571429,19.0,1.0,1.0,19.0
2016/17,2017-02-25 15:00:00,Crystal Palace FC,Middlesbrough FC,0.808522,0.82885,8.419354838709678,6.2272727272727275,6.2272727272727275,8.419354838709678,9.0,7.0,7.0,9.0
2016/17,2017-02-25 15:00:00,Everton FC,Sunderland AFC,1.70366,0.505952,5.9523809523809526,17.88235294117647,17.88235294117647,5.9523809523809526,3.0,2.0,2.0,3.0
2016/17,2017-02-25 15:00:00,Hull City AFC,Burnley FC,1.59037,0.473058,14.428571428571429,15.3125,15.3125,14.428571428571429,5.0,4.0,4.0,5.0
2016/17,2017-02-25 15:00:00,West Bromwich Albion FC,AFC Bournemouth,1.6124,1.22747,16.38095238095238,13.6,13.6,16.38095238095238,5.0,12.0,12.0,5.0
2016/17,2017-02-25 17:30:00,Watford FC,West Ham United FC,1.21279,1.48144,11.521739130434783,4.285714285714286,4.285714285714286,11.521739130434783,4.0,4.0,4.0,4.0
2016/17,2017-02-26 13:30:00,Tottenham Hotspur FC,Stoke City FC,1.89002,0.743596,8.714285714285714,15.954545454545455,15.954545454545455,8.714285714285714,11.0,2.0,2.0,11.0
2016/17,2017-02-27 20:00:00,Leicester City FC,Liverpool FC,1.54732,0.789939,13.818181818181818,3.7142857142857144,3.7142857142857144,13.818181818181818,3.0,17.0,17.0,3.0
2016/17,2017-03-04 12:30:00,Manchester United FC,AFC Bournemouth,2.5377,0.816172,5.827586206896552,20.333333333333332,20.333333333333332,5.827586206896552,15.0,2.0,2.0,15.0
2016/17,2017-03-04 15:00:00,Leicester City FC,Hull City AFC,1.81255,1.1216,8.241379310344827,6.954545454545454,6.954545454545454,8.241379310344827,11.0,3.0,3.0,11.0
2016/17,2017-03-04 15:00:00,Stoke City FC,Middlesbrough FC,2.97584,0.274611,6.724137931034483,5.8,5.8,6.724137931034483,6.0,5.0,5.0,6.0
2016/17,2017-03-04 15:00:00,Swansea City AFC,Burnley FC,1.44545,0.933851,13.0,12.5,12.5,13.0,5.0,2.0,2.0,5.0
2016/17,2017-03-04 15:00:00,Watford FC,Southampton FC,1.40104,1.33681,8.03448275862069,7.333333333333333,7.333333333333333,8.03448275862069,8.0,5.0,5.0,8.0
2016/17,2017-03-04 15:00:00,West Bromwich Albion FC,Crystal Palace FC,0.3746,1.39171,10.0,5.758620689655173,5.758620689655173,10.0,0.0,8.0,8.0,0.0
2016/17,2017-03-04 17:30:00,Liverpool FC,Arsenal FC,2.70435,0.729203,10.3,9.095238095238095,9.095238095238095,10.3,15.0,5.0,5.0,15.0
2016/17,2017-03-05 13:30:00,Tottenham Hotspur FC,Everton FC,1.70225,0.808013,11.0,9.52,9.52,11.0,3.0,2.0,2.0,3.0
2016/17,2017-03-05 16:00:00,Sunderland AFC,Manchester City FC,0.737758,2.48022,13.96774193548387,6.636363636363637,6.636363636363637,13.96774193548387,0.0,15.0,15.0,0.0
2016/17,2017-03-06 20:00:00,West Ham United FC,Chelsea FC,0.450583,2.01134,13.08,15.863636363636363,15.863636363636363,13.08,6.0,11.0,11.0,6.0
2016/17,2017-03-08 20:00:00,Manchester City FC,Stoke City FC,1.3049,0.337194,5.62962962962963,17.3,17.3,5.62962962962963,2.0,2.0,2.0,2.0
2016/17,2017-03-11 15:00:00,AFC Bournemouth,West Ham United FC,3.68186,1.25315,5.482758620689655,6.423076923076923,6.423076923076923,5.482758620689655,6.0,10.0,10.0,6.0
2016/17,2017-03-11 15:00:00,Everton FC,West Bromwich Albion FC,2.17521,0.127321,9.722222222222221,17.263157894736842,17.263157894736842,9.722222222222221,4.0,2.0,2.0,4.0
2016/17,2017-03-11 15:00:00,Hull City AFC,Swansea City AFC,1.98818,1.44148,10.578947368421053,13.1875,13.1875,10.578947368421053,7.0,3.0,3.0,7.0
2016/17,2017-03-12 16:00:00,Liverpool FC,Burnley FC,0.966335,0.83474,10.76923076923077,12.666666666666666,12.666666666666666,10.76923076923077,7.0,5.0,5.0,7.0
2016/17,2017-03-18 12:30:00,West Bromwich Albion FC,Arsenal FC,2.11737,0.995221,20.38888888888889,4.947368421052632,4.947368421052632,20.38888888888889,4.0,9.0,9.0,4.0
2016/17,2017-03-18 15:00:00,West Ham United FC,Leicester City FC,2.32174,2.17004,7.636363636363637,15.5,15.5,7.636363636363637,8.0,6.0,6.0,8.0
2016/17,2017-03-18 15:00:00,Sunderland AFC,Burnley FC,1.03287,1.18742,9.705882352941176,13.777777777777779,13.777777777777779,9.705882352941176,4.0,7.0,7.0,4.0
2016/17,2017-03-18 15:00:00,Stoke City FC,Chelsea FC,0.952053,1.95538,11.884615384615385,4.958333333333333,4.958333333333333,11.884615384615385,3.0,10.0,10.0,3.0
2016/17,2017-03-18 15:00:00,Everton FC,Hull City AFC,2.63141,0.528692,10.0,12.3,12.3,10.0,10.0,3.0,3.0,10.0
2016/17,2017-03-18 15:00:00,Crystal Palace FC,Watford FC,0.376326,0.190648,12.0625,7.823529411764706,7.823529411764706,12.0625,4.0,6.0,6.0,4.0
2016/17,2017-03-18 17:30:00,AFC Bournemouth,Swansea City AFC,1.00816,0.37687,8.892857142857142,9.833333333333334,9.833333333333334,8.892857142857142,5.0,3.0,3.0,5.0
2016/17,2017-03-19 12:00:00,Middlesbrough FC,Manchester United FC,1.09037,2.47484,6.909090909090909,14.772727272727273,14.772727272727273,6.909090909090909,7.0,5.0,5.0,7.0
2016/17,2017-03-19 14:15:00,Tottenham Hotspur FC,Southampton FC,1.64328,0.839989,10.695652173913043,9.130434782608695,9.130434782608695,10.695652173913043,8.0,5.0,5.0,8.0
2016/17,2017-03-19 16:30:00,Manchester City FC,Liverpool FC,2.55464,1.94116,6.214285714285714,17.7,17.7,6.214285714285714,14.0,16.0,16.0,14.0
2016/17,2017-04-01 12:30:00,Liverpool FC,Everton FC,0.625343,1.44152,6.75,10.857142857142858,10.857142857142858,6.75,3.0,5.0,5.0,3.0
2016/17,2017-04-01 15:00:00,Burnley FC,Tottenham Hotspur FC,0.44677,2.36346,16.61904761904762,9.0,9.0,16.61904761904762,3.0,7.0,7.0,3.0
2016/17,2017-04-01 15:00:00,Chelsea FC,Crystal Palace FC,3.16805,1.57423,4.428571428571429,13.294117647058824,13.294117647058824,4.428571428571429,26.0,4.0,4.0,26.0
2016/17,2017-04-01 15:00:00,Hull City AFC,West Ham United FC,0.778704,1.24571,11.043478260869565,8.173913043478262,8.173913043478262,11.043478260869565,2.0,3.0,3.0,2.0
2016/17,2017-04-01 15:00:00,Leicester City FC,Stoke City FC,1.97444,1.36671,13.352941176470589,9.05,9.05,13.352941176470589,4.0,6.0,6.0,4.0
2016/17,2017-04-01 15:00:00,Manchester United FC,West Bromwich Albion FC,0.986683,0.200297,4.125,22.625,22.625,4.125,8.0,3.0,3.0,8.0
2016/17,2017-04-01 15:00:00,Watford FC,Sunderland AFC,1.95828,0.349699,6.894736842105263,11.823529411764707,11.823529411764707,6.894736842105263,9.0,1.0,1.0,9.0
2016/17,2017-04-01 17:30:00,Southampton FC,AFC Bournemouth,1.00252,2.06307,10.375,15.652173913043478,15.652173913043478,10.375,7.0,4.0,4.0,7.0
2016/17,2017-04-02 13:30:00,Swansea City AFC,Middlesbrough FC,0.64382,0.748206,7.8,11.38888888888889,11.38888888888889,7.8,5.0,5.0,5.0,5.0
2016/17,2017-04-02 16:00:00,Arsenal FC,Manchester City FC,0.738497,1.40021,7.647058823529412,6.7,6.7,7.647058823529412,6.0,5.0,5.0,6.0
2016/17,2017-04-04 19:45:00,Burnley FC,Stoke City FC,0.348885,1.17275,6.241379310344827,7.708333333333333,7.708333333333333,6.241379310344827,2.0,5.0,5.0,2.0
2016/17,2017-04-04 19:45:00,Watford FC,West Bromwich Albion FC,0.691991,1.48109,17.333333333333332,10.76923076923077,10.76923076923077,17.333333333333332,6.0,10.0,10.0,6.0
2016/17,2017-04-04 19:45:00,Leicester City FC,Sunderland AFC,0.929134,0.7012,12.5,6.785714285714286,6.785714285714286,12.5,4.0,3.0,3.0,4.0
2016/17,2017-04-04 20:00:00,Manchester United FC,Everton FC,1.67424,0.589122,7.846153846153846,15.333333333333334,15.333333333333334,7.846153846153846,14.0,4.0,4.0,14.0
2016/17,2017-04-05 19:45:00,Arsenal FC,West Ham United FC,2.16023,0.303905,7.333333333333333,20.05,20.05,7.333333333333333,16.0,1.0,1.0,16.0
2016/17,2017-04-05 19:45:00,Hull City AFC,Middlesbrough FC,2.23261,1.30673,10.91304347826087,8.153846153846153,8.153846153846153,10.91304347826087,8.0,4.0,4.0,8.0
2016/17,2017-04-05 19:45:00,Swansea City AFC,Tottenham Hotspur FC,0.872579,2.2242,20.1875,5.9,5.9,20.1875,3.0,19.0,19.0,3.0
2016/17,2017-04-05 19:45:00,Southampton FC,Crystal Palace FC,3.34327,1.73055,4.5,9.666666666666666,9.666666666666666,4.5,18.0,7.0,7.0,18.0
2016/17,2017-04-05 20:00:00,Chelsea FC,Manchester City FC,1.36933,2.2614,16.95,9.958333333333334,9.958333333333334,16.95,7.0,6.0,6.0,7.0
2016/17,2017-04-05 20:00:00,Liverpool FC,AFC Bournemouth,2.17263,1.31233,4.694444444444445,23.333333333333332,23.333333333333332,4.694444444444445,6.0,1.0,1.0,6.0
2016/17,2017-04-08 12:30:00,Tottenham Hotspur FC,Watford FC,1.18779,0.369968,6.636363636363637,14.61111111111111,14.61111111111111,6.636363636363637,6.0,1.0,1.0,6.0
2016/17,2017-04-08 15:00:00,Stoke City FC,Liverpool FC,2.13972,1.02225,16.75,8.5,8.5,16.75,1.0,6.0,6.0,1.0
2016/17,2017-04-08 15:00:00,West Bromwich Albion FC,Southampton FC,2.01721,0.910339,13.125,5.88,5.88,13.125,8.0,10.0,10.0,8.0
2016/17,2017-04-08 15:00:00,West Ham United FC,Swansea City AFC,1.20573,0.307666,7.0625,13.0,13.0,7.0625,5.0,5.0,5.0,5.0
2016/17,2017-04-08 15:00:00,Middlesbrough FC,Burnley FC,0.684683,0.809899,13.5,12.173913043478262,12.173913043478262,13.5,4.0,4.0,4.0,4.0
2016/17,2017-04-08 15:00:00,Manchester City FC,Hull City AFC,2.33731,0.358364,7.625,21.736842105263158,21.736842105263158,7.625,11.0,6.0,6.0,11.0
2016/17,2017-04-08 17:30:00,AFC Bournemouth,Chelsea FC,0.384152,1.52126,14.2,18.125,18.125,14.2,2.0,14.0,14.0,2.0
2016/17,2017-04-09 13:30:00,Sunderland AFC,Manchester United FC,0.977316,1.6943,10.884615384615385,5.2272727272727275,5.2272727272727275,10.884615384615385,5.0,9.0,9.0,5.0
2016/17,2017-04-09 16:00:00,Everton FC,Leicester City FC,2.64597,0.836095,9.0,13.652173913043478,13.652173913043478,9.0,7.0,1.0,1.0,7.0
2016/17,2017-04-10 20:00:00,Crystal Palace FC,Arsenal FC,2.15968,0.44226,11.571428571428571,4.35,4.35,11.571428571428571,10.0,10.0,10.0,10.0
2016/17,2017-04-15 12:30:00,Tottenham Hotspur FC,AFC Bournemouth,3.28588,0.211502,8.68421052631579,22.75,22.75,8.68421052631579,15.0,5.0,5.0,15.0
2016/17,2017-04-15 15:00:00,Stoke City FC,Hull City AFC,2.01829,1.17696,8.923076923076923,8.2,8.2,8.923076923076923,9.0,5.0,5.0,9.0
2016/17,2017-04-15 15:00:00,Sunderland AFC,West Ham United FC,1.14121,1.42815,9.038461538461538,12.866666666666667,12.866666666666667,9.038461538461538,6.0,3.0,3.0,6.0
2016/17,2017-04-15 15:00:00,Watford FC,Swansea City AFC,1.22039,0.641001,13.466666666666667,12.26086956521739,12.26086956521739,13.466666666666667,1.0,7.0,7.0,1.0
2016/17,2017-04-15 15:00:00,Everton FC,Burnley FC,1.67352,1.1469,5.04,10.375,10.375,5.04,7.0,5.0,5.0,7.0
2016/17,2017-04-15 15:00:00,Crystal Palace FC,Leicester City FC,1.67894,0.467725,5.130434782608695,6.483870967741935,6.483870967741935,5.130434782608695,7.0,4.0,4.0,7.0
2016/17,2017-04-15 17:30:00,Southampton FC,Manchester City FC,0.616753,2.74188,15.869565217391305,12.894736842105264,12.894736842105264,15.869565217391305,4.0,8.0,8.0,4.0
2016/17,2017-04-16 13:30:00,West Bromwich Albion FC,Liverpool FC,0.590375,1.30017,16.05,5.730769230769231,5.730769230769231,16.05,2.0,5.0,5.0,2.0
2016/17,2017-04-16 16:00:00,Manchester United FC,Chelsea FC,0.807128,0.132913,6.487179487179487,4.918918918918919,4.918918918918919,6.487179487179487,3.0,3.0,3.0,3.0
2016/17,2017-04-17 20:00:00,Middlesbrough FC,Arsenal FC,1.72075,1.0689,14.0,4.194444444444445,4.194444444444445,14.0,10.0,8.0,8.0,10.0
2016/17,2017-04-22 15:00:00,AFC Bournemouth,Middlesbrough FC,3.27712,0.2072,7.12,20.071428571428573,20.071428571428573,7.12,12.0,2.0,2.0,12.0
2016/17,2017-04-22 15:00:00,Hull City AFC,Watford FC,1.42309,1.15869,27.642857142857142,5.518518518518518,5.518518518518518,27.642857142857142,0.0,4.0,4.0,0.0
2016/17,2017-04-22 15:00:00,Swansea City AFC,Stoke City FC,0.475636,1.69454,13.65,16.2,16.2,13.65,3.0,9.0,9.0,3.0
2016/17,2017-04-22 15:00:00,West Ham United FC,Everton FC,0.668323,0.104476,14.041666666666666,7.416666666666667,7.416666666666667,14.041666666666666,2.0,2.0,2.0,2.0
2016/17,2017-04-23 14:15:00,Burnley FC,Manchester United FC,0.342829,2.24747,6.5,7.956521739130435,7.956521739130435,6.5,4.0,8.0,8.0,4.0
2016/17,2017-04-23 16:30:00,Liverpool FC,Crystal Palace FC,0.89449,1.21741,3.8636363636363638,10.733333333333333,10.733333333333333,3.8636363636363638,10.0,4.0,4.0,10.0
2016/17,2017-04-25 19:45:00,Chelsea FC,Southampton FC,1.4438,1.32952,20.428571428571427,14.9375,14.9375,20.428571428571427,23.0,6.0,6.0,23.0
2016/17,2017-04-26 19:45:00,Arsenal FC,Leicester City FC,0.410203,0.595173,9.875,23.76923076923077,23.76923076923077,9.875,10.0,4.0,4.0,10.0
2016/17,2017-04-26 19:45:00,Middlesbrough FC,Sunderland AFC,0.825839,0.445766,7.88,8.857142857142858,8.857142857142858,7.88,2.0,7.0,7.0,2.0
2016/17,2017-04-26 20:00:00,Crystal Palace FC,Tottenham Hotspur FC,0.321722,1.00589,8.484848484848484,3.3636363636363638,3.3636363636363638,8.484848484848484,2.0,8.0,8.0,2.0
2016/17,2017-04-27 20:00:00,Manchester City FC,Manchester United FC,1.41537,0.421251,4.566666666666666,22.571428571428573,22.571428571428573,4.566666666666666,3.0,0.0,0.0,3.0
2016/17,2017-04-29 15:00:00,Southampton FC,Hull City AFC,1.24844,0.472435,6.142857142857143,9.071428571428571,9.071428571428571,6.142857142857143,6.0,11.0,11.0,6.0
2016/17,2017-04-29 15:00:00,Stoke City FC,West Ham United FC,1.35509,0.65149,8.038461538461538,11.73913043478261,11.73913043478261,8.038461538461538,14.0,3.0,3.0,14.0
2016/17,2017-04-29 15:00:00,Sunderland AFC,AFC Bournemouth,1.6667,1.53094,7.62962962962963,6.541666666666667,6.541666666666667,7.62962962962963,13.0,12.0,12.0,13.0
2016/17,2017-04-29 15:00:00,West Bromwich Albion FC,Leicester City FC,0.809101,0.570664,7.052631578947368,8.043478260869565,8.043478260869565,7.052631578947368,10.0,2.0,2.0,10.0
2016/17,2017-04-29 17:30:00,Crystal Palace FC,Burnley FC,0.633469,1.38569,7.0,9.75,9.75,7.0,9.0,10.0,10.0,9.0
2016/17,2017-04-30 12:00:00,Manchester United FC,Swansea City AFC,1.99224,0.775713,12.444444444444445,14.85,14.85,12.444444444444445,5.0,10.0,10.0,5.0
2016/17,2017-04-30 14:05:00,Everton FC,Chelsea FC,0.684516,1.81945,9.52,16.1875,16.1875,9.52,2.0,9.0,9.0,2.0
2016/17,2017-04-30 14:05:00,Middlesbrough FC,Manchester City FC,1.17715,3.10725,16.0,6.647058823529412,6.647058823529412,16.0,4.0,10.0,10.0,4.0
2016/17,2017-04-30 16:30:00,Tottenham Hotspur FC,Arsenal FC,3.46042,0.589537,14.4,8.083333333333334,8.083333333333334,14.4,10.0,3.0,3.0,10.0
2016/17,2017-05-01 20:00:00,Watford FC,Liverpool FC,0.436648,0.55669,16.647058823529413,9.173913043478262,9.173913043478262,16.647058823529413,2.0,7.0,7.0,2.0
2016/17,2017-05-05 20:00:00,West Ham United FC,Tottenham Hotspur FC,2.21043,0.451017,16.833333333333332,7.3125,7.3125,16.833333333333332,7.0,4.0,4.0,7.0
2016/17,2017-05-06 12:30:00,Manchester City FC,Crystal Palace FC,2.69837,0.241571,5.208333333333333,13.904761904761905,13.904761904761905,5.208333333333333,21.0,2.0,2.0,21.0
2016/17,2017-05-06 15:00:00,AFC Bournemouth,Stoke City FC,1.30668,2.3019,10.88888888888889,9.689655172413794,9.689655172413794,10.88888888888889,3.0,4.0,4.0,3.0
2016/17,2017-05-06 15:00:00,Burnley FC,West Bromwich Albion FC,1.08649,0.82853,7.1875,11.176470588235293,11.176470588235293,7.1875,7.0,2.0,2.0,7.0
2016/17,2017-05-06 15:00:00,Hull City AFC,Sunderland AFC,1.21734,1.95502,6.684210526315789,18.846153846153847,18.846153846153847,6.684210526315789,7.0,7.0,7.0,7.0
2016/17,2017-05-06 15:00:00,Leicester City FC,Watford FC,1.00566,0.512433,9.714285714285714,8.25,8.25,9.714285714285714,5.0,6.0,6.0,5.0
2016/17,2017-05-06 17:30:00,Swansea City AFC,Everton FC,2.09244,0.270186,23.6,10.526315789473685,10.526315789473685,23.6,4.0,5.0,5.0,4.0
2016/17,2017-05-07 13:30:00,Liverpool FC,Southampton FC,1.35967,0.182082,6.52,12.304347826086957,12.304347826086957,6.52,12.0,2.0,2.0,12.0
2016/17,2017-05-07 16:00:00,Arsenal FC,Manchester United FC,1.03986,0.576173,16.05263157894737,15.277777777777779,15.277777777777779,16.05263157894737,8.0,3.0,3.0,8.0
2016/17,2017-05-08 20:00:00,Chelsea FC,Middlesbrough FC,2.28046,0.0718773,22.46153846153846,10.424242424242424,10.424242424242424,22.46153846153846,16.0,2.0,2.0,16.0
2016/17,2017-05-10 19:45:00,Southampton FC,Arsenal FC,1.25259,1.35954,16.357142857142858,11.7,11.7,16.357142857142858,4.0,15.0,15.0,4.0
2016/17,2017-05-12 19:45:00,Everton FC,Watford FC,1.12984,1.54861,7.285714285714286,14.65,14.65,7.285714285714286,5.0,7.0,7.0,5.0
2016/17,2017-05-12 20:00:00,West Bromwich Albion FC,Chelsea FC,0.529155,1.76954,21.416666666666668,13.88888888888889,13.88888888888889,21.416666666666668,4.0,16.0,16.0,4.0
2016/17,2017-05-13 12:30:00,Manchester City FC,Leicester City FC,1.98776,1.62503,6.260869565217392,11.807692307692308,11.807692307692308,6.260869565217392,13.0,3.0,3.0,13.0
2016/17,2017-05-13 15:00:00,AFC Bournemouth,Burnley FC,1.5499,1.1511,9.9,9.035714285714286,9.035714285714286,9.9,14.0,6.0,6.0,14.0
2016/17,2017-05-13 15:00:00,Middlesbrough FC,Southampton FC,1.32885,1.52569,14.476190476190476,8.181818181818182,8.181818181818182,14.476190476190476,8.0,4.0,4.0,8.0
2016/17,2017-05-13 15:00:00,Sunderland AFC,Swansea City AFC,1.03765,0.344096,9.48,17.285714285714285,17.285714285714285,9.48,4.0,2.0,2.0,4.0
2016/17,2017-05-13 17:30:00,Stoke City FC,Arsenal FC,1.30239,2.63639,12.481481481481481,7.823529411764706,7.823529411764706,12.481481481481481,4.0,9.0,9.0,4.0
2016/17,2017-05-14 12:00:00,Crystal Palace FC,Hull City AFC,2.73274,0.518148,10.041666666666666,4.176470588235294,4.176470588235294,10.041666666666666,6.0,7.0,7.0,6.0
2016/17,2017-05-14 14:15:00,West Ham United FC,Liverpool FC,1.03963,3.28962,24.266666666666666,10.0,10.0,24.266666666666666,0.0,11.0,11.0,0.0
2016/17,2017-05-14 16:30:00,Tottenham Hotspur FC,Manchester United FC,2.10698,1.03696,8.521739130434783,21.428571428571427,21.428571428571427,8.521739130434783,6.0,3.0,3.0,6.0
2016/17,2017-05-15 20:00:00,Chelsea FC,Watford FC,2.65315,0.883368,16.545454545454547,11.043478260869565,11.043478260869565,16.545454545454547,16.0,0.0,0.0,16.0
2016/17,2017-05-16 19:45:00,Arsenal FC,Sunderland AFC,3.83905,0.271744,8.0,22.166666666666668,22.166666666666668,8.0,23.0,4.0,4.0,23.0
2016/17,2017-05-16 20:00:00,Manchester City FC,West Bromwich Albion FC,2.58035,0.387741,5.0,26.785714285714285,26.785714285714285,5.0,14.0,0.0,0.0,14.0
2016/17,2017-05-17 19:45:00,Southampton FC,Manchester United FC,1.66533,0.45805,13.222222222222221,16.823529411764707,16.823529411764707,13.222222222222221,5.0,3.0,3.0,5.0
2016/17,2017-05-18 19:45:00,Leicester City FC,Tottenham Hotspur FC,0.725721,2.64912,11.655172413793103,7.666666666666667,7.666666666666667,11.655172413793103,2.0,9.0,9.0,2.0
2016/17,2017-05-21 15:00:00,Arsenal FC,Everton FC,3.35075,1.8831,12.411764705882353,15.125,15.125,12.411764705882353,15.0,10.0,10.0,15.0
2016/17,2017-05-21 15:00:00,Burnley FC,West Ham United FC,1.70802,1.67299,12.0,9.0,9.0,12.0,6.0,5.0,5.0,6.0
2016/17,2017-05-21 15:00:00,Chelsea FC,Sunderland AFC,2.73947,0.693994,10.352941176470589,12.8,12.8,10.352941176470589,27.0,0.0,0.0,27.0
2016/17,2017-05-21 15:00:00,Hull City AFC,Tottenham Hotspur FC,0.812723,3.89027,13.695652173913043,9.318181818181818,9.318181818181818,13.695652173913043,3.0,19.0,19.0,3.0
2016/17,2017-05-21 15:00:00,Leicester City FC,AFC Bournemouth,2.45308,0.87072,8.56,8.818181818181818,8.818181818181818,8.56,11.0,3.0,3.0,11.0
2016/17,2017-05-21 15:00:00,Liverpool FC,Middlesbrough FC,2.16957,0.899691,4.76,23.055555555555557,23.055555555555557,4.76,14.0,3.0,3.0,14.0
2016/17,2017-05-21 15:00:00,Manchester United FC,Crystal Palace FC,1.0386,0.3016,9.88888888888889,10.137931034482758,10.137931034482758,9.88888888888889,3.0,8.0,8.0,3.0
2016/17,2017-05-21 15:00:00,Southampton FC,Stoke City FC,1.3554,0.983464,5.444444444444445,12.772727272727273,12.772727272727273,5.444444444444445,12.0,7.0,7.0,12.0
2016/17,2017-05-21 15:00:00,Swansea City AFC,West Bromwich Albion FC,1.74555,1.60674,9.0,25.071428571428573,25.071428571428573,9.0,5.0,5.0,5.0,5.0
2016/17,2017-05-21 15:00:00,Watford FC,Manchester City FC,0.826124,3.26614,26.928571428571427,7.16,7.16,26.928571428571427,1.0,15.0,15.0,1.0
2017/18,2017-08-11 19:45:00,Arsenal FC,Leicester City FC,2.54329,1.46495,5.444444444444445,13.545454545454545,13.545454545454545,5.444444444444445,13.0,2.0,2.0,13.0
2017/18,2017-08-12 12:30:00,Watford FC,Liverpool FC,2.17647,2.61549,11.26086956521739,14.714285714285714,14.714285714285714,11.26086956521739,2.0,10.0,10.0,2.0
2017/18,2017-08-12 15:00:00,West Bromwich Albion FC,AFC Bournemouth,1.18399,0.378659,17.38888888888889,12.0,12.0,17.38888888888889,6.0,6.0,6.0,6.0
2017/18,2017-08-12 15:00:00,Southampton FC,Swansea City AFC,2.21748,0.406196,8.52,12.882352941176471,12.882352941176471,8.52,16.0,1.0,1.0,16.0
2017/18,2017-08-12 15:00:00,Chelsea FC,Burnley FC,1.35651,0.564237,9.944444444444445,23.75,23.75,9.944444444444445,4.0,3.0,3.0,4.0
2017/18,2017-08-12 15:00:00,Crystal Palace FC,Huddersfield Town AFC,0.988934,1.73657,6.5,6.90625,6.90625,6.5,3.0,5.0,5.0,3.0
2017/18,2017-08-12 15:00:00,Everton FC,Stoke City FC,0.720574,0.27644,6.190476190476191,14.45,14.45,6.190476190476191,3.0,9.0,9.0,3.0
2017/18,2017-08-12 17:30:00,Brighton & Hove Albion FC,Manchester City FC,0.276343,1.86751,67.33333333333333,5.444444444444445,5.444444444444445,67.33333333333333,2.0,18.0,18.0,2.0
2017/18,2017-08-13 13:30:00,Newcastle United FC,Tottenham Hotspur FC,0.634633,2.34418,29.5,7.125,7.125,29.5,2.0,8.0,8.0,2.0
2017/18,2017-08-13 16:00:00,Manchester United FC,West Ham United FC,2.63853,0.62654,9.36,13.35,13.35,9.36,10.0,9.0,9.0,10.0
2017/18,2017-08-19 12:30:00,Swansea City AFC,Manchester United FC,0.304164,3.41021,17.94736842105263,8.346153846153847,8.346153846153847,17.94736842105263,4.0,4.0,4.0,4.0
2017/18,2017-08-19 15:00:00,Southampton FC,West Ham United FC,2.1424,1.53269,4.851851851851852,23.46153846153846,23.46153846153846,4.851851851851852,14.0,1.0,1.0,14.0
2017/18,2017-08-19 15:00:00,AFC Bournemouth,Watford FC,0.766694,2.17717,10.3125,9.2,9.2,10.3125,7.0,7.0,7.0,7.0
2017/18,2017-08-19 15:00:00,Burnley FC,West Bromwich Albion FC,1.37242,0.653058,5.5,14.0,14.0,5.5,4.0,0.0,0.0,4.0
2017/18,2017-08-19 15:00:00,Leicester City FC,Brighton & Hove Albion FC,1.88355,0.123075,20.823529411764707,19.214285714285715,19.214285714285715,20.823529411764707,4.0,2.0,2.0,4.0
2017/18,2017-08-19 15:00:00,Liverpool FC,Crystal Palace FC,2.84978,0.727364,4.096774193548387,21.105263157894736,21.105263157894736,4.096774193548387,11.0,4.0,4.0,11.0
2017/18,2017-08-19 17:30:00,Stoke City FC,Arsenal FC,0.692644,1.40658,24.066666666666666,5.105263157894737,5.105263157894737,24.066666666666666,4.0,15.0,15.0,4.0
2017/18,2017-08-20 13:30:00,Huddersfield Town AFC,Newcastle United FC,0.267008,0.973322,7.785714285714286,13.842105263157896,13.842105263157896,7.785714285714286,2.0,5.0,5.0,2.0
2017/18,2017-08-20 16:00:00,Tottenham Hotspur FC,Chelsea FC,0.72428,0.834423,8.38888888888889,14.130434782608695,14.130434782608695,8.38888888888889,8.0,2.0,2.0,8.0
2017/18,2017-08-21 20:00:00,Manchester City FC,Everton FC,1.14216,0.59971,11.461538461538462,21.46153846153846,21.46153846153846,11.461538461538462,14.0,1.0,1.0,14.0
2017/18,2017-08-26 12:30:00,AFC Bournemouth,Manchester City FC,0.415402,1.76626,15.047619047619047,4.137931034482759,4.137931034482759,15.047619047619047,5.0,12.0,12.0,5.0
2017/18,2017-08-26 15:00:00,Crystal Palace FC,Swansea City AFC,0.818951,0.966783,15.31578947368421,24.0,24.0,15.31578947368421,8.0,1.0,1.0,8.0
2017/18,2017-08-26 15:00:00,Newcastle United FC,West Ham United FC,2.76107,0.558484,11.346153846153847,5.705882352941177,5.705882352941177,11.346153846153847,7.0,0.0,0.0,7.0
2017/18,2017-08-26 15:00:00,Watford FC,Brighton & Hove Albion FC,0.281459,0.952357,32.25,7.090909090909091,7.090909090909091,32.25,5.0,8.0,8.0,5.0
2017/18,2017-08-26 15:00:00,Huddersfield Town AFC,Southampton FC,1.51605,0.795911,12.615384615384615,11.461538461538462,11.461538461538462,12.615384615384615,5.0,2.0,2.0,5.0
2017/18,2017-08-26 17:30:00,Manchester United FC,Leicester City FC,2.73725,0.670573,8.166666666666666,17.105263157894736,17.105263157894736,8.166666666666666,13.0,3.0,3.0,13.0
2017/18,2017-08-27 13:30:00,Chelsea FC,Everton FC,1.16991,0.326655,14.842105263157896,17.5,17.5,14.842105263157896,11.0,4.0,4.0,11.0
2017/18,2017-08-27 13:30:00,West Bromwich Albion FC,Stoke City FC,0.875132,0.980905,12.0,8.894736842105264,8.894736842105264,12.0,2.0,8.0,8.0,2.0
2017/18,2017-08-27 16:00:00,Tottenham Hotspur FC,Burnley FC,2.3497,0.670943,6.904761904761905,17.72222222222222,17.72222222222222,6.904761904761905,15.0,5.0,5.0,15.0
2017/18,2017-08-27 16:00:00,Liverpool FC,Arsenal FC,3.45998,0.484816,17.31578947368421,10.185185185185185,10.185185185185185,17.31578947368421,4.0,9.0,9.0,4.0
2017/18,2017-09-09 12:30:00,Manchester City FC,Liverpool FC,3.14589,0.665186,9.26086956521739,48.54545454545455,48.54545454545455,9.26086956521739,9.0,3.0,3.0,9.0
2017/18,2017-09-09 15:00:00,Southampton FC,Watford FC,0.331259,0.57794,10.105263157894736,9.571428571428571,9.571428571428571,10.105263157894736,6.0,3.0,3.0,6.0
2017/18,2017-09-09 15:00:00,Leicester City FC,Chelsea FC,1.34903,1.03943,11.833333333333334,10.933333333333334,10.933333333333334,11.833333333333334,2.0,12.0,12.0,2.0
2017/18,2017-09-09 15:00:00,Arsenal FC,AFC Bournemouth,2.48732,0.577291,7.733333333333333,16.105263157894736,16.105263157894736,7.733333333333333,12.0,2.0,2.0,12.0
2017/18,2017-09-09 15:00:00,Brighton & Hove Albion FC,West Bromwich Albion FC,0.396771,0.866679,13.25,30.555555555555557,30.555555555555557,13.25,2.0,6.0,6.0,2.0
2017/18,2017-09-09 15:00:00,Everton FC,Tottenham Hotspur FC,1.15144,2.17535,10.521739130434783,10.576923076923077,10.576923076923077,10.521739130434783,9.0,9.0,9.0,9.0
2017/18,2017-09-09 17:30:00,Stoke City FC,Manchester United FC,1.49928,1.96635,15.5,11.117647058823529,11.117647058823529,15.5,1.0,9.0,9.0,1.0
2017/18,2017-09-10 13:30:00,Burnley FC,Crystal Palace FC,0.429329,1.72996,8.038461538461538,4.695652173913044,4.695652173913044,8.038461538461538,2.0,8.0,8.0,2.0
2017/18,2017-09-10 16:00:00,Swansea City AFC,Newcastle United FC,1.48574,1.03177,8.0,9.46875,9.46875,8.0,6.0,2.0,2.0,6.0
2017/18,2017-09-11 20:00:00,West Ham United FC,Huddersfield Town AFC,1.94969,0.339338,9.11111111111111,7.631578947368421,7.631578947368421,9.11111111111111,3.0,1.0,1.0,3.0
2017/18,2017-09-15 20:00:00,AFC Bournemouth,Brighton & Hove Albion FC,1.39529,0.874276,12.055555555555555,21.666666666666668,21.666666666666668,12.055555555555555,6.0,1.0,1.0,6.0
2017/18,2017-09-16 12:30:00,Crystal Palace FC,Southampton FC,2.03243,1.11428,12.681818181818182,9.4,9.4,12.681818181818182,10.0,13.0,13.0,10.0
2017/18,2017-09-16 15:00:00,Huddersfield Town AFC,Leicester City FC,0.700349,1.24181,14.076923076923077,15.6,15.6,14.076923076923077,3.0,5.0,5.0,3.0
2017/18,2017-09-16 15:00:00,Liverpool FC,Burnley FC,2.18727,0.334402,13.181818181818182,20.38888888888889,20.38888888888889,13.181818181818182,19.0,0.0,0.0,19.0
2017/18,2017-09-16 15:00:00,Newcastle United FC,Stoke City FC,2.6598,0.675783,10.4,7.2105263157894735,7.2105263157894735,10.4,3.0,5.0,5.0,3.0
2017/18,2017-09-16 15:00:00,Watford FC,Manchester City FC,0.803933,3.99349,29.53846153846154,8.173913043478262,8.173913043478262,29.53846153846154,1.0,16.0,16.0,1.0
2017/18,2017-09-16 15:00:00,West Bromwich Albion FC,West Ham United FC,0.781891,0.266344,26.916666666666668,8.444444444444445,8.444444444444445,26.916666666666668,0.0,0.0,0.0,0.0
2017/18,2017-09-16 17:30:00,Tottenham Hotspur FC,Swansea City AFC,1.17894,0.154074,4.8076923076923075,24.357142857142858,24.357142857142858,4.8076923076923075,12.0,0.0,0.0,12.0
2017/18,2017-09-17 13:30:00,Chelsea FC,Arsenal FC,0.762129,1.42208,16.705882352941178,10.03225806451613,10.03225806451613,16.705882352941178,4.0,5.0,5.0,4.0
2017/18,2017-09-17 16:00:00,Manchester United FC,Everton FC,3.28722,1.06298,10.516129032258064,9.478260869565217,9.478260869565217,10.516129032258064,5.0,1.0,1.0,5.0
2017/18,2017-09-23 12:30:00,West Ham United FC,Tottenham Hotspur FC,0.67667,1.45327,6.257142857142857,6.846153846153846,6.846153846153846,6.257142857142857,2.0,3.0,3.0,2.0
2017/18,2017-09-23 15:00:00,Stoke City FC,Chelsea FC,0.600959,1.59815,21.058823529411764,10.5,10.5,21.058823529411764,8.0,7.0,7.0,8.0
2017/18,2017-09-23 15:00:00,Swansea City AFC,Watford FC,1.50811,1.25817,11.772727272727273,9.576923076923077,9.576923076923077,11.772727272727273,5.0,3.0,3.0,5.0
2017/18,2017-09-23 15:00:00,Southampton FC,Manchester United FC,0.802062,1.07247,8.95,15.263157894736842,15.263157894736842,8.95,5.0,8.0,8.0,5.0
2017/18,2017-09-23 15:00:00,Manchester City FC,Crystal Palace FC,5.72543,0.611018,7.086956521739131,29.0,29.0,7.086956521739131,18.0,2.0,2.0,18.0
2017/18,2017-09-23 15:00:00,Burnley FC,Huddersfield Town AFC,0.369454,0.312561,13.529411764705882,12.3,12.3,13.529411764705882,2.0,2.0,2.0,2.0
2017/18,2017-09-23 15:00:00,Everton FC,AFC Bournemouth,2.21092,0.384728,9.043478260869565,13.125,13.125,9.043478260869565,12.0,6.0,6.0,12.0
2017/18,2017-09-23 17:30:00,Leicester City FC,Liverpool FC,2.88766,1.92902,11.947368421052632,8.421052631578947,8.421052631578947,11.947368421052632,1.0,14.0,14.0,1.0
2017/18,2017-09-24 16:00:00,Brighton & Hove Albion FC,Newcastle United FC,0.507341,1.37001,15.785714285714286,14.625,14.625,15.785714285714286,5.0,11.0,11.0,5.0
2017/18,2017-09-25 20:00:00,Arsenal FC,West Bromwich Albion FC,2.39316,0.766652,5.48,11.25,11.25,5.48,13.0,4.0,4.0,13.0
2017/18,2017-09-30 12:30:00,Huddersfield Town AFC,Tottenham Hotspur FC,0.196648,1.56089,12.464285714285714,13.333333333333334,13.333333333333334,12.464285714285714,2.0,11.0,11.0,2.0
2017/18,2017-09-30 15:00:00,Manchester United FC,Crystal Palace FC,3.47508,0.244321,10.526315789473685,14.461538461538462,14.461538461538462,10.526315789473685,9.0,3.0,3.0,9.0
2017/18,2017-09-30 15:00:00,Stoke City FC,Southampton FC,2.68136,1.42781,15.583333333333334,5.894736842105263,5.894736842105263,15.583333333333334,9.0,14.0,14.0,9.0
2017/18,2017-09-30 15:00:00,West Bromwich Albion FC,Watford FC,1.93896,1.62462,16.1,8.25,8.25,16.1,5.0,11.0,11.0,5.0
2017/18,2017-09-30 15:00:00,West Ham United FC,Swansea City AFC,0.692185,0.178568,11.444444444444445,8.333333333333334,8.333333333333334,11.444444444444445,0.0,0.0,0.0,0.0
2017/18,2017-09-30 15:00:00,AFC Bournemouth,Leicester City FC,1.39901,0.594808,11.0,11.0,11.0,11.0,18.0,1.0,1.0,18.0
2017/18,2017-09-30 17:30:00,Chelsea FC,Manchester City FC,0.911532,1.23068,36.72727272727273,7.9,7.9,36.72727272727273,2.0,8.0,8.0,2.0
2017/18,2017-10-01 12:00:00,Arsenal FC,Brighton & Hove Albion FC,2.47818,0.386343,8.409090909090908,28.166666666666668,28.166666666666668,8.409090909090908,15.0,5.0,5.0,15.0
2017/18,2017-10-01 14:15:00,Everton FC,Burnley FC,0.93376,0.383977,8.714285714285714,16.133333333333333,16.133333333333333,8.714285714285714,18.0,6.0,6.0,18.0
2017/18,2017-10-01 16:30:00,Newcastle United FC,Liverpool FC,0.280437,1.64475,21.375,7.0476190476190474,7.0476190476190474,21.375,2.0,8.0,8.0,2.0
2017/18,2017-10-14 12:30:00,Liverpool FC,Manchester United FC,1.92702,0.230358,8.727272727272727,13.44,13.44,8.727272727272727,9.0,3.0,3.0,9.0
2017/18,2017-10-14 15:00:00,Burnley FC,West Ham United FC,0.70219,0.835192,6.666666666666667,13.176470588235293,13.176470588235293,6.666666666666667,11.0,4.0,4.0,11.0
2017/18,2017-10-14 15:00:00,Crystal Palace FC,Chelsea FC,1.51873,0.651919,9.352941176470589,8.2,8.2,9.352941176470589,10.0,6.0,6.0,10.0
2017/18,2017-10-14 15:00:00,Manchester City FC,Stoke City FC,4.45388,0.681236,5.208333333333333,73.25,73.25,5.208333333333333,19.0,2.0,2.0,19.0
2017/18,2017-10-14 15:00:00,Swansea City AFC,Huddersfield Town AFC,1.65446,0.596086,10.323529411764707,11.0,11.0,10.323529411764707,4.0,3.0,3.0,4.0
2017/18,2017-10-14 15:00:00,Tottenham Hotspur FC,AFC Bournemouth,1.95684,0.17504,4.333333333333333,43.44444444444444,43.44444444444444,4.333333333333333,17.0,1.0,1.0,17.0
2017/18,2017-10-14 17:30:00,Watford FC,Arsenal FC,1.63418,0.988468,16.263157894736842,11.478260869565217,11.478260869565217,16.263157894736842,4.0,8.0,8.0,4.0
2017/18,2017-10-15 13:30:00,Brighton & Hove Albion FC,Everton FC,1.05884,1.45518,14.941176470588236,8.826086956521738,8.826086956521738,14.941176470588236,9.0,5.0,5.0,9.0
2017/18,2017-10-15 16:00:00,Southampton FC,Newcastle United FC,1.71445,0.950997,7.115384615384615,17.95,17.95,7.115384615384615,9.0,6.0,6.0,9.0
2017/18,2017-10-16 20:00:00,Leicester City FC,West Bromwich Albion FC,0.964277,0.155254,7.28,10.833333333333334,10.833333333333334,7.28,7.0,2.0,2.0,7.0
2017/18,2017-10-20 20:00:00,West Ham United FC,Brighton & Hove Albion FC,0.569111,1.98345,12.3125,19.352941176470587,19.352941176470587,12.3125,5.0,2.0,2.0,5.0
2017/18,2017-10-21 15:00:00,Huddersfield Town AFC,Manchester United FC,1.26744,0.807135,20.94736842105263,3.761904761904762,3.761904761904762,20.94736842105263,5.0,6.0,6.0,5.0
2017/18,2017-10-21 15:00:00,Manchester City FC,Burnley FC,3.71812,0.14859,5.666666666666667,20.92,20.92,5.666666666666667,13.0,4.0,4.0,13.0
2017/18,2017-10-21 15:00:00,Newcastle United FC,Crystal Palace FC,0.270313,0.566845,7.2,10.384615384615385,10.384615384615385,7.2,4.0,3.0,3.0,4.0
2017/18,2017-10-21 15:00:00,Stoke City FC,AFC Bournemouth,1.60117,1.11834,7.793103448275862,7.583333333333333,7.583333333333333,7.793103448275862,9.0,3.0,3.0,9.0
2017/18,2017-10-21 15:00:00,Swansea City AFC,Leicester City FC,0.559618,1.80814,13.25,13.444444444444445,13.444444444444445,13.25,2.0,5.0,5.0,2.0
2017/18,2017-10-21 17:30:00,Southampton FC,West Bromwich Albion FC,2.02288,0.504128,4.884615384615385,16.666666666666668,16.666666666666668,4.884615384615385,7.0,0.0,0.0,7.0
2017/18,2017-10-21 19:30:00,Chelsea FC,Watford FC,1.78315,1.79693,9.409090909090908,8.64516129032258,8.64516129032258,9.409090909090908,4.0,8.0,8.0,4.0
2017/18,2017-10-22 13:30:00,Everton FC,Arsenal FC,0.810989,3.86029,18.210526315789473,8.625,8.625,18.210526315789473,0.0,17.0,17.0,0.0
2017/18,2017-10-22 16:00:00,Tottenham Hotspur FC,Liverpool FC,2.62043,0.667771,32.333333333333336,9.333333333333334,9.333333333333334,32.333333333333336,5.0,8.0,8.0,5.0
2017/18,2017-10-28 12:30:00,Manchester United FC,Tottenham Hotspur FC,0.943496,1.08708,10.434782608695652,7.291666666666667,7.291666666666667,10.434782608695652,4.0,6.0,6.0,4.0
2017/18,2017-10-28 15:00:00,Arsenal FC,Swansea City AFC,2.37777,0.8355,7.454545454545454,22.41176470588235,22.41176470588235,7.454545454545454,19.0,3.0,3.0,19.0
2017/18,2017-10-28 15:00:00,Crystal Palace FC,West Ham United FC,2.91672,0.742845,5.633333333333334,10.666666666666666,10.666666666666666,5.633333333333334,11.0,5.0,5.0,11.0
2017/18,2017-10-28 15:00:00,West Bromwich Albion FC,Manchester City FC,1.11852,2.77085,21.695652173913043,4.275862068965517,4.275862068965517,21.695652173913043,1.0,17.0,17.0,1.0
2017/18,2017-10-28 15:00:00,Watford FC,Stoke City FC,1.13448,0.778883,6.333333333333333,32.77777777777778,32.77777777777778,6.333333333333333,13.0,4.0,4.0,13.0
2017/18,2017-10-28 15:00:00,Liverpool FC,Huddersfield Town AFC,2.14257,0.0554802,6.428571428571429,31.6,31.6,6.428571428571429,16.0,0.0,0.0,16.0
2017/18,2017-10-28 17:30:00,AFC Bournemouth,Chelsea FC,0.455055,1.78362,22.5,22.0,22.0,22.5,8.0,14.0,14.0,8.0
2017/18,2017-10-29 13:30:00,Brighton & Hove Albion FC,Southampton FC,1.50533,0.54364,16.58823529411765,11.16,11.16,16.58823529411765,5.0,5.0,5.0,5.0
2017/18,2017-10-29 16:00:00,Leicester City FC,Everton FC,1.36768,0.575236,19.454545454545453,4.878787878787879,4.878787878787879,19.454545454545453,4.0,5.0,5.0,4.0
2017/18,2017-10-30 20:00:00,Burnley FC,Newcastle United FC,1.0271,0.516369,14.85,11.85,11.85,14.85,6.0,5.0,5.0,6.0
2017/18,2017-11-04 12:30:00,Stoke City FC,Leicester City FC,1.22988,1.39563,11.952380952380953,12.357142857142858,12.357142857142858,11.952380952380953,7.0,4.0,4.0,7.0
2017/18,2017-11-04 15:00:00,Huddersfield Town AFC,West Bromwich Albion FC,0.260436,0.382005,12.3,13.333333333333334,13.333333333333334,12.3,0.0,2.0,2.0,0.0
2017/18,2017-11-04 15:00:00,Newcastle United FC,AFC Bournemouth,0.676091,1.28703,8.904761904761905,9.947368421052632,9.947368421052632,8.904761904761905,4.0,12.0,12.0,4.0
2017/18,2017-11-04 15:00:00,Southampton FC,Burnley FC,0.789259,0.137743,7.85,37.625,37.625,7.85,7.0,2.0,2.0,7.0
2017/18,2017-11-04 15:00:00,Swansea City AFC,Brighton & Hove Albion FC,1.24557,0.874927,9.95,18.928571428571427,18.928571428571427,9.95,8.0,0.0,0.0,8.0
2017/18,2017-11-04 17:30:00,West Ham United FC,Liverpool FC,1.13045,2.8773,16.27777777777778,8.586206896551724,8.586206896551724,16.27777777777778,2.0,8.0,8.0,2.0
2017/18,2017-11-05 12:00:00,Tottenham Hotspur FC,Crystal Palace FC,0.991813,1.10222,5.478260869565218,19.176470588235293,19.176470588235293,5.478260869565218,8.0,2.0,2.0,8.0
2017/18,2017-11-05 14:15:00,Manchester City FC,Arsenal FC,2.15028,0.340407,8.233333333333333,11.71875,11.71875,8.233333333333333,10.0,1.0,1.0,10.0
2017/18,2017-11-05 16:30:00,Chelsea FC,Manchester United FC,1.8417,0.773586,5.827586206896552,6.424242424242424,6.424242424242424,5.827586206896552,7.0,5.0,5.0,7.0
2017/18,2017-11-05 16:30:00,Everton FC,Watford FC,2.5796,2.05534,7.275862068965517,9.23076923076923,9.23076923076923,7.275862068965517,7.0,6.0,6.0,7.0
2017/18,2017-11-18 12:30:00,Arsenal FC,Tottenham Hotspur FC,2.24246,0.591192,9.586206896551724,8.863636363636363,8.863636363636363,9.586206896551724,11.0,9.0,9.0,11.0
2017/18,2017-11-18 15:00:00,West Bromwich Albion FC,Chelsea FC,0.590655,1.71709,15.958333333333334,9.125,9.125,15.958333333333334,6.0,3.0,3.0,6.0
2017/18,2017-11-18 15:00:00,Liverpool FC,Southampton FC,2.06277,0.563886,8.65,11.25,11.25,8.65,12.0,3.0,3.0,12.0
2017/18,2017-11-18 15:00:00,Burnley FC,Swansea City AFC,1.5427,0.431402,11.91304347826087,8.8125,8.8125,11.91304347826087,7.0,3.0,3.0,7.0
2017/18,2017-11-18 15:00:00,Crystal Palace FC,Everton FC,2.02983,1.68728,5.722222222222222,8.117647058823529,8.117647058823529,5.722222222222222,9.0,4.0,4.0,9.0
2017/18,2017-11-18 15:00:00,Leicester City FC,Manchester City FC,0.0970457,2.40056,27.055555555555557,5.88,5.88,27.055555555555557,1.0,18.0,18.0,1.0
2017/18,2017-11-18 15:00:00,AFC Bournemouth,Huddersfield Town AFC,1.38782,1.1633,19.357142857142858,6.176470588235294,6.176470588235294,19.357142857142858,4.0,9.0,9.0,4.0
2017/18,2017-11-18 17:30:00,Manchester United FC,Newcastle United FC,2.57424,1.08708,9.6,21.625,21.625,9.6,14.0,6.0,6.0,14.0
2017/18,2017-11-19 16:00:00,Watford FC,West Ham United FC,1.24547,1.43369,9.52,15.210526315789474,15.210526315789474,9.52,12.0,3.0,3.0,12.0
2017/18,2017-11-20 20:00:00,Brighton & Hove Albion FC,Stoke City FC,0.490058,1.20507,7.928571428571429,24.363636363636363,24.363636363636363,7.928571428571429,3.0,6.0,6.0,3.0
2017/18,2017-11-24 20:00:00,West Ham United FC,Leicester City FC,0.775297,0.453851,11.545454545454545,7.3478260869565215,7.3478260869565215,11.545454545454545,4.0,1.0,1.0,4.0
2017/18,2017-11-25 15:00:00,Tottenham Hotspur FC,West Bromwich Albion FC,1.91526,0.71711,6.391304347826087,17.166666666666668,17.166666666666668,6.391304347826087,6.0,0.0,0.0,6.0
2017/18,2017-11-25 15:00:00,Swansea City AFC,AFC Bournemouth,0.879594,0.449075,6.261904761904762,15.857142857142858,15.857142857142858,6.261904761904762,4.0,7.0,7.0,4.0
2017/18,2017-11-25 15:00:00,Newcastle United FC,Watford FC,0.86002,2.05844,9.48,9.071428571428571,9.071428571428571,9.48,10.0,7.0,7.0,10.0
2017/18,2017-11-25 15:00:00,Manchester United FC,Brighton & Hove Albion FC,1.50148,0.565072,11.666666666666666,14.894736842105264,14.894736842105264,11.666666666666666,7.0,5.0,5.0,7.0
2017/18,2017-11-25 15:00:00,Crystal Palace FC,Stoke City FC,1.48339,0.628292,8.782608695652174,12.15,12.15,8.782608695652174,8.0,3.0,3.0,8.0
2017/18,2017-11-25 17:30:00,Liverpool FC,Chelsea FC,1.50368,0.739983,11.692307692307692,22.5,22.5,11.692307692307692,13.0,9.0,9.0,13.0
2017/18,2017-11-26 13:30:00,Southampton FC,Everton FC,1.97034,0.147724,11.857142857142858,18.238095238095237,18.238095238095237,11.857142857142858,4.0,1.0,1.0,4.0
2017/18,2017-11-26 14:00:00,Burnley FC,Arsenal FC,0.402745,1.75184,15.952380952380953,12.066666666666666,12.066666666666666,15.952380952380953,0.0,12.0,12.0,0.0
2017/18,2017-11-26 16:00:00,Huddersfield Town AFC,Manchester City FC,0.537698,2.66178,24.0,2.5416666666666665,2.5416666666666665,24.0,1.0,11.0,11.0,1.0
2017/18,2017-11-28 19:45:00,Leicester City FC,Tottenham Hotspur FC,0.924575,2.50552,20.846153846153847,7.56,7.56,20.846153846153847,4.0,11.0,11.0,4.0
2017/18,2017-11-28 19:45:00,Brighton & Hove Albion FC,Crystal Palace FC,0.475162,0.584296,11.789473684210526,19.76923076923077,19.76923076923077,11.789473684210526,2.0,1.0,1.0,2.0
2017/18,2017-11-28 20:00:00,Watford FC,Manchester United FC,1.29277,1.63491,8.909090909090908,16.375,16.375,8.909090909090908,4.0,5.0,5.0,4.0
2017/18,2017-11-28 20:00:00,West Bromwich Albion FC,Newcastle United FC,0.845327,1.1342,9.608695652173912,10.285714285714286,10.285714285714286,9.608695652173912,2.0,3.0,3.0,2.0
2017/18,2017-11-29 19:45:00,AFC Bournemouth,Burnley FC,0.915088,1.08519,10.25,13.347826086956522,13.347826086956522,10.25,6.0,5.0,5.0,6.0
2017/18,2017-11-29 19:45:00,Arsenal FC,Huddersfield Town AFC,4.47889,0.475716,8.28,27.473684210526315,27.473684210526315,8.28,19.0,3.0,3.0,19.0
2017/18,2017-11-29 19:45:00,Chelsea FC,Swansea City AFC,2.30012,0.0411427,9.875,21.0625,21.0625,9.875,9.0,1.0,1.0,9.0
2017/18,2017-11-29 20:00:00,Everton FC,West Ham United FC,1.76497,1.03658,9.161290322580646,16.533333333333335,16.533333333333335,9.161290322580646,5.0,10.0,10.0,5.0
2017/18,2017-11-29 20:00:00,Manchester City FC,Southampton FC,1.64952,1.7066,3.903225806451613,17.842105263157894,17.842105263157894,3.903225806451613,13.0,4.0,4.0,13.0
2017/18,2017-11-29 20:00:00,Stoke City FC,Liverpool FC,0.846748,2.58757,22.266666666666666,8.0,8.0,22.266666666666666,2.0,7.0,7.0,2.0
2017/18,2017-12-02 12:30:00,Chelsea FC,Newcastle United FC,3.07794,0.519549,9.16,14.064516129032258,14.064516129032258,9.16,20.0,0.0,0.0,20.0
2017/18,2017-12-02 15:00:00,Everton FC,Huddersfield Town AFC,0.820024,0.223429,8.045454545454545,10.5625,10.5625,8.045454545454545,7.0,4.0,4.0,7.0
2017/18,2017-12-02 15:00:00,Leicester City FC,Burnley FC,1.61269,0.789388,19.0,9.55,9.55,19.0,10.0,5.0,5.0,10.0
2017/18,2017-12-02 15:00:00,Stoke City FC,Swansea City AFC,1.24743,0.320601,15.944444444444445,7.076923076923077,7.076923076923077,15.944444444444445,9.0,0.0,0.0,9.0
2017/18,2017-12-02 15:00:00,Watford FC,Tottenham Hotspur FC,0.352672,0.788817,10.217391304347826,9.904761904761905,9.904761904761905,10.217391304347826,6.0,3.0,3.0,6.0
2017/18,2017-12-02 15:00:00,West Bromwich Albion FC,Crystal Palace FC,1.65178,0.80924,6.48,13.461538461538462,13.461538461538462,6.48,12.0,5.0,5.0,12.0
2017/18,2017-12-02 15:00:00,Brighton & Hove Albion FC,Liverpool FC,1.65878,1.77566,40.9,14.227272727272727,14.227272727272727,40.9,1.0,8.0,8.0,1.0
2017/18,2017-12-02 17:30:00,Arsenal FC,Manchester United FC,4.24057,2.06831,4.6,19.6,19.6,4.6,32.0,8.0,8.0,32.0
2017/18,2017-12-03 13:30:00,AFC Bournemouth,Southampton FC,1.11195,1.00264,11.904761904761905,5.935483870967742,5.935483870967742,11.904761904761905,12.0,11.0,11.0,12.0
2017/18,2017-12-03 16:00:00,Manchester City FC,West Ham United FC,2.45603,0.474483,4.68,29.3,29.3,4.68,23.0,1.0,1.0,23.0
2017/18,2017-12-09 12:30:00,West Ham United FC,Chelsea FC,0.418127,1.18891,14.347826086956522,3.789473684210526,3.789473684210526,14.347826086956522,3.0,9.0,9.0,3.0
2017/18,2017-12-09 15:00:00,Tottenham Hotspur FC,Stoke City FC,4.01925,0.749296,3.8275862068965516,40.1,40.1,3.8275862068965516,15.0,4.0,4.0,15.0
2017/18,2017-12-09 15:00:00,Swansea City AFC,West Bromwich Albion FC,1.01101,0.25228,9.238095238095237,10.130434782608695,10.130434782608695,9.238095238095237,2.0,3.0,3.0,2.0
2017/18,2017-12-09 15:00:00,Burnley FC,Watford FC,0.485632,0.819233,11.0625,11.5,11.5,11.0625,6.0,7.0,7.0,6.0
2017/18,2017-12-09 15:00:00,Crystal Palace FC,AFC Bournemouth,4.61208,0.962374,8.071428571428571,8.666666666666666,8.666666666666666,8.071428571428571,14.0,6.0,6.0,14.0
2017/18,2017-12-09 15:00:00,Huddersfield Town AFC,Brighton & Hove Albion FC,2.68125,0.273809,9.954545454545455,13.944444444444445,13.944444444444445,9.954545454545455,9.0,3.0,3.0,9.0
2017/18,2017-12-09 17:30:00,Newcastle United FC,Leicester City FC,0.964657,0.444099,9.484848484848484,10.117647058823529,10.117647058823529,9.484848484848484,5.0,4.0,4.0,5.0
2017/18,2017-12-10 12:00:00,Southampton FC,Arsenal FC,1.21942,0.608352,19.27777777777778,9.818181818181818,9.818181818181818,19.27777777777778,2.0,24.0,24.0,2.0
2017/18,2017-12-10 14:15:00,Liverpool FC,Everton FC,1.89569,0.823217,3.8823529411764706,17.1,17.1,3.8823529411764706,17.0,0.0,0.0,17.0
2017/18,2017-12-10 16:30:00,Manchester United FC,Manchester City FC,1.43756,2.03041,12.96,6.357142857142857,6.357142857142857,12.96,2.0,14.0,14.0,2.0
2017/18,2017-12-12 19:45:00,Burnley FC,Stoke City FC,0.360081,0.916344,8.5,10.941176470588236,10.941176470588236,8.5,3.0,5.0,5.0,3.0
2017/18,2017-12-12 20:00:00,Huddersfield Town AFC,Chelsea FC,0.476748,1.8707,33.333333333333336,18.125,18.125,33.333333333333336,1.0,11.0,11.0,1.0
2017/18,2017-12-12 20:00:00,Crystal Palace FC,Watford FC,1.10545,1.40441,8.789473684210526,10.714285714285714,10.714285714285714,8.789473684210526,3.0,1.0,1.0,3.0
2017/18,2017-12-13 19:45:00,Swansea City AFC,Manchester City FC,0.589496,3.56828,28.8125,5.476190476190476,5.476190476190476,28.8125,3.0,13.0,13.0,3.0
2017/18,2017-12-13 19:45:00,Newcastle United FC,Everton FC,0.570658,1.38719,11.857142857142858,10.5,10.5,11.857142857142858,2.0,1.0,1.0,2.0
2017/18,2017-12-13 19:45:00,Southampton FC,Leicester City FC,1.11749,2.24579,7.846153846153846,8.333333333333334,8.333333333333334,7.846153846153846,3.0,1.0,1.0,3.0
2017/18,2017-12-13 20:00:00,Manchester United FC,AFC Bournemouth,1.24043,0.815792,8.961538461538462,25.714285714285715,25.714285714285715,8.961538461538462,13.0,6.0,6.0,13.0
2017/18,2017-12-13 20:00:00,West Ham United FC,Arsenal FC,0.405172,1.02186,13.523809523809524,5.296296296296297,5.296296296296297,13.523809523809524,5.0,20.0,20.0,5.0
2017/18,2017-12-13 20:00:00,Liverpool FC,West Bromwich Albion FC,2.13915,0.520382,4.0,29.285714285714285,29.285714285714285,4.0,11.0,1.0,1.0,11.0
2017/18,2017-12-13 20:00:00,Tottenham Hotspur FC,Brighton & Hove Albion FC,1.87344,0.315616,6.0476190476190474,59.0,59.0,6.0476190476190474,6.0,3.0,3.0,6.0
2017/18,2017-12-16 12:30:00,Leicester City FC,Crystal Palace FC,0.758241,2.25889,4.551724137931035,10.541666666666666,10.541666666666666,4.551724137931035,4.0,3.0,3.0,4.0
2017/18,2017-12-16 15:00:00,Arsenal FC,Newcastle United FC,2.02472,0.286547,4.147058823529412,19.95,19.95,4.147058823529412,21.0,2.0,2.0,21.0
2017/18,2017-12-16 15:00:00,Brighton & Hove Albion FC,Burnley FC,1.49029,1.32536,10.5,12.857142857142858,12.857142857142858,10.5,4.0,5.0,5.0,4.0
2017/18,2017-12-16 15:00:00,Chelsea FC,Southampton FC,1.29018,0.587081,17.27777777777778,9.666666666666666,9.666666666666666,17.27777777777778,12.0,6.0,6.0,12.0
2017/18,2017-12-16 15:00:00,Watford FC,Huddersfield Town AFC,0.589103,3.49193,8.444444444444445,7.909090909090909,7.909090909090909,8.444444444444445,7.0,4.0,4.0,7.0
2017/18,2017-12-16 16:00:00,Stoke City FC,West Ham United FC,0.983293,3.08244,5.3,13.0,13.0,5.3,4.0,6.0,6.0,4.0
2017/18,2017-12-16 17:30:00,Manchester City FC,Tottenham Hotspur FC,4.14588,0.182456,7.967741935483871,7.1875,7.1875,7.967741935483871,10.0,1.0,1.0,10.0
2017/18,2017-12-17 14:15:00,West Bromwich Albion FC,Manchester United FC,1.076,0.898984,12.583333333333334,13.333333333333334,13.333333333333334,12.583333333333334,3.0,4.0,4.0,3.0
2017/18,2017-12-17 16:30:00,AFC Bournemouth,Liverpool FC,0.539178,3.25041,83.2,10.0,10.0,83.2,6.0,14.0,14.0,6.0
2017/18,2017-12-18 20:00:00,Everton FC,Swansea City AFC,2.01756,0.766224,10.043478260869565,14.555555555555555,14.555555555555555,10.043478260869565,0.0,1.0,1.0,0.0
2017/18,2017-12-22 19:45:00,Arsenal FC,Liverpool FC,1.13104,2.05947,9.16,9.233333333333333,9.233333333333333,9.16,12.0,8.0,8.0,12.0
2017/18,2017-12-23 12:30:00,Everton FC,Chelsea FC,0.342403,1.84971,12.8,9.823529411764707,9.823529411764707,12.8,1.0,17.0,17.0,1.0
2017/18,2017-12-23 15:00:00,Swansea City AFC,Crystal Palace FC,0.546613,1.25546,5.448275862068965,20.88235294117647,20.88235294117647,5.448275862068965,5.0,6.0,6.0,5.0
2017/18,2017-12-23 15:00:00,West Ham United FC,Newcastle United FC,2.31898,1.90622,6.5625,12.166666666666666,12.166666666666666,6.5625,9.0,3.0,3.0,9.0
2017/18,2017-12-23 15:00:00,Brighton & Hove Albion FC,Watford FC,1.40139,1.30044,11.4375,10.761904761904763,10.761904761904763,11.4375,3.0,4.0,4.0,3.0
2017/18,2017-12-23 15:00:00,Stoke City FC,West Bromwich Albion FC,1.7986,2.0544,8.185185185185185,9.0,9.0,8.185185185185185,2.0,9.0,9.0,2.0
2017/18,2017-12-23 15:00:00,Southampton FC,Huddersfield Town AFC,1.73805,1.09381,5.071428571428571,7.958333333333333,7.958333333333333,5.071428571428571,5.0,3.0,3.0,5.0
2017/18,2017-12-23 15:00:00,Manchester City FC,AFC Bournemouth,1.55724,0.334896,4.923076923076923,39.23076923076923,39.23076923076923,4.923076923076923,14.0,2.0,2.0,14.0
2017/18,2017-12-23 17:30:00,Burnley FC,Tottenham Hotspur FC,0.159735,3.30947,14.45,12.0,12.0,14.45,4.0,9.0,9.0,4.0
2017/18,2017-12-23 19:45:00,Leicester City FC,Manchester United FC,1.56465,2.15281,8.178571428571429,13.61111111111111,13.61111111111111,8.178571428571429,5.0,10.0,10.0,5.0
2017/18,2017-12-26 12:30:00,Tottenham Hotspur FC,Southampton FC,3.08413,0.591118,8.761904761904763,6.7,6.7,8.761904761904763,14.0,5.0,5.0,14.0
2017/18,2017-12-26 15:00:00,AFC Bournemouth,West Ham United FC,2.84928,1.87596,6.64,7.433333333333334,7.433333333333334,6.64,13.0,4.0,4.0,13.0
2017/18,2017-12-26 15:00:00,Chelsea FC,Brighton & Hove Albion FC,2.16934,0.452601,9.8,39.44444444444444,39.44444444444444,9.8,17.0,3.0,3.0,17.0
2017/18,2017-12-26 15:00:00,Huddersfield Town AFC,Stoke City FC,1.8756,1.19984,8.318181818181818,14.4,14.4,8.318181818181818,7.0,3.0,3.0,7.0
2017/18,2017-12-26 15:00:00,Manchester United FC,Burnley FC,1.80763,0.786214,8.642857142857142,21.214285714285715,21.214285714285715,8.642857142857142,14.0,3.0,3.0,14.0
2017/18,2017-12-26 15:00:00,Watford FC,Leicester City FC,1.43009,1.54771,5.90625,7.368421052631579,7.368421052631579,5.90625,6.0,4.0,4.0,6.0
2017/18,2017-12-26 15:00:00,West Bromwich Albion FC,Everton FC,1.18168,0.405775,7.684210526315789,8.61111111111111,8.61111111111111,7.684210526315789,3.0,1.0,1.0,3.0
2017/18,2017-12-26 17:30:00,Liverpool FC,Swansea City AFC,3.06422,0.2719,14.375,20.842105263157894,20.842105263157894,14.375,9.0,4.0,4.0,9.0
2017/18,2017-12-27 19:45:00,Newcastle United FC,Manchester City FC,0.174705,1.93187,28.0,5.277777777777778,5.277777777777778,28.0,1.0,12.0,12.0,1.0
2017/18,2017-12-28 20:00:00,Crystal Palace FC,Arsenal FC,1.14522,1.84104,10.257142857142858,9.6875,9.6875,10.257142857142858,8.0,19.0,19.0,8.0
2017/18,2017-12-30 15:00:00,AFC Bournemouth,Everton FC,1.39955,0.599608,15.055555555555555,5.392857142857143,5.392857142857143,15.055555555555555,7.0,6.0,6.0,7.0
2017/18,2017-12-30 15:00:00,Chelsea FC,Stoke City FC,3.09527,0.28218,18.5,21.31578947368421,21.31578947368421,18.5,4.0,0.0,0.0,4.0
2017/18,2017-12-30 15:00:00,Huddersfield Town AFC,Burnley FC,0.049118,1.20923,5.545454545454546,7.961538461538462,7.961538461538462,5.545454545454546,1.0,4.0,4.0,1.0
2017/18,2017-12-30 15:00:00,Liverpool FC,Leicester City FC,2.56607,0.789667,9.80952380952381,34.875,34.875,9.80952380952381,17.0,6.0,6.0,17.0
2017/18,2017-12-30 15:00:00,Newcastle United FC,Brighton & Hove Albion FC,0.504379,0.630058,13.666666666666666,13.4,13.4,13.666666666666666,2.0,1.0,1.0,2.0
2017/18,2017-12-30 15:00:00,Watford FC,Swansea City AFC,1.17794,1.31479,12.37037037037037,10.428571428571429,10.428571428571429,12.37037037037037,5.0,4.0,4.0,5.0
2017/18,2017-12-30 17:30:00,Manchester United FC,Southampton FC,1.87247,0.85013,10.045454545454545,14.88888888888889,14.88888888888889,10.045454545454545,11.0,6.0,6.0,11.0
2017/18,2017-12-31 12:00:00,Crystal Palace FC,Manchester City FC,1.72153,1.09586,21.375,2.875,2.875,21.375,3.0,11.0,11.0,3.0
2017/18,2017-12-31 16:30:00,West Bromwich Albion FC,Arsenal FC,1.39429,0.917801,15.047619047619047,19.5,19.5,15.047619047619047,6.0,12.0,12.0,6.0
2017/18,2018-01-01 12:30:00,Brighton & Hove Albion FC,AFC Bournemouth,2.37332,1.28248,9.869565217391305,10.947368421052632,10.947368421052632,9.869565217391305,10.0,10.0,10.0,10.0
2017/18,2018-01-01 15:00:00,Burnley FC,Liverpool FC,0.900466,1.62514,21.857142857142858,10.666666666666666,10.666666666666666,21.857142857142858,7.0,8.0,8.0,7.0
2017/18,2018-01-01 15:00:00,Leicester City FC,Huddersfield Town AFC,1.45074,0.226625,13.571428571428571,9.066666666666666,9.066666666666666,13.571428571428571,5.0,0.0,0.0,5.0
2017/18,2018-01-01 15:00:00,Stoke City FC,Newcastle United FC,1.50029,2.02028,8.333333333333334,12.454545454545455,12.454545454545455,8.333333333333334,6.0,4.0,4.0,6.0
2017/18,2018-01-01 17:30:00,Everton FC,Manchester United FC,1.23952,1.26247,15.88888888888889,8.15,8.15,15.88888888888889,8.0,5.0,5.0,8.0
2017/18,2018-01-02 19:45:00,West Ham United FC,West Bromwich Albion FC,1.0594,0.63538,12.0,11.727272727272727,11.727272727272727,12.0,10.0,1.0,1.0,10.0
2017/18,2018-01-02 19:45:00,Southampton FC,Crystal Palace FC,0.445301,1.34294,5.846153846153846,16.157894736842106,16.157894736842106,5.846153846153846,6.0,7.0,7.0,6.0
2017/18,2018-01-02 19:45:00,Swansea City AFC,Tottenham Hotspur FC,0.397789,1.61843,20.894736842105264,6.129032258064516,6.129032258064516,20.894736842105264,1.0,8.0,8.0,1.0
2017/18,2018-01-02 20:00:00,Manchester City FC,Watford FC,2.77398,0.965283,5.461538461538462,25.523809523809526,25.523809523809526,5.461538461538462,14.0,2.0,2.0,14.0
2017/18,2018-01-03 19:45:00,Arsenal FC,Chelsea FC,1.23205,3.0768,11.0,12.538461538461538,12.538461538461538,11.0,18.0,11.0,11.0,18.0
2017/18,2018-01-04 20:00:00,Tottenham Hotspur FC,West Ham United FC,1.64908,0.612933,5.185185185185185,22.285714285714285,22.285714285714285,5.185185185185185,12.0,1.0,1.0,12.0
2017/18,2018-01-13 15:00:00,Chelsea FC,Leicester City FC,0.622946,1.36341,6.3428571428571425,10.652173913043478,10.652173913043478,6.3428571428571425,8.0,8.0,8.0,8.0
2017/18,2018-01-13 15:00:00,Crystal Palace FC,Burnley FC,1.80971,0.907849,10.428571428571429,7.0,7.0,10.428571428571429,2.0,4.0,4.0,2.0
2017/18,2018-01-13 15:00:00,Huddersfield Town AFC,West Ham United FC,0.681,0.986853,5.791666666666667,14.863636363636363,14.863636363636363,5.791666666666667,2.0,4.0,4.0,2.0
2017/18,2018-01-13 15:00:00,Newcastle United FC,Swansea City AFC,1.8273,0.895774,10.482758620689655,15.916666666666666,15.916666666666666,10.482758620689655,5.0,4.0,4.0,5.0
2017/18,2018-01-13 15:00:00,Watford FC,Southampton FC,1.67369,0.857637,7.416666666666667,11.052631578947368,11.052631578947368,7.416666666666667,13.0,6.0,6.0,13.0
2017/18,2018-01-13 15:00:00,West Bromwich Albion FC,Brighton & Hove Albion FC,1.38478,0.530765,17.153846153846153,7.45,7.45,17.153846153846153,3.0,8.0,8.0,3.0
2017/18,2018-01-13 17:30:00,Tottenham Hotspur FC,Everton FC,4.21366,0.290345,6.827586206896552,10.633333333333333,10.633333333333333,6.827586206896552,8.0,3.0,3.0,8.0
2017/18,2018-01-14 13:30:00,AFC Bournemouth,Arsenal FC,0.822285,1.00956,10.206896551724139,7.190476190476191,7.190476190476191,10.206896551724139,9.0,3.0,3.0,9.0
2017/18,2018-01-14 16:00:00,Liverpool FC,Manchester City FC,1.01595,0.722959,13.5,6.433333333333334,6.433333333333334,13.5,9.0,5.0,5.0,9.0
2017/18,2018-01-15 20:00:00,Manchester United FC,Stoke City FC,1.9485,1.47603,9.576923076923077,28.153846153846153,28.153846153846153,9.576923076923077,16.0,7.0,7.0,16.0
2017/18,2018-01-20 12:30:00,Brighton & Hove Albion FC,Chelsea FC,0.881174,1.52008,11.433333333333334,16.0,16.0,11.433333333333334,9.0,12.0,12.0,9.0
2017/18,2018-01-20 15:00:00,Arsenal FC,Crystal Palace FC,3.56519,0.501202,12.473684210526315,21.157894736842106,21.157894736842106,12.473684210526315,19.0,7.0,7.0,19.0
2017/18,2018-01-20 15:00:00,Burnley FC,Manchester United FC,0.568215,0.860828,12.882352941176471,11.894736842105264,11.894736842105264,12.882352941176471,6.0,8.0,8.0,6.0
2017/18,2018-01-20 15:00:00,Everton FC,West Bromwich Albion FC,0.92355,1.34998,4.45945945945946,10.761904761904763,10.761904761904763,4.45945945945946,7.0,3.0,3.0,7.0
2017/18,2018-01-20 15:00:00,Leicester City FC,Watford FC,1.51932,0.740795,8.727272727272727,11.19047619047619,11.19047619047619,8.727272727272727,6.0,4.0,4.0,6.0
2017/18,2018-01-20 15:00:00,Stoke City FC,Huddersfield Town AFC,0.987799,0.238458,4.851851851851852,9.875,9.875,4.851851851851852,3.0,0.0,0.0,3.0
2017/18,2018-01-20 15:00:00,West Ham United FC,AFC Bournemouth,0.980241,0.501886,12.764705882352942,9.166666666666666,9.166666666666666,12.764705882352942,6.0,4.0,4.0,6.0
2017/18,2018-01-20 17:30:00,Manchester City FC,Newcastle United FC,2.5505,0.992018,3.8947368421052633,16.523809523809526,16.523809523809526,3.8947368421052633,21.0,1.0,1.0,21.0
2017/18,2018-01-21 16:00:00,Southampton FC,Tottenham Hotspur FC,1.15209,1.30653,15.588235294117647,7.125,7.125,15.588235294117647,2.0,15.0,15.0,2.0
2017/18,2018-01-22 20:00:00,Swansea City AFC,Liverpool FC,0.498742,2.19675,52.285714285714285,7.842105263157895,7.842105263157895,52.285714285714285,1.0,19.0,19.0,1.0
2017/18,2018-01-30 19:45:00,West Ham United FC,Crystal Palace FC,1.11632,1.15809,9.833333333333334,4.791666666666667,4.791666666666667,9.833333333333334,4.0,3.0,3.0,4.0
2017/18,2018-01-30 19:45:00,Swansea City AFC,Arsenal FC,2.37911,1.15616,52.0,12.307692307692308,12.307692307692308,52.0,1.0,12.0,12.0,1.0
2017/18,2018-01-30 20:00:00,Huddersfield Town AFC,Liverpool FC,0.288048,2.05148,43.53846153846154,8.65,8.65,43.53846153846154,4.0,7.0,7.0,4.0
2017/18,2018-01-31 19:45:00,Chelsea FC,AFC Bournemouth,1.14795,1.42447,8.0,9.289473684210526,9.289473684210526,8.0,5.0,3.0,3.0,5.0
2017/18,2018-01-31 19:45:00,Southampton FC,Brighton & Hove Albion FC,1.27393,1.07907,5.857142857142857,12.0,12.0,5.857142857142857,8.0,4.0,4.0,8.0
2017/18,2018-01-31 19:45:00,Newcastle United FC,Burnley FC,2.52275,1.22828,7.545454545454546,6.678571428571429,6.678571428571429,7.545454545454546,6.0,6.0,6.0,6.0
2017/18,2018-01-31 19:45:00,Everton FC,Leicester City FC,1.53072,2.65018,8.2,9.823529411764707,9.823529411764707,8.2,5.0,2.0,2.0,5.0
2017/18,2018-01-31 20:00:00,Manchester City FC,West Bromwich Albion FC,2.68955,0.118043,4.821428571428571,28.0,28.0,4.821428571428571,16.0,1.0,1.0,16.0
2017/18,2018-01-31 20:00:00,Tottenham Hotspur FC,Manchester United FC,2.0117,0.817997,7.628571428571429,9.88888888888889,9.88888888888889,7.628571428571429,15.0,4.0,4.0,15.0
2017/18,2018-01-31 20:00:00,Stoke City FC,Watford FC,0.722172,0.740773,6.9375,6.722222222222222,6.722222222222222,6.9375,5.0,6.0,6.0,5.0
2017/18,2018-02-03 12:30:00,Burnley FC,Manchester City FC,0.795971,2.24914,20.210526315789473,9.0,9.0,20.210526315789473,7.0,18.0,18.0,7.0
2017/18,2018-02-03 15:00:00,AFC Bournemouth,Stoke City FC,1.91091,0.721222,7.7894736842105265,6.6,6.6,7.7894736842105265,9.0,6.0,6.0,9.0
2017/18,2018-02-03 15:00:00,Brighton & Hove Albion FC,West Ham United FC,1.64227,0.443751,8.083333333333334,9.272727272727273,9.272727272727273,8.083333333333334,5.0,4.0,4.0,5.0
2017/18,2018-02-03 15:00:00,Leicester City FC,Swansea City AFC,1.48466,0.569943,6.916666666666667,14.19047619047619,14.19047619047619,6.916666666666667,8.0,2.0,2.0,8.0
2017/18,2018-02-03 15:00:00,Manchester United FC,Huddersfield Town AFC,1.63389,0.13049,7.944444444444445,19.217391304347824,19.217391304347824,7.944444444444445,14.0,4.0,4.0,14.0
2017/18,2018-02-03 15:00:00,West Bromwich Albion FC,Southampton FC,0.876603,0.99695,11.166666666666666,8.0,8.0,11.166666666666666,6.0,7.0,7.0,6.0
2017/18,2018-02-03 17:30:00,Arsenal FC,Everton FC,3.19622,1.49065,14.714285714285714,14.478260869565217,14.478260869565217,14.714285714285714,11.0,7.0,7.0,11.0
2017/18,2018-02-04 14:15:00,Crystal Palace FC,Newcastle United FC,3.00238,1.14408,9.85,14.4,14.4,9.85,11.0,2.0,2.0,11.0
2017/18,2018-02-04 16:30:00,Liverpool FC,Tottenham Hotspur FC,1.28962,2.54392,13.48,10.0,10.0,13.48,1.0,6.0,6.0,1.0
2017/18,2018-02-05 20:00:00,Watford FC,Chelsea FC,2.12696,0.573557,9.75,11.473684210526315,11.473684210526315,9.75,13.0,5.0,5.0,13.0
2017/18,2018-02-10 12:30:00,Tottenham Hotspur FC,Arsenal FC,2.63564,0.487297,10.566666666666666,15.647058823529411,15.647058823529411,10.566666666666666,6.0,7.0,7.0,6.0
2017/18,2018-02-10 15:00:00,Everton FC,Crystal Palace FC,1.48792,1.65713,4.394736842105263,6.928571428571429,6.928571428571429,4.394736842105263,12.0,8.0,8.0,12.0
2017/18,2018-02-10 15:00:00,Stoke City FC,Brighton & Hove Albion FC,1.39547,0.897856,11.0,10.047619047619047,10.047619047619047,11.0,5.0,11.0,11.0,5.0
2017/18,2018-02-10 15:00:00,Swansea City AFC,Burnley FC,0.843332,0.430729,15.727272727272727,14.5,14.5,15.727272727272727,17.0,2.0,2.0,17.0
2017/18,2018-02-10 15:00:00,West Ham United FC,Watford FC,1.83359,0.799928,9.043478260869565,5.368421052631579,5.368421052631579,9.043478260869565,2.0,9.0,9.0,2.0
2017/18,2018-02-10 17:30:00,Manchester City FC,Leicester City FC,2.59121,0.109716,6.115384615384615,28.615384615384617,28.615384615384617,6.115384615384615,19.0,3.0,3.0,19.0
2017/18,2018-02-11 12:00:00,Huddersfield Town AFC,AFC Bournemouth,2.56699,0.433555,6.606060606060606,11.31578947368421,11.31578947368421,6.606060606060606,5.0,2.0,2.0,5.0
2017/18,2018-02-11 14:15:00,Newcastle United FC,Manchester United FC,0.676656,1.71995,13.416666666666666,7.7272727272727275,7.7272727272727275,13.416666666666666,4.0,13.0,13.0,4.0
2017/18,2018-02-11 16:30:00,Southampton FC,Liverpool FC,0.854343,2.35575,13.142857142857142,10.96551724137931,10.96551724137931,13.142857142857142,5.0,11.0,11.0,5.0
2017/18,2018-02-12 20:00:00,Chelsea FC,West Bromwich Albion FC,2.37995,0.628806,10.166666666666666,8.470588235294118,8.470588235294118,10.166666666666666,13.0,7.0,7.0,13.0
2017/18,2018-02-24 12:30:00,Leicester City FC,Stoke City FC,1.12487,0.166078,3.730769230769231,7.333333333333333,7.333333333333333,3.730769230769231,4.0,3.0,3.0,4.0
2017/18,2018-02-24 15:00:00,AFC Bournemouth,Newcastle United FC,1.20646,4.23567,6.92,13.904761904761905,13.904761904761905,6.92,12.0,7.0,7.0,12.0
2017/18,2018-02-24 15:00:00,Brighton & Hove Albion FC,Swansea City AFC,3.2913,0.443169,10.590909090909092,9.173913043478262,9.173913043478262,10.590909090909092,8.0,2.0,2.0,8.0
2017/18,2018-02-24 15:00:00,West Bromwich Albion FC,Huddersfield Town AFC,1.50162,1.18101,5.782608695652174,8.91304347826087,8.91304347826087,5.782608695652174,6.0,5.0,5.0,6.0
2017/18,2018-02-24 15:00:00,Liverpool FC,West Ham United FC,3.9205,0.33527,5.333333333333333,21.470588235294116,21.470588235294116,5.333333333333333,19.0,2.0,2.0,19.0
2017/18,2018-02-24 15:00:00,Burnley FC,Southampton FC,1.28178,0.65898,12.461538461538462,8.842105263157896,8.842105263157896,12.461538461538462,4.0,3.0,3.0,4.0
2017/18,2018-02-24 17:30:00,Watford FC,Everton FC,0.606929,0.665127,5.483870967741935,7.107142857142857,7.107142857142857,5.483870967741935,4.0,4.0,4.0,4.0
2017/18,2018-02-25 00:00:00,Crystal Palace FC,Tottenham Hotspur FC,0.184958,1.65074,15.0,4.15,4.15,15.0,5.0,7.0,7.0,5.0
2017/18,2018-02-25 14:05:00,Manchester United FC,Chelsea FC,1.30036,1.68958,10.225806451612904,9.666666666666666,9.666666666666666,10.225806451612904,7.0,8.0,8.0,7.0
2017/18,2018-03-01 19:45:00,Arsenal FC,Manchester City FC,1.30172,1.92605,10.692307692307692,21.071428571428573,21.071428571428573,10.692307692307692,7.0,7.0,7.0,7.0
2017/18,2018-03-03 12:30:00,Burnley FC,Everton FC,2.33524,1.79993,9.352941176470589,10.166666666666666,10.166666666666666,9.352941176470589,9.0,5.0,5.0,9.0
2017/18,2018-03-03 15:00:00,Leicester City FC,AFC Bournemouth,2.97799,1.4035,6.25,19.88888888888889,19.88888888888889,6.25,10.0,1.0,1.0,10.0
2017/18,2018-03-03 15:00:00,Southampton FC,Stoke City FC,0.982895,0.385303,4.086956521739131,11.222222222222221,11.222222222222221,4.086956521739131,6.0,7.0,7.0,6.0
2017/18,2018-03-03 15:00:00,Swansea City AFC,West Ham United FC,2.30838,0.497211,14.173913043478262,10.0,10.0,14.173913043478262,2.0,4.0,4.0,2.0
2017/18,2018-03-03 15:00:00,Tottenham Hotspur FC,Huddersfield Town AFC,1.63794,0.138106,5.5,24.952380952380953,24.952380952380953,5.5,7.0,0.0,0.0,7.0
2017/18,2018-03-03 15:00:00,Watford FC,West Bromwich Albion FC,1.23526,1.09115,8.3,5.676470588235294,5.676470588235294,8.3,4.0,3.0,3.0,4.0
2017/18,2018-03-03 17:30:00,Liverpool FC,Newcastle United FC,1.56935,0.255322,4.666666666666667,29.125,29.125,4.666666666666667,13.0,4.0,4.0,13.0
2017/18,2018-03-04 13:30:00,Brighton & Hove Albion FC,Arsenal FC,1.48498,0.801513,12.652173913043478,5.36,5.36,12.652173913043478,9.0,11.0,11.0,9.0
2017/18,2018-03-04 16:00:00,Manchester City FC,Chelsea FC,0.953312,0.118301,8.724137931034482,82.85714285714286,82.85714285714286,8.724137931034482,9.0,3.0,3.0,9.0
2017/18,2018-03-05 20:00:00,Crystal Palace FC,Manchester United FC,0.74138,1.25439,15.227272727272727,6.411764705882353,6.411764705882353,15.227272727272727,4.0,13.0,13.0,4.0
2017/18,2018-03-10 12:30:00,Manchester United FC,Liverpool FC,0.845051,0.777089,16.058823529411764,5.826086956521739,5.826086956521739,16.058823529411764,3.0,9.0,9.0,3.0
2017/18,2018-03-10 15:00:00,Everton FC,Brighton & Hove Albion FC,1.68868,0.321797,7.611111111111111,12.352941176470589,12.352941176470589,7.611111111111111,6.0,3.0,3.0,6.0
2017/18,2018-03-10 15:00:00,Huddersfield Town AFC,Swansea City AFC,1.39381,0.0,4.3125,36.5,36.5,4.3125,9.0,0.0,0.0,9.0
2017/18,2018-03-10 15:00:00,Newcastle United FC,Southampton FC,1.35847,0.496723,10.708333333333334,5.6,5.6,10.708333333333334,5.0,2.0,2.0,5.0
2017/18,2018-03-10 15:00:00,West Bromwich Albion FC,Leicester City FC,0.360925,1.86524,10.4,11.875,11.875,10.4,4.0,7.0,7.0,4.0
2017/18,2018-03-10 15:00:00,West Ham United FC,Burnley FC,0.72673,1.41929,10.5,15.2,15.2,10.5,6.0,7.0,7.0,6.0
2017/18,2018-03-10 17:30:00,Chelsea FC,Crystal Palace FC,3.87829,1.13893,7.625,12.652173913043478,12.652173913043478,7.625,20.0,11.0,11.0,20.0
2017/18,2018-03-11 13:30:00,Arsenal FC,Watford FC,2.38263,1.54676,7.55,16.705882352941178,16.705882352941178,7.55,8.0,7.0,7.0,8.0
2017/18,2018-03-11 16:00:00,AFC Bournemouth,Tottenham Hotspur FC,1.17387,2.53124,11.592592592592593,8.45,8.45,11.592592592592593,5.0,9.0,9.0,5.0
2017/18,2018-03-12 20:00:00,Stoke City FC,Manchester City FC,0.157023,1.64562,45.083333333333336,5.173913043478261,5.173913043478261,45.083333333333336,3.0,12.0,12.0,3.0
2017/18,2018-03-17 15:00:00,AFC Bournemouth,West Bromwich Albion FC,0.685329,1.74488,8.6,16.294117647058822,16.294117647058822,8.6,6.0,8.0,8.0,6.0
2017/18,2018-03-17 15:00:00,Huddersfield Town AFC,Crystal Palace FC,0.220381,2.74705,4.743589743589744,10.380952380952381,10.380952380952381,4.743589743589744,2.0,6.0,6.0,2.0
2017/18,2018-03-17 15:00:00,Stoke City FC,Everton FC,0.894266,2.97881,11.571428571428571,7.608695652173913,7.608695652173913,11.571428571428571,8.0,4.0,4.0,8.0
2017/18,2018-03-17 17:30:00,Liverpool FC,Watford FC,1.81208,0.35476,11.789473684210526,19.526315789473685,19.526315789473685,11.789473684210526,14.0,2.0,2.0,14.0
2017/18,2018-03-31 12:30:00,Crystal Palace FC,Liverpool FC,1.90868,1.72037,17.272727272727273,6.333333333333333,6.333333333333333,17.272727272727273,4.0,12.0,12.0,4.0
2017/18,2018-03-31 15:00:00,Brighton & Hove Albion FC,Leicester City FC,1.60322,1.26582,9.217391304347826,9.318181818181818,9.318181818181818,9.217391304347826,4.0,6.0,6.0,4.0
2017/18,2018-03-31 15:00:00,West Ham United FC,Southampton FC,1.44971,0.446641,8.25,6.884615384615385,6.884615384615385,8.25,3.0,4.0,4.0,3.0
2017/18,2018-03-31 15:00:00,Manchester United FC,Swansea City AFC,2.14368,0.138813,8.68,25.0,25.0,8.68,16.0,4.0,4.0,16.0
2017/18,2018-03-31 15:00:00,Newcastle United FC,Huddersfield Town AFC,2.53617,0.280847,5.869565217391305,13.807692307692308,13.807692307692308,5.869565217391305,5.0,1.0,1.0,5.0
2017/18,2018-03-31 15:00:00,Watford FC,AFC Bournemouth,0.76133,2.1146,7.147058823529412,17.6,17.6,7.147058823529412,15.0,7.0,7.0,15.0
2017/18,2018-03-31 15:00:00,West Bromwich Albion FC,Burnley FC,0.394723,1.41534,14.705882352941176,13.25,13.25,14.705882352941176,5.0,1.0,1.0,5.0
2017/18,2018-03-31 17:30:00,Everton FC,Manchester City FC,0.859628,1.91312,28.0,6.615384615384615,6.615384615384615,28.0,1.0,22.0,22.0,1.0
2017/18,2018-04-01 13:30:00,Arsenal FC,Stoke City FC,3.56649,0.342516,5.473684210526316,19.047619047619047,19.047619047619047,5.473684210526316,13.0,4.0,4.0,13.0
2017/18,2018-04-01 16:00:00,Chelsea FC,Tottenham Hotspur FC,1.209,1.3895,11.48,8.419354838709678,8.419354838709678,11.48,12.0,2.0,2.0,12.0
2017/18,2018-04-07 11:30:00,Everton FC,Liverpool FC,0.723427,0.947321,14.26086956521739,13.727272727272727,13.727272727272727,14.26086956521739,5.0,6.0,6.0,5.0
2017/18,2018-04-07 14:00:00,AFC Bournemouth,Crystal Palace FC,2.09227,1.14558,14.133333333333333,17.375,17.375,14.133333333333333,8.0,12.0,12.0,8.0
2017/18,2018-04-07 14:00:00,Brighton & Hove Albion FC,Huddersfield Town AFC,1.53244,1.48964,18.466666666666665,7.761904761904762,7.761904761904762,18.466666666666665,5.0,3.0,3.0,5.0
2017/18,2018-04-07 14:00:00,Leicester City FC,Newcastle United FC,1.09224,0.285116,7.733333333333333,17.625,17.625,7.733333333333333,4.0,1.0,1.0,4.0
2017/18,2018-04-07 14:00:00,Stoke City FC,Tottenham Hotspur FC,1.40115,1.79894,9.806451612903226,6.0,6.0,9.806451612903226,4.0,7.0,7.0,4.0
2017/18,2018-04-07 14:00:00,Watford FC,Burnley FC,1.36685,1.38319,5.695652173913044,7.142857142857143,7.142857142857143,5.695652173913044,10.0,1.0,1.0,10.0
2017/18,2018-04-07 14:00:00,West Bromwich Albion FC,Swansea City AFC,1.22912,0.655729,9.392857142857142,17.4375,17.4375,9.392857142857142,10.0,2.0,2.0,10.0
2017/18,2018-04-07 16:30:00,Manchester City FC,Manchester United FC,3.42967,1.21683,7.083333333333333,12.551724137931034,12.551724137931034,7.083333333333333,17.0,3.0,3.0,17.0
2017/18,2018-04-08 13:15:00,Arsenal FC,Southampton FC,1.58895,2.16699,11.333333333333334,23.2,23.2,11.333333333333334,7.0,7.0,7.0,7.0
2017/18,2018-04-08 15:30:00,Chelsea FC,West Ham United FC,2.12073,0.302554,10.125,15.421052631578947,15.421052631578947,10.125,20.0,4.0,4.0,20.0
2017/18,2018-04-14 11:30:00,Southampton FC,Chelsea FC,1.2922,0.663817,11.136363636363637,8.434782608695652,8.434782608695652,11.136363636363637,1.0,8.0,8.0,1.0
2017/18,2018-04-14 14:00:00,Burnley FC,Leicester City FC,1.05951,1.99812,13.0,9.76923076923077,9.76923076923077,13.0,4.0,8.0,8.0,4.0
2017/18,2018-04-14 14:00:00,Crystal Palace FC,Brighton & Hove Albion FC,2.49925,1.54485,7.434782608695652,6.916666666666667,6.916666666666667,7.434782608695652,6.0,2.0,2.0,6.0
2017/18,2018-04-14 14:00:00,Huddersfield Town AFC,Watford FC,0.929512,0.306273,8.16,9.0625,9.0625,8.16,7.0,7.0,7.0,7.0
2017/18,2018-04-14 14:00:00,Swansea City AFC,Everton FC,1.19751,1.61456,7.838709677419355,14.733333333333333,14.733333333333333,7.838709677419355,12.0,8.0,8.0,12.0
2017/18,2018-04-14 16:30:00,Liverpool FC,AFC Bournemouth,2.6402,0.540593,7.84,35.6,35.6,7.84,19.0,3.0,3.0,19.0
2017/18,2018-04-14 18:45:00,Tottenham Hotspur FC,Manchester City FC,0.445014,3.61987,12.448275862068966,10.772727272727273,10.772727272727273,12.448275862068966,6.0,7.0,7.0,6.0
2017/18,2018-04-15 12:30:00,Newcastle United FC,Arsenal FC,0.888452,1.41538,15.62962962962963,4.888888888888889,4.888888888888889,15.62962962962963,6.0,10.0,10.0,6.0
2017/18,2018-04-15 15:00:00,Manchester United FC,West Bromwich Albion FC,0.639748,0.824508,5.777777777777778,19.789473684210527,19.789473684210527,5.777777777777778,11.0,1.0,1.0,11.0
2017/18,2018-04-16 19:00:00,West Ham United FC,Stoke City FC,0.807456,1.41085,5.478260869565218,8.96,8.96,5.478260869565218,19.0,10.0,10.0,19.0
2017/18,2018-04-17 18:45:00,Brighton & Hove Albion FC,Tottenham Hotspur FC,0.988099,1.36248,14.73913043478261,8.695652173913043,8.695652173913043,14.73913043478261,1.0,10.0,10.0,1.0
2017/18,2018-04-18 18:45:00,AFC Bournemouth,Manchester United FC,1.18301,1.61597,20.933333333333334,8.777777777777779,8.777777777777779,20.933333333333334,1.0,12.0,12.0,1.0
2017/18,2018-04-19 18:45:00,Burnley FC,Chelsea FC,0.221642,1.7717,19.7,13.117647058823529,13.117647058823529,19.7,1.0,13.0,13.0,1.0
2017/18,2018-04-19 18:45:00,Leicester City FC,Southampton FC,0.515248,0.651171,6.714285714285714,9.434782608695652,9.434782608695652,6.714285714285714,7.0,4.0,4.0,7.0
2017/18,2018-04-21 00:00:00,West Bromwich Albion FC,Liverpool FC,1.39669,1.6393,17.571428571428573,12.266666666666667,12.266666666666667,17.571428571428573,4.0,8.0,8.0,4.0
2017/18,2018-04-21 14:00:00,Watford FC,Crystal Palace FC,0.59455,0.182325,3.9545454545454546,8.666666666666666,8.666666666666666,3.9545454545454546,2.0,6.0,6.0,2.0
2017/18,2018-04-22 12:30:00,Arsenal FC,West Ham United FC,2.07299,0.623161,8.368421052631579,32.8,32.8,8.368421052631579,18.0,5.0,5.0,18.0
2017/18,2018-04-22 12:30:00,Stoke City FC,Burnley FC,0.356095,1.61309,11.375,13.222222222222221,13.222222222222221,11.375,5.0,3.0,3.0,5.0
2017/18,2018-04-22 15:30:00,Manchester City FC,Swansea City AFC,3.41675,0.297493,4.137931034482759,39.6,39.6,4.137931034482759,21.0,1.0,1.0,21.0
2017/18,2018-04-23 19:00:00,Everton FC,Newcastle United FC,0.948534,0.480957,6.142857142857143,10.703703703703704,10.703703703703704,6.142857142857143,7.0,9.0,9.0,7.0
2017/18,2018-04-28 11:30:00,Liverpool FC,Stoke City FC,2.11658,0.777827,8.545454545454545,15.75,15.75,8.545454545454545,20.0,2.0,2.0,20.0
2017/18,2018-04-28 14:00:00,Burnley FC,Brighton & Hove Albion FC,1.54596,0.378409,29.0,9.9375,9.9375,29.0,3.0,6.0,6.0,3.0
2017/18,2018-04-28 14:00:00,Crystal Palace FC,Leicester City FC,2.7876,0.941395,9.541666666666666,21.11111111111111,21.11111111111111,9.541666666666666,10.0,2.0,2.0,10.0
2017/18,2018-04-28 14:00:00,Huddersfield Town AFC,Everton FC,0.56538,0.943754,7.964285714285714,10.5,10.5,7.964285714285714,6.0,4.0,4.0,6.0
2017/18,2018-04-28 14:00:00,Newcastle United FC,West Bromwich Albion FC,1.58397,0.703096,8.333333333333334,14.095238095238095,14.095238095238095,8.333333333333334,11.0,5.0,5.0,11.0
2017/18,2018-04-28 14:00:00,Southampton FC,AFC Bournemouth,1.72584,1.01741,13.380952380952381,7.04,7.04,13.380952380952381,6.0,7.0,7.0,6.0
2017/18,2018-04-28 16:30:00,Swansea City AFC,Chelsea FC,0.502964,1.45426,12.533333333333333,32.4,32.4,12.533333333333333,3.0,14.0,14.0,3.0
2017/18,2018-04-29 13:15:00,West Ham United FC,Manchester City FC,0.228917,2.29076,31.375,5.814814814814815,5.814814814814815,31.375,2.0,23.0,23.0,2.0
2017/18,2018-04-29 15:30:00,Manchester United FC,Arsenal FC,1.54667,0.651541,8.71875,17.476190476190474,17.476190476190474,8.71875,8.0,5.0,5.0,8.0
2017/18,2018-04-30 19:00:00,Tottenham Hotspur FC,Watford FC,1.76757,1.36928,5.67741935483871,14.954545454545455,14.954545454545455,5.67741935483871,13.0,5.0,5.0,13.0
2017/18,2018-05-04 20:00:00,Brighton & Hove Albion FC,Manchester United FC,0.922771,0.652444,22.235294117647058,8.421052631578947,8.421052631578947,22.235294117647058,3.0,11.0,11.0,3.0
2017/18,2018-05-05 12:30:00,Stoke City FC,Crystal Palace FC,0.750175,1.31471,6.566666666666666,9.214285714285714,9.214285714285714,6.566666666666666,5.0,9.0,9.0,5.0
2017/18,2018-05-05 15:00:00,Leicester City FC,West Ham United FC,0.391738,1.43027,7.478260869565218,9.208333333333334,9.208333333333334,7.478260869565218,2.0,7.0,7.0,2.0
2017/18,2018-05-05 15:00:00,Watford FC,Newcastle United FC,2.81246,0.613901,17.666666666666668,15.357142857142858,15.357142857142858,17.666666666666668,2.0,6.0,6.0,2.0
2017/18,2018-05-05 15:00:00,West Bromwich Albion FC,Tottenham Hotspur FC,1.21792,0.969481,19.833333333333332,4.590909090909091,4.590909090909091,19.833333333333332,0.0,11.0,11.0,0.0
2017/18,2018-05-05 15:00:00,AFC Bournemouth,Swansea City AFC,1.69618,1.0138,24.0,11.375,11.375,24.0,8.0,10.0,10.0,8.0
2017/18,2018-05-05 17:30:00,Everton FC,Southampton FC,0.420891,0.634996,7.791666666666667,12.166666666666666,12.166666666666666,7.791666666666667,4.0,2.0,2.0,4.0
2017/18,2018-05-06 13:30:00,Manchester City FC,Huddersfield Town AFC,0.78641,0.54565,3.411764705882353,23.23076923076923,23.23076923076923,3.411764705882353,9.0,2.0,2.0,9.0
2017/18,2018-05-06 16:30:00,Chelsea FC,Liverpool FC,0.806168,0.427002,21.9,6.037037037037037,6.037037037037037,21.9,8.0,16.0,16.0,8.0
2017/18,2018-05-06 16:30:00,Arsenal FC,Burnley FC,2.92408,0.21671,11.047619047619047,26.466666666666665,26.466666666666665,11.047619047619047,12.0,3.0,3.0,12.0
2017/18,2018-05-08 19:45:00,Swansea City AFC,Southampton FC,0.389621,1.48865,15.818181818181818,12.6875,12.6875,15.818181818181818,7.0,7.0,7.0,7.0
2017/18,2018-05-09 19:45:00,Leicester City FC,Arsenal FC,2.19801,1.54443,11.782608695652174,8.470588235294118,8.470588235294118,11.782608695652174,9.0,10.0,10.0,9.0
2017/18,2018-05-09 19:45:00,Chelsea FC,Huddersfield Town AFC,2.25256,0.631021,7.785714285714286,18.857142857142858,18.857142857142858,7.785714285714286,26.0,1.0,1.0,26.0
2017/18,2018-05-09 20:00:00,Manchester City FC,Brighton & Hove Albion FC,1.64765,1.00939,9.333333333333334,51.125,51.125,9.333333333333334,19.0,0.0,0.0,19.0
2017/18,2018-05-09 20:00:00,Tottenham Hotspur FC,Newcastle United FC,0.835241,0.829699,4.827586206896552,19.133333333333333,19.133333333333333,4.827586206896552,12.0,6.0,6.0,12.0
2017/18,2018-05-10 19:45:00,West Ham United FC,Manchester United FC,0.783043,0.596075,9.612903225806452,9.821428571428571,9.821428571428571,9.612903225806452,5.0,6.0,6.0,5.0
2017/18,2018-05-13 15:00:00,West Ham United FC,Everton FC,1.18299,1.67867,12.533333333333333,14.125,14.125,12.533333333333333,9.0,4.0,4.0,9.0
2017/18,2018-05-13 15:00:00,Tottenham Hotspur FC,Leicester City FC,1.83248,1.27359,5.571428571428571,9.310344827586206,9.310344827586206,5.571428571428571,9.0,14.0,14.0,9.0
2017/18,2018-05-13 15:00:00,Swansea City AFC,Stoke City FC,1.70936,1.75436,9.607142857142858,21.23076923076923,21.23076923076923,9.607142857142858,18.0,2.0,2.0,18.0
2017/18,2018-05-13 15:00:00,Burnley FC,AFC Bournemouth,1.16179,1.38551,8.44,14.23076923076923,14.23076923076923,8.44,7.0,7.0,7.0,7.0
2017/18,2018-05-13 15:00:00,Crystal Palace FC,West Bromwich Albion FC,2.36491,0.216004,6.138888888888889,9.5,9.5,6.138888888888889,12.0,0.0,0.0,12.0
2017/18,2018-05-13 15:00:00,Huddersfield Town AFC,Arsenal FC,1.31031,2.3322,9.65625,16.416666666666668,16.416666666666668,9.65625,4.0,8.0,8.0,4.0
2017/18,2018-05-13 15:00:00,Liverpool FC,Brighton & Hove Albion FC,3.50981,0.0408165,7.857142857142857,49.0,49.0,7.857142857142857,19.0,2.0,2.0,19.0
2017/18,2018-05-13 15:00:00,Manchester United FC,Watford FC,0.45805,0.654288,18.714285714285715,9.25925925925926,9.25925925925926,18.714285714285715,5.0,5.0,5.0,5.0
2017/18,2018-05-13 15:00:00,Newcastle United FC,Chelsea FC,2.24197,0.843284,10.35483870967742,8.565217391304348,8.565217391304348,10.35483870967742,4.0,3.0,3.0,4.0
2017/18,2018-05-13 15:00:00,Southampton FC,Manchester City FC,0.506624,0.765614,17.75,10.3,10.3,17.75,2.0,9.0,9.0,2.0
2018/19,2018-08-10 22:00:00,Manchester United FC,Leicester City FC,1.5137,1.73813,15.833333333333334,11.461538461538462,11.461538461538462,15.833333333333334,3.0,10.0,10.0,3.0
2018/19,2018-08-11 14:30:00,Newcastle United FC,Tottenham Hotspur FC,0.974497,2.58097,17.45,5.6571428571428575,5.6571428571428575,17.45,8.0,3.0,3.0,8.0
2018/19,2018-08-11 17:00:00,Watford FC,Brighton & Hove Albion FC,1.42372,0.45504,8.703703703703704,14.25,14.25,8.703703703703704,8.0,2.0,2.0,8.0
2018/19,2018-08-11 17:00:00,Huddersfield Town AFC,Chelsea FC,0.396115,2.31427,11.545454545454545,12.666666666666666,12.666666666666666,11.545454545454545,2.0,4.0,4.0,2.0
2018/19,2018-08-11 17:00:00,Fulham FC,Crystal Palace FC,0.638076,1.07816,4.534883720930233,22.789473684210527,22.789473684210527,4.534883720930233,3.0,8.0,8.0,3.0
2018/19,2018-08-11 17:00:00,AFC Bournemouth,Cardiff City FC,2.60022,1.50693,5.631578947368421,15.823529411764707,15.823529411764707,5.631578947368421,12.0,5.0,5.0,12.0
2018/19,2018-08-11 19:30:00,Wolverhampton Wanderers FC,Everton FC,0.891038,0.715382,25.333333333333332,15.6,15.6,25.333333333333332,4.0,2.0,2.0,4.0
2018/19,2018-08-12 15:30:00,Southampton FC,Burnley FC,1.01994,1.40827,16.583333333333332,7.809523809523809,7.809523809523809,16.583333333333332,3.0,7.0,7.0,3.0
2018/19,2018-08-12 15:30:00,Liverpool FC,West Ham United FC,4.34421,0.404253,8.03225806451613,25.1875,25.1875,8.03225806451613,16.0,3.0,3.0,16.0
2018/19,2018-08-12 18:00:00,Arsenal FC,Manchester City FC,0.445187,2.0178,13.56,10.954545454545455,10.954545454545455,13.56,8.0,8.0,8.0,8.0
2018/19,2018-08-18 14:30:00,Cardiff City FC,Newcastle United FC,1.15521,1.55405,5.033333333333333,6.294117647058823,6.294117647058823,5.033333333333333,3.0,3.0,3.0,3.0
2018/19,2018-08-18 17:00:00,West Ham United FC,AFC Bournemouth,1.10275,1.69077,6.769230769230769,15.411764705882353,15.411764705882353,6.769230769230769,9.0,10.0,10.0,9.0
2018/19,2018-08-18 17:00:00,Tottenham Hotspur FC,Fulham FC,3.26713,1.44253,8.382352941176471,89.5,89.5,8.382352941176471,20.0,4.0,4.0,20.0
2018/19,2018-08-18 17:00:00,Leicester City FC,Wolverhampton Wanderers FC,0.222843,1.09349,15.38888888888889,7.129032258064516,7.129032258064516,15.38888888888889,4.0,6.0,6.0,4.0
2018/19,2018-08-18 17:00:00,Everton FC,Southampton FC,2.02004,1.77471,5.074074074074074,9.818181818181818,9.818181818181818,5.074074074074074,4.0,7.0,7.0,4.0
2018/19,2018-08-18 19:30:00,Chelsea FC,Arsenal FC,1.71799,2.45798,10.76,18.136363636363637,18.136363636363637,10.76,10.0,7.0,7.0,10.0
2018/19,2018-08-19 15:30:00,Manchester City FC,Huddersfield Town AFC,4.60356,0.663731,9.181818181818182,35.22222222222222,35.22222222222222,9.181818181818182,17.0,4.0,4.0,17.0
2018/19,2018-08-19 15:30:00,Burnley FC,Watford FC,0.392642,1.9171,7.842105263157895,8.73076923076923,8.73076923076923,7.842105263157895,4.0,9.0,9.0,4.0
2018/19,2018-08-19 18:00:00,Brighton & Hove Albion FC,Manchester United FC,1.63672,1.56579,11.027777777777779,9.357142857142858,9.357142857142858,11.027777777777779,2.0,5.0,5.0,2.0
2018/19,2018-08-20 22:00:00,Crystal Palace FC,Liverpool FC,0.368608,2.82183,30.083333333333332,7.428571428571429,7.428571428571429,30.083333333333332,3.0,17.0,17.0,3.0
2018/19,2018-08-25 14:30:00,Wolverhampton Wanderers FC,Manchester City FC,1.26376,1.84293,22.875,6.833333333333333,6.833333333333333,22.875,2.0,10.0,10.0,2.0
2018/19,2018-08-25 17:00:00,Southampton FC,Leicester City FC,0.542494,0.517935,7.774193548387097,13.294117647058824,13.294117647058824,7.774193548387097,7.0,2.0,2.0,7.0
2018/19,2018-08-25 17:00:00,Huddersfield Town AFC,Cardiff City FC,0.203453,1.06351,8.833333333333334,8.478260869565217,8.478260869565217,8.833333333333334,1.0,5.0,5.0,1.0
2018/19,2018-08-25 17:00:00,AFC Bournemouth,Everton FC,2.5887,0.543665,9.35,9.454545454545455,9.454545454545455,9.35,11.0,4.0,4.0,11.0
2018/19,2018-08-25 17:00:00,Arsenal FC,West Ham United FC,1.7852,1.17924,5.03030303030303,17.72222222222222,17.72222222222222,5.03030303030303,8.0,10.0,10.0,8.0
2018/19,2018-08-25 19:30:00,Liverpool FC,Brighton & Hove Albion FC,1.81412,0.535616,6.6923076923076925,19.636363636363637,19.636363636363637,6.6923076923076925,13.0,2.0,2.0,13.0
2018/19,2018-08-26 15:30:00,Watford FC,Crystal Palace FC,1.14596,1.21905,9.590909090909092,6.6,6.6,9.590909090909092,7.0,5.0,5.0,7.0
2018/19,2018-08-26 17:00:00,Fulham FC,Burnley FC,1.92459,1.56882,11.714285714285714,18.57894736842105,18.57894736842105,11.714285714285714,10.0,5.0,5.0,10.0
2018/19,2018-08-26 18:00:00,Newcastle United FC,Chelsea FC,0.209337,1.49669,24.142857142857142,4.444444444444445,4.444444444444445,24.142857142857142,3.0,13.0,13.0,3.0
2018/19,2018-08-27 22:00:00,Manchester United FC,Tottenham Hotspur FC,1.40321,1.80811,9.428571428571429,8.40625,8.40625,9.428571428571429,7.0,6.0,6.0,7.0
2018/19,2018-09-01 11:30:00,Leicester City FC,Liverpool FC,0.981217,1.22722,13.0,9.88888888888889,9.88888888888889,13.0,5.0,5.0,5.0,5.0
2018/19,2018-09-01 14:00:00,West Ham United FC,Wolverhampton Wanderers FC,0.888887,1.22301,14.333333333333334,10.346153846153847,10.346153846153847,14.333333333333334,7.0,4.0,4.0,7.0
2018/19,2018-09-01 14:00:00,Everton FC,Huddersfield Town AFC,0.616013,0.660035,8.523809523809524,9.344827586206897,9.344827586206897,8.523809523809524,2.0,1.0,1.0,2.0
2018/19,2018-09-01 14:00:00,Crystal Palace FC,Southampton FC,2.35193,3.13612,11.944444444444445,10.08695652173913,10.08695652173913,11.944444444444445,5.0,3.0,3.0,5.0
2018/19,2018-09-01 14:00:00,Chelsea FC,AFC Bournemouth,1.16408,0.950959,8.214285714285714,21.235294117647058,21.235294117647058,8.214285714285714,15.0,3.0,3.0,15.0
2018/19,2018-09-01 14:00:00,Brighton & Hove Albion FC,Fulham FC,2.68216,1.51555,11.482758620689655,13.642857142857142,13.642857142857142,11.482758620689655,3.0,3.0,3.0,3.0
2018/19,2018-09-01 16:30:00,Manchester City FC,Newcastle United FC,2.46904,0.554763,8.818181818181818,30.46153846153846,30.46153846153846,8.818181818181818,9.0,2.0,2.0,9.0
2018/19,2018-09-02 12:30:00,Cardiff City FC,Arsenal FC,0.77426,1.41005,16.363636363636363,4.5,4.5,16.363636363636363,5.0,15.0,15.0,5.0
2018/19,2018-09-02 15:00:00,Burnley FC,Manchester United FC,1.09923,2.90359,21.0,10.75,10.75,21.0,2.0,13.0,13.0,2.0
2018/19,2018-09-02 15:00:00,Watford FC,Tottenham Hotspur FC,0.454309,0.582521,11.24,5.083333333333333,5.083333333333333,11.24,3.0,5.0,5.0,3.0
2018/19,2018-09-15 11:30:00,Tottenham Hotspur FC,Liverpool FC,0.788168,3.01015,10.333333333333334,19.789473684210527,19.789473684210527,10.333333333333334,8.0,7.0,7.0,8.0
2018/19,2018-09-15 14:00:00,Newcastle United FC,Arsenal FC,0.412121,0.90461,14.75,7.095238095238095,7.095238095238095,14.75,3.0,10.0,10.0,3.0
2018/19,2018-09-15 14:00:00,Manchester City FC,Fulham FC,4.91621,0.342698,10.857142857142858,38.18181818181818,38.18181818181818,10.857142857142858,22.0,3.0,3.0,22.0
2018/19,2018-09-15 14:00:00,Huddersfield Town AFC,Crystal Palace FC,0.87744,0.746631,11.842105263157896,15.941176470588236,15.941176470588236,11.842105263157896,5.0,2.0,2.0,5.0
2018/19,2018-09-15 14:00:00,Chelsea FC,Cardiff City FC,2.67145,0.8276,4.0,18.363636363636363,18.363636363636363,4.0,13.0,3.0,3.0,13.0
2018/19,2018-09-15 14:00:00,AFC Bournemouth,Leicester City FC,2.22726,1.82502,16.916666666666668,7.0,7.0,16.916666666666668,6.0,8.0,8.0,6.0
2018/19,2018-09-15 16:30:00,Watford FC,Manchester United FC,1.17523,1.64902,12.772727272727273,10.055555555555555,10.055555555555555,12.772727272727273,7.0,6.0,6.0,7.0
2018/19,2018-09-16 12:30:00,Wolverhampton Wanderers FC,Burnley FC,3.3916,0.208994,17.384615384615383,17.9375,17.9375,17.384615384615383,11.0,3.0,3.0,11.0
2018/19,2018-09-16 15:00:00,Everton FC,West Ham United FC,1.26774,1.52437,6.62962962962963,11.090909090909092,11.090909090909092,6.62962962962963,5.0,7.0,7.0,5.0
2018/19,2018-09-17 19:00:00,Southampton FC,Brighton & Hove Albion FC,2.19521,1.97094,9.346153846153847,16.0,16.0,9.346153846153847,6.0,7.0,7.0,6.0
2018/19,2018-09-22 11:30:00,Fulham FC,Watford FC,1.77245,1.76133,8.294117647058824,12.08,12.08,8.294117647058824,4.0,5.0,5.0,4.0
2018/19,2018-09-22 14:00:00,Manchester United FC,Wolverhampton Wanderers FC,0.62283,1.1185,16.583333333333332,17.863636363636363,17.863636363636363,16.583333333333332,12.0,7.0,7.0,12.0
2018/19,2018-09-22 14:00:00,Liverpool FC,Southampton FC,1.77893,0.310467,17.4,24.36842105263158,24.36842105263158,17.4,13.0,5.0,5.0,13.0
2018/19,2018-09-22 14:00:00,Leicester City FC,Huddersfield Town AFC,1.80404,0.688176,6.961538461538462,17.68421052631579,17.68421052631579,6.961538461538462,2.0,2.0,2.0,2.0
2018/19,2018-09-22 14:00:00,Crystal Palace FC,Newcastle United FC,0.930793,0.229309,7.35,9.344827586206897,9.344827586206897,7.35,9.0,1.0,1.0,9.0
2018/19,2018-09-22 14:00:00,Cardiff City FC,Manchester City FC,0.0980726,3.08415,67.5,7.642857142857143,7.642857142857143,67.5,2.0,18.0,18.0,2.0
2018/19,2018-09-22 14:00:00,Burnley FC,AFC Bournemouth,2.29417,0.976413,10.3125,17.333333333333332,17.333333333333332,10.3125,10.0,10.0,10.0,10.0
2018/19,2018-09-22 16:30:00,Brighton & Hove Albion FC,Tottenham Hotspur FC,0.817174,2.11655,16.666666666666668,4.575757575757576,4.575757575757576,16.666666666666668,2.0,4.0,4.0,2.0
2018/19,2018-09-23 12:30:00,West Ham United FC,Chelsea FC,1.0177,1.88344,27.0,5.6923076923076925,5.6923076923076925,27.0,4.0,12.0,12.0,4.0
2018/19,2018-09-23 15:00:00,Arsenal FC,Everton FC,0.930544,1.06523,4.870967741935484,17.166666666666668,17.166666666666668,4.870967741935484,15.0,5.0,5.0,15.0
2018/19,2018-09-29 11:30:00,West Ham United FC,Manchester United FC,1.3029,0.865739,13.052631578947368,11.333333333333334,11.333333333333334,13.052631578947368,9.0,2.0,2.0,9.0
2018/19,2018-09-29 14:00:00,Wolverhampton Wanderers FC,Southampton FC,1.42507,0.679627,10.52,12.238095238095237,12.238095238095237,10.52,5.0,9.0,9.0,5.0
2018/19,2018-09-29 14:00:00,Newcastle United FC,Leicester City FC,0.397301,1.34341,11.666666666666666,9.095238095238095,9.095238095238095,11.666666666666666,3.0,3.0,3.0,3.0
2018/19,2018-09-29 14:00:00,Manchester City FC,Brighton & Hove Albion FC,2.90697,0.23023,6.052631578947368,33.0,33.0,6.052631578947368,21.0,0.0,0.0,21.0
2018/19,2018-09-29 14:00:00,Huddersfield Town AFC,Tottenham Hotspur FC,0.339245,2.33733,6.142857142857143,14.266666666666667,14.266666666666667,6.142857142857143,3.0,1.0,1.0,3.0
2018/19,2018-09-29 14:00:00,Everton FC,Fulham FC,2.31538,0.536317,8.307692307692308,10.0,10.0,8.307692307692308,7.0,6.0,6.0,7.0
2018/19,2018-09-29 14:00:00,Arsenal FC,Watford FC,1.57061,2.62141,9.0,10.296296296296296,10.296296296296296,9.0,9.0,4.0,4.0,9.0
2018/19,2018-09-29 16:30:00,Chelsea FC,Liverpool FC,1.77638,1.74071,40.55555555555556,15.304347826086957,15.304347826086957,40.55555555555556,4.0,8.0,8.0,4.0
2018/19,2018-09-30 15:00:00,Cardiff City FC,Burnley FC,1.56707,0.111527,6.176470588235294,6.923076923076923,6.923076923076923,6.176470588235294,14.0,6.0,6.0,14.0
2018/19,2018-10-01 19:00:00,AFC Bournemouth,Crystal Palace FC,1.97143,0.385841,15.05,13.0,13.0,15.05,4.0,11.0,11.0,4.0
2018/19,2018-10-05 19:00:00,Brighton & Hove Albion FC,West Ham United FC,1.02566,1.43652,12.952380952380953,8.866666666666667,8.866666666666667,12.952380952380953,2.0,15.0,15.0,2.0
2018/19,2018-10-06 14:00:00,Watford FC,AFC Bournemouth,1.06613,3.28471,11.476190476190476,15.307692307692308,15.307692307692308,11.476190476190476,6.0,5.0,5.0,6.0
2018/19,2018-10-06 14:00:00,Tottenham Hotspur FC,Cardiff City FC,2.6517,1.13843,9.0,17.85,17.85,9.0,17.0,2.0,2.0,17.0
2018/19,2018-10-06 14:00:00,Leicester City FC,Everton FC,1.10472,1.14952,12.470588235294118,13.15,13.15,12.470588235294118,2.0,6.0,6.0,2.0
2018/19,2018-10-06 14:00:00,Crystal Palace FC,Wolverhampton Wanderers FC,1.03714,0.755654,5.92,18.38095238095238,18.38095238095238,5.92,6.0,4.0,4.0,6.0
2018/19,2018-10-06 14:00:00,Burnley FC,Huddersfield Town AFC,0.353128,1.02549,14.434782608695652,6.411764705882353,6.411764705882353,14.434782608695652,1.0,1.0,1.0,1.0
2018/19,2018-10-06 16:30:00,Manchester United FC,Newcastle United FC,2.40631,1.55962,5.0,13.44,13.44,5.0,12.0,5.0,5.0,12.0
2018/19,2018-10-07 11:00:00,Fulham FC,Arsenal FC,1.31588,1.13706,11.961538461538462,15.333333333333334,15.333333333333334,11.961538461538462,5.0,12.0,12.0,5.0
2018/19,2018-10-07 13:15:00,Southampton FC,Chelsea FC,1.487,3.54699,14.130434782608695,11.352941176470589,11.352941176470589,14.130434782608695,5.0,15.0,15.0,5.0
2018/19,2018-10-07 15:30:00,Liverpool FC,Manchester City FC,0.433994,1.07481,23.133333333333333,15.136363636363637,15.136363636363637,23.133333333333333,3.0,4.0,4.0,3.0
2018/19,2018-10-20 11:30:00,Chelsea FC,Manchester United FC,2.21163,1.11454,9.476190476190476,11.586206896551724,11.586206896551724,9.476190476190476,9.0,4.0,4.0,9.0
2018/19,2018-10-20 14:00:00,Wolverhampton Wanderers FC,Watford FC,0.47391,1.0684,10.2,13.647058823529411,13.647058823529411,10.2,8.0,4.0,4.0,8.0
2018/19,2018-10-20 14:00:00,West Ham United FC,Tottenham Hotspur FC,0.544268,1.11777,7.85,11.941176470588236,11.941176470588236,7.85,3.0,4.0,4.0,3.0
2018/19,2018-10-20 14:00:00,Newcastle United FC,Brighton & Hove Albion FC,1.71169,0.675798,4.2272727272727275,10.652173913043478,10.652173913043478,4.2272727272727275,6.0,6.0,6.0,6.0
2018/19,2018-10-20 14:00:00,Manchester City FC,Burnley FC,4.48577,0.370236,9.421052631578947,39.0,39.0,9.421052631578947,18.0,1.0,1.0,18.0
2018/19,2018-10-20 14:00:00,Cardiff City FC,Fulham FC,1.7562,0.947712,10.4,4.217391304347826,4.217391304347826,10.4,4.0,6.0,6.0,4.0
2018/19,2018-10-20 14:00:00,AFC Bournemouth,Southampton FC,0.840403,0.589633,14.0,9.962962962962964,9.962962962962964,14.0,4.0,4.0,4.0,4.0
2018/19,2018-10-20 16:30:00,Huddersfield Town AFC,Liverpool FC,0.638341,0.663819,13.75,18.944444444444443,18.944444444444443,13.75,0.0,10.0,10.0,0.0
2018/19,2018-10-21 15:00:00,Everton FC,Crystal Palace FC,1.92794,1.50174,8.8,8.866666666666667,8.866666666666667,8.8,10.0,5.0,5.0,10.0
2018/19,2018-10-22 19:00:00,Arsenal FC,Leicester City FC,2.91637,0.932491,6.0,18.347826086956523,18.347826086956523,6.0,14.0,2.0,2.0,14.0
2018/19,2018-10-27 14:00:00,Liverpool FC,Cardiff City FC,2.30176,0.643117,6.75,82.66666666666667,82.66666666666667,6.75,16.0,1.0,1.0,16.0
2018/19,2018-10-27 14:00:00,Fulham FC,AFC Bournemouth,0.383833,2.10555,16.176470588235293,31.8,31.8,16.176470588235293,1.0,12.0,12.0,1.0
2018/19,2018-10-27 14:00:00,Brighton & Hove Albion FC,Wolverhampton Wanderers FC,1.01337,1.38027,15.8125,5.527777777777778,5.527777777777778,15.8125,6.0,4.0,4.0,6.0
2018/19,2018-10-27 14:00:00,Watford FC,Huddersfield Town AFC,2.29622,0.479655,11.8,8.066666666666666,8.066666666666666,11.8,6.0,6.0,6.0,6.0
2018/19,2018-10-27 14:00:00,Southampton FC,Newcastle United FC,1.19216,0.297646,13.4375,8.363636363636363,8.363636363636363,13.4375,7.0,3.0,3.0,7.0
2018/19,2018-10-27 16:30:00,Leicester City FC,West Ham United FC,1.95344,1.56009,4.153846153846154,10.8,10.8,4.153846153846154,5.0,7.0,7.0,5.0
2018/19,2018-10-28 12:30:00,Crystal Palace FC,Arsenal FC,2.38115,0.845197,15.545454545454545,7.466666666666667,7.466666666666667,15.545454545454545,6.0,2.0,2.0,6.0
2018/19,2018-10-28 12:30:00,Burnley FC,Chelsea FC,0.269828,3.01621,15.93939393939394,13.066666666666666,13.066666666666666,15.93939393939394,1.0,8.0,8.0,1.0
2018/19,2018-10-28 15:00:00,Manchester United FC,Everton FC,2.51393,1.67348,8.851851851851851,10.72,10.72,8.851851851851851,5.0,6.0,6.0,5.0
2018/19,2018-10-29 19:00:00,Tottenham Hotspur FC,Manchester City FC,0.442436,1.93588,10.653846153846153,13.181818181818182,13.181818181818182,10.653846153846153,4.0,15.0,15.0,4.0
2018/19,2018-11-03 12:30:00,AFC Bournemouth,Manchester United FC,1.928,3.29249,15.0625,9.681818181818182,9.681818181818182,15.0625,14.0,15.0,15.0,14.0
2018/19,2018-11-03 15:00:00,West Ham United FC,Burnley FC,2.55739,0.882514,9.6,12.6,12.6,9.6,14.0,3.0,3.0,14.0
2018/19,2018-11-03 15:00:00,Newcastle United FC,Watford FC,0.691575,2.5452,11.0,10.6,10.6,11.0,1.0,18.0,18.0,1.0
2018/19,2018-11-03 15:00:00,Everton FC,Brighton & Hove Albion FC,2.59305,0.676348,6.357142857142857,11.0,11.0,6.357142857142857,10.0,0.0,0.0,10.0
2018/19,2018-11-03 15:00:00,Cardiff City FC,Leicester City FC,0.922262,2.18288,10.5,6.571428571428571,6.571428571428571,10.5,7.0,6.0,6.0,7.0
2018/19,2018-11-03 17:30:00,Arsenal FC,Liverpool FC,1.62321,1.19558,8.208333333333334,24.6,24.6,8.208333333333334,9.0,8.0,8.0,9.0
2018/19,2018-11-03 19:45:00,Wolverhampton Wanderers FC,Tottenham Hotspur FC,2.40643,1.63123,10.2,14.222222222222221,14.222222222222221,10.2,4.0,4.0,4.0,4.0
2018/19,2018-11-04 15:00:00,Manchester City FC,Southampton FC,2.76272,1.81466,8.95,29.785714285714285,29.785714285714285,8.95,35.0,4.0,4.0,35.0
2018/19,2018-11-04 16:00:00,Chelsea FC,Crystal Palace FC,1.88741,0.454547,10.055555555555555,19.74074074074074,19.74074074074074,10.055555555555555,9.0,4.0,4.0,9.0
2018/19,2018-11-05 20:00:00,Huddersfield Town AFC,Fulham FC,0.51433,0.354166,4.795918367346939,10.2,10.2,4.795918367346939,4.0,1.0,1.0,4.0
2018/19,2018-11-10 12:30:00,Cardiff City FC,Brighton & Hove Albion FC,1.94297,0.767044,8.2,8.44,8.44,8.2,4.0,3.0,3.0,4.0
2018/19,2018-11-10 15:00:00,Southampton FC,Watford FC,1.20211,1.07573,8.08,6.9,6.9,8.08,5.0,11.0,11.0,5.0
2018/19,2018-11-10 15:00:00,Newcastle United FC,AFC Bournemouth,2.57545,1.91687,15.210526315789474,6.2727272727272725,6.2727272727272725,15.210526315789474,4.0,5.0,5.0,4.0
2018/19,2018-11-10 15:00:00,Leicester City FC,Burnley FC,1.5091,0.368393,7.882352941176471,12.75,12.75,7.882352941176471,6.0,0.0,0.0,6.0
2018/19,2018-11-10 15:00:00,Huddersfield Town AFC,West Ham United FC,1.17524,1.44113,10.115384615384615,8.647058823529411,8.647058823529411,10.115384615384615,4.0,5.0,5.0,4.0
2018/19,2018-11-10 17:30:00,Crystal Palace FC,Tottenham Hotspur FC,0.688016,1.55381,12.703703703703704,7.2,7.2,12.703703703703704,6.0,1.0,1.0,6.0
2018/19,2018-11-11 12:00:00,Liverpool FC,Fulham FC,2.22417,0.571301,4.571428571428571,32.142857142857146,32.142857142857146,4.571428571428571,12.0,1.0,1.0,12.0
2018/19,2018-11-11 14:15:00,Chelsea FC,Everton FC,1.16298,0.198027,6.84,17.24,17.24,6.84,7.0,0.0,0.0,7.0
2018/19,2018-11-11 16:30:00,Manchester City FC,Manchester United FC,2.02764,0.97089,12.631578947368421,20.210526315789473,20.210526315789473,12.631578947368421,16.0,5.0,5.0,16.0
2018/19,2018-11-11 16:30:00,Arsenal FC,Wolverhampton Wanderers FC,0.965843,1.86549,6.130434782608695,20.9,20.9,6.130434782608695,11.0,8.0,8.0,11.0
2018/19,2018-11-24 15:00:00,West Ham United FC,Manchester City FC,0.829504,2.95852,29.11111111111111,14.615384615384615,14.615384615384615,29.11111111111111,6.0,11.0,11.0,6.0
2018/19,2018-11-24 15:00:00,Watford FC,Liverpool FC,0.673382,1.45314,15.041666666666666,6.576923076923077,6.576923076923077,15.041666666666666,3.0,7.0,7.0,3.0
2018/19,2018-11-24 15:00:00,Manchester United FC,Crystal Palace FC,1.34245,1.05292,5.185185185185185,17.466666666666665,17.466666666666665,5.185185185185185,12.0,4.0,4.0,12.0
2018/19,2018-11-24 15:00:00,Fulham FC,Southampton FC,1.3875,1.67163,19.11764705882353,8.045454545454545,8.045454545454545,19.11764705882353,8.0,8.0,8.0,8.0
2018/19,2018-11-24 15:00:00,Everton FC,Cardiff City FC,2.48066,0.879108,4.5,20.142857142857142,20.142857142857142,4.5,5.0,1.0,1.0,5.0
2018/19,2018-11-24 15:00:00,Brighton & Hove Albion FC,Leicester City FC,0.862315,1.12521,9.6,9.791666666666666,9.791666666666666,9.6,3.0,5.0,5.0,3.0
2018/19,2018-11-24 17:30:00,Tottenham Hotspur FC,Chelsea FC,3.34649,0.962804,10.8,6.296296296296297,6.296296296296297,10.8,7.0,8.0,8.0,7.0
2018/19,2018-11-25 13:30:00,AFC Bournemouth,Arsenal FC,0.650884,1.71044,19.733333333333334,9.181818181818182,9.181818181818182,19.733333333333334,6.0,16.0,16.0,6.0
2018/19,2018-11-25 16:00:00,Wolverhampton Wanderers FC,Huddersfield Town AFC,0.701036,0.627281,15.1,8.310344827586206,8.310344827586206,15.1,5.0,5.0,5.0,5.0
2018/19,2018-11-26 20:00:00,Burnley FC,Newcastle United FC,1.49487,1.67701,14.578947368421053,11.96774193548387,11.96774193548387,14.578947368421053,10.0,3.0,3.0,10.0
2018/19,2018-11-30 20:00:00,Cardiff City FC,Wolverhampton Wanderers FC,1.09264,0.987623,9.11111111111111,5.681818181818182,5.681818181818182,9.11111111111111,5.0,7.0,7.0,5.0
2018/19,2018-12-01 15:00:00,Newcastle United FC,West Ham United FC,1.12583,2.62697,9.578947368421053,17.625,17.625,9.578947368421053,9.0,3.0,3.0,9.0
2018/19,2018-12-01 15:00:00,Manchester City FC,AFC Bournemouth,2.83557,0.715009,6.208333333333333,67.42857142857143,67.42857142857143,6.208333333333333,10.0,6.0,6.0,10.0
2018/19,2018-12-01 15:00:00,Leicester City FC,Watford FC,1.41758,1.19923,17.1875,6.523809523809524,6.523809523809524,17.1875,1.0,9.0,9.0,1.0
2018/19,2018-12-01 15:00:00,Huddersfield Town AFC,Brighton & Hove Albion FC,0.558083,1.67998,16.7,7.428571428571429,7.428571428571429,16.7,0.0,6.0,6.0,0.0
2018/19,2018-12-01 15:00:00,Crystal Palace FC,Burnley FC,2.03785,0.302477,13.692307692307692,11.130434782608695,11.130434782608695,13.692307692307692,10.0,2.0,2.0,10.0
2018/19,2018-12-01 17:30:00,Southampton FC,Manchester United FC,0.623954,0.904803,12.137931034482758,7.947368421052632,7.947368421052632,12.137931034482758,6.0,5.0,5.0,6.0
2018/19,2018-12-02 12:00:00,Chelsea FC,Fulham FC,2.17105,0.285256,6.1,13.735294117647058,13.735294117647058,6.1,5.0,3.0,3.0,5.0
2018/19,2018-12-02 14:05:00,Arsenal FC,Tottenham Hotspur FC,2.71421,1.0926,6.592592592592593,9.516129032258064,9.516129032258064,6.592592592592593,9.0,1.0,1.0,9.0
2018/19,2018-12-02 16:15:00,Liverpool FC,Everton FC,3.07574,1.23014,6.117647058823529,16.944444444444443,16.944444444444443,6.117647058823529,8.0,5.0,5.0,8.0
2018/19,2018-12-04 19:45:00,Brighton & Hove Albion FC,Crystal Palace FC,1.2521,1.5329,15.31578947368421,7.315789473684211,7.315789473684211,15.31578947368421,2.0,11.0,11.0,2.0
2018/19,2018-12-04 19:45:00,AFC Bournemouth,Huddersfield Town AFC,1.07393,1.5631,17.0625,4.933333333333334,4.933333333333334,17.0625,3.0,9.0,9.0,3.0
2018/19,2018-12-04 19:45:00,West Ham United FC,Cardiff City FC,1.57488,1.93448,6.2,10.28,10.28,6.2,10.0,2.0,2.0,10.0
2018/19,2018-12-04 20:00:00,Watford FC,Manchester City FC,1.672,2.51933,39.5,6.9523809523809526,6.9523809523809526,39.5,7.0,14.0,14.0,7.0
2018/19,2018-12-05 19:45:00,Wolverhampton Wanderers FC,Chelsea FC,0.682893,1.10702,12.0,7.136363636363637,7.136363636363637,12.0,3.0,5.0,5.0,3.0
2018/19,2018-12-05 19:45:00,Fulham FC,Leicester City FC,1.47593,1.21575,12.5,8.153846153846153,8.153846153846153,12.5,7.0,2.0,2.0,7.0
2018/19,2018-12-05 19:45:00,Burnley FC,Liverpool FC,1.05809,2.73897,22.25,9.666666666666666,9.666666666666666,22.25,7.0,14.0,14.0,7.0
2018/19,2018-12-05 19:45:00,Everton FC,Newcastle United FC,2.10943,1.52214,6.375,12.296296296296296,12.296296296296296,6.375,5.0,4.0,4.0,5.0
2018/19,2018-12-05 20:00:00,Manchester United FC,Arsenal FC,1.33679,1.73226,7.6923076923076925,18.142857142857142,18.142857142857142,7.6923076923076925,4.0,10.0,10.0,4.0
2018/19,2018-12-05 20:00:00,Tottenham Hotspur FC,Southampton FC,1.73642,1.82434,17.214285714285715,15.95,15.95,17.214285714285715,5.0,7.0,7.0,5.0
2018/19,2018-12-08 12:30:00,AFC Bournemouth,Liverpool FC,0.279142,1.80619,13.708333333333334,10.80952380952381,10.80952380952381,13.708333333333334,4.0,9.0,9.0,4.0
2018/19,2018-12-08 15:00:00,West Ham United FC,Crystal Palace FC,1.53635,0.934613,12.3,10.285714285714286,10.285714285714286,12.3,4.0,4.0,4.0,4.0
2018/19,2018-12-08 15:00:00,Manchester United FC,Fulham FC,3.15444,1.23251,6.275862068965517,16.304347826086957,16.304347826086957,6.275862068965517,10.0,5.0,5.0,10.0
2018/19,2018-12-08 15:00:00,Cardiff City FC,Southampton FC,1.55832,0.501128,15.333333333333334,3.8636363636363638,3.8636363636363638,15.333333333333334,7.0,1.0,1.0,7.0
2018/19,2018-12-08 15:00:00,Burnley FC,Brighton & Hove Albion FC,1.81251,0.951507,14.75,9.375,9.375,14.75,8.0,3.0,3.0,8.0
2018/19,2018-12-08 15:00:00,Arsenal FC,Huddersfield Town AFC,2.02156,0.308361,5.583333333333333,10.620689655172415,10.620689655172415,5.583333333333333,8.0,2.0,2.0,8.0
2018/19,2018-12-08 17:30:00,Chelsea FC,Manchester City FC,0.526329,0.740048,17.565217391304348,8.342857142857143,8.342857142857143,17.565217391304348,3.0,11.0,11.0,3.0
2018/19,2018-12-08 19:45:00,Leicester City FC,Tottenham Hotspur FC,0.357742,0.917968,15.181818181818182,10.409090909090908,10.409090909090908,15.181818181818182,2.0,9.0,9.0,2.0
2018/19,2018-12-09 16:00:00,Newcastle United FC,Wolverhampton Wanderers FC,0.4601,1.57799,18.0,17.6,17.6,18.0,5.0,3.0,3.0,5.0
2018/19,2018-12-10 20:00:00,Everton FC,Watford FC,1.72686,1.63043,7.15,7.357142857142857,7.357142857142857,7.15,9.0,5.0,5.0,9.0
2018/19,2018-12-15 12:30:00,Manchester City FC,Everton FC,1.79848,1.6235,8.666666666666666,24.176470588235293,24.176470588235293,8.666666666666666,6.0,4.0,4.0,6.0
2018/19,2018-12-15 15:00:00,Wolverhampton Wanderers FC,AFC Bournemouth,2.02223,0.52685,15.23076923076923,20.0,20.0,15.23076923076923,3.0,4.0,4.0,3.0
2018/19,2018-12-15 15:00:00,Watford FC,Cardiff City FC,1.64998,0.485768,5.625,23.8,23.8,5.625,11.0,2.0,2.0,11.0
2018/19,2018-12-15 15:00:00,Tottenham Hotspur FC,Burnley FC,1.74625,0.451196,7.071428571428571,18.166666666666668,18.166666666666668,7.071428571428571,11.0,4.0,4.0,11.0
2018/19,2018-12-15 15:00:00,Huddersfield Town AFC,Newcastle United FC,0.671382,0.931041,4.208333333333333,18.75,18.75,4.208333333333333,7.0,3.0,3.0,7.0
2018/19,2018-12-15 15:00:00,Crystal Palace FC,Leicester City FC,0.39698,0.895305,8.242424242424242,6.862068965517241,6.862068965517241,8.242424242424242,6.0,4.0,4.0,6.0
2018/19,2018-12-15 17:30:00,Fulham FC,West Ham United FC,1.03424,0.75325,8.130434782608695,11.818181818181818,11.818181818181818,8.130434782608695,4.0,7.0,7.0,4.0
2018/19,2018-12-16 13:30:00,Southampton FC,Arsenal FC,1.21163,1.85763,13.516129032258064,8.833333333333334,8.833333333333334,13.516129032258064,2.0,7.0,7.0,2.0
2018/19,2018-12-16 13:30:00,Brighton & Hove Albion FC,Chelsea FC,0.26126,1.6111,13.785714285714286,15.05,15.05,13.785714285714286,2.0,3.0,3.0,2.0
2018/19,2018-12-16 16:00:00,Liverpool FC,Manchester United FC,2.60435,0.658049,8.588235294117647,14.470588235294118,14.470588235294118,8.588235294117647,12.0,2.0,2.0,12.0
2018/19,2018-12-21 20:00:00,Wolverhampton Wanderers FC,Liverpool FC,0.763821,2.16356,14.153846153846153,15.266666666666667,15.266666666666667,14.153846153846153,3.0,10.0,10.0,3.0
2018/19,2018-12-22 12:30:00,Arsenal FC,Burnley FC,1.4656,1.03237,8.0,13.6,13.6,8.0,9.0,4.0,4.0,9.0
2018/19,2018-12-22 15:00:00,West Ham United FC,Watford FC,2.06507,2.32983,6.791666666666667,8.043478260869565,8.043478260869565,6.791666666666667,6.0,9.0,9.0,6.0
2018/19,2018-12-22 15:00:00,Newcastle United FC,Fulham FC,0.289508,0.245408,8.875,17.625,17.625,8.875,7.0,5.0,5.0,7.0
2018/19,2018-12-22 15:00:00,Manchester City FC,Crystal Palace FC,1.27118,1.14609,4.4,24.25,24.25,4.4,16.0,0.0,0.0,16.0
2018/19,2018-12-22 15:00:00,Huddersfield Town AFC,Southampton FC,1.0038,2.60172,4.212121212121212,15.105263157894736,15.105263157894736,4.212121212121212,8.0,6.0,6.0,8.0
2018/19,2018-12-22 15:00:00,Chelsea FC,Leicester City FC,2.40458,0.456492,4.608695652173913,16.55,16.55,4.608695652173913,10.0,5.0,5.0,10.0
2018/19,2018-12-22 15:00:00,AFC Bournemouth,Brighton & Hove Albion FC,0.892502,0.825478,10.368421052631579,10.517241379310345,10.517241379310345,10.368421052631579,10.0,6.0,6.0,10.0
2018/19,2018-12-22 17:30:00,Cardiff City FC,Manchester United FC,1.27173,2.72523,20.27777777777778,4.142857142857143,4.142857142857143,20.27777777777778,1.0,10.0,10.0,1.0
2018/19,2018-12-23 16:00:00,Everton FC,Tottenham Hotspur FC,1.00121,2.55514,14.892857142857142,10.65,10.65,14.892857142857142,3.0,5.0,5.0,3.0
2018/19,2018-12-26 12:30:00,Fulham FC,Wolverhampton Wanderers FC,1.2769,1.35896,21.6,7.894736842105263,7.894736842105263,21.6,4.0,2.0,2.0,4.0
2018/19,2018-12-26 15:00:00,Tottenham Hotspur FC,AFC Bournemouth,2.23457,1.21736,17.666666666666668,16.96,16.96,17.666666666666668,8.0,9.0,9.0,8.0
2018/19,2018-12-26 15:00:00,Manchester United FC,Huddersfield Town AFC,1.79848,1.40594,6.958333333333333,14.521739130434783,14.521739130434783,6.958333333333333,9.0,5.0,5.0,9.0
2018/19,2018-12-26 15:00:00,Liverpool FC,Newcastle United FC,3.24988,0.456309,4.6,24.77777777777778,24.77777777777778,4.6,19.0,0.0,0.0,19.0
2018/19,2018-12-26 15:00:00,Leicester City FC,Manchester City FC,1.55714,1.34781,33.22222222222222,6.2,6.2,33.22222222222222,6.0,20.0,20.0,6.0
2018/19,2018-12-26 15:00:00,Crystal Palace FC,Cardiff City FC,2.43202,1.05926,8.916666666666666,11.7,11.7,8.916666666666666,18.0,5.0,5.0,18.0
2018/19,2018-12-26 15:00:00,Burnley FC,Everton FC,1.88646,1.8875,10.043478260869565,12.625,12.625,10.043478260869565,3.0,6.0,6.0,3.0
2018/19,2018-12-26 17:15:00,Brighton & Hove Albion FC,Arsenal FC,1.38502,0.789138,19.708333333333332,14.454545454545455,14.454545454545455,19.708333333333332,8.0,10.0,10.0,8.0
2018/19,2018-12-26 19:30:00,Watford FC,Chelsea FC,1.24414,2.1956,14.884615384615385,13.4,13.4,14.884615384615385,7.0,8.0,8.0,7.0
2018/19,2018-12-27 19:45:00,Southampton FC,West Ham United FC,1.28665,1.26973,10.5,8.11111111111111,8.11111111111111,10.5,6.0,6.0,6.0,6.0
2018/19,2018-12-29 15:00:00,Watford FC,Newcastle United FC,1.05566,0.661713,6.818181818181818,12.807692307692308,12.807692307692308,6.818181818181818,11.0,3.0,3.0,11.0
2018/19,2018-12-29 15:00:00,Tottenham Hotspur FC,Wolverhampton Wanderers FC,0.277704,1.20867,9.076923076923077,41.7,41.7,9.076923076923077,3.0,5.0,5.0,3.0
2018/19,2018-12-29 15:00:00,Leicester City FC,Cardiff City FC,1.51648,0.493212,7.538461538461538,9.074074074074074,9.074074074074074,7.538461538461538,9.0,3.0,3.0,9.0
2018/19,2018-12-29 15:00:00,Fulham FC,Huddersfield Town AFC,1.72386,0.276791,18.31578947368421,16.083333333333332,16.083333333333332,18.31578947368421,5.0,5.0,5.0,5.0
2018/19,2018-12-29 15:00:00,Brighton & Hove Albion FC,Everton FC,1.60311,0.655851,9.23076923076923,13.0,13.0,9.23076923076923,4.0,5.0,5.0,4.0
2018/19,2018-12-29 17:30:00,Liverpool FC,Arsenal FC,3.7053,1.08186,13.785714285714286,9.387096774193548,9.387096774193548,13.785714285714286,12.0,6.0,6.0,12.0
2018/19,2018-12-30 12:00:00,Crystal Palace FC,Chelsea FC,0.199002,0.741471,32.75,8.37037037037037,8.37037037037037,32.75,2.0,6.0,6.0,2.0
2018/19,2018-12-30 14:15:00,Southampton FC,Manchester City FC,0.221381,2.96802,34.61538461538461,7.4375,7.4375,34.61538461538461,4.0,12.0,12.0,4.0
2018/19,2018-12-30 14:15:00,Burnley FC,West Ham United FC,2.89884,0.656044,7.4375,10.866666666666667,10.866666666666667,7.4375,9.0,3.0,3.0,9.0
2018/19,2018-12-30 16:30:00,Manchester United FC,AFC Bournemouth,3.41874,0.705549,11.105263157894736,38.166666666666664,38.166666666666664,11.105263157894736,10.0,3.0,3.0,10.0
2018/19,2019-01-01 12:30:00,Everton FC,Leicester City FC,0.871304,0.644144,5.645161290322581,14.722222222222221,14.722222222222221,5.645161290322581,10.0,2.0,2.0,10.0
2018/19,2019-01-01 15:00:00,Arsenal FC,Fulham FC,4.43325,1.71312,10.75,12.541666666666666,12.541666666666666,10.75,21.0,5.0,5.0,21.0
2018/19,2019-01-01 17:30:00,Cardiff City FC,Tottenham Hotspur FC,1.0789,1.38282,33.05263157894737,12.545454545454545,12.545454545454545,33.05263157894737,4.0,4.0,4.0,4.0
2018/19,2019-01-02 19:45:00,Wolverhampton Wanderers FC,Crystal Palace FC,0.656255,1.94658,10.5,14.227272727272727,14.227272727272727,10.5,2.0,3.0,3.0,2.0
2018/19,2019-01-02 19:45:00,West Ham United FC,Brighton & Hove Albion FC,0.639356,0.686806,11.526315789473685,10.444444444444445,10.444444444444445,11.526315789473685,4.0,2.0,2.0,4.0
2018/19,2019-01-02 19:45:00,Huddersfield Town AFC,Burnley FC,0.621818,2.66309,19.0,6.913043478260869,6.913043478260869,19.0,1.0,7.0,7.0,1.0
2018/19,2019-01-02 19:45:00,Chelsea FC,Southampton FC,0.850791,0.158168,7.411764705882353,13.0,13.0,7.411764705882353,7.0,0.0,0.0,7.0
2018/19,2019-01-02 19:45:00,AFC Bournemouth,Watford FC,2.84828,0.977046,11.294117647058824,17.666666666666668,17.666666666666668,11.294117647058824,9.0,9.0,9.0,9.0
2018/19,2019-01-02 20:00:00,Newcastle United FC,Manchester United FC,0.691878,2.6754,17.958333333333332,10.705882352941176,10.705882352941176,17.958333333333332,6.0,10.0,10.0,6.0
2018/19,2019-01-03 20:00:00,Manchester City FC,Liverpool FC,1.00357,1.3801,10.757575757575758,25.928571428571427,25.928571428571427,10.757575757575758,9.0,8.0,8.0,9.0
2018/19,2019-01-12 12:30:00,West Ham United FC,Arsenal FC,0.669394,0.685895,13.538461538461538,9.95,9.95,13.538461538461538,7.0,8.0,8.0,7.0
2018/19,2019-01-12 15:00:00,Leicester City FC,Southampton FC,1.75983,1.41659,4.944444444444445,10.38888888888889,10.38888888888889,4.944444444444445,12.0,3.0,3.0,12.0
2018/19,2019-01-12 15:00:00,Crystal Palace FC,Watford FC,1.1617,1.56262,8.2,9.842105263157896,9.842105263157896,8.2,8.0,4.0,4.0,8.0
2018/19,2019-01-12 15:00:00,Cardiff City FC,Huddersfield Town AFC,0.124558,0.39468,7.0,5.0,5.0,7.0,0.0,7.0,7.0,0.0
2018/19,2019-01-12 15:00:00,Burnley FC,Fulham FC,0.809801,0.903255,13.28,10.631578947368421,10.631578947368421,13.28,3.0,2.0,2.0,3.0
2018/19,2019-01-12 15:00:00,Brighton & Hove Albion FC,Liverpool FC,0.384198,2.2665,23.789473684210527,15.9,15.9,23.789473684210527,4.0,16.0,16.0,4.0
2018/19,2019-01-12 17:30:00,Chelsea FC,Newcastle United FC,1.32355,0.395148,8.863636363636363,15.0,15.0,8.863636363636363,7.0,5.0,5.0,7.0
2018/19,2019-01-13 14:15:00,Everton FC,AFC Bournemouth,1.7814,1.52828,6.107142857142857,11.11111111111111,11.11111111111111,6.107142857142857,6.0,8.0,8.0,6.0
2018/19,2019-01-13 16:30:00,Tottenham Hotspur FC,Manchester United FC,1.80359,0.957777,6.275862068965517,20.25,20.25,6.275862068965517,15.0,2.0,2.0,15.0
2018/19,2019-01-14 20:00:00,Manchester City FC,Wolverhampton Wanderers FC,3.11947,0.0985446,6.076923076923077,43.57142857142857,43.57142857142857,6.076923076923077,21.0,1.0,1.0,21.0
2018/19,2019-01-19 12:30:00,Wolverhampton Wanderers FC,Leicester City FC,2.21719,1.33831,9.125,8.909090909090908,8.909090909090908,9.125,8.0,9.0,9.0,8.0
2018/19,2019-01-19 15:00:00,Watford FC,Burnley FC,1.06981,1.97256,6.714285714285714,12.5,12.5,6.714285714285714,7.0,8.0,8.0,7.0
2018/19,2019-01-19 15:00:00,Southampton FC,Everton FC,1.06009,1.31169,8.0,7.5,7.5,8.0,4.0,9.0,9.0,4.0
2018/19,2019-01-19 15:00:00,Newcastle United FC,Cardiff City FC,2.518,0.255727,5.391304347826087,9.4,9.4,5.391304347826087,7.0,9.0,9.0,7.0
2018/19,2019-01-19 15:00:00,Manchester United FC,Brighton & Hove Albion FC,2.64005,0.635111,17.75,17.294117647058822,17.294117647058822,17.75,5.0,2.0,2.0,5.0
2018/19,2019-01-19 15:00:00,Liverpool FC,Crystal Palace FC,2.8299,0.695213,6.2592592592592595,36.7,36.7,6.2592592592592595,14.0,3.0,3.0,14.0
2018/19,2019-01-19 15:00:00,AFC Bournemouth,West Ham United FC,1.24835,0.971813,15.85,11.470588235294118,11.470588235294118,15.85,3.0,6.0,6.0,3.0
2018/19,2019-01-19 17:30:00,Arsenal FC,Chelsea FC,2.09412,0.755304,9.617647058823529,6.3125,6.3125,9.617647058823529,5.0,19.0,19.0,5.0
2018/19,2019-01-20 13:30:00,Huddersfield Town AFC,Manchester City FC,0.764264,2.01376,21.22222222222222,9.277777777777779,9.277777777777779,21.22222222222222,1.0,13.0,13.0,1.0
2018/19,2019-01-20 16:00:00,Fulham FC,Tottenham Hotspur FC,0.937902,1.93316,21.0,6.1,6.1,21.0,5.0,13.0,13.0,5.0
2018/19,2019-01-29 19:45:00,Wolverhampton Wanderers FC,West Ham United FC,2.0363,0.130179,11.944444444444445,13.35,13.35,11.944444444444445,7.0,4.0,4.0,7.0
2018/19,2019-01-29 19:45:00,Huddersfield Town AFC,Everton FC,0.73078,1.05995,9.80952380952381,10.035714285714286,10.035714285714286,9.80952380952381,2.0,3.0,3.0,2.0
2018/19,2019-01-29 19:45:00,Fulham FC,Brighton & Hove Albion FC,3.46113,2.36867,9.842105263157896,16.727272727272727,16.727272727272727,9.842105263157896,6.0,5.0,5.0,6.0
2018/19,2019-01-29 19:45:00,Arsenal FC,Cardiff City FC,2.69339,0.597893,7.357142857142857,28.90909090909091,28.90909090909091,7.357142857142857,21.0,2.0,2.0,21.0
2018/19,2019-01-29 20:00:00,Manchester United FC,Burnley FC,3.23417,0.934603,7.357142857142857,17.95,17.95,7.357142857142857,16.0,2.0,2.0,16.0
2018/19,2019-01-29 20:00:00,Newcastle United FC,Manchester City FC,0.992326,1.33896,21.263157894736842,4.458333333333333,4.458333333333333,21.263157894736842,2.0,11.0,11.0,2.0
2018/19,2019-01-30 19:45:00,AFC Bournemouth,Chelsea FC,2.15094,0.718873,20.625,9.571428571428571,9.571428571428571,20.625,10.0,13.0,13.0,10.0
2018/19,2019-01-30 19:45:00,Southampton FC,Crystal Palace FC,1.33257,1.53294,5.90625,27.181818181818183,27.181818181818183,5.90625,6.0,7.0,7.0,6.0
2018/19,2019-01-30 20:00:00,Tottenham Hotspur FC,Watford FC,1.36248,0.479838,7.470588235294118,16.61111111111111,16.61111111111111,7.470588235294118,11.0,3.0,3.0,11.0
2018/19,2019-01-30 20:00:00,Liverpool FC,Leicester City FC,0.576336,1.1272,4.354838709677419,25.5625,25.5625,4.354838709677419,12.0,6.0,6.0,12.0
2018/19,2019-02-02 12:30:00,Tottenham Hotspur FC,Newcastle United FC,3.10409,0.400152,8.705882352941176,23.571428571428573,23.571428571428573,8.705882352941176,12.0,0.0,0.0,12.0
2018/19,2019-02-02 15:00:00,Everton FC,Wolverhampton Wanderers FC,1.36252,1.85729,7.095238095238095,12.416666666666666,12.416666666666666,7.095238095238095,6.0,2.0,2.0,6.0
2018/19,2019-02-02 15:00:00,Crystal Palace FC,Fulham FC,2.19582,0.560836,14.222222222222221,11.714285714285714,11.714285714285714,14.222222222222221,7.0,2.0,2.0,7.0
2018/19,2019-02-02 15:00:00,Chelsea FC,Huddersfield Town AFC,2.94236,0.260391,7.606060606060606,21.57894736842105,21.57894736842105,7.606060606060606,19.0,1.0,1.0,19.0
2018/19,2019-02-02 15:00:00,Burnley FC,Southampton FC,2.00175,0.787747,9.75,7.785714285714286,7.785714285714286,9.75,9.0,4.0,4.0,9.0
2018/19,2019-02-02 15:00:00,Brighton & Hove Albion FC,Watford FC,1.83528,0.279297,5.588235294117647,9.8,9.8,5.588235294117647,8.0,4.0,4.0,8.0
2018/19,2019-02-02 17:30:00,Cardiff City FC,AFC Bournemouth,2.53093,0.35199,14.454545454545455,4.611111111111111,4.611111111111111,14.454545454545455,5.0,9.0,9.0,5.0
2018/19,2019-02-03 14:05:00,Leicester City FC,Manchester United FC,1.40067,1.49717,11.461538461538462,11.8125,11.8125,11.461538461538462,8.0,4.0,4.0,8.0
2018/19,2019-02-03 16:30:00,Manchester City FC,Arsenal FC,3.03102,0.703542,8.7,15.65,15.65,8.7,22.0,3.0,3.0,22.0
2018/19,2019-02-04 20:00:00,West Ham United FC,Liverpool FC,0.791319,1.12475,17.0,4.782608695652174,4.782608695652174,17.0,6.0,5.0,5.0,6.0
2018/19,2019-02-06 19:45:00,Everton FC,Manchester City FC,0.111559,2.60922,15.65,8.0,8.0,15.65,4.0,15.0,15.0,4.0
2018/19,2019-02-09 12:30:00,Fulham FC,Manchester United FC,2.18741,2.13209,7.793103448275862,14.555555555555555,14.555555555555555,7.793103448275862,4.0,17.0,17.0,4.0
2018/19,2019-02-09 15:00:00,Crystal Palace FC,West Ham United FC,2.68412,1.74711,9.052631578947368,16.375,16.375,9.052631578947368,19.0,7.0,7.0,19.0
2018/19,2019-02-09 15:00:00,Watford FC,Everton FC,1.53311,0.641094,6.27027027027027,5.681818181818182,5.681818181818182,6.27027027027027,7.0,3.0,3.0,7.0
2018/19,2019-02-09 15:00:00,Southampton FC,Cardiff City FC,1.70666,0.980673,3.7037037037037037,15.941176470588236,15.941176470588236,3.7037037037037037,6.0,3.0,3.0,6.0
2018/19,2019-02-09 15:00:00,Liverpool FC,AFC Bournemouth,2.53003,0.390995,7.103448275862069,36.45454545454545,36.45454545454545,7.103448275862069,17.0,5.0,5.0,17.0
2018/19,2019-02-09 15:00:00,Huddersfield Town AFC,Arsenal FC,1.96816,1.46751,4.327272727272727,9.954545454545455,9.954545454545455,4.327272727272727,6.0,10.0,10.0,6.0
2018/19,2019-02-09 17:30:00,Brighton & Hove Albion FC,Burnley FC,1.31614,1.83041,9.636363636363637,35.0,35.0,9.636363636363637,9.0,4.0,4.0,9.0
2018/19,2019-02-10 13:30:00,Tottenham Hotspur FC,Leicester City FC,1.21144,3.02164,9.590909090909092,13.045454545454545,13.045454545454545,9.590909090909092,5.0,9.0,9.0,5.0
2018/19,2019-02-10 16:00:00,Manchester City FC,Chelsea FC,4.04218,0.901867,14.95,22.80952380952381,22.80952380952381,14.95,11.0,8.0,8.0,11.0
2018/19,2019-02-11 20:00:00,Wolverhampton Wanderers FC,Newcastle United FC,2.30998,0.435263,9.869565217391305,15.0,15.0,9.869565217391305,6.0,3.0,3.0,6.0
2018/19,2019-02-22 19:45:00,West Ham United FC,Fulham FC,2.72871,1.23555,7.048780487804878,13.045454545454545,13.045454545454545,7.048780487804878,18.0,4.0,4.0,18.0
2018/19,2019-02-22 19:45:00,Cardiff City FC,Watford FC,1.90045,2.75798,15.5,5.625,5.625,15.5,5.0,8.0,8.0,5.0
2018/19,2019-02-23 12:30:00,Burnley FC,Tottenham Hotspur FC,1.08514,0.845211,11.130434782608695,4.235294117647059,4.235294117647059,11.130434782608695,4.0,4.0,4.0,4.0
2018/19,2019-02-23 15:00:00,Newcastle United FC,Huddersfield Town AFC,3.03313,0.133934,12.391304347826088,39.75,39.75,12.391304347826088,14.0,2.0,2.0,14.0
2018/19,2019-02-23 15:00:00,AFC Bournemouth,Wolverhampton Wanderers FC,2.13291,1.20286,9.833333333333334,6.2592592592592595,6.2592592592592595,9.833333333333334,6.0,3.0,3.0,6.0
2018/19,2019-02-23 17:30:00,Leicester City FC,Crystal Palace FC,0.946697,1.57739,7.904761904761905,15.117647058823529,15.117647058823529,7.904761904761905,8.0,3.0,3.0,8.0
2018/19,2019-02-24 14:05:00,Manchester United FC,Liverpool FC,0.474869,0.380519,12.72,5.967741935483871,5.967741935483871,12.72,5.0,10.0,10.0,5.0
2018/19,2019-02-24 14:05:00,Arsenal FC,Southampton FC,2.35088,0.613167,11.538461538461538,11.714285714285714,11.714285714285714,11.538461538461538,19.0,2.0,2.0,19.0
2018/19,2019-02-26 19:45:00,Leicester City FC,Brighton & Hove Albion FC,1.92171,1.20566,15.125,31.125,31.125,15.125,11.0,6.0,6.0,11.0
2018/19,2019-02-26 19:45:00,Huddersfield Town AFC,Wolverhampton Wanderers FC,1.46224,0.573166,8.153846153846153,14.9375,14.9375,8.153846153846153,6.0,1.0,1.0,6.0
2018/19,2019-02-26 19:45:00,Cardiff City FC,Everton FC,0.219359,1.14212,8.34375,4.888888888888889,4.888888888888889,8.34375,5.0,5.0,5.0,5.0
2018/19,2019-02-26 20:00:00,Newcastle United FC,Burnley FC,1.70312,1.74201,11.352941176470589,11.947368421052632,11.947368421052632,11.352941176470589,4.0,7.0,7.0,4.0
2018/19,2019-02-27 19:45:00,Arsenal FC,AFC Bournemouth,3.18716,0.88618,12.933333333333334,19.63157894736842,19.63157894736842,12.933333333333334,13.0,7.0,7.0,13.0
2018/19,2019-02-27 19:45:00,Southampton FC,Fulham FC,1.15823,0.798715,11.3,11.333333333333334,11.333333333333334,11.3,6.0,4.0,4.0,6.0
2018/19,2019-02-27 20:00:00,Crystal Palace FC,Manchester United FC,1.69334,1.54089,14.944444444444445,9.272727272727273,9.272727272727273,14.944444444444445,2.0,5.0,5.0,2.0
2018/19,2019-02-27 20:00:00,Chelsea FC,Tottenham Hotspur FC,0.625978,0.722229,16.842105263157894,7.636363636363637,7.636363636363637,16.842105263157894,5.0,6.0,6.0,5.0
2018/19,2019-02-27 20:00:00,Manchester City FC,West Ham United FC,3.67741,0.400125,9.5,41.111111111111114,41.111111111111114,9.5,24.0,3.0,3.0,24.0
2018/19,2019-02-27 20:00:00,Liverpool FC,Watford FC,2.74266,0.630423,11.65,25.0,25.0,11.65,11.0,3.0,3.0,11.0
2018/19,2019-03-02 12:30:00,Tottenham Hotspur FC,Arsenal FC,1.76818,3.45713,6.619047619047619,9.161290322580646,9.161290322580646,6.619047619047619,7.0,6.0,6.0,7.0
2018/19,2019-03-02 15:00:00,Wolverhampton Wanderers FC,Cardiff City FC,3.2075,0.702261,8.866666666666667,9.827586206896552,9.827586206896552,8.866666666666667,7.0,3.0,3.0,7.0
2018/19,2019-03-02 15:00:00,Manchester United FC,Southampton FC,2.54216,0.578485,7.333333333333333,15.6,15.6,7.333333333333333,9.0,5.0,5.0,9.0
2018/19,2019-03-02 15:00:00,Burnley FC,Crystal Palace FC,1.90872,0.706284,7.238095238095238,14.714285714285714,14.714285714285714,7.238095238095238,12.0,5.0,5.0,12.0
2018/19,2019-03-02 15:00:00,Brighton & Hove Albion FC,Huddersfield Town AFC,1.39896,0.2014,11.0,14.941176470588236,14.941176470588236,11.0,5.0,1.0,1.0,5.0
2018/19,2019-03-02 15:00:00,AFC Bournemouth,Manchester City FC,0.0,1.59515,33.45454545454545,6.071428571428571,6.071428571428571,33.45454545454545,0.0,16.0,16.0,0.0
2018/19,2019-03-02 17:30:00,West Ham United FC,Newcastle United FC,1.88895,1.18549,11.631578947368421,11.518518518518519,11.518518518518519,11.631578947368421,5.0,12.0,12.0,5.0
2018/19,2019-03-03 12:00:00,Watford FC,Leicester City FC,1.36515,0.794683,12.4,13.0,13.0,12.4,4.0,2.0,2.0,4.0
2018/19,2019-03-03 14:05:00,Fulham FC,Chelsea FC,0.898469,1.53632,20.38095238095238,10.130434782608695,10.130434782608695,20.38095238095238,4.0,13.0,13.0,4.0
2018/19,2019-03-03 16:15:00,Everton FC,Liverpool FC,0.241879,0.811272,14.526315789473685,6.913043478260869,6.913043478260869,14.526315789473685,1.0,11.0,11.0,1.0
2018/19,2019-03-09 12:30:00,Crystal Palace FC,Brighton & Hove Albion FC,1.44291,0.129312,8.173913043478262,11.3,11.3,8.173913043478262,12.0,2.0,2.0,12.0
2018/19,2019-03-09 15:00:00,Southampton FC,Tottenham Hotspur FC,2.07772,1.26876,8.34375,8.714285714285714,8.714285714285714,8.34375,5.0,5.0,5.0,5.0
2018/19,2019-03-09 15:00:00,Newcastle United FC,Everton FC,2.37896,1.15114,9.782608695652174,6.555555555555555,6.555555555555555,9.782608695652174,7.0,10.0,10.0,7.0
2018/19,2019-03-09 15:00:00,Leicester City FC,Fulham FC,2.13494,0.15103,10.75,13.904761904761905,13.904761904761905,10.75,8.0,2.0,2.0,8.0
2018/19,2019-03-09 15:00:00,Huddersfield Town AFC,AFC Bournemouth,0.339087,2.16389,6.285714285714286,13.058823529411764,13.058823529411764,6.285714285714286,7.0,13.0,13.0,7.0
2018/19,2019-03-09 15:00:00,Cardiff City FC,West Ham United FC,3.49275,0.295869,16.263157894736842,4.166666666666667,4.166666666666667,16.263157894736842,4.0,6.0,6.0,4.0
2018/19,2019-03-09 17:30:00,Manchester City FC,Watford FC,3.75714,0.407168,8.238095238095237,38.625,38.625,8.238095238095237,22.0,4.0,4.0,22.0
2018/19,2019-03-10 12:00:00,Liverpool FC,Burnley FC,4.12341,0.471571,8.571428571428571,14.909090909090908,14.909090909090908,8.571428571428571,15.0,3.0,3.0,15.0
2018/19,2019-03-10 14:05:00,Chelsea FC,Wolverhampton Wanderers FC,1.0471,0.609079,5.913043478260869,20.333333333333332,20.333333333333332,5.913043478260869,8.0,2.0,2.0,8.0
2018/19,2019-03-10 16:30:00,Arsenal FC,Manchester United FC,1.52723,2.3703,12.904761904761905,8.12,8.12,12.904761904761905,9.0,7.0,7.0,9.0
2018/19,2019-03-16 15:00:00,West Ham United FC,Huddersfield Town AFC,1.88114,1.66909,6.833333333333333,13.954545454545455,13.954545454545455,6.833333333333333,16.0,1.0,1.0,16.0
2018/19,2019-03-16 15:00:00,Burnley FC,Leicester City FC,1.17008,0.608954,7.352941176470588,20.0,20.0,7.352941176470588,13.0,4.0,4.0,13.0
2018/19,2019-03-16 15:00:00,AFC Bournemouth,Newcastle United FC,1.61666,1.02847,13.375,10.7,10.7,13.375,4.0,8.0,8.0,4.0
2018/19,2019-03-17 14:15:00,Fulham FC,Liverpool FC,0.915765,2.73437,21.615384615384617,7.88,7.88,21.615384615384617,4.0,14.0,14.0,4.0
2018/19,2019-03-17 16:30:00,Everton FC,Chelsea FC,2.24031,1.24394,13.333333333333334,8.380952380952381,8.380952380952381,13.333333333333334,3.0,12.0,12.0,3.0
2018/19,2019-03-30 12:30:00,Fulham FC,Manchester City FC,0.661491,2.31513,34.0,8.5,8.5,34.0,3.0,14.0,14.0,3.0
2018/19,2019-03-30 15:00:00,Manchester United FC,Watford FC,1.98052,1.35208,10.705882352941176,11.705882352941176,11.705882352941176,10.705882352941176,12.0,19.0,19.0,12.0
2018/19,2019-03-30 15:00:00,Leicester City FC,AFC Bournemouth,1.8935,0.790333,14.0,11.857142857142858,11.857142857142858,14.0,8.0,5.0,5.0,8.0
2018/19,2019-03-30 15:00:00,Crystal Palace FC,Huddersfield Town AFC,2.84701,0.926991,13.470588235294118,10.818181818181818,10.818181818181818,13.470588235294118,9.0,5.0,5.0,9.0
2018/19,2019-03-30 15:00:00,Burnley FC,Wolverhampton Wanderers FC,0.572695,0.397928,12.869565217391305,10.642857142857142,10.642857142857142,12.869565217391305,2.0,4.0,4.0,2.0
2018/19,2019-03-30 15:00:00,Brighton & Hove Albion FC,Southampton FC,0.560521,0.857436,5.625,10.64,10.64,5.625,8.0,12.0,12.0,8.0
2018/19,2019-03-30 17:30:00,West Ham United FC,Everton FC,0.0891639,2.65983,11.947368421052632,7.5588235294117645,7.5588235294117645,11.947368421052632,2.0,12.0,12.0,2.0
2018/19,2019-03-31 13:05:00,Cardiff City FC,Chelsea FC,0.446122,2.07834,12.6,3.44,3.44,12.6,3.0,10.0,10.0,3.0
2018/19,2019-03-31 15:30:00,Liverpool FC,Tottenham Hotspur FC,1.0931,1.04822,18.0,19.153846153846153,19.153846153846153,18.0,8.0,4.0,4.0,8.0
2018/19,2019-04-01 20:00:00,Arsenal FC,Newcastle United FC,1.04458,0.0441445,6.260869565217392,16.565217391304348,16.565217391304348,6.260869565217392,17.0,2.0,2.0,17.0
2018/19,2019-04-02 19:45:00,Wolverhampton Wanderers FC,Manchester United FC,1.65044,2.03847,22.0,11.73076923076923,11.73076923076923,22.0,5.0,7.0,7.0,5.0
2018/19,2019-04-02 19:45:00,Watford FC,Fulham FC,1.59338,1.90917,12.357142857142858,12.5,12.5,12.357142857142858,4.0,6.0,6.0,4.0
2018/19,2019-04-03 19:45:00,Chelsea FC,Brighton & Hove Albion FC,3.12416,0.440898,8.384615384615385,23.866666666666667,23.866666666666667,8.384615384615385,12.0,2.0,2.0,12.0
2018/19,2019-04-03 19:45:00,Tottenham Hotspur FC,Crystal Palace FC,2.57376,0.564317,8.592592592592593,25.5625,25.5625,8.592592592592593,12.0,2.0,2.0,12.0
2018/19,2019-04-03 19:45:00,Manchester City FC,Cardiff City FC,3.53913,0.135788,5.1875,48.714285714285715,48.714285714285715,5.1875,17.0,2.0,2.0,17.0
2018/19,2019-04-05 20:00:00,Southampton FC,Liverpool FC,0.718394,2.00654,16.88888888888889,9.166666666666666,9.166666666666666,16.88888888888889,5.0,12.0,12.0,5.0
2018/19,2019-04-06 15:00:00,Newcastle United FC,Crystal Palace FC,0.943175,0.907988,8.4,14.0625,14.0625,8.4,9.0,4.0,4.0,9.0
2018/19,2019-04-06 15:00:00,Huddersfield Town AFC,Leicester City FC,1.62301,3.61876,9.6,8.238095238095237,8.238095238095237,9.6,2.0,2.0,2.0,2.0
2018/19,2019-04-06 15:00:00,AFC Bournemouth,Burnley FC,1.20888,1.38919,9.571428571428571,11.238095238095237,11.238095238095237,9.571428571428571,9.0,4.0,4.0,9.0
2018/19,2019-04-07 14:05:00,Everton FC,Arsenal FC,2.69396,0.201885,9.709677419354838,11.1875,11.1875,9.709677419354838,6.0,3.0,3.0,6.0
2018/19,2019-04-08 20:00:00,Chelsea FC,West Ham United FC,2.23287,0.471195,17.76923076923077,12.789473684210526,12.789473684210526,17.76923076923077,16.0,7.0,7.0,16.0
2018/19,2019-04-12 20:00:00,Leicester City FC,Newcastle United FC,0.877377,0.945804,7.3,20.181818181818183,20.181818181818183,7.3,5.0,4.0,4.0,5.0
2018/19,2019-04-13 12:30:00,Tottenham Hotspur FC,Huddersfield Town AFC,2.78596,0.983527,8.263157894736842,19.333333333333332,19.333333333333332,8.263157894736842,14.0,5.0,5.0,14.0
2018/19,2019-04-13 15:00:00,Southampton FC,Wolverhampton Wanderers FC,3.80842,0.642825,13.928571428571429,6.2272727272727275,6.2272727272727275,13.928571428571429,4.0,4.0,4.0,4.0
2018/19,2019-04-13 15:00:00,Fulham FC,Everton FC,1.66303,1.29107,12.761904761904763,5.388888888888889,5.388888888888889,12.761904761904763,6.0,7.0,7.0,6.0
2018/19,2019-04-13 15:00:00,Burnley FC,Cardiff City FC,2.84358,0.872224,8.285714285714286,8.538461538461538,8.538461538461538,8.285714285714286,5.0,3.0,3.0,5.0
2018/19,2019-04-13 15:00:00,Brighton & Hove Albion FC,AFC Bournemouth,0.206731,2.76885,11.44,13.941176470588236,13.941176470588236,11.44,5.0,19.0,19.0,5.0
2018/19,2019-04-13 17:30:00,Manchester United FC,West Ham United FC,2.65125,1.42817,9.258064516129032,11.5,11.5,9.258064516129032,15.0,10.0,10.0,15.0
2018/19,2019-04-14 14:05:00,Crystal Palace FC,Manchester City FC,0.318169,2.86236,29.615384615384617,4.814814814814815,4.814814814814815,29.615384615384617,5.0,18.0,18.0,5.0
2018/19,2019-04-14 16:30:00,Liverpool FC,Chelsea FC,1.30839,0.873177,8.153846153846153,16.15,16.15,8.153846153846153,18.0,5.0,5.0,18.0
2018/19,2019-04-15 20:00:00,Watford FC,Arsenal FC,1.12595,2.2668,15.869565217391305,8.1,8.1,15.869565217391305,7.0,16.0,16.0,7.0
2018/19,2019-04-16 19:45:00,Brighton & Hove Albion FC,Cardiff City FC,0.588539,0.819472,5.666666666666667,10.517241379310345,10.517241379310345,5.666666666666667,11.0,1.0,1.0,11.0
2018/19,2019-04-20 12:30:00,Manchester City FC,Tottenham Hotspur FC,2.06185,1.19894,6.264705882352941,16.142857142857142,16.142857142857142,6.264705882352941,12.0,4.0,4.0,12.0
2018/19,2019-04-20 15:00:00,Wolverhampton Wanderers FC,Brighton & Hove Albion FC,2.60447,0.115051,27.166666666666668,20.625,20.625,27.166666666666668,7.0,0.0,0.0,7.0
2018/19,2019-04-20 15:00:00,West Ham United FC,Leicester City FC,1.36558,0.8065,9.956521739130435,6.233333333333333,6.233333333333333,9.956521739130435,10.0,5.0,5.0,10.0
2018/19,2019-04-20 15:00:00,Huddersfield Town AFC,Watford FC,1.09072,1.08462,13.454545454545455,11.0,11.0,13.454545454545455,3.0,8.0,8.0,3.0
2018/19,2019-04-20 15:00:00,AFC Bournemouth,Fulham FC,2.83739,2.61689,13.0,13.0,13.0,13.0,8.0,6.0,6.0,8.0
2018/19,2019-04-20 17:30:00,Newcastle United FC,Southampton FC,1.23033,1.27102,11.421052631578947,5.071428571428571,5.071428571428571,11.421052631578947,3.0,8.0,8.0,3.0
2018/19,2019-04-21 13:30:00,Everton FC,Manchester United FC,1.5204,0.305982,16.6,24.11111111111111,24.11111111111111,16.6,1.0,5.0,5.0,1.0
2018/19,2019-04-21 16:00:00,Cardiff City FC,Liverpool FC,1.1187,2.42404,29.416666666666668,3.65,3.65,29.416666666666668,0.0,13.0,13.0,0.0
2018/19,2019-04-21 16:00:00,Arsenal FC,Crystal Palace FC,1.54245,2.56216,4.173913043478261,13.08695652173913,13.08695652173913,4.173913043478261,13.0,10.0,10.0,13.0
2018/19,2019-04-22 20:00:00,Chelsea FC,Burnley FC,1.28197,0.788788,5.5,21.6875,21.6875,5.5,20.0,3.0,3.0,20.0
2018/19,2019-04-23 19:45:00,Watford FC,Southampton FC,1.27253,2.11999,6.958333333333333,10.0625,10.0625,6.958333333333333,11.0,2.0,2.0,11.0
2018/19,2019-04-23 19:45:00,Tottenham Hotspur FC,Brighton & Hove Albion FC,1.0032,0.143138,6.0,24.3,24.3,6.0,11.0,1.0,1.0,11.0
2018/19,2019-04-24 19:45:00,Wolverhampton Wanderers FC,Arsenal FC,0.982018,0.939754,18.894736842105264,13.181818181818182,13.181818181818182,18.894736842105264,5.0,8.0,8.0,5.0
2018/19,2019-04-24 20:00:00,Manchester United FC,Manchester City FC,0.514509,0.530481,19.772727272727273,8.961538461538462,8.961538461538462,19.772727272727273,5.0,14.0,14.0,5.0
2018/19,2019-04-26 20:00:00,Liverpool FC,Huddersfield Town AFC,3.58922,0.1624,7.333333333333333,21.652173913043477,21.652173913043477,7.333333333333333,13.0,2.0,2.0,13.0
2018/19,2019-04-27 12:30:00,Tottenham Hotspur FC,West Ham United FC,1.35378,0.991558,13.538461538461538,13.142857142857142,13.142857142857142,13.538461538461538,9.0,2.0,2.0,9.0
2018/19,2019-04-27 15:00:00,Watford FC,Wolverhampton Wanderers FC,0.896093,2.44357,11.529411764705882,13.434782608695652,13.434782608695652,11.529411764705882,3.0,7.0,7.0,3.0
2018/19,2019-04-27 15:00:00,Southampton FC,AFC Bournemouth,2.73537,2.62214,7.8,12.5,12.5,7.8,9.0,4.0,4.0,9.0
2018/19,2019-04-27 15:00:00,Fulham FC,Cardiff City FC,0.519072,1.11322,3.875,15.428571428571429,15.428571428571429,3.875,6.0,3.0,3.0,6.0
2018/19,2019-04-27 15:00:00,Crystal Palace FC,Everton FC,0.261344,1.15217,12.727272727272727,4.892857142857143,4.892857142857143,12.727272727272727,5.0,8.0,8.0,5.0
2018/19,2019-04-27 17:30:00,Brighton & Hove Albion FC,Newcastle United FC,1.20482,0.43797,23.0,15.294117647058824,15.294117647058824,23.0,6.0,5.0,5.0,6.0
2018/19,2019-04-28 12:00:00,Leicester City FC,Arsenal FC,3.6797,0.600697,5.96,21.9375,21.9375,5.96,8.0,4.0,4.0,8.0
2018/19,2019-04-28 14:05:00,Burnley FC,Manchester City FC,0.0899809,2.34878,20.125,7.357142857142857,7.357142857142857,20.125,4.0,10.0,10.0,4.0
2018/19,2019-04-28 16:30:00,Manchester United FC,Chelsea FC,1.12483,1.6298,11.555555555555555,10.041666666666666,10.041666666666666,11.555555555555555,6.0,9.0,9.0,6.0
2018/19,2019-05-03 19:00:00,Everton FC,Burnley FC,1.76461,0.473292,7.384615384615385,13.5,13.5,7.384615384615385,7.0,3.0,3.0,7.0
2018/19,2019-05-04 11:30:00,AFC Bournemouth,Tottenham Hotspur FC,2.22622,0.713362,9.863636363636363,10.2,10.2,9.863636363636363,11.0,3.0,3.0,11.0
2018/19,2019-05-04 14:00:00,Wolverhampton Wanderers FC,Fulham FC,2.09397,0.512477,18.25,8.363636363636363,8.363636363636363,18.25,7.0,2.0,2.0,7.0
2018/19,2019-05-04 14:00:00,West Ham United FC,Southampton FC,1.99866,0.443686,18.5,8.935483870967742,8.935483870967742,18.5,4.0,11.0,11.0,4.0
2018/19,2019-05-04 16:30:00,Cardiff City FC,Crystal Palace FC,1.4996,1.80991,6.944444444444445,7.5,7.5,6.944444444444445,8.0,15.0,15.0,8.0
2018/19,2019-05-04 18:45:00,Newcastle United FC,Liverpool FC,1.29707,1.48081,21.7,13.545454545454545,13.545454545454545,21.7,4.0,9.0,9.0,4.0
2018/19,2019-05-05 13:00:00,Huddersfield Town AFC,Manchester United FC,0.73663,1.88049,13.32,7.65,7.65,13.32,6.0,19.0,19.0,6.0
2018/19,2019-05-05 13:00:00,Chelsea FC,Watford FC,2.96478,1.2712,7.56,12.571428571428571,12.571428571428571,7.56,15.0,13.0,13.0,15.0
2018/19,2019-05-05 15:30:00,Arsenal FC,Brighton & Hove Albion FC,2.36178,1.90585,6.25,14.157894736842104,14.157894736842104,6.25,14.0,8.0,8.0,14.0
2018/19,2019-05-06 19:00:00,Manchester City FC,Leicester City FC,1.08617,0.537307,8.303030303030303,47.833333333333336,47.833333333333336,8.303030303030303,14.0,4.0,4.0,14.0
2018/19,2019-05-12 14:00:00,Watford FC,West Ham United FC,2.06986,3.20094,12.727272727272727,10.347826086956522,10.347826086956522,12.727272727272727,7.0,6.0,6.0,7.0
2018/19,2019-05-12 14:00:00,Tottenham Hotspur FC,Everton FC,0.882608,2.06851,14.61111111111111,14.625,14.625,14.61111111111111,5.0,7.0,7.0,5.0
2018/19,2019-05-12 14:00:00,Southampton FC,Huddersfield Town AFC,0.941018,0.857152,9.176470588235293,11.833333333333334,11.833333333333334,9.176470588235293,9.0,1.0,1.0,9.0
2018/19,2019-05-12 14:00:00,Manchester United FC,Cardiff City FC,1.89555,1.71095,3.6956521739130435,23.666666666666668,23.666666666666668,3.6956521739130435,13.0,2.0,2.0,13.0
2018/19,2019-05-12 14:00:00,Liverpool FC,Wolverhampton Wanderers FC,1.70197,0.883861,13.368421052631579,32.333333333333336,32.333333333333336,13.368421052631579,6.0,8.0,8.0,6.0
2018/19,2019-05-12 14:00:00,Leicester City FC,Chelsea FC,0.345306,1.26735,10.923076923076923,16.36842105263158,16.36842105263158,10.923076923076923,5.0,11.0,11.0,5.0
2018/19,2019-05-12 14:00:00,Fulham FC,Newcastle United FC,0.569845,1.95921,13.333333333333334,28.529411764705884,28.529411764705884,13.333333333333334,12.0,7.0,7.0,12.0
2018/19,2019-05-12 14:00:00,Crystal Palace FC,AFC Bournemouth,2.85899,1.8981,13.55,9.652173913043478,9.652173913043478,13.55,12.0,9.0,9.0,12.0
2018/19,2019-05-12 14:00:00,Burnley FC,Arsenal FC,1.72939,2.87276,17.68421052631579,16.636363636363637,16.636363636363637,17.68421052631579,10.0,15.0,15.0,10.0
2018/19,2019-05-12 14:00:00,Brighton & Hove Albion FC,Manchester City FC,0.595313,2.22234,28.846153846153847,6.090909090909091,6.090909090909091,28.846153846153847,0.0,26.0,26.0,0.0
2019/20,2019-08-09 20:00:00,Liverpool FC,Norwich City FC,2.23456,0.842407,5.942857142857143,21.454545454545453,21.454545454545453,5.942857142857143,11.0,5.0,5.0,11.0
2019/20,2019-08-10 12:30:00,West Ham United FC,Manchester City FC,1.2003,3.18377,16.4,6.935483870967742,6.935483870967742,16.4,1.0,9.0,9.0,1.0
2019/20,2019-08-10 15:00:00,AFC Bournemouth,Sheffield United FC,1.34099,1.59864,13.6,9.133333333333333,9.133333333333333,13.6,4.0,6.0,6.0,4.0
2019/20,2019-08-10 15:00:00,Burnley FC,Southampton FC,0.909241,1.08752,9.277777777777779,5.5,5.5,9.277777777777779,0.0,9.0,9.0,0.0
2019/20,2019-08-10 15:00:00,Crystal Palace FC,Everton FC,0.87159,1.2246,11.307692307692308,4.074074074074074,4.074074074074074,11.307692307692308,5.0,5.0,5.0,5.0
2019/20,2019-08-10 15:00:00,Watford FC,Brighton & Hove Albion FC,0.670022,0.855516,9.785714285714286,11.5,11.5,9.785714285714286,7.0,5.0,5.0,7.0
2019/20,2019-08-10 17:30:00,Tottenham Hotspur FC,Aston Villa FC,2.57262,0.639599,5.25,13.421052631578947,13.421052631578947,5.25,15.0,2.0,2.0,15.0
2019/20,2019-08-11 14:00:00,Newcastle United FC,Arsenal FC,0.380551,1.13309,13.206896551724139,11.052631578947368,11.052631578947368,13.206896551724139,1.0,10.0,10.0,1.0
2019/20,2019-08-11 14:00:00,Leicester City FC,Wolverhampton Wanderers FC,0.543759,0.812949,6.434782608695652,18.666666666666668,18.666666666666668,6.434782608695652,7.0,3.0,3.0,7.0
2019/20,2019-08-11 16:30:00,Manchester United FC,Chelsea FC,2.37442,1.09534,9.064516129032258,6.4523809523809526,6.4523809523809526,9.064516129032258,8.0,4.0,4.0,8.0
2019/20,2019-08-17 12:30:00,Arsenal FC,Burnley FC,1.1644,1.39172,5.3125,11.384615384615385,11.384615384615385,5.3125,8.0,4.0,4.0,8.0
2019/20,2019-08-17 15:00:00,Aston Villa FC,AFC Bournemouth,1.65069,1.62777,13.0,10.72,10.72,13.0,12.0,9.0,9.0,12.0
2019/20,2019-08-17 15:00:00,Brighton & Hove Albion FC,West Ham United FC,2.40461,1.00856,5.485714285714286,8.870967741935484,8.870967741935484,5.485714285714286,8.0,4.0,4.0,8.0
2019/20,2019-08-17 15:00:00,Everton FC,Watford FC,0.832913,1.17279,8.863636363636363,3.925,3.925,8.863636363636363,4.0,3.0,3.0,4.0
2019/20,2019-08-17 15:00:00,Norwich City FC,Newcastle United FC,2.09572,0.920429,13.928571428571429,17.5,17.5,13.928571428571429,9.0,6.0,6.0,9.0
2019/20,2019-08-17 15:00:00,Southampton FC,Liverpool FC,2.14047,1.52022,12.0,9.428571428571429,9.428571428571429,12.0,1.0,6.0,6.0,1.0
2019/20,2019-08-17 17:30:00,Manchester City FC,Tottenham Hotspur FC,3.20076,0.074542,8.976744186046512,47.142857142857146,47.142857142857146,8.976744186046512,10.0,2.0,2.0,10.0
2019/20,2019-08-18 14:00:00,Sheffield United FC,Crystal Palace FC,1.84778,0.241912,11.12,11.6,11.6,11.12,2.0,5.0,5.0,2.0
2019/20,2019-08-18 16:30:00,Chelsea FC,Leicester City FC,1.22629,0.947941,10.576923076923077,6.297297297297297,6.297297297297297,10.576923076923077,4.0,5.0,5.0,4.0
2019/20,2019-08-19 20:00:00,Wolverhampton Wanderers FC,Manchester United FC,0.307356,1.14332,19.95,8.363636363636363,8.363636363636363,19.95,5.0,9.0,9.0,5.0
2019/20,2019-08-23 20:00:00,Aston Villa FC,Everton FC,0.855926,1.25668,13.25,5.407407407407407,5.407407407407407,13.25,6.0,12.0,12.0,6.0
2019/20,2019-08-24 12:30:00,Norwich City FC,Chelsea FC,1.07904,1.89428,10.0,13.727272727272727,13.727272727272727,10.0,5.0,12.0,12.0,5.0
2019/20,2019-08-24 15:00:00,Sheffield United FC,Leicester City FC,0.654318,0.704879,11.391304347826088,8.941176470588236,8.941176470588236,11.391304347826088,4.0,9.0,9.0,4.0
2019/20,2019-08-24 15:00:00,Brighton & Hove Albion FC,Southampton FC,0.997711,2.07795,9.173913043478262,10.75,10.75,9.173913043478262,6.0,6.0,6.0,6.0
2019/20,2019-08-24 15:00:00,Watford FC,West Ham United FC,2.29348,3.45768,9.285714285714286,12.947368421052632,12.947368421052632,9.285714285714286,20.0,10.0,10.0,20.0
2019/20,2019-08-24 15:00:00,Manchester United FC,Crystal Palace FC,2.23561,0.676993,6.857142857142857,15.277777777777779,15.277777777777779,6.857142857142857,7.0,2.0,2.0,7.0
2019/20,2019-08-24 17:30:00,Liverpool FC,Arsenal FC,2.78821,0.985542,9.783783783783784,28.428571428571427,28.428571428571427,9.783783783783784,9.0,7.0,7.0,9.0
2019/20,2019-08-25 14:00:00,AFC Bournemouth,Manchester City FC,1.89345,3.12856,22.9,5.173913043478261,5.173913043478261,22.9,3.0,17.0,17.0,3.0
2019/20,2019-08-25 16:30:00,Wolverhampton Wanderers FC,Burnley FC,1.32793,1.22762,11.833333333333334,14.619047619047619,14.619047619047619,11.833333333333334,4.0,4.0,4.0,4.0
2019/20,2019-08-25 16:30:00,Tottenham Hotspur FC,Newcastle United FC,1.25927,0.51428,4.842105263157895,32.3,32.3,4.842105263157895,8.0,5.0,5.0,8.0
2019/20,2019-08-31 12:30:00,Southampton FC,Manchester United FC,0.769616,1.90356,6.666666666666667,13.571428571428571,13.571428571428571,6.666666666666667,6.0,13.0,13.0,6.0
2019/20,2019-08-31 15:00:00,West Ham United FC,Norwich City FC,2.20657,1.1674,7.842105263157895,8.74074074074074,8.74074074074074,7.842105263157895,12.0,5.0,5.0,12.0
2019/20,2019-08-31 15:00:00,Chelsea FC,Sheffield United FC,2.30579,1.04649,14.882352941176471,20.916666666666668,20.916666666666668,14.882352941176471,4.0,5.0,5.0,4.0
2019/20,2019-08-31 15:00:00,Crystal Palace FC,Aston Villa FC,1.41394,0.30354,9.0,9.04,9.04,9.0,13.0,5.0,5.0,13.0
2019/20,2019-08-31 15:00:00,Leicester City FC,AFC Bournemouth,2.23766,0.554726,6.914285714285715,10.0,10.0,6.914285714285715,10.0,7.0,7.0,10.0
2019/20,2019-08-31 15:00:00,Manchester City FC,Brighton & Hove Albion FC,2.30818,0.861035,11.4375,21.625,21.625,11.4375,16.0,7.0,7.0,16.0
2019/20,2019-08-31 15:00:00,Newcastle United FC,Watford FC,1.04131,1.1068,19.6,12.0,12.0,19.6,2.0,6.0,6.0,2.0
2019/20,2019-08-31 17:30:00,Burnley FC,Liverpool FC,0.61739,1.20057,16.263157894736842,6.208333333333333,6.208333333333333,16.263157894736842,0.0,11.0,11.0,0.0
2019/20,2019-09-01 14:00:00,Everton FC,Wolverhampton Wanderers FC,1.48842,2.00172,5.333333333333333,20.166666666666668,20.166666666666668,5.333333333333333,4.0,5.0,5.0,4.0
2019/20,2019-09-01 16:30:00,Arsenal FC,Tottenham Hotspur FC,1.92509,1.95514,6.787878787878788,12.176470588235293,12.176470588235293,6.787878787878788,12.0,6.0,6.0,12.0
2019/20,2019-09-14 11:30:00,Liverpool FC,Newcastle United FC,2.93281,0.291073,6.958333333333333,41.9,41.9,6.958333333333333,19.0,4.0,4.0,19.0
2019/20,2019-09-14 14:00:00,Manchester United FC,Leicester City FC,1.10019,0.459141,9.72,4.771428571428571,4.771428571428571,9.72,4.0,4.0,4.0,4.0
2019/20,2019-09-14 14:00:00,Brighton & Hove Albion FC,Burnley FC,1.68545,0.341654,3.9642857142857144,12.1,12.1,3.9642857142857144,13.0,4.0,4.0,13.0
2019/20,2019-09-14 14:00:00,Sheffield United FC,Southampton FC,1.88034,1.57659,12.523809523809524,12.823529411764707,12.823529411764707,12.523809523809524,8.0,7.0,7.0,8.0
2019/20,2019-09-14 14:00:00,Tottenham Hotspur FC,Crystal Palace FC,1.04944,0.577323,6.545454545454546,17.083333333333332,17.083333333333332,6.545454545454546,8.0,5.0,5.0,8.0
2019/20,2019-09-14 14:00:00,Wolverhampton Wanderers FC,Chelsea FC,1.49359,3.06799,13.107142857142858,7.1,7.1,13.107142857142858,5.0,6.0,6.0,5.0
2019/20,2019-09-14 16:30:00,Norwich City FC,Manchester City FC,1.7413,2.34436,18.428571428571427,7.958333333333333,7.958333333333333,18.428571428571427,6.0,14.0,14.0,6.0
2019/20,2019-09-15 13:00:00,AFC Bournemouth,Everton FC,1.41542,1.50641,12.090909090909092,5.516129032258065,5.516129032258065,12.090909090909092,3.0,9.0,9.0,3.0
2019/20,2019-09-15 15:30:00,Watford FC,Arsenal FC,2.83209,1.00616,9.071428571428571,21.416666666666668,21.416666666666668,9.071428571428571,12.0,7.0,7.0,12.0
2019/20,2019-09-16 19:00:00,Aston Villa FC,West Ham United FC,1.40502,0.535279,9.681818181818182,10.090909090909092,10.090909090909092,9.681818181818182,4.0,9.0,9.0,4.0
2019/20,2019-09-20 19:00:00,Southampton FC,AFC Bournemouth,2.18021,1.29773,4.085714285714285,17.9375,17.9375,4.085714285714285,6.0,2.0,2.0,6.0
2019/20,2019-09-21 11:30:00,Leicester City FC,Tottenham Hotspur FC,1.28752,1.33735,10.636363636363637,5.617647058823529,5.617647058823529,10.636363636363637,7.0,9.0,9.0,7.0
2019/20,2019-09-21 14:00:00,Manchester City FC,Watford FC,6.63049,0.344718,11.333333333333334,35.833333333333336,35.833333333333336,11.333333333333334,13.0,1.0,1.0,13.0
2019/20,2019-09-21 14:00:00,Burnley FC,Norwich City FC,2.39312,0.801428,11.68,14.9,14.9,11.68,7.0,9.0,9.0,7.0
2019/20,2019-09-21 14:00:00,Everton FC,Sheffield United FC,1.26041,0.508011,5.647058823529412,13.15,13.15,5.647058823529412,9.0,2.0,2.0,9.0
2019/20,2019-09-21 16:30:00,Newcastle United FC,Brighton & Hove Albion FC,1.09807,1.21592,22.9,6.095238095238095,6.095238095238095,22.9,4.0,6.0,6.0,4.0
2019/20,2019-09-22 13:00:00,Crystal Palace FC,Wolverhampton Wanderers FC,0.984777,1.75572,13.947368421052632,12.523809523809524,12.523809523809524,13.947368421052632,6.0,5.0,5.0,6.0
2019/20,2019-09-22 13:00:00,West Ham United FC,Manchester United FC,0.51376,1.27826,14.947368421052632,17.181818181818183,17.181818181818183,14.947368421052632,4.0,5.0,5.0,4.0
2019/20,2019-09-22 15:30:00,Chelsea FC,Liverpool FC,1.23321,1.03003,11.625,7.914285714285715,7.914285714285715,11.625,5.0,5.0,5.0,5.0
2019/20,2019-09-22 15:30:00,Arsenal FC,Aston Villa FC,2.53209,1.71546,9.1,11.0,11.0,9.1,12.0,8.0,8.0,12.0
2019/20,2019-09-28 11:30:00,Sheffield United FC,Liverpool FC,1.17022,1.97079,24.235294117647058,11.272727272727273,11.272727272727273,24.235294117647058,1.0,11.0,11.0,1.0
2019/20,2019-09-28 14:00:00,Tottenham Hotspur FC,Southampton FC,1.19008,1.16256,31.75,5.648648648648648,5.648648648648648,31.75,7.0,8.0,8.0,7.0
2019/20,2019-09-28 14:00:00,Wolverhampton Wanderers FC,Watford FC,1.16363,1.06615,22.9375,11.380952380952381,11.380952380952381,22.9375,5.0,10.0,10.0,5.0
2019/20,2019-09-28 14:00:00,Aston Villa FC,Burnley FC,0.914266,1.66919,6.05,9.045454545454545,9.045454545454545,6.05,3.0,2.0,2.0,3.0
2019/20,2019-09-28 14:00:00,AFC Bournemouth,West Ham United FC,2.31957,1.29546,11.25,13.1,13.1,11.25,8.0,17.0,17.0,8.0
2019/20,2019-09-28 14:00:00,Chelsea FC,Brighton & Hove Albion FC,4.26443,0.616263,14.541666666666666,12.76923076923077,12.76923076923077,14.541666666666666,9.0,0.0,0.0,9.0
2019/20,2019-09-28 14:00:00,Crystal Palace FC,Norwich City FC,1.80497,0.712129,12.782608695652174,9.11111111111111,9.11111111111111,12.782608695652174,11.0,10.0,10.0,11.0
2019/20,2019-09-28 16:30:00,Everton FC,Manchester City FC,2.35854,3.1082,32.666666666666664,9.714285714285714,9.714285714285714,32.666666666666664,6.0,13.0,13.0,6.0
2019/20,2019-09-29 15:30:00,Leicester City FC,Newcastle United FC,1.82438,0.054134,5.5588235294117645,35.72727272727273,35.72727272727273,5.5588235294117645,13.0,1.0,1.0,13.0
2019/20,2019-09-30 19:00:00,Manchester United FC,Arsenal FC,1.1335,1.70399,5.925925925925926,10.125,10.125,5.925925925925926,5.0,7.0,7.0,5.0
2019/20,2019-10-05 12:30:00,Brighton & Hove Albion FC,Tottenham Hotspur FC,2.60017,0.478504,8.135135135135135,15.235294117647058,15.235294117647058,8.135135135135135,12.0,4.0,4.0,12.0
2019/20,2019-10-05 15:00:00,Burnley FC,Everton FC,0.558912,1.30723,19.5,7.8,7.8,19.5,6.0,4.0,4.0,6.0
2019/20,2019-10-05 15:00:00,Liverpool FC,Leicester City FC,3.74867,0.0982107,7.78125,9.25,9.25,7.78125,12.0,4.0,4.0,12.0
2019/20,2019-10-05 15:00:00,Norwich City FC,Aston Villa FC,1.84838,3.67827,6.041666666666667,8.8,8.8,6.041666666666667,13.0,9.0,9.0,13.0
2019/20,2019-10-05 15:00:00,Watford FC,Sheffield United FC,1.44318,0.353724,19.375,6.7272727272727275,6.7272727272727275,19.375,2.0,5.0,5.0,2.0
2019/20,2019-10-05 17:30:00,West Ham United FC,Crystal Palace FC,1.23577,2.0682,14.789473684210526,20.071428571428573,20.071428571428573,14.789473684210526,7.0,7.0,7.0,7.0
2019/20,2019-10-06 14:00:00,Manchester City FC,Wolverhampton Wanderers FC,1.61884,1.18825,4.115384615384615,19.6875,19.6875,4.115384615384615,13.0,1.0,1.0,13.0
2019/20,2019-10-06 14:00:00,Southampton FC,Chelsea FC,1.27044,2.15201,10.884615384615385,11.105263157894736,11.105263157894736,10.884615384615385,5.0,10.0,10.0,5.0
2019/20,2019-10-06 14:00:00,Arsenal FC,AFC Bournemouth,1.24109,0.683967,7.0285714285714285,10.217391304347826,10.217391304347826,7.0285714285714285,10.0,7.0,7.0,10.0
2019/20,2019-10-06 16:30:00,Newcastle United FC,Manchester United FC,0.650296,0.969204,28.454545454545453,6.818181818181818,6.818181818181818,28.454545454545453,1.0,5.0,5.0,1.0
2019/20,2019-10-19 12:30:00,Everton FC,West Ham United FC,2.23324,0.459112,5.71875,10.052631578947368,10.052631578947368,5.71875,11.0,3.0,3.0,11.0
2019/20,2019-10-19 15:00:00,Aston Villa FC,Brighton & Hove Albion FC,2.96692,1.32184,15.055555555555555,9.523809523809524,9.523809523809524,15.055555555555555,7.0,10.0,10.0,7.0
2019/20,2019-10-19 15:00:00,AFC Bournemouth,Norwich City FC,0.675554,0.402873,12.7,11.833333333333334,11.833333333333334,12.7,7.0,5.0,5.0,7.0
2019/20,2019-10-19 15:00:00,Chelsea FC,Newcastle United FC,2.30068,0.197082,4.6521739130434785,23.5,23.5,4.6521739130434785,12.0,1.0,1.0,12.0
2019/20,2019-10-19 15:00:00,Leicester City FC,Burnley FC,0.8291,1.79569,7.6,15.2,15.2,7.6,6.0,3.0,3.0,6.0
2019/20,2019-10-19 15:00:00,Tottenham Hotspur FC,Watford FC,0.891617,0.846851,7.434782608695652,18.894736842105264,18.894736842105264,7.434782608695652,10.0,2.0,2.0,10.0
2019/20,2019-10-19 15:00:00,Wolverhampton Wanderers FC,Southampton FC,0.887495,1.37695,14.666666666666666,12.041666666666666,12.041666666666666,14.666666666666666,3.0,5.0,5.0,3.0
2019/20,2019-10-19 17:30:00,Crystal Palace FC,Manchester City FC,0.616864,4.02104,18.57894736842105,6.7368421052631575,6.7368421052631575,18.57894736842105,5.0,21.0,21.0,5.0
2019/20,2019-10-20 16:30:00,Manchester United FC,Liverpool FC,0.791862,1.03212,31.5,5.172413793103448,5.172413793103448,31.5,1.0,7.0,7.0,1.0
2019/20,2019-10-21 20:00:00,Sheffield United FC,Arsenal FC,0.895722,0.949735,12.214285714285714,5.944444444444445,5.944444444444445,12.214285714285714,6.0,8.0,8.0,6.0
2019/20,2019-10-25 20:00:00,Southampton FC,Leicester City FC,0.457334,4.38046,17.047619047619047,3.189189189189189,3.189189189189189,17.047619047619047,1.0,9.0,9.0,1.0
2019/20,2019-10-26 12:30:00,Manchester City FC,Aston Villa FC,3.19004,0.980145,8.083333333333334,26.7,26.7,8.083333333333334,18.0,3.0,3.0,18.0
2019/20,2019-10-26 15:00:00,Brighton & Hove Albion FC,Everton FC,1.15279,1.04723,8.464285714285714,11.678571428571429,11.678571428571429,8.464285714285714,4.0,7.0,7.0,4.0
2019/20,2019-10-26 15:00:00,Watford FC,AFC Bournemouth,0.674903,0.899526,13.153846153846153,9.368421052631579,9.368421052631579,13.153846153846153,5.0,3.0,3.0,5.0
2019/20,2019-10-26 15:00:00,West Ham United FC,Sheffield United FC,2.33891,1.16171,10.125,14.428571428571429,14.428571428571429,10.125,9.0,7.0,7.0,9.0
2019/20,2019-10-26 17:30:00,Burnley FC,Chelsea FC,2.23494,0.988321,15.96,10.473684210526315,10.473684210526315,15.96,8.0,6.0,6.0,8.0
2019/20,2019-10-27 14:00:00,Newcastle United FC,Wolverhampton Wanderers FC,0.603104,1.93255,38.625,9.6,9.6,38.625,3.0,6.0,6.0,3.0
2019/20,2019-10-27 16:30:00,Arsenal FC,Crystal Palace FC,1.54014,1.77892,7.666666666666667,26.3,26.3,7.666666666666667,8.0,1.0,1.0,8.0
2019/20,2019-10-27 16:30:00,Liverpool FC,Tottenham Hotspur FC,2.18851,1.35143,5.068965517241379,32.3,32.3,5.068965517241379,13.0,4.0,4.0,13.0
2019/20,2019-10-27 16:30:00,Norwich City FC,Manchester United FC,0.8924,4.51232,8.653846153846153,9.5,9.5,8.653846153846153,6.0,6.0,6.0,6.0
2019/20,2019-11-02 12:30:00,AFC Bournemouth,Manchester United FC,1.86862,0.641129,8.25925925925926,8.5,8.5,8.25925925925926,3.0,4.0,4.0,3.0
2019/20,2019-11-02 15:00:00,Arsenal FC,Wolverhampton Wanderers FC,1.02552,1.5103,14.071428571428571,11.76,11.76,14.071428571428571,9.0,6.0,6.0,9.0
2019/20,2019-11-02 15:00:00,Aston Villa FC,Liverpool FC,0.741615,2.38824,20.928571428571427,4.4,4.4,20.928571428571427,2.0,16.0,16.0,2.0
2019/20,2019-11-02 15:00:00,Brighton & Hove Albion FC,Norwich City FC,2.65496,0.455082,6.967741935483871,15.210526315789474,15.210526315789474,6.967741935483871,15.0,5.0,5.0,15.0
2019/20,2019-11-02 15:00:00,Manchester City FC,Southampton FC,3.36132,0.893889,3.1923076923076925,17.75,17.75,3.1923076923076925,31.0,2.0,2.0,31.0
2019/20,2019-11-02 15:00:00,Sheffield United FC,Burnley FC,2.58392,0.716613,17.714285714285715,8.5,8.5,17.714285714285715,6.0,3.0,3.0,6.0
2019/20,2019-11-02 15:00:00,West Ham United FC,Newcastle United FC,1.53597,1.93192,4.166666666666667,14.470588235294118,14.470588235294118,4.166666666666667,17.0,5.0,5.0,17.0
2019/20,2019-11-02 17:30:00,Watford FC,Chelsea FC,1.4744,2.18313,20.2,11.263157894736842,11.263157894736842,20.2,6.0,8.0,8.0,6.0
2019/20,2019-11-03 14:00:00,Crystal Palace FC,Leicester City FC,0.44291,0.981167,17.8,6.413793103448276,6.413793103448276,17.8,5.0,5.0,5.0,5.0
2019/20,2019-11-03 16:30:00,Everton FC,Tottenham Hotspur FC,1.15532,0.243393,11.24,10.222222222222221,10.222222222222221,11.24,8.0,1.0,1.0,8.0
2019/20,2019-11-08 20:00:00,Norwich City FC,Watford FC,0.62104,1.36017,7.578947368421052,15.545454545454545,15.545454545454545,7.578947368421052,11.0,3.0,3.0,11.0
2019/20,2019-11-09 12:30:00,Chelsea FC,Crystal Palace FC,3.28903,0.479488,7.75,13.91304347826087,13.91304347826087,7.75,11.0,3.0,3.0,11.0
2019/20,2019-11-09 15:00:00,Burnley FC,West Ham United FC,2.4158,0.474281,9.083333333333334,5.708333333333333,5.708333333333333,9.083333333333334,5.0,5.0,5.0,5.0
2019/20,2019-11-09 15:00:00,Newcastle United FC,AFC Bournemouth,2.3306,1.9213,18.88235294117647,7.823529411764706,7.823529411764706,18.88235294117647,5.0,10.0,10.0,5.0
2019/20,2019-11-09 15:00:00,Southampton FC,Everton FC,0.742281,2.08883,9.941176470588236,6.516129032258065,6.516129032258065,9.941176470588236,1.0,6.0,6.0,1.0
2019/20,2019-11-09 15:00:00,Tottenham Hotspur FC,Sheffield United FC,1.5104,0.923443,9.529411764705882,11.517241379310345,11.517241379310345,9.529411764705882,4.0,6.0,6.0,4.0
2019/20,2019-11-09 17:30:00,Leicester City FC,Arsenal FC,1.37055,0.961339,8.088235294117647,17.142857142857142,17.142857142857142,8.088235294117647,14.0,10.0,10.0,14.0
2019/20,2019-11-10 14:00:00,Wolverhampton Wanderers FC,Aston Villa FC,2.09891,0.473225,6.59375,6.3,6.3,6.59375,8.0,0.0,0.0,8.0
2019/20,2019-11-10 14:00:00,Manchester United FC,Brighton & Hove Albion FC,3.65299,1.1342,11.961538461538462,5.314285714285714,5.314285714285714,11.961538461538462,9.0,2.0,2.0,9.0
2019/20,2019-11-10 16:30:00,Liverpool FC,Manchester City FC,1.3319,1.48104,20.46153846153846,12.047619047619047,12.047619047619047,20.46153846153846,6.0,9.0,9.0,6.0
2019/20,2019-11-23 12:30:00,West Ham United FC,Tottenham Hotspur FC,0.661449,2.20681,11.333333333333334,9.08695652173913,9.08695652173913,11.333333333333334,6.0,3.0,3.0,6.0
2019/20,2019-11-23 15:00:00,Arsenal FC,Southampton FC,1.60823,2.60312,6.0,7.3428571428571425,7.3428571428571425,6.0,3.0,10.0,10.0,3.0
2019/20,2019-11-23 15:00:00,AFC Bournemouth,Wolverhampton Wanderers FC,0.849789,1.2765,14.043478260869565,13.7,13.7,14.043478260869565,3.0,7.0,7.0,3.0
2019/20,2019-11-23 15:00:00,Brighton & Hove Albion FC,Leicester City FC,0.784706,3.50917,16.466666666666665,27.0,27.0,16.466666666666665,8.0,9.0,9.0,8.0
2019/20,2019-11-23 15:00:00,Crystal Palace FC,Liverpool FC,1.02306,1.64291,21.923076923076923,10.11111111111111,10.11111111111111,21.923076923076923,8.0,11.0,11.0,8.0
2019/20,2019-11-23 15:00:00,Everton FC,Norwich City FC,0.812693,1.80849,5.956521739130435,8.217391304347826,8.217391304347826,5.956521739130435,15.0,4.0,4.0,15.0
2019/20,2019-11-23 15:00:00,Watford FC,Burnley FC,0.902384,2.66281,5.947368421052632,11.625,11.625,5.947368421052632,5.0,2.0,2.0,5.0
2019/20,2019-11-23 17:30:00,Manchester City FC,Chelsea FC,1.23596,0.820474,16.333333333333332,18.63157894736842,18.63157894736842,16.333333333333332,14.0,6.0,6.0,14.0
2019/20,2019-11-24 16:30:00,Sheffield United FC,Manchester United FC,1.56025,1.33065,10.483870967741936,8.631578947368421,8.631578947368421,10.483870967741936,3.0,6.0,6.0,3.0
2019/20,2019-11-25 20:00:00,Aston Villa FC,Newcastle United FC,2.6985,0.69784,7.333333333333333,17.6,17.6,7.333333333333333,14.0,3.0,3.0,14.0
2019/20,2019-11-30 12:30:00,Newcastle United FC,Manchester City FC,0.208252,2.44389,38.55555555555556,4.115384615384615,4.115384615384615,38.55555555555556,2.0,12.0,12.0,2.0
2019/20,2019-11-30 15:00:00,Burnley FC,Crystal Palace FC,1.8509,0.936732,8.375,7.291666666666667,7.291666666666667,8.375,5.0,6.0,6.0,5.0
2019/20,2019-11-30 15:00:00,Chelsea FC,West Ham United FC,2.73185,1.12034,11.357142857142858,11.205882352941176,11.205882352941176,11.357142857142858,6.0,3.0,3.0,6.0
2019/20,2019-11-30 15:00:00,Liverpool FC,Brighton & Hove Albion FC,1.36832,0.867601,14.916666666666666,15.055555555555555,15.055555555555555,14.916666666666666,11.0,3.0,3.0,11.0
2019/20,2019-11-30 15:00:00,Tottenham Hotspur FC,AFC Bournemouth,2.93189,1.02949,8.88888888888889,8.5625,8.5625,8.88888888888889,9.0,6.0,6.0,9.0
2019/20,2019-11-30 17:30:00,Southampton FC,Watford FC,1.9671,0.504005,7.555555555555555,14.2,14.2,7.555555555555555,8.0,5.0,5.0,8.0
2019/20,2019-12-01 14:00:00,Wolverhampton Wanderers FC,Sheffield United FC,1.27422,1.47296,7.571428571428571,7.891891891891892,7.891891891891892,7.571428571428571,4.0,8.0,8.0,4.0
2019/20,2019-12-01 14:00:00,Norwich City FC,Arsenal FC,0.810596,1.96157,24.666666666666668,7.884615384615385,7.884615384615385,24.666666666666668,2.0,10.0,10.0,2.0
2019/20,2019-12-01 16:30:00,Leicester City FC,Everton FC,2.24348,1.24986,5.608695652173913,18.35,18.35,5.608695652173913,9.0,1.0,1.0,9.0
2019/20,2019-12-01 16:30:00,Manchester United FC,Aston Villa FC,1.84804,1.29701,6.6521739130434785,12.0,12.0,6.6521739130434785,13.0,3.0,3.0,13.0
2019/20,2019-12-03 19:30:00,Crystal Palace FC,AFC Bournemouth,0.383763,0.342799,20.333333333333332,5.619047619047619,5.619047619047619,20.333333333333332,6.0,10.0,10.0,6.0
2019/20,2019-12-03 20:15:00,Burnley FC,Manchester City FC,0.486548,2.56057,25.9375,11.2,11.2,25.9375,3.0,13.0,13.0,3.0
2019/20,2019-12-04 19:30:00,Leicester City FC,Watford FC,2.28735,0.199733,7.190476190476191,13.541666666666666,13.541666666666666,7.190476190476191,9.0,4.0,4.0,9.0
2019/20,2019-12-04 19:30:00,Wolverhampton Wanderers FC,West Ham United FC,1.82237,0.501977,9.258064516129032,9.846153846153847,9.846153846153847,9.258064516129032,5.0,4.0,4.0,5.0
2019/20,2019-12-04 19:30:00,Manchester United FC,Tottenham Hotspur FC,1.47683,0.542315,7.368421052631579,8.481481481481481,8.481481481481481,7.368421052631579,1.0,2.0,2.0,1.0
2019/20,2019-12-04 19:30:00,Chelsea FC,Aston Villa FC,1.9774,0.86086,6.961538461538462,13.892857142857142,13.892857142857142,6.961538461538462,14.0,2.0,2.0,14.0
2019/20,2019-12-04 19:30:00,Southampton FC,Norwich City FC,2.00232,0.896647,9.305555555555555,13.833333333333334,13.833333333333334,9.305555555555555,9.0,3.0,3.0,9.0
2019/20,2019-12-04 20:15:00,Liverpool FC,Everton FC,2.41397,1.76453,9.68421052631579,9.0,9.0,9.68421052631579,10.0,6.0,6.0,10.0
2019/20,2019-12-05 19:30:00,Sheffield United FC,Newcastle United FC,1.09175,0.533775,7.3125,60.0,60.0,7.3125,13.0,3.0,3.0,13.0
2019/20,2019-12-05 20:15:00,Arsenal FC,Brighton & Hove Albion FC,0.965377,1.53446,13.9375,8.392857142857142,8.392857142857142,13.9375,6.0,4.0,4.0,6.0
2019/20,2019-12-07 12:30:00,Everton FC,Chelsea FC,2.03892,1.25734,8.974358974358974,4.611111111111111,4.611111111111111,8.974358974358974,5.0,17.0,17.0,5.0
2019/20,2019-12-07 15:00:00,AFC Bournemouth,Liverpool FC,0.154608,3.04446,43.916666666666664,9.352941176470589,9.352941176470589,43.916666666666664,2.0,19.0,19.0,2.0
2019/20,2019-12-07 15:00:00,Tottenham Hotspur FC,Burnley FC,2.39684,1.08645,11.0,11.296296296296296,11.296296296296296,11.0,3.0,1.0,1.0,3.0
2019/20,2019-12-07 15:00:00,Watford FC,Crystal Palace FC,1.57132,0.210746,10.5,9.05,9.05,10.5,7.0,2.0,2.0,7.0
2019/20,2019-12-07 17:30:00,Manchester City FC,Manchester United FC,2.07108,1.63385,3.742857142857143,20.846153846153847,20.846153846153847,3.742857142857143,23.0,8.0,8.0,23.0
2019/20,2019-12-08 14:00:00,Aston Villa FC,Leicester City FC,1.24141,4.03286,8.666666666666666,4.296296296296297,4.296296296296297,8.666666666666666,12.0,17.0,17.0,12.0
2019/20,2019-12-08 14:00:00,Newcastle United FC,Southampton FC,1.10449,1.89255,13.8,4.866666666666666,4.866666666666666,13.8,3.0,6.0,6.0,3.0
2019/20,2019-12-08 14:00:00,Norwich City FC,Sheffield United FC,0.585805,0.712899,12.375,11.12,11.12,12.375,7.0,2.0,2.0,7.0
2019/20,2019-12-08 16:30:00,Brighton & Hove Albion FC,Wolverhampton Wanderers FC,0.951621,1.87208,5.866666666666666,23.133333333333333,23.133333333333333,5.866666666666666,6.0,11.0,11.0,6.0
2019/20,2019-12-09 20:00:00,West Ham United FC,Arsenal FC,0.521847,1.79181,12.135135135135135,23.166666666666668,23.166666666666668,12.135135135135135,4.0,7.0,7.0,4.0
2019/20,2019-12-14 12:30:00,Liverpool FC,Watford FC,1.56674,1.01166,5.038461538461538,17.772727272727273,17.772727272727273,5.038461538461538,10.0,7.0,7.0,10.0
2019/20,2019-12-14 15:00:00,Burnley FC,Newcastle United FC,1.43602,1.08726,7.148148148148148,10.45,10.45,7.148148148148148,2.0,2.0,2.0,2.0
2019/20,2019-12-14 15:00:00,Chelsea FC,AFC Bournemouth,2.02119,1.20777,4.533333333333333,17.210526315789473,17.210526315789473,4.533333333333333,6.0,3.0,3.0,6.0
2019/20,2019-12-14 15:00:00,Leicester City FC,Norwich City FC,1.06421,1.16408,7.033333333333333,11.5,11.5,7.033333333333333,5.0,7.0,7.0,5.0
2019/20,2019-12-14 15:00:00,Sheffield United FC,Aston Villa FC,1.888,0.97258,8.0,10.85,10.85,8.0,13.0,1.0,1.0,13.0
2019/20,2019-12-14 17:30:00,Southampton FC,West Ham United FC,0.805884,0.90324,7.722222222222222,11.95,11.95,7.722222222222222,7.0,8.0,8.0,7.0
2019/20,2019-12-15 14:00:00,Manchester United FC,Everton FC,1.48327,0.276759,8.909090909090908,11.25,11.25,8.909090909090908,4.0,2.0,2.0,4.0
2019/20,2019-12-15 14:00:00,Wolverhampton Wanderers FC,Tottenham Hotspur FC,0.718669,0.989205,6.67741935483871,8.692307692307692,8.692307692307692,6.67741935483871,8.0,10.0,10.0,8.0
2019/20,2019-12-15 16:30:00,Arsenal FC,Manchester City FC,0.28161,1.69553,18.130434782608695,8.513513513513514,8.513513513513514,18.130434782608695,1.0,6.0,6.0,1.0
2019/20,2019-12-16 19:45:00,Crystal Palace FC,Brighton & Hove Albion FC,0.484859,2.48355,19.3125,5.25,5.25,19.3125,5.0,11.0,11.0,5.0
2019/20,2019-12-21 12:30:00,Everton FC,Arsenal FC,0.486523,0.881818,12.423076923076923,8.043478260869565,8.043478260869565,12.423076923076923,8.0,1.0,1.0,8.0
2019/20,2019-12-21 15:00:00,Aston Villa FC,Southampton FC,0.921054,2.63444,10.4375,12.0,12.0,10.4375,6.0,5.0,5.0,6.0
2019/20,2019-12-21 15:00:00,AFC Bournemouth,Burnley FC,0.138532,0.144318,5.555555555555555,8.392857142857142,8.392857142857142,5.555555555555555,6.0,0.0,0.0,6.0
2019/20,2019-12-21 15:00:00,Brighton & Hove Albion FC,Sheffield United FC,0.428371,1.65933,8.533333333333333,20.22222222222222,20.22222222222222,8.533333333333333,9.0,1.0,1.0,9.0
2019/20,2019-12-21 15:00:00,Newcastle United FC,Crystal Palace FC,0.714368,0.985368,12.5,8.652173913043478,8.652173913043478,12.5,6.0,14.0,14.0,6.0
2019/20,2019-12-21 15:00:00,Norwich City FC,Wolverhampton Wanderers FC,1.26536,1.65224,14.588235294117647,9.461538461538462,9.461538461538462,14.588235294117647,4.0,2.0,2.0,4.0
2019/20,2019-12-21 17:30:00,Manchester City FC,Leicester City FC,3.59139,1.01388,8.625,32.916666666666664,32.916666666666664,8.625,17.0,0.0,0.0,17.0
2019/20,2019-12-22 14:00:00,Watford FC,Manchester United FC,1.59291,1.5309,8.875,5.416666666666667,5.416666666666667,8.875,8.0,8.0,8.0,8.0
2019/20,2019-12-22 16:30:00,Tottenham Hotspur FC,Chelsea FC,0.276667,1.49374,12.782608695652174,10.4,10.4,12.782608695652174,7.0,8.0,8.0,7.0
2019/20,2019-12-26 12:30:00,Tottenham Hotspur FC,Brighton & Hove Albion FC,1.02645,1.09007,10.125,9.692307692307692,9.692307692307692,10.125,7.0,2.0,2.0,7.0
2019/20,2019-12-26 15:00:00,Aston Villa FC,Norwich City FC,0.654194,1.45005,11.521739130434783,9.222222222222221,9.222222222222221,11.521739130434783,4.0,3.0,3.0,4.0
2019/20,2019-12-26 15:00:00,AFC Bournemouth,Arsenal FC,1.55463,1.42464,23.8,7.653846153846154,7.653846153846154,23.8,9.0,13.0,13.0,9.0
2019/20,2019-12-26 15:00:00,Chelsea FC,Southampton FC,0.859973,0.981321,5.111111111111111,12.535714285714286,12.535714285714286,5.111111111111111,10.0,2.0,2.0,10.0
2019/20,2019-12-26 15:00:00,Crystal Palace FC,West Ham United FC,2.14195,0.796338,9.941176470588236,9.909090909090908,9.909090909090908,9.941176470588236,12.0,8.0,8.0,12.0
2019/20,2019-12-26 15:00:00,Everton FC,Burnley FC,1.47521,0.565252,5.526315789473684,13.083333333333334,13.083333333333334,5.526315789473684,2.0,1.0,1.0,2.0
2019/20,2019-12-26 15:00:00,Sheffield United FC,Watford FC,2.04481,0.596611,13.2,20.428571428571427,20.428571428571427,13.2,6.0,6.0,6.0,6.0
2019/20,2019-12-26 17:30:00,Manchester United FC,Newcastle United FC,1.99638,1.05018,5.518518518518518,40.45454545454545,40.45454545454545,5.518518518518518,6.0,4.0,4.0,6.0
2019/20,2019-12-26 20:00:00,Leicester City FC,Liverpool FC,0.120994,3.76973,20.470588235294116,11.434782608695652,11.434782608695652,20.470588235294116,3.0,6.0,6.0,3.0
2019/20,2019-12-27 19:45:00,Wolverhampton Wanderers FC,Manchester City FC,2.39405,1.52044,13.058823529411764,18.8,18.8,13.058823529411764,4.0,1.0,1.0,4.0
2019/20,2019-12-28 12:30:00,Brighton & Hove Albion FC,AFC Bournemouth,1.05876,0.500726,9.375,17.125,17.125,9.375,11.0,5.0,5.0,11.0
2019/20,2019-12-28 15:00:00,Newcastle United FC,Everton FC,1.63211,2.82576,14.705882352941176,8.5,8.5,14.705882352941176,6.0,6.0,6.0,6.0
2019/20,2019-12-28 15:00:00,Southampton FC,Crystal Palace FC,1.47937,0.137837,5.411764705882353,19.357142857142858,19.357142857142858,5.411764705882353,4.0,2.0,2.0,4.0
2019/20,2019-12-28 15:00:00,Watford FC,Aston Villa FC,3.25314,0.610997,8.76,16.0,16.0,8.76,8.0,6.0,6.0,8.0
2019/20,2019-12-28 17:30:00,Norwich City FC,Tottenham Hotspur FC,0.268052,1.82189,8.466666666666667,9.8,9.8,8.466666666666667,4.0,11.0,11.0,4.0
2019/20,2019-12-28 17:30:00,West Ham United FC,Leicester City FC,0.782104,2.62349,8.941176470588236,7.590909090909091,7.590909090909091,8.941176470588236,7.0,8.0,8.0,7.0
2019/20,2019-12-28 19:45:00,Burnley FC,Manchester United FC,0.386662,2.10542,13.5,8.333333333333334,8.333333333333334,13.5,3.0,9.0,9.0,3.0
2019/20,2019-12-29 14:00:00,Arsenal FC,Chelsea FC,0.785214,1.49666,14.043478260869565,6.894736842105263,6.894736842105263,14.043478260869565,7.0,8.0,8.0,7.0
2019/20,2019-12-29 16:30:00,Liverpool FC,Wolverhampton Wanderers FC,1.49124,0.363764,6.266666666666667,21.333333333333332,21.333333333333332,6.266666666666667,14.0,3.0,3.0,14.0
2019/20,2019-12-29 18:00:00,Manchester City FC,Sheffield United FC,1.08628,1.23346,10.923076923076923,34.57142857142857,34.57142857142857,10.923076923076923,9.0,2.0,2.0,9.0
2019/20,2020-01-01 12:30:00,Brighton & Hove Albion FC,Chelsea FC,1.56978,1.57497,12.148148148148149,8.53125,8.53125,12.148148148148149,10.0,7.0,7.0,10.0
2019/20,2020-01-01 12:30:00,Burnley FC,Aston Villa FC,2.34418,1.74824,7.944444444444445,26.5,26.5,7.944444444444445,9.0,5.0,5.0,9.0
2019/20,2020-01-01 15:00:00,Newcastle United FC,Leicester City FC,0.780118,2.43642,39.92307692307692,3.588235294117647,3.588235294117647,39.92307692307692,2.0,16.0,16.0,2.0
2019/20,2020-01-01 15:00:00,Southampton FC,Tottenham Hotspur FC,1.51192,1.078,6.375,6.434782608695652,6.434782608695652,6.375,4.0,4.0,4.0,4.0
2019/20,2020-01-01 15:00:00,Watford FC,Wolverhampton Wanderers FC,1.07053,1.23252,20.11764705882353,8.45,8.45,20.11764705882353,7.0,7.0,7.0,7.0
2019/20,2020-01-01 17:30:00,West Ham United FC,AFC Bournemouth,2.32825,0.720709,22.526315789473685,15.933333333333334,15.933333333333334,22.526315789473685,8.0,4.0,4.0,8.0
2019/20,2020-01-01 17:30:00,Manchester City FC,Everton FC,1.79757,0.848942,10.28,22.52173913043478,22.52173913043478,10.28,9.0,2.0,2.0,9.0
2019/20,2020-01-01 17:30:00,Norwich City FC,Crystal Palace FC,1.66454,1.29896,11.272727272727273,8.0,8.0,11.272727272727273,7.0,7.0,7.0,7.0
2019/20,2020-01-01 20:00:00,Arsenal FC,Manchester United FC,1.90747,0.715563,13.565217391304348,11.241379310344827,11.241379310344827,13.565217391304348,8.0,5.0,5.0,8.0
2019/20,2020-01-02 20:00:00,Liverpool FC,Sheffield United FC,3.0465,0.634607,14.583333333333334,32.68421052631579,32.68421052631579,14.583333333333334,16.0,7.0,7.0,16.0
2019/20,2020-01-10 20:00:00,Sheffield United FC,West Ham United FC,2.02768,0.90477,9.928571428571429,10.947368421052632,10.947368421052632,9.928571428571429,4.0,3.0,3.0,4.0
2019/20,2020-01-11 12:30:00,Crystal Palace FC,Arsenal FC,0.317862,1.43924,8.818181818181818,5.6875,5.6875,8.818181818181818,5.0,8.0,8.0,5.0
2019/20,2020-01-11 15:00:00,Wolverhampton Wanderers FC,Newcastle United FC,2.04805,0.184495,4.733333333333333,16.695652173913043,16.695652173913043,4.733333333333333,2.0,2.0,2.0,2.0
2019/20,2020-01-11 15:00:00,Chelsea FC,Burnley FC,2.87633,0.717407,9.588235294117647,28.818181818181817,28.818181818181817,9.588235294117647,10.0,1.0,1.0,10.0
2019/20,2020-01-11 15:00:00,Everton FC,Brighton & Hove Albion FC,2.02533,1.53324,8.689655172413794,17.4375,17.4375,8.689655172413794,10.0,6.0,6.0,10.0
2019/20,2020-01-11 15:00:00,Leicester City FC,Southampton FC,0.780114,2.40601,12.0,7.7272727272727275,7.7272727272727275,12.0,2.0,3.0,3.0,2.0
2019/20,2020-01-11 15:00:00,Manchester United FC,Norwich City FC,3.13456,0.275987,5.0,15.894736842105264,15.894736842105264,5.0,17.0,4.0,4.0,17.0
2019/20,2020-01-11 17:30:00,Tottenham Hotspur FC,Liverpool FC,1.10584,1.74564,29.9375,12.3,12.3,29.9375,4.0,21.0,21.0,4.0
2019/20,2020-01-12 14:00:00,AFC Bournemouth,Watford FC,0.320447,2.29827,13.066666666666666,11.44,11.44,13.066666666666666,5.0,7.0,7.0,5.0
2019/20,2020-01-12 16:30:00,Aston Villa FC,Manchester City FC,1.12565,3.75131,34.3125,7.633333333333334,7.633333333333334,34.3125,1.0,20.0,20.0,1.0
2019/20,2020-01-18 12:30:00,Watford FC,Tottenham Hotspur FC,2.39174,1.76697,9.166666666666666,7.294117647058823,7.294117647058823,9.166666666666666,9.0,13.0,13.0,9.0
2019/20,2020-01-18 15:00:00,Arsenal FC,Sheffield United FC,1.22882,1.18444,9.444444444444445,8.972222222222221,8.972222222222221,9.444444444444445,6.0,1.0,1.0,6.0
2019/20,2020-01-18 15:00:00,Manchester City FC,Crystal Palace FC,2.47314,0.586716,4.923076923076923,29.5,29.5,4.923076923076923,23.0,2.0,2.0,23.0
2019/20,2020-01-18 15:00:00,Brighton & Hove Albion FC,Aston Villa FC,1.30028,1.02045,7.241379310344827,10.777777777777779,10.777777777777779,7.241379310344827,7.0,4.0,4.0,7.0
2019/20,2020-01-18 15:00:00,Norwich City FC,AFC Bournemouth,1.76046,0.558298,9.764705882352942,13.75,13.75,9.764705882352942,6.0,4.0,4.0,6.0
2019/20,2020-01-18 15:00:00,Southampton FC,Wolverhampton Wanderers FC,0.786974,2.1772,5.194444444444445,15.307692307692308,15.307692307692308,5.194444444444445,2.0,5.0,5.0,2.0
2019/20,2020-01-18 15:00:00,West Ham United FC,Everton FC,1.68436,1.95473,9.8,8.25925925925926,8.25925925925926,9.8,2.0,4.0,4.0,2.0
2019/20,2020-01-18 17:30:00,Newcastle United FC,Chelsea FC,0.892988,2.05436,23.272727272727273,4.233333333333333,4.233333333333333,23.272727272727273,3.0,11.0,11.0,3.0
2019/20,2020-01-19 14:00:00,Burnley FC,Leicester City FC,1.50886,2.33415,9.72,9.826086956521738,9.826086956521738,9.72,3.0,14.0,14.0,3.0
2019/20,2020-01-19 16:30:00,Liverpool FC,Manchester United FC,2.00655,1.4185,11.0,15.0,15.0,11.0,12.0,5.0,5.0,12.0
2019/20,2020-01-21 19:30:00,Aston Villa FC,Watford FC,1.06739,1.81101,6.173913043478261,9.272727272727273,9.272727272727273,6.173913043478261,6.0,1.0,1.0,6.0
2019/20,2020-01-21 19:30:00,Sheffield United FC,Manchester City FC,0.774943,2.873,23.0,8.833333333333334,8.833333333333334,23.0,6.0,11.0,11.0,6.0
2019/20,2020-01-21 19:30:00,Everton FC,Newcastle United FC,2.05254,0.570931,11.72,15.08695652173913,15.08695652173913,11.72,5.0,2.0,2.0,5.0
2019/20,2020-01-21 19:30:00,AFC Bournemouth,Brighton & Hove Albion FC,1.92315,1.97227,11.129032258064516,6.428571428571429,6.428571428571429,11.129032258064516,6.0,4.0,4.0,6.0
2019/20,2020-01-21 19:30:00,Crystal Palace FC,Southampton FC,0.674589,1.1306,7.833333333333333,4.5,4.5,7.833333333333333,9.0,8.0,8.0,9.0
2019/20,2020-01-21 20:15:00,Chelsea FC,Arsenal FC,3.38612,0.568077,8.321428571428571,21.666666666666668,21.666666666666668,8.321428571428571,21.0,2.0,2.0,21.0
2019/20,2020-01-22 19:30:00,Leicester City FC,West Ham United FC,2.91302,1.16254,5.954545454545454,15.8,15.8,5.954545454545454,18.0,2.0,2.0,18.0
2019/20,2020-01-22 19:30:00,Tottenham Hotspur FC,Norwich City FC,2.22282,1.42472,9.03225806451613,14.235294117647058,14.235294117647058,9.03225806451613,7.0,11.0,11.0,7.0
2019/20,2020-01-22 20:15:00,Manchester United FC,Burnley FC,1.416,0.717284,10.9,13.884615384615385,13.884615384615385,10.9,11.0,3.0,3.0,11.0
2019/20,2020-01-23 20:00:00,Wolverhampton Wanderers FC,Liverpool FC,1.85442,1.59024,22.375,11.88888888888889,11.88888888888889,22.375,4.0,2.0,2.0,4.0
2019/20,2020-01-29 19:45:00,West Ham United FC,Liverpool FC,0.878341,2.59926,38.357142857142854,7.481481481481482,7.481481481481482,38.357142857142854,2.0,11.0,11.0,2.0
2019/20,2020-02-01 12:30:00,Leicester City FC,Chelsea FC,1.65956,0.806995,7.848484848484849,14.631578947368421,14.631578947368421,7.848484848484849,5.0,8.0,8.0,5.0
2019/20,2020-02-01 15:00:00,AFC Bournemouth,Aston Villa FC,2.72236,1.40955,10.0,7.642857142857143,7.642857142857143,10.0,8.0,7.0,7.0,8.0
2019/20,2020-02-01 15:00:00,Crystal Palace FC,Sheffield United FC,0.970063,0.860755,11.0,10.310344827586206,10.310344827586206,11.0,6.0,4.0,4.0,6.0
2019/20,2020-02-01 15:00:00,Liverpool FC,Southampton FC,3.7195,0.716298,6.2272727272727275,12.73913043478261,12.73913043478261,6.2272727272727275,8.0,7.0,7.0,8.0
2019/20,2020-02-01 15:00:00,Newcastle United FC,Norwich City FC,0.937293,2.39985,11.318181818181818,7.6923076923076925,7.6923076923076925,11.318181818181818,2.0,9.0,9.0,2.0
2019/20,2020-02-01 15:00:00,Watford FC,Everton FC,0.919248,2.70178,9.24,8.285714285714286,8.285714285714286,9.24,2.0,5.0,5.0,2.0
2019/20,2020-02-01 15:00:00,West Ham United FC,Brighton & Hove Albion FC,1.30774,2.03179,17.333333333333332,6.333333333333333,6.333333333333333,17.333333333333332,5.0,9.0,9.0,5.0
2019/20,2020-02-01 17:30:00,Manchester United FC,Wolverhampton Wanderers FC,1.18608,1.54211,7.241379310344827,9.344827586206897,9.344827586206897,7.241379310344827,7.0,4.0,4.0,7.0
2019/20,2020-02-02 14:00:00,Burnley FC,Arsenal FC,2.24562,1.48025,11.166666666666666,6.636363636363637,6.636363636363637,11.166666666666666,4.0,4.0,4.0,4.0
2019/20,2020-02-02 16:30:00,Tottenham Hotspur FC,Manchester City FC,0.420293,3.25139,21.41176470588235,7.32,7.32,21.41176470588235,6.0,21.0,21.0,6.0
2019/20,2020-02-08 12:30:00,Everton FC,Crystal Palace FC,2.79103,0.865323,8.129032258064516,7.863636363636363,7.863636363636363,8.129032258064516,2.0,8.0,8.0,2.0
2019/20,2020-02-08 17:30:00,Brighton & Hove Albion FC,Watford FC,0.76201,0.280048,7.15,15.363636363636363,15.363636363636363,7.15,7.0,3.0,3.0,7.0
2019/20,2020-02-09 14:00:00,Sheffield United FC,AFC Bournemouth,2.04467,1.07183,9.368421052631579,10.15,10.15,9.368421052631579,10.0,8.0,8.0,10.0
2019/20,2020-02-14 20:00:00,Wolverhampton Wanderers FC,Leicester City FC,1.14491,0.527366,15.38888888888889,6.5,6.5,15.38888888888889,6.0,3.0,3.0,6.0
2019/20,2020-02-15 12:30:00,Southampton FC,Burnley FC,0.694025,0.892699,7.444444444444445,9.92,9.92,7.444444444444445,6.0,2.0,2.0,6.0
2019/20,2020-02-15 17:30:00,Norwich City FC,Liverpool FC,0.383495,2.07331,45.42857142857143,8.148148148148149,8.148148148148149,45.42857142857143,3.0,13.0,13.0,3.0
2019/20,2020-02-16 14:00:00,Aston Villa FC,Tottenham Hotspur FC,1.71313,3.86024,9.476190476190476,8.724137931034482,8.724137931034482,9.476190476190476,8.0,9.0,9.0,8.0
2019/20,2020-02-16 16:30:00,Arsenal FC,Newcastle United FC,3.02257,1.16662,5.655172413793103,19.555555555555557,19.555555555555557,5.655172413793103,16.0,4.0,4.0,16.0
2019/20,2020-02-17 20:00:00,Chelsea FC,Manchester United FC,0.940204,0.681814,8.958333333333334,13.035714285714286,13.035714285714286,8.958333333333334,11.0,2.0,2.0,11.0
2019/20,2020-02-19 19:30:00,Manchester City FC,West Ham United FC,2.13777,0.0895892,10.23076923076923,25.823529411764707,25.823529411764707,10.23076923076923,13.0,1.0,1.0,13.0
2019/20,2020-02-22 12:30:00,Chelsea FC,Tottenham Hotspur FC,1.78193,0.265879,7.531914893617022,11.0,11.0,7.531914893617022,5.0,1.0,1.0,5.0
2019/20,2020-02-22 15:00:00,Crystal Palace FC,Newcastle United FC,1.75552,0.164495,6.878048780487805,9.65,9.65,6.878048780487805,8.0,2.0,2.0,8.0
2019/20,2020-02-22 15:00:00,Burnley FC,AFC Bournemouth,3.09935,1.75718,10.952380952380953,11.363636363636363,11.363636363636363,10.952380952380953,5.0,5.0,5.0,5.0
2019/20,2020-02-22 15:00:00,Southampton FC,Aston Villa FC,3.02926,0.47235,7.483870967741935,5.92,5.92,7.483870967741935,7.0,4.0,4.0,7.0
2019/20,2020-02-22 15:00:00,Sheffield United FC,Brighton & Hove Albion FC,1.6597,1.06035,7.333333333333333,15.666666666666666,15.666666666666666,7.333333333333333,7.0,2.0,2.0,7.0
2019/20,2020-02-22 17:30:00,Leicester City FC,Manchester City FC,0.723269,2.42749,23.125,6.066666666666666,6.066666666666666,23.125,3.0,12.0,12.0,3.0
2019/20,2020-02-23 14:00:00,Manchester United FC,Watford FC,2.5042,0.294956,9.181818181818182,9.18421052631579,9.18421052631579,9.181818181818182,8.0,3.0,3.0,8.0
2019/20,2020-02-23 14:00:00,Wolverhampton Wanderers FC,Norwich City FC,3.25033,0.360646,10.571428571428571,9.73913043478261,9.73913043478261,10.571428571428571,3.0,5.0,5.0,3.0
2019/20,2020-02-23 16:30:00,Arsenal FC,Everton FC,1.33567,2.65691,13.6,10.777777777777779,10.777777777777779,13.6,5.0,1.0,1.0,5.0
2019/20,2020-02-24 20:00:00,Liverpool FC,West Ham United FC,2.48209,0.638236,3.361111111111111,33.7,33.7,3.361111111111111,14.0,3.0,3.0,14.0
2019/20,2020-02-28 20:00:00,Norwich City FC,Leicester City FC,0.591716,1.42581,8.178571428571429,7.521739130434782,7.521739130434782,8.178571428571429,5.0,10.0,10.0,5.0
2019/20,2020-02-29 12:30:00,Brighton & Hove Albion FC,Crystal Palace FC,1.78712,2.17159,6.173913043478261,17.055555555555557,17.055555555555557,6.173913043478261,8.0,5.0,5.0,8.0
2019/20,2020-02-29 15:00:00,AFC Bournemouth,Chelsea FC,1.58495,1.98271,17.23076923076923,5.461538461538462,5.461538461538462,17.23076923076923,4.0,14.0,14.0,4.0
2019/20,2020-02-29 15:00:00,Newcastle United FC,Burnley FC,1.11713,0.617612,6.636363636363637,8.857142857142858,8.857142857142858,6.636363636363637,5.0,1.0,1.0,5.0
2019/20,2020-02-29 15:00:00,West Ham United FC,Southampton FC,2.78682,0.868573,14.578947368421053,4.545454545454546,4.545454545454546,14.578947368421053,5.0,7.0,7.0,5.0
2019/20,2020-02-29 17:30:00,Watford FC,Liverpool FC,2.71351,0.206031,33.18181818181818,11.545454545454545,11.545454545454545,33.18181818181818,6.0,12.0,12.0,6.0
2019/20,2020-03-01 14:00:00,Everton FC,Manchester United FC,2.41259,1.12561,8.375,9.117647058823529,9.117647058823529,8.375,5.0,7.0,7.0,5.0
2019/20,2020-03-01 14:00:00,Tottenham Hotspur FC,Wolverhampton Wanderers FC,1.63079,2.62251,7.0,12.709677419354838,12.709677419354838,7.0,5.0,2.0,2.0,5.0
2019/20,2020-03-07 12:30:00,Liverpool FC,AFC Bournemouth,1.89453,1.29544,4.75,20.294117647058822,20.294117647058822,4.75,9.0,3.0,3.0,9.0
2019/20,2020-03-07 15:00:00,Arsenal FC,West Ham United FC,1.55974,1.61615,11.8,23.133333333333333,23.133333333333333,11.8,7.0,10.0,10.0,7.0
2019/20,2020-03-07 15:00:00,Crystal Palace FC,Watford FC,0.856107,0.449161,10.318181818181818,5.838709677419355,5.838709677419355,10.318181818181818,10.0,7.0,7.0,10.0
2019/20,2020-03-07 15:00:00,Sheffield United FC,Norwich City FC,1.17263,2.55449,9.941176470588236,8.0625,8.0625,9.941176470588236,10.0,3.0,3.0,10.0
2019/20,2020-03-07 15:00:00,Southampton FC,Newcastle United FC,0.348871,3.06384,12.523809523809524,5.0,5.0,12.523809523809524,4.0,4.0,4.0,4.0
2019/20,2020-03-07 15:00:00,Wolverhampton Wanderers FC,Brighton & Hove Albion FC,0.898221,0.308874,20.0,9.535714285714286,9.535714285714286,20.0,2.0,4.0,4.0,2.0
2019/20,2020-03-07 17:30:00,Burnley FC,Tottenham Hotspur FC,3.33302,1.13669,7.580645161290323,12.529411764705882,12.529411764705882,7.580645161290323,6.0,4.0,4.0,6.0
2019/20,2020-03-08 14:00:00,Chelsea FC,Everton FC,2.02883,0.445922,12.714285714285714,19.08695652173913,19.08695652173913,12.714285714285714,9.0,3.0,3.0,9.0
2019/20,2020-03-08 16:30:00,Manchester United FC,Manchester City FC,1.7389,0.585469,14.709677419354838,6.041666666666667,6.041666666666667,14.709677419354838,3.0,2.0,2.0,3.0
2019/20,2020-03-09 20:00:00,Leicester City FC,Aston Villa FC,2.41239,0.672448,5.379310344827586,13.217391304347826,13.217391304347826,5.379310344827586,8.0,2.0,2.0,8.0
2019/20,2020-06-17 17:00:00,Aston Villa FC,Sheffield United FC,1.00877,0.235909,16.214285714285715,7.925925925925926,7.925925925925926,16.214285714285715,5.0,2.0,2.0,5.0
2019/20,2020-06-17 19:15:00,Manchester City FC,Arsenal FC,2.73725,0.496759,9.48,26.533333333333335,26.533333333333335,9.48,13.0,1.0,1.0,13.0
2019/20,2020-06-19 17:00:00,Norwich City FC,Southampton FC,0.654932,1.87099,7.933333333333334,5.611111111111111,5.611111111111111,7.933333333333334,2.0,8.0,8.0,2.0
2019/20,2020-06-19 19:15:00,Tottenham Hotspur FC,Manchester United FC,0.534852,1.77307,16.05263157894737,5.545454545454546,5.545454545454546,16.05263157894737,1.0,7.0,7.0,1.0
2019/20,2020-06-20 11:30:00,Watford FC,Leicester City FC,1.00765,1.05245,13.380952380952381,3.8,3.8,13.380952380952381,5.0,3.0,3.0,5.0
2019/20,2020-06-20 14:00:00,Brighton & Hove Albion FC,Arsenal FC,0.670973,0.69627,17.166666666666668,9.5625,9.5625,17.166666666666668,7.0,4.0,4.0,7.0
2019/20,2020-06-20 16:30:00,West Ham United FC,Wolverhampton Wanderers FC,0.44207,1.06433,17.235294117647058,16.083333333333332,16.083333333333332,17.235294117647058,1.0,8.0,8.0,1.0
2019/20,2020-06-20 18:45:00,AFC Bournemouth,Crystal Palace FC,0.363637,0.788453,9.0,9.791666666666666,9.791666666666666,9.0,6.0,4.0,4.0,6.0
2019/20,2020-06-21 13:00:00,Newcastle United FC,Sheffield United FC,2.15148,0.57107,27.7,15.61111111111111,15.61111111111111,27.7,4.0,4.0,4.0,4.0
2019/20,2020-06-21 15:15:00,Aston Villa FC,Chelsea FC,1.57223,1.14011,22.4,6.125,6.125,22.4,0.0,10.0,10.0,0.0
2019/20,2020-06-21 18:00:00,Everton FC,Liverpool FC,0.621456,0.659123,18.470588235294116,3.9705882352941178,3.9705882352941178,18.470588235294116,1.0,10.0,10.0,1.0
2019/20,2020-06-22 19:00:00,Manchester City FC,Burnley FC,2.71096,0.0303408,12.5,45.81818181818182,45.81818181818182,12.5,13.0,0.0,0.0,13.0
2019/20,2020-06-23 17:00:00,Leicester City FC,Brighton & Hove Albion FC,0.505486,1.10227,7.5,14.91304347826087,14.91304347826087,7.5,8.0,1.0,1.0,8.0
2019/20,2020-06-23 19:15:00,Tottenham Hotspur FC,West Ham United FC,2.24125,0.83104,11.642857142857142,17.045454545454547,17.045454545454547,11.642857142857142,8.0,3.0,3.0,8.0
2019/20,2020-06-24 17:00:00,Wolverhampton Wanderers FC,AFC Bournemouth,0.715002,0.0619009,12.0625,14.666666666666666,14.666666666666666,12.0625,1.0,1.0,1.0,1.0
2019/20,2020-06-24 17:00:00,Norwich City FC,Everton FC,0.382813,0.654912,14.090909090909092,10.5,10.5,14.090909090909092,2.0,1.0,1.0,2.0
2019/20,2020-06-24 17:00:00,Newcastle United FC,Aston Villa FC,0.661808,1.22985,9.470588235294118,9.91304347826087,9.91304347826087,9.470588235294118,3.0,8.0,8.0,3.0
2019/20,2020-06-24 17:00:00,Manchester United FC,Sheffield United FC,2.8416,0.108082,12.642857142857142,24.941176470588236,24.941176470588236,12.642857142857142,11.0,2.0,2.0,11.0
2019/20,2020-06-24 19:15:00,Liverpool FC,Crystal Palace FC,2.56729,0.0645285,5.171428571428572,79.16666666666667,79.16666666666667,5.171428571428572,14.0,0.0,0.0,14.0
2019/20,2020-06-25 17:00:00,Burnley FC,Watford FC,0.964774,0.495542,6.722222222222222,10.3,10.3,6.722222222222222,5.0,3.0,3.0,5.0
2019/20,2020-06-25 17:00:00,Southampton FC,Arsenal FC,0.738305,2.18595,7.866666666666666,9.083333333333334,9.083333333333334,7.866666666666666,6.0,6.0,6.0,6.0
2019/20,2020-06-25 19:15:00,Chelsea FC,Manchester City FC,4.206,0.690594,30.076923076923077,22.727272727272727,22.727272727272727,30.076923076923077,7.0,10.0,10.0,7.0
2019/20,2020-06-27 11:30:00,Aston Villa FC,Wolverhampton Wanderers FC,0.403418,0.703549,8.73913043478261,16.785714285714285,16.785714285714285,8.73913043478261,3.0,5.0,5.0,3.0
2019/20,2020-06-28 15:30:00,Watford FC,Southampton FC,0.365347,1.3364,9.0,9.238095238095237,9.238095238095237,9.0,6.0,5.0,5.0,6.0
2019/20,2020-06-29 19:00:00,Crystal Palace FC,Burnley FC,1.06533,0.359906,8.545454545454545,13.055555555555555,13.055555555555555,8.545454545454545,12.0,3.0,3.0,12.0
2019/20,2020-06-30 19:15:00,Brighton & Hove Albion FC,Manchester United FC,0.31013,1.20903,18.789473684210527,15.214285714285714,15.214285714285714,18.789473684210527,1.0,9.0,9.0,1.0
2019/20,2020-07-01 17:00:00,Arsenal FC,Norwich City FC,1.76496,0.153871,11.5,21.666666666666668,21.666666666666668,11.5,6.0,2.0,2.0,6.0
2019/20,2020-07-01 17:00:00,AFC Bournemouth,Newcastle United FC,1.27503,2.23457,10.391304347826088,17.88235294117647,17.88235294117647,10.391304347826088,10.0,9.0,9.0,10.0
2019/20,2020-07-01 17:00:00,Everton FC,Leicester City FC,1.17592,1.80384,15.666666666666666,5.84,5.84,15.666666666666666,4.0,11.0,11.0,4.0
2019/20,2020-07-01 19:15:00,West Ham United FC,Chelsea FC,2.10497,1.57609,21.0,6.473684210526316,6.473684210526316,21.0,7.0,8.0,8.0,7.0
2019/20,2020-07-02 17:00:00,Sheffield United FC,Tottenham Hotspur FC,1.59994,1.01524,16.318181818181817,5.2272727272727275,5.2272727272727275,16.318181818181817,9.0,8.0,8.0,9.0
2019/20,2020-07-02 19:15:00,Manchester City FC,Liverpool FC,2.65433,0.819606,31.181818181818183,15.5,15.5,31.181818181818183,7.0,11.0,11.0,7.0
2019/20,2020-07-04 11:30:00,Norwich City FC,Brighton & Hove Albion FC,0.545069,0.903046,15.9375,19.555555555555557,19.555555555555557,15.9375,9.0,8.0,8.0,9.0
2019/20,2020-07-04 14:00:00,Leicester City FC,Crystal Palace FC,2.20683,0.507537,8.40625,15.68421052631579,15.68421052631579,8.40625,6.0,2.0,2.0,6.0
2019/20,2020-07-04 14:00:00,Manchester United FC,AFC Bournemouth,2.63259,1.52161,9.0,22.933333333333334,22.933333333333334,9.0,15.0,1.0,1.0,15.0
2019/20,2020-07-04 16:30:00,Wolverhampton Wanderers FC,Arsenal FC,0.985166,1.28273,30.3,12.423076923076923,12.423076923076923,30.3,8.0,1.0,1.0,8.0
2019/20,2020-07-04 19:00:00,Chelsea FC,Watford FC,2.78877,0.608971,11.1875,25.235294117647058,25.235294117647058,11.1875,9.0,3.0,3.0,9.0
2019/20,2020-07-05 11:00:00,Burnley FC,Sheffield United FC,1.31966,1.63343,9.142857142857142,13.8,13.8,9.142857142857142,4.0,7.0,7.0,4.0
2019/20,2020-07-05 13:15:00,Newcastle United FC,West Ham United FC,1.49121,2.03065,17.0,12.96,12.96,17.0,13.0,4.0,4.0,13.0
2019/20,2020-07-05 15:30:00,Liverpool FC,Aston Villa FC,1.0837,0.689775,3.7241379310344827,20.823529411764707,20.823529411764707,3.7241379310344827,11.0,4.0,4.0,11.0
2019/20,2020-07-05 18:00:00,Southampton FC,Manchester City FC,0.628765,3.39575,15.214285714285714,6.809523809523809,6.809523809523809,15.214285714285714,2.0,23.0,23.0,2.0
2019/20,2020-07-06 19:00:00,Tottenham Hotspur FC,Everton FC,0.511828,0.403762,10.583333333333334,12.2,12.2,10.583333333333334,3.0,3.0,3.0,3.0
2019/20,2020-07-07 17:00:00,Crystal Palace FC,Chelsea FC,1.2882,2.65753,14.0,7.384615384615385,7.384615384615385,14.0,7.0,8.0,8.0,7.0
2019/20,2020-07-07 17:00:00,Watford FC,Norwich City FC,0.725199,1.13378,11.23076923076923,9.0,9.0,11.23076923076923,6.0,7.0,7.0,6.0
2019/20,2020-07-07 19:15:00,Arsenal FC,Leicester City FC,1.29023,1.00238,17.11111111111111,8.0,8.0,17.11111111111111,8.0,5.0,5.0,8.0
2019/20,2020-07-08 17:00:00,Manchester City FC,Newcastle United FC,3.28662,0.21643,6.384615384615385,33.333333333333336,33.333333333333336,6.384615384615385,23.0,1.0,1.0,23.0
2019/20,2020-07-08 17:00:00,Sheffield United FC,Wolverhampton Wanderers FC,0.470483,0.326909,18.88888888888889,11.846153846153847,11.846153846153847,18.88888888888889,7.0,2.0,2.0,7.0
2019/20,2020-07-08 17:00:00,West Ham United FC,Burnley FC,1.99821,1.05291,10.941176470588236,24.125,24.125,10.941176470588236,8.0,6.0,6.0,8.0
2019/20,2020-07-08 19:15:00,Brighton & Hove Albion FC,Liverpool FC,2.3646,2.61624,20.916666666666668,8.653846153846153,8.653846153846153,20.916666666666668,5.0,15.0,15.0,5.0
2019/20,2020-07-09 17:00:00,AFC Bournemouth,Tottenham Hotspur FC,0.960349,0.479274,12.285714285714286,6.473684210526316,6.473684210526316,12.285714285714286,6.0,5.0,5.0,6.0
2019/20,2020-07-09 17:00:00,Everton FC,Southampton FC,0.671442,2.29684,14.411764705882353,6.928571428571429,6.928571428571429,14.411764705882353,2.0,13.0,13.0,2.0
2019/20,2020-07-09 19:15:00,Aston Villa FC,Manchester United FC,0.598873,2.86531,21.235294117647058,8.0,8.0,21.235294117647058,2.0,13.0,13.0,2.0
2019/20,2020-07-11 11:30:00,Norwich City FC,West Ham United FC,0.613251,3.81088,14.11111111111111,20.875,20.875,14.11111111111111,7.0,9.0,9.0,7.0
2019/20,2020-07-11 11:30:00,Watford FC,Newcastle United FC,3.12855,1.49134,6.25,12.083333333333334,12.083333333333334,6.25,11.0,1.0,1.0,11.0
2019/20,2020-07-11 14:00:00,Liverpool FC,Burnley FC,2.17649,0.452331,8.692307692307692,23.466666666666665,23.466666666666665,8.692307692307692,19.0,2.0,2.0,19.0
2019/20,2020-07-11 16:30:00,Sheffield United FC,Chelsea FC,2.00632,1.17509,45.90909090909091,4.733333333333333,4.733333333333333,45.90909090909091,5.0,3.0,3.0,5.0
2019/20,2020-07-11 19:00:00,Brighton & Hove Albion FC,Manchester City FC,0.149588,5.51767,27.055555555555557,9.6,9.6,27.055555555555557,5.0,14.0,14.0,5.0
2019/20,2020-07-12 11:00:00,Wolverhampton Wanderers FC,Everton FC,2.86724,0.286561,14.35,18.63157894736842,18.63157894736842,14.35,4.0,3.0,3.0,4.0
2019/20,2020-07-12 13:15:00,Aston Villa FC,Crystal Palace FC,1.6977,0.974181,8.923076923076923,7.45,7.45,8.923076923076923,4.0,3.0,3.0,4.0
2019/20,2020-07-12 15:30:00,Tottenham Hotspur FC,Arsenal FC,1.81846,0.68991,17.03846153846154,13.0625,13.0625,17.03846153846154,4.0,6.0,6.0,4.0
2019/20,2020-07-12 18:00:00,AFC Bournemouth,Leicester City FC,2.54311,1.66084,18.470588235294116,9.347826086956522,9.347826086956522,18.470588235294116,3.0,14.0,14.0,3.0
2019/20,2020-07-13 19:00:00,Manchester United FC,Southampton FC,1.5033,1.8051,13.578947368421053,8.833333333333334,8.833333333333334,13.578947368421053,9.0,9.0,9.0,9.0
2019/20,2020-07-14 19:15:00,Chelsea FC,Norwich City FC,3.05119,0.0631109,7.966666666666667,27.6875,27.6875,7.966666666666667,9.0,0.0,0.0,9.0
2019/20,2020-07-15 17:00:00,Burnley FC,Wolverhampton Wanderers FC,1.53435,1.2857,7.730769230769231,22.5,22.5,7.730769230769231,6.0,3.0,3.0,6.0
2019/20,2020-07-15 17:00:00,Manchester City FC,AFC Bournemouth,0.82755,1.66635,4.9,27.8125,27.8125,4.9,8.0,11.0,11.0,8.0
2019/20,2020-07-15 17:00:00,Newcastle United FC,Tottenham Hotspur FC,1.05748,1.7498,17.733333333333334,11.74074074074074,11.74074074074074,17.733333333333334,5.0,7.0,7.0,5.0
2019/20,2020-07-15 19:15:00,Arsenal FC,Liverpool FC,1.31516,2.2233,17.0,4.793103448275862,4.793103448275862,17.0,4.0,12.0,12.0,4.0
2019/20,2020-07-16 17:00:00,Everton FC,Aston Villa FC,0.944434,1.52021,7.36,12.863636363636363,12.863636363636363,7.36,6.0,6.0,6.0,6.0
2019/20,2020-07-16 17:00:00,Leicester City FC,Sheffield United FC,3.05752,0.660214,9.25,10.173913043478262,10.173913043478262,9.25,6.0,1.0,1.0,6.0
2019/20,2020-07-16 19:15:00,Crystal Palace FC,Manchester United FC,0.572141,1.90448,11.65625,7.923076923076923,7.923076923076923,11.65625,7.0,8.0,8.0,7.0
2019/20,2020-07-16 19:15:00,Southampton FC,Brighton & Hove Albion FC,2.33745,0.67264,5.476190476190476,19.733333333333334,19.733333333333334,5.476190476190476,11.0,8.0,8.0,11.0
2019/20,2020-07-17 19:00:00,West Ham United FC,Watford FC,0.833995,1.03402,9.714285714285714,5.2105263157894735,5.2105263157894735,9.714285714285714,2.0,8.0,8.0,2.0
2019/20,2020-07-18 16:30:00,Norwich City FC,Burnley FC,0.576602,1.8233,24.5,6.806451612903226,6.806451612903226,24.5,0.0,17.0,17.0,0.0
2019/20,2020-07-19 13:00:00,AFC Bournemouth,Southampton FC,0.583117,2.24527,6.407407407407407,6.882352941176471,6.882352941176471,6.407407407407407,8.0,10.0,10.0,8.0
2019/20,2020-07-19 15:00:00,Tottenham Hotspur FC,Leicester City FC,0.766922,1.20085,21.166666666666668,6.538461538461538,6.538461538461538,21.166666666666668,2.0,6.0,6.0,2.0
2019/20,2020-07-20 17:00:00,Brighton & Hove Albion FC,Newcastle United FC,0.855896,0.929091,6.730769230769231,15.428571428571429,15.428571428571429,6.730769230769231,4.0,3.0,3.0,4.0
2019/20,2020-07-20 17:00:00,Sheffield United FC,Everton FC,0.468461,0.624814,11.4,13.0625,13.0625,11.4,5.0,3.0,3.0,5.0
2019/20,2020-07-20 19:15:00,Wolverhampton Wanderers FC,Crystal Palace FC,1.48696,0.440119,14.117647058823529,11.681818181818182,11.681818181818182,14.117647058823529,4.0,1.0,1.0,4.0
2019/20,2020-07-21 17:00:00,Watford FC,Manchester City FC,0.131868,3.73814,21.0,4.481481481481482,4.481481481481482,21.0,2.0,9.0,9.0,2.0
2019/20,2020-07-21 19:15:00,Aston Villa FC,Arsenal FC,0.57408,0.737137,18.63157894736842,6.285714285714286,6.285714285714286,18.63157894736842,4.0,6.0,6.0,4.0
2019/20,2020-07-22 17:00:00,Manchester United FC,West Ham United FC,0.984161,1.29009,11.85,13.38888888888889,13.38888888888889,11.85,13.0,2.0,2.0,13.0
2019/20,2020-07-22 19:15:00,Liverpool FC,Chelsea FC,1.45179,2.38205,12.1,14.75,14.75,12.1,5.0,3.0,3.0,5.0
2019/20,2020-07-26 15:00:00,West Ham United FC,Aston Villa FC,0.781465,0.983594,7.222222222222222,10.636363636363637,10.636363636363637,7.222222222222222,2.0,4.0,4.0,2.0
2019/20,2020-07-26 15:00:00,Arsenal FC,Watford FC,1.95282,3.9197,16.416666666666668,11.32,11.32,16.416666666666668,11.0,11.0,11.0,11.0
2019/20,2020-07-26 15:00:00,Southampton FC,Sheffield United FC,1.64306,1.41051,6.8,17.608695652173914,17.608695652173914,6.8,10.0,1.0,1.0,10.0
2019/20,2020-07-26 15:00:00,Newcastle United FC,Liverpool FC,0.339294,0.56818,19.17391304347826,6.0,6.0,19.17391304347826,0.0,7.0,7.0,0.0
2019/20,2020-07-26 15:00:00,Manchester City FC,Norwich City FC,3.56749,0.786563,6.6,31.0,31.0,6.6,37.0,2.0,2.0,37.0
2019/20,2020-07-26 15:00:00,Leicester City FC,Manchester United FC,0.754668,1.41019,9.857142857142858,8.03225806451613,8.03225806451613,9.857142857142858,2.0,9.0,9.0,2.0
2019/20,2020-07-26 15:00:00,Everton FC,AFC Bournemouth,1.74699,1.46461,5.3478260869565215,13.5625,13.5625,5.3478260869565215,13.0,7.0,7.0,13.0
2019/20,2020-07-26 15:00:00,Crystal Palace FC,Tottenham Hotspur FC,0.988534,0.310302,13.238095238095237,6.305555555555555,6.305555555555555,13.238095238095237,6.0,3.0,3.0,6.0
2019/20,2020-07-26 15:00:00,Chelsea FC,Wolverhampton Wanderers FC,1.15938,0.164561,6.827586206896552,14.518518518518519,14.518518518518519,6.827586206896552,7.0,2.0,2.0,7.0
2019/20,2020-07-26 15:00:00,Burnley FC,Brighton & Hove Albion FC,1.44244,1.3696,5.925925925925926,16.363636363636363,16.363636363636363,5.925925925925926,5.0,4.0,4.0,5.0
2020/21,2020-09-12 11:30:00,Fulham FC,Arsenal FC,0.126327,2.16287,32.69230769230769,21.928571428571427,21.928571428571427,32.69230769230769,0.0,11.0,11.0,0.0
2020/21,2020-09-12 14:00:00,Crystal Palace FC,Southampton FC,1.39569,1.26267,17.333333333333332,3.608695652173913,3.608695652173913,17.333333333333332,1.0,14.0,14.0,1.0
2020/21,2020-09-12 16:30:00,Liverpool FC,Leeds United FC,3.15412,0.269813,9.935483870967742,9.333333333333334,9.333333333333334,9.935483870967742,19.0,2.0,2.0,19.0
2020/21,2020-09-12 19:00:00,West Ham United FC,Newcastle United FC,0.861445,1.65911,6.407407407407407,24.181818181818183,24.181818181818183,6.407407407407407,5.0,10.0,10.0,5.0
2020/21,2020-09-13 13:00:00,West Bromwich Albion FC,Leicester City FC,0.352997,2.95581,19.105263157894736,10.529411764705882,10.529411764705882,19.105263157894736,6.0,3.0,3.0,6.0
2020/21,2020-09-13 15:30:00,Tottenham Hotspur FC,Everton FC,0.822944,1.26793,11.333333333333334,16.263157894736842,16.263157894736842,11.333333333333334,9.0,5.0,5.0,9.0
2020/21,2020-09-14 17:00:00,Sheffield United FC,Wolverhampton Wanderers FC,0.949316,1.61307,8.233333333333333,31.333333333333332,31.333333333333332,8.233333333333333,10.0,3.0,3.0,10.0
2020/21,2020-09-14 19:15:00,Brighton & Hove Albion FC,Chelsea FC,1.44281,1.27062,9.344827586206897,12.695652173913043,12.695652173913043,9.344827586206897,3.0,6.0,6.0,3.0
2020/21,2020-09-19 11:30:00,Everton FC,West Bromwich Albion FC,4.16254,0.315347,9.095238095238095,41.5,41.5,9.095238095238095,6.0,6.0,6.0,6.0
2020/21,2020-09-19 14:00:00,Leeds United FC,Fulham FC,1.45254,1.55503,7.617647058823529,9.423076923076923,9.423076923076923,7.617647058823529,5.0,4.0,4.0,5.0
2020/21,2020-09-19 16:30:00,Manchester United FC,Crystal Palace FC,1.09737,1.91456,3.3076923076923075,13.590909090909092,13.590909090909092,3.3076923076923075,9.0,4.0,4.0,9.0
2020/21,2020-09-19 19:00:00,Arsenal FC,West Ham United FC,1.32902,2.06377,12.764705882352942,18.26086956521739,18.26086956521739,12.764705882352942,16.0,4.0,4.0,16.0
2020/21,2020-09-20 11:00:00,Southampton FC,Tottenham Hotspur FC,2.27708,2.28004,8.666666666666666,10.782608695652174,10.782608695652174,8.666666666666666,4.0,3.0,3.0,4.0
2020/21,2020-09-20 13:00:00,Newcastle United FC,Brighton & Hove Albion FC,0.520678,1.8766,11.952380952380953,10.842105263157896,10.842105263157896,11.952380952380953,3.0,3.0,3.0,3.0
2020/21,2020-09-20 15:30:00,Chelsea FC,Liverpool FC,0.904183,2.25211,37.63636363636363,11.4375,11.4375,37.63636363636363,1.0,13.0,13.0,1.0
2020/21,2020-09-20 18:00:00,Leicester City FC,Burnley FC,0.987365,1.52404,7.470588235294118,16.095238095238095,16.095238095238095,7.470588235294118,14.0,6.0,6.0,14.0
2020/21,2020-09-21 17:00:00,Aston Villa FC,Sheffield United FC,0.80527,0.849709,4.45,17.642857142857142,17.642857142857142,4.45,17.0,2.0,2.0,17.0
2020/21,2020-09-21 19:15:00,Wolverhampton Wanderers FC,Manchester City FC,0.727677,2.07651,30.714285714285715,7.6,7.6,30.714285714285715,3.0,9.0,9.0,3.0
2020/21,2020-09-26 11:30:00,Brighton & Hove Albion FC,Manchester United FC,2.97659,1.57583,6.638888888888889,11.125,11.125,6.638888888888889,10.0,6.0,6.0,10.0
2020/21,2020-09-26 14:00:00,Crystal Palace FC,Everton FC,0.443115,2.27189,12.03448275862069,7.304347826086956,7.304347826086956,12.03448275862069,4.0,3.0,3.0,4.0
2020/21,2020-09-26 16:30:00,West Bromwich Albion FC,Chelsea FC,0.911185,2.36046,40.81818181818182,4.52,4.52,40.81818181818182,3.0,12.0,12.0,3.0
2020/21,2020-09-26 19:00:00,Burnley FC,Southampton FC,0.347136,0.706632,8.214285714285714,13.75,13.75,8.214285714285714,9.0,6.0,6.0,9.0
2020/21,2020-09-27 11:00:00,Sheffield United FC,Leeds United FC,1.53278,1.46641,11.551724137931034,8.941176470588236,8.941176470588236,11.551724137931034,11.0,2.0,2.0,11.0
2020/21,2020-09-27 13:00:00,Tottenham Hotspur FC,Newcastle United FC,3.18765,0.942726,9.68421052631579,35.7,35.7,9.68421052631579,6.0,4.0,4.0,6.0
2020/21,2020-09-27 15:30:00,Manchester City FC,Leicester City FC,1.44633,2.86721,5.333333333333333,25.083333333333332,25.083333333333332,5.333333333333333,5.0,3.0,3.0,5.0
2020/21,2020-09-27 18:00:00,West Ham United FC,Wolverhampton Wanderers FC,3.05703,0.385152,21.764705882352942,8.185185185185185,8.185185185185185,21.764705882352942,1.0,4.0,4.0,1.0
2020/21,2020-09-28 17:00:00,Fulham FC,Aston Villa FC,0.534675,2.03222,5.958333333333333,9.303030303030303,9.303030303030303,5.958333333333333,5.0,10.0,10.0,5.0
2020/21,2020-09-28 19:15:00,Liverpool FC,Arsenal FC,2.73834,1.17817,8.827586206896552,35.857142857142854,35.857142857142854,8.827586206896552,11.0,3.0,3.0,11.0
2020/21,2020-10-03 11:30:00,Chelsea FC,Crystal Palace FC,2.51433,0.103249,4.451612903225806,25.88235294117647,25.88235294117647,4.451612903225806,5.0,2.0,2.0,5.0
2020/21,2020-10-03 14:00:00,Everton FC,Brighton & Hove Albion FC,2.34034,1.16568,9.06060606060606,9.166666666666666,9.166666666666666,9.06060606060606,10.0,7.0,7.0,10.0
2020/21,2020-10-03 16:30:00,Leeds United FC,Manchester City FC,2.56662,1.41533,7.833333333333333,11.375,11.375,7.833333333333333,5.0,10.0,10.0,5.0
2020/21,2020-10-03 19:00:00,Newcastle United FC,Burnley FC,1.95629,0.438849,20.75,9.416666666666666,9.416666666666666,20.75,4.0,10.0,10.0,4.0
2020/21,2020-10-04 11:00:00,Leicester City FC,West Ham United FC,0.456022,2.03227,7.318181818181818,34.18181818181818,34.18181818181818,7.318181818181818,2.0,3.0,3.0,2.0
2020/21,2020-10-04 11:00:00,Southampton FC,West Bromwich Albion FC,0.949079,0.161283,5.09375,15.842105263157896,15.842105263157896,5.09375,6.0,1.0,1.0,6.0
2020/21,2020-10-04 13:00:00,Arsenal FC,Sheffield United FC,0.667131,0.144994,13.916666666666666,19.347826086956523,19.347826086956523,13.916666666666666,4.0,3.0,3.0,4.0
2020/21,2020-10-04 13:00:00,Wolverhampton Wanderers FC,Fulham FC,0.89359,0.969393,14.590909090909092,21.214285714285715,21.214285714285715,14.590909090909092,2.0,6.0,6.0,2.0
2020/21,2020-10-04 15:30:00,Manchester United FC,Tottenham Hotspur FC,0.873435,3.3017,19.875,6.676470588235294,6.676470588235294,19.875,3.0,8.0,8.0,3.0
2020/21,2020-10-04 18:15:00,Aston Villa FC,Liverpool FC,3.07626,1.65705,14.6,4.76,4.76,14.6,7.0,18.0,18.0,7.0
2020/21,2020-10-17 11:30:00,Everton FC,Liverpool FC,1.35998,2.49492,14.1,8.72,8.72,14.1,2.0,13.0,13.0,2.0
2020/21,2020-10-17 14:00:00,Chelsea FC,Southampton FC,1.98708,1.42348,10.91304347826087,14.608695652173912,14.608695652173912,10.91304347826087,11.0,5.0,5.0,11.0
2020/21,2020-10-17 16:30:00,Manchester City FC,Arsenal FC,1.43023,0.838322,13.521739130434783,20.352941176470587,20.352941176470587,13.521739130434783,7.0,3.0,3.0,7.0
2020/21,2020-10-17 19:00:00,Newcastle United FC,Manchester United FC,0.867496,2.21729,12.142857142857142,6.0588235294117645,6.0588235294117645,12.142857142857142,3.0,12.0,12.0,3.0
2020/21,2020-10-18 11:00:00,Sheffield United FC,Fulham FC,1.66363,1.35611,15.173913043478262,12.705882352941176,12.705882352941176,15.173913043478262,1.0,1.0,1.0,1.0
2020/21,2020-10-18 13:00:00,Crystal Palace FC,Brighton & Hove Albion FC,0.761169,1.0935,13.590909090909092,6.391304347826087,6.391304347826087,13.590909090909092,1.0,7.0,7.0,1.0
2020/21,2020-10-18 15:30:00,Tottenham Hotspur FC,West Ham United FC,1.77602,1.49992,12.3,18.058823529411764,18.058823529411764,12.3,1.0,7.0,7.0,1.0
2020/21,2020-10-18 18:15:00,Leicester City FC,Aston Villa FC,0.671595,0.873776,8.75,9.217391304347826,9.217391304347826,8.75,4.0,7.0,7.0,4.0
2020/21,2020-10-19 16:30:00,West Bromwich Albion FC,Burnley FC,0.731692,1.08532,8.25,13.31578947368421,13.31578947368421,8.25,3.0,2.0,2.0,3.0
2020/21,2020-10-19 19:00:00,Leeds United FC,Wolverhampton Wanderers FC,1.08332,0.618191,5.5,12.0,12.0,5.5,14.0,2.0,2.0,14.0
2020/21,2020-10-23 19:00:00,Aston Villa FC,Leeds United FC,1.50125,2.37695,13.235294117647058,3.6470588235294117,3.6470588235294117,13.235294117647058,7.0,20.0,20.0,7.0
2020/21,2020-10-24 11:30:00,West Ham United FC,Manchester City FC,0.263739,0.892456,20.3,13.083333333333334,13.083333333333334,20.3,2.0,13.0,13.0,2.0
2020/21,2020-10-24 14:00:00,Fulham FC,Crystal Palace FC,1.05258,2.81049,6.241379310344827,21.533333333333335,21.533333333333335,6.241379310344827,8.0,9.0,9.0,8.0
2020/21,2020-10-24 16:30:00,Manchester United FC,Chelsea FC,0.648427,0.219906,22.058823529411764,14.681818181818182,14.681818181818182,22.058823529411764,6.0,1.0,1.0,6.0
2020/21,2020-10-24 19:00:00,Liverpool FC,Sheffield United FC,2.40286,1.39788,14.166666666666666,19.65,19.65,14.166666666666666,7.0,8.0,8.0,7.0
2020/21,2020-10-25 14:00:00,Southampton FC,Everton FC,0.74151,0.287054,13.875,11.685714285714285,11.685714285714285,13.875,6.0,6.0,6.0,6.0
2020/21,2020-10-25 16:30:00,Wolverhampton Wanderers FC,Newcastle United FC,0.758626,0.253685,10.192307692307692,31.307692307692307,31.307692307692307,10.192307692307692,5.0,4.0,4.0,5.0
2020/21,2020-10-25 19:15:00,Arsenal FC,Leicester City FC,0.73944,0.736172,11.0,26.214285714285715,26.214285714285715,11.0,5.0,2.0,2.0,5.0
2020/21,2020-10-26 17:30:00,Brighton & Hove Albion FC,West Bromwich Albion FC,0.546807,0.295654,10.708333333333334,14.421052631578947,14.421052631578947,10.708333333333334,4.0,4.0,4.0,4.0
2020/21,2020-10-26 20:00:00,Burnley FC,Tottenham Hotspur FC,0.95045,0.797344,14.869565217391305,9.777777777777779,9.777777777777779,14.869565217391305,4.0,6.0,6.0,4.0
2020/21,2020-10-30 20:00:00,Wolverhampton Wanderers FC,Crystal Palace FC,1.34895,0.802767,13.851851851851851,16.714285714285715,16.714285714285715,13.851851851851851,8.0,4.0,4.0,8.0
2020/21,2020-10-31 12:30:00,Sheffield United FC,Manchester City FC,0.687544,1.89643,18.708333333333332,15.666666666666666,15.666666666666666,18.708333333333332,3.0,9.0,9.0,3.0
2020/21,2020-10-31 15:00:00,Burnley FC,Chelsea FC,0.407341,1.23077,16.923076923076923,8.956521739130435,8.956521739130435,16.923076923076923,1.0,12.0,12.0,1.0
2020/21,2020-10-31 17:30:00,Liverpool FC,West Ham United FC,1.56302,0.269048,6.913043478260869,35.38461538461539,35.38461538461539,6.913043478260869,12.0,0.0,0.0,12.0
2020/21,2020-11-01 12:00:00,Aston Villa FC,Southampton FC,2.44855,1.00333,7.0,7.454545454545454,7.454545454545454,7.0,5.0,2.0,2.0,5.0
2020/21,2020-11-01 14:00:00,Newcastle United FC,Everton FC,2.6311,1.21805,34.25,8.791666666666666,8.791666666666666,34.25,5.0,8.0,8.0,5.0
2020/21,2020-11-01 16:30:00,Manchester United FC,Arsenal FC,0.394113,0.998072,17.647058823529413,11.851851851851851,11.851851851851851,17.647058823529413,10.0,7.0,7.0,10.0
2020/21,2020-11-01 19:15:00,Tottenham Hotspur FC,Brighton & Hove Albion FC,1.97236,0.324457,9.566666666666666,14.785714285714286,14.785714285714286,9.566666666666666,3.0,7.0,7.0,3.0
2020/21,2020-11-02 17:30:00,Fulham FC,West Bromwich Albion FC,1.62247,0.482685,12.478260869565217,5.054054054054054,5.054054054054054,12.478260869565217,4.0,3.0,3.0,4.0
2020/21,2020-11-02 20:00:00,Leeds United FC,Leicester City FC,1.74822,3.07657,6.739130434782608,36.9,36.9,6.739130434782608,7.0,5.0,5.0,7.0
2020/21,2020-11-06 17:30:00,Brighton & Hove Albion FC,Burnley FC,1.59022,0.326933,10.045454545454545,13.85,13.85,10.045454545454545,16.0,2.0,2.0,16.0
2020/21,2020-11-06 20:00:00,Southampton FC,Newcastle United FC,0.985828,0.175633,5.685714285714286,16.75,16.75,5.685714285714286,4.0,0.0,0.0,4.0
2020/21,2020-11-07 12:30:00,Everton FC,Manchester United FC,0.376464,1.59642,12.7,12.26923076923077,12.26923076923077,12.7,9.0,7.0,7.0,9.0
2020/21,2020-11-07 15:00:00,Crystal Palace FC,Leeds United FC,1.30169,0.847913,20.705882352941178,4.108108108108108,4.108108108108108,20.705882352941178,8.0,6.0,6.0,8.0
2020/21,2020-11-07 17:30:00,Chelsea FC,Sheffield United FC,2.87622,0.743967,14.5,29.375,29.375,14.5,14.0,5.0,5.0,14.0
2020/21,2020-11-07 20:00:00,West Ham United FC,Fulham FC,1.42614,1.84922,11.1,37.875,37.875,11.1,6.0,5.0,5.0,6.0
2020/21,2020-11-08 12:00:00,West Bromwich Albion FC,Tottenham Hotspur FC,0.799352,1.87063,16.4375,7.473684210526316,7.473684210526316,16.4375,6.0,4.0,4.0,6.0
2020/21,2020-11-08 14:00:00,Leicester City FC,Wolverhampton Wanderers FC,2.0545,0.57936,14.8,26.1,26.1,14.8,1.0,6.0,6.0,1.0
2020/21,2020-11-08 16:30:00,Manchester City FC,Liverpool FC,1.58487,1.18789,11.115384615384615,30.25,30.25,11.115384615384615,4.0,8.0,8.0,4.0
2020/21,2020-11-08 19:15:00,Arsenal FC,Aston Villa FC,1.39037,1.98553,11.266666666666667,13.791666666666666,13.791666666666666,11.266666666666667,6.0,16.0,16.0,6.0
2020/21,2020-11-21 12:30:00,Newcastle United FC,Chelsea FC,0.368286,1.81923,29.533333333333335,7.294117647058823,7.294117647058823,29.533333333333335,3.0,8.0,8.0,3.0
2020/21,2020-11-21 15:00:00,Aston Villa FC,Brighton & Hove Albion FC,1.76514,1.50038,18.357142857142858,12.235294117647058,12.235294117647058,18.357142857142858,6.0,4.0,4.0,6.0
2020/21,2020-11-21 17:30:00,Tottenham Hotspur FC,Manchester City FC,0.761142,1.66325,14.75,6.56,6.56,14.75,2.0,9.0,9.0,2.0
2020/21,2020-11-21 20:00:00,Manchester United FC,West Bromwich Albion FC,2.42994,0.438646,7.620689655172414,10.8,10.8,7.620689655172414,20.0,2.0,2.0,20.0
2020/21,2020-11-22 12:00:00,Fulham FC,Everton FC,1.87028,2.2508,10.592592592592593,13.619047619047619,13.619047619047619,10.592592592592593,9.0,9.0,9.0,9.0
2020/21,2020-11-22 14:00:00,Sheffield United FC,West Ham United FC,0.692374,2.1142,14.5,14.941176470588236,14.941176470588236,14.5,7.0,10.0,10.0,7.0
2020/21,2020-11-22 16:30:00,Leeds United FC,Arsenal FC,1.9617,0.710778,6.884615384615385,15.6,15.6,6.884615384615385,11.0,4.0,4.0,11.0
2020/21,2020-11-22 19:15:00,Liverpool FC,Leicester City FC,3.77245,1.98397,8.275862068965518,18.095238095238095,18.095238095238095,8.275862068965518,9.0,8.0,8.0,9.0
2020/21,2020-11-23 17:30:00,Burnley FC,Crystal Palace FC,1.75343,1.28331,11.590909090909092,16.0,16.0,11.590909090909092,7.0,7.0,7.0,7.0
2020/21,2020-11-23 20:00:00,Wolverhampton Wanderers FC,Southampton FC,1.57479,1.0785,12.407407407407407,12.368421052631579,12.368421052631579,12.407407407407407,5.0,10.0,10.0,5.0
2020/21,2020-11-27 20:00:00,Crystal Palace FC,Newcastle United FC,0.534893,1.27929,16.90909090909091,7.472222222222222,7.472222222222222,16.90909090909091,12.0,4.0,4.0,12.0
2020/21,2020-11-28 12:30:00,Brighton & Hove Albion FC,Liverpool FC,2.30722,0.28109,12.565217391304348,9.409090909090908,9.409090909090908,12.565217391304348,3.0,1.0,1.0,3.0
2020/21,2020-11-28 15:00:00,Manchester City FC,Burnley FC,2.26129,0.419877,8.4375,32.0,32.0,8.4375,13.0,4.0,4.0,13.0
2020/21,2020-11-28 17:30:00,Everton FC,Leeds United FC,1.29229,3.11324,16.36842105263158,6.40625,6.40625,16.36842105263158,6.0,12.0,12.0,6.0
2020/21,2020-11-28 20:00:00,West Bromwich Albion FC,Sheffield United FC,1.71644,3.36544,9.578947368421053,13.2,13.2,9.578947368421053,6.0,11.0,11.0,6.0
2020/21,2020-11-29 14:00:00,Southampton FC,Manchester United FC,0.498783,2.47547,10.62962962962963,11.964285714285714,11.964285714285714,10.62962962962963,0.0,9.0,9.0,0.0
2020/21,2020-11-29 16:30:00,Chelsea FC,Tottenham Hotspur FC,0.974755,0.22689,9.875,32.333333333333336,32.333333333333336,9.875,4.0,4.0,4.0,4.0
2020/21,2020-11-29 19:15:00,Arsenal FC,Wolverhampton Wanderers FC,1.1185,2.0069,8.035714285714286,17.642857142857142,17.642857142857142,8.035714285714286,12.0,6.0,6.0,12.0
2020/21,2020-11-30 17:30:00,Leicester City FC,Fulham FC,1.27814,2.03719,5.666666666666667,17.454545454545453,17.454545454545453,5.666666666666667,9.0,7.0,7.0,9.0
2020/21,2020-11-30 20:00:00,West Ham United FC,Aston Villa FC,0.571633,2.39051,12.565217391304348,13.090909090909092,13.090909090909092,12.565217391304348,2.0,8.0,8.0,2.0
2020/21,2020-12-05 12:30:00,Burnley FC,Everton FC,0.730434,2.28139,16.391304347826086,7.5,7.5,16.391304347826086,6.0,10.0,10.0,6.0
2020/21,2020-12-05 15:00:00,Manchester City FC,Fulham FC,3.26328,0.287444,6.4,25.05,25.05,6.4,14.0,0.0,0.0,14.0
2020/21,2020-12-05 17:30:00,West Ham United FC,Manchester United FC,2.53006,1.78708,17.47826086956522,13.25,13.25,17.47826086956522,5.0,6.0,6.0,5.0
2020/21,2020-12-05 20:00:00,Chelsea FC,Leeds United FC,4.89472,1.0277,9.580645161290322,9.181818181818182,9.181818181818182,9.580645161290322,9.0,7.0,7.0,9.0
2020/21,2020-12-06 12:00:00,West Bromwich Albion FC,Crystal Palace FC,0.567234,1.68656,15.235294117647058,12.28,12.28,15.235294117647058,7.0,14.0,14.0,7.0
2020/21,2020-12-06 14:15:00,Sheffield United FC,Leicester City FC,0.290743,1.3904,17.428571428571427,5.55,5.55,17.428571428571427,3.0,5.0,5.0,3.0
2020/21,2020-12-06 16:30:00,Tottenham Hotspur FC,Arsenal FC,0.390629,0.595216,19.75,5.1,5.1,19.75,1.0,11.0,11.0,1.0
2020/21,2020-12-06 19:15:00,Liverpool FC,Wolverhampton Wanderers FC,1.59454,0.357753,17.846153846153847,20.666666666666668,20.666666666666668,17.846153846153847,9.0,1.0,1.0,9.0
2020/21,2020-12-07 20:00:00,Brighton & Hove Albion FC,Southampton FC,2.03376,1.34801,9.363636363636363,6.064516129032258,6.064516129032258,9.363636363636363,9.0,5.0,5.0,9.0
2020/21,2020-12-11 20:00:00,Leeds United FC,West Ham United FC,1.56644,1.7851,5.416666666666667,25.153846153846153,25.153846153846153,5.416666666666667,8.0,7.0,7.0,8.0
2020/21,2020-12-12 12:30:00,Wolverhampton Wanderers FC,Aston Villa FC,1.1356,1.26872,8.3,5.785714285714286,5.785714285714286,8.3,6.0,5.0,5.0,6.0
2020/21,2020-12-12 15:00:00,Newcastle United FC,West Bromwich Albion FC,0.904163,0.57319,25.4,11.5,11.5,25.4,5.0,4.0,4.0,5.0
2020/21,2020-12-12 17:30:00,Manchester United FC,Manchester City FC,0.591617,1.28434,16.045454545454547,18.526315789473685,18.526315789473685,16.045454545454547,5.0,11.0,11.0,5.0
2020/21,2020-12-12 20:00:00,Everton FC,Chelsea FC,1.2216,1.00627,18.75,4.12,4.12,18.75,2.0,6.0,6.0,2.0
2020/21,2020-12-13 12:00:00,Southampton FC,Sheffield United FC,2.27973,0.219115,5.222222222222222,13.214285714285714,13.214285714285714,5.222222222222222,7.0,1.0,1.0,7.0
2020/21,2020-12-13 14:15:00,Crystal Palace FC,Tottenham Hotspur FC,1.84443,1.40792,10.7,10.722222222222221,10.722222222222221,10.7,10.0,4.0,4.0,10.0
2020/21,2020-12-13 16:30:00,Fulham FC,Liverpool FC,1.72509,1.82445,32.416666666666664,6.214285714285714,6.214285714285714,32.416666666666664,5.0,10.0,10.0,5.0
2020/21,2020-12-13 19:15:00,Leicester City FC,Brighton & Hove Albion FC,1.64351,0.791673,13.052631578947368,9.392857142857142,9.392857142857142,13.052631578947368,11.0,5.0,5.0,11.0
2020/21,2020-12-13 19:15:00,Arsenal FC,Burnley FC,1.85362,0.815375,9.5,14.85,14.85,9.5,11.0,3.0,3.0,11.0
2020/21,2020-12-15 18:00:00,Wolverhampton Wanderers FC,Chelsea FC,0.683783,1.56772,19.692307692307693,7.827586206896552,7.827586206896552,19.692307692307693,4.0,6.0,6.0,4.0
2020/21,2020-12-15 20:00:00,Manchester City FC,West Bromwich Albion FC,2.58593,0.210243,6.928571428571429,35.0,35.0,6.928571428571429,16.0,0.0,0.0,16.0
2020/21,2020-12-16 18:00:00,Arsenal FC,Southampton FC,0.661135,1.11296,17.1,9.409090909090908,9.409090909090908,17.1,6.0,11.0,11.0,6.0
2020/21,2020-12-16 18:00:00,Leeds United FC,Newcastle United FC,2.95137,1.44437,4.208333333333333,15.6875,15.6875,4.208333333333333,16.0,3.0,3.0,16.0
2020/21,2020-12-16 18:00:00,Leicester City FC,Everton FC,0.83883,1.51486,6.964285714285714,26.692307692307693,26.692307692307693,6.964285714285714,6.0,3.0,3.0,6.0
2020/21,2020-12-16 20:00:00,Fulham FC,Brighton & Hove Albion FC,1.00448,0.462456,11.363636363636363,7.518518518518518,7.518518518518518,11.363636363636363,5.0,4.0,4.0,5.0
2020/21,2020-12-16 20:00:00,West Ham United FC,Crystal Palace FC,0.449469,1.09108,12.1875,10.666666666666666,10.666666666666666,12.1875,3.0,4.0,4.0,3.0
2020/21,2020-12-16 20:00:00,Liverpool FC,Tottenham Hotspur FC,1.21783,1.5161,7.352941176470588,18.047619047619047,18.047619047619047,7.352941176470588,18.0,0.0,0.0,18.0
2020/21,2020-12-17 18:00:00,Aston Villa FC,Burnley FC,1.81142,0.316737,5.285714285714286,5.774193548387097,5.774193548387097,5.285714285714286,9.0,1.0,1.0,9.0
2020/21,2020-12-17 20:00:00,Sheffield United FC,Manchester United FC,1.23525,1.78667,10.758620689655173,10.428571428571429,10.428571428571429,10.758620689655173,10.0,6.0,6.0,10.0
2020/21,2020-12-19 12:30:00,Crystal Palace FC,Liverpool FC,0.489318,2.86902,22.761904761904763,7.25,7.25,22.761904761904763,4.0,9.0,9.0,4.0
2020/21,2020-12-19 15:00:00,Southampton FC,Manchester City FC,0.586972,1.15599,12.142857142857142,13.083333333333334,13.083333333333334,12.142857142857142,7.0,8.0,8.0,7.0
2020/21,2020-12-19 17:30:00,Everton FC,Arsenal FC,0.661744,1.25206,31.3,13.470588235294118,13.470588235294118,31.3,1.0,11.0,11.0,1.0
2020/21,2020-12-19 20:00:00,Newcastle United FC,Fulham FC,1.26725,1.10645,14.526315789473685,16.9375,16.9375,14.526315789473685,6.0,4.0,4.0,6.0
2020/21,2020-12-20 12:00:00,Brighton & Hove Albion FC,Sheffield United FC,2.90097,1.03713,7.6,24.181818181818183,24.181818181818183,7.6,14.0,4.0,4.0,14.0
2020/21,2020-12-20 14:15:00,Tottenham Hotspur FC,Leicester City FC,0.945932,1.74772,9.476190476190476,11.782608695652174,11.782608695652174,9.476190476190476,5.0,13.0,13.0,5.0
2020/21,2020-12-20 16:30:00,Manchester United FC,Leeds United FC,4.77743,1.63467,15.722222222222221,11.666666666666666,11.666666666666666,15.722222222222221,12.0,5.0,5.0,12.0
2020/21,2020-12-20 19:15:00,West Bromwich Albion FC,Aston Villa FC,0.0388442,2.61964,14.31578947368421,8.352941176470589,8.352941176470589,14.31578947368421,1.0,12.0,12.0,1.0
2020/21,2020-12-21 17:30:00,Burnley FC,Wolverhampton Wanderers FC,1.20465,1.45722,14.055555555555555,4.55,4.55,14.055555555555555,6.0,4.0,4.0,6.0
2020/21,2020-12-21 20:00:00,Chelsea FC,West Ham United FC,2.41157,0.277737,13.105263157894736,16.157894736842106,16.157894736842106,13.105263157894736,9.0,9.0,9.0,9.0
2020/21,2020-12-26 12:30:00,Leicester City FC,Manchester United FC,1.0396,2.08423,10.333333333333334,9.258064516129032,9.258064516129032,10.333333333333334,1.0,6.0,6.0,1.0
2020/21,2020-12-26 15:00:00,Aston Villa FC,Crystal Palace FC,4.58214,0.849086,9.84,7.571428571428571,7.571428571428571,9.84,9.0,12.0,12.0,9.0
2020/21,2020-12-26 15:00:00,Fulham FC,Southampton FC,0.781855,0.119709,8.615384615384615,4.514285714285714,4.514285714285714,8.615384615384615,6.0,0.0,0.0,6.0
2020/21,2020-12-26 17:30:00,Arsenal FC,Chelsea FC,1.94485,2.25414,16.125,8.777777777777779,8.777777777777779,16.125,6.0,7.0,7.0,6.0
2020/21,2020-12-26 20:00:00,Manchester City FC,Newcastle United FC,3.19575,0.200953,13.7,27.38888888888889,27.38888888888889,13.7,18.0,2.0,2.0,18.0
2020/21,2020-12-26 20:00:00,Sheffield United FC,Everton FC,1.25106,0.568803,10.766666666666667,11.166666666666666,11.166666666666666,10.766666666666667,3.0,8.0,8.0,3.0
2020/21,2020-12-27 12:00:00,Leeds United FC,Burnley FC,2.13271,1.54591,10.214285714285714,11.954545454545455,11.954545454545455,10.214285714285714,6.0,10.0,10.0,6.0
2020/21,2020-12-27 14:15:00,West Ham United FC,Brighton & Hove Albion FC,1.38877,1.50551,18.5,10.421052631578947,10.421052631578947,18.5,6.0,5.0,5.0,6.0
2020/21,2020-12-27 16:30:00,Liverpool FC,West Bromwich Albion FC,1.45485,0.739845,3.260869565217391,39.0,39.0,3.260869565217391,18.0,1.0,1.0,18.0
2020/21,2020-12-27 19:15:00,Wolverhampton Wanderers FC,Tottenham Hotspur FC,0.742598,0.408109,6.634146341463414,16.72222222222222,16.72222222222222,6.634146341463414,5.0,5.0,5.0,5.0
2020/21,2020-12-28 15:00:00,Crystal Palace FC,Leicester City FC,0.321348,1.72132,23.375,5.52,5.52,23.375,1.0,4.0,4.0,1.0
2020/21,2020-12-28 17:30:00,Chelsea FC,Aston Villa FC,1.53701,0.730859,5.142857142857143,16.94736842105263,16.94736842105263,5.142857142857143,8.0,6.0,6.0,8.0
2020/21,2020-12-29 18:00:00,Brighton & Hove Albion FC,Arsenal FC,0.799368,1.31394,22.0,20.928571428571427,20.928571428571427,22.0,6.0,3.0,3.0,6.0
2020/21,2020-12-29 18:00:00,Burnley FC,Sheffield United FC,0.973831,0.492578,12.4,8.210526315789474,8.210526315789474,12.4,7.0,3.0,3.0,7.0
2020/21,2020-12-29 18:00:00,Southampton FC,West Ham United FC,0.670996,1.07246,7.894736842105263,16.894736842105264,16.894736842105264,7.894736842105263,7.0,7.0,7.0,7.0
2020/21,2020-12-29 18:00:00,West Bromwich Albion FC,Leeds United FC,0.43551,1.54225,34.42857142857143,7.1875,7.1875,34.42857142857143,1.0,13.0,13.0,1.0
2020/21,2020-12-29 20:00:00,Manchester United FC,Wolverhampton Wanderers FC,1.48207,0.411046,10.956521739130435,26.363636363636363,26.363636363636363,10.956521739130435,10.0,3.0,3.0,10.0
2020/21,2020-12-30 20:00:00,Newcastle United FC,Liverpool FC,0.817935,1.32047,26.866666666666667,5.05,5.05,26.866666666666667,3.0,10.0,10.0,3.0
2020/21,2021-01-01 17:30:00,Everton FC,West Ham United FC,0.371045,1.19713,11.222222222222221,17.4,17.4,11.222222222222221,5.0,4.0,4.0,5.0
2020/21,2021-01-01 20:00:00,Manchester United FC,Aston Villa FC,2.46473,1.56434,7.607142857142857,10.7,10.7,7.607142857142857,10.0,5.0,5.0,10.0
2020/21,2021-01-02 12:30:00,Tottenham Hotspur FC,Leeds United FC,2.5286,1.15626,12.166666666666666,5.346153846153846,5.346153846153846,12.166666666666666,7.0,11.0,11.0,7.0
2020/21,2021-01-02 15:00:00,Crystal Palace FC,Sheffield United FC,0.598888,0.323158,12.541666666666666,6.678571428571429,6.678571428571429,12.541666666666666,5.0,7.0,7.0,5.0
2020/21,2021-01-02 17:30:00,Brighton & Hove Albion FC,Wolverhampton Wanderers FC,2.4228,1.81856,7.2,24.642857142857142,24.642857142857142,7.2,12.0,1.0,1.0,12.0
2020/21,2021-01-02 20:00:00,West Bromwich Albion FC,Arsenal FC,0.869874,4.03429,16.73913043478261,16.1,16.1,16.73913043478261,4.0,7.0,7.0,4.0
2020/21,2021-01-03 14:15:00,Newcastle United FC,Leicester City FC,0.264584,0.702081,13.521739130434783,6.310344827586207,6.310344827586207,13.521739130434783,1.0,6.0,6.0,1.0
2020/21,2021-01-03 16:30:00,Chelsea FC,Manchester City FC,0.691013,3.18063,13.52,13.4,13.4,13.52,6.0,11.0,11.0,6.0
2020/21,2021-01-04 20:00:00,Southampton FC,Liverpool FC,0.500436,1.37204,19.36842105263158,5.967741935483871,5.967741935483871,19.36842105263158,2.0,21.0,21.0,2.0
2020/21,2021-01-12 18:00:00,Sheffield United FC,Newcastle United FC,2.01315,1.04745,8.0,24.0,24.0,8.0,12.0,2.0,2.0,12.0
2020/21,2021-01-12 20:15:00,Wolverhampton Wanderers FC,Everton FC,0.852495,0.323445,15.095238095238095,18.444444444444443,18.444444444444443,15.095238095238095,4.0,9.0,9.0,4.0
2020/21,2021-01-12 22:15:00,Burnley FC,Manchester United FC,0.648582,1.23996,10.92,8.722222222222221,8.722222222222221,10.92,5.0,15.0,15.0,5.0
2020/21,2021-01-13 18:00:00,Manchester City FC,Brighton & Hove Albion FC,2.90855,0.177084,10.9,17.61904761904762,17.61904761904762,10.9,13.0,4.0,4.0,13.0
2020/21,2021-01-13 20:00:00,Tottenham Hotspur FC,Fulham FC,3.14372,1.05329,8.32258064516129,9.34375,9.34375,8.32258064516129,3.0,7.0,7.0,3.0
2020/21,2021-01-14 20:00:00,Arsenal FC,Crystal Palace FC,0.368554,0.709634,5.933333333333334,23.875,23.875,5.933333333333334,6.0,2.0,2.0,6.0
2020/21,2021-01-16 12:30:00,Wolverhampton Wanderers FC,West Bromwich Albion FC,1.94358,2.46332,6.764705882352941,17.11111111111111,17.11111111111111,6.764705882352941,5.0,7.0,7.0,5.0
2020/21,2021-01-16 15:00:00,Leeds United FC,Brighton & Hove Albion FC,0.245193,1.14424,8.125,17.35,17.35,8.125,8.0,11.0,11.0,8.0
2020/21,2021-01-16 15:00:00,West Ham United FC,Burnley FC,1.73397,0.395668,9.619047619047619,9.157894736842104,9.157894736842104,9.619047619047619,4.0,5.0,5.0,4.0
2020/21,2021-01-16 17:30:00,Fulham FC,Chelsea FC,0.46126,1.37939,20.19047619047619,6.583333333333333,6.583333333333333,20.19047619047619,6.0,13.0,13.0,6.0
2020/21,2021-01-16 20:00:00,Leicester City FC,Southampton FC,2.12019,0.378147,9.821428571428571,9.521739130434783,9.521739130434783,9.821428571428571,9.0,5.0,5.0,9.0
2020/21,2021-01-17 14:00:00,Sheffield United FC,Tottenham Hotspur FC,0.978133,1.28385,12.821428571428571,10.38888888888889,10.38888888888889,12.821428571428571,5.0,8.0,8.0,5.0
2020/21,2021-01-17 16:30:00,Liverpool FC,Manchester United FC,1.20205,1.18929,5.428571428571429,19.263157894736842,19.263157894736842,5.428571428571429,17.0,5.0,5.0,17.0
2020/21,2021-01-17 19:15:00,Manchester City FC,Crystal Palace FC,0.961088,0.0515836,5.166666666666667,82.2,82.2,5.166666666666667,5.0,3.0,3.0,5.0
2020/21,2021-01-18 20:00:00,Arsenal FC,Newcastle United FC,2.30744,0.168796,9.0,27.857142857142858,27.857142857142858,9.0,13.0,2.0,2.0,13.0
2020/21,2021-01-19 18:00:00,West Ham United FC,West Bromwich Albion FC,2.17512,0.464091,13.923076923076923,16.470588235294116,16.470588235294116,13.923076923076923,6.0,5.0,5.0,6.0
2020/21,2021-01-19 20:15:00,Leicester City FC,Chelsea FC,1.1449,0.615727,18.045454545454547,8.545454545454545,8.545454545454545,18.045454545454547,9.0,7.0,7.0,9.0
2020/21,2021-01-20 20:00:00,Manchester City FC,Aston Villa FC,3.34385,0.601768,8.235294117647058,22.285714285714285,22.285714285714285,8.235294117647058,21.0,3.0,3.0,21.0
2020/21,2021-01-20 20:15:00,Fulham FC,Manchester United FC,0.753669,1.68401,17.789473684210527,7.333333333333333,7.333333333333333,17.789473684210527,4.0,7.0,7.0,4.0
2020/21,2021-01-21 20:00:00,Liverpool FC,Burnley FC,1.64907,1.08059,8.714285714285714,28.90909090909091,28.90909090909091,8.714285714285714,20.0,4.0,4.0,20.0
2020/21,2021-01-23 20:00:00,Aston Villa FC,Newcastle United FC,2.6026,0.400364,7.916666666666667,16.095238095238095,16.095238095238095,7.916666666666667,7.0,2.0,2.0,7.0
2020/21,2021-01-26 18:00:00,Newcastle United FC,Leeds United FC,1.1364,0.785914,10.25,5.3076923076923075,5.3076923076923075,10.25,5.0,14.0,14.0,5.0
2020/21,2021-01-26 18:00:00,Crystal Palace FC,West Ham United FC,0.629033,3.30321,11.6,14.578947368421053,14.578947368421053,11.6,12.0,5.0,5.0,12.0
2020/21,2021-01-26 20:15:00,West Bromwich Albion FC,Manchester City FC,0.568258,2.24838,27.0,7.866666666666666,7.866666666666666,27.0,3.0,15.0,15.0,3.0
2020/21,2021-01-26 20:15:00,Southampton FC,Arsenal FC,0.99504,2.4339,6.68,16.3,16.3,6.68,1.0,7.0,7.0,1.0
2020/21,2021-01-27 18:00:00,Burnley FC,Aston Villa FC,0.717681,2.70718,8.066666666666666,12.125,12.125,8.066666666666666,2.0,7.0,7.0,2.0
2020/21,2021-01-27 18:00:00,Chelsea FC,Wolverhampton Wanderers FC,0.663324,0.63192,4.28125,79.33333333333333,79.33333333333333,4.28125,6.0,1.0,1.0,6.0
2020/21,2021-01-27 19:30:00,Brighton & Hove Albion FC,Fulham FC,2.29129,0.513226,6.852941176470588,8.555555555555555,8.555555555555555,6.852941176470588,12.0,2.0,2.0,12.0
2020/21,2021-01-27 20:15:00,Everton FC,Leicester City FC,0.474981,0.792045,24.357142857142858,6.24,6.24,24.357142857142858,2.0,8.0,8.0,2.0
2020/21,2021-01-27 20:15:00,Manchester United FC,Sheffield United FC,0.9931,0.689548,5.684210526315789,17.115384615384617,17.115384615384617,5.684210526315789,11.0,3.0,3.0,11.0
2020/21,2021-01-28 20:00:00,Tottenham Hotspur FC,Liverpool FC,0.104586,2.58798,14.80952380952381,14.56,14.56,14.80952380952381,0.0,11.0,11.0,0.0
2020/21,2021-01-30 12:30:00,Everton FC,Newcastle United FC,0.966012,2.08832,6.7,28.181818181818183,28.181818181818183,6.7,9.0,5.0,5.0,9.0
2020/21,2021-01-30 15:00:00,Crystal Palace FC,Wolverhampton Wanderers FC,1.36877,0.450907,19.5,18.705882352941178,18.705882352941178,19.5,5.0,2.0,2.0,5.0
2020/21,2021-01-30 15:00:00,West Bromwich Albion FC,Fulham FC,0.994664,1.52044,14.5,8.764705882352942,8.764705882352942,14.5,0.0,7.0,7.0,0.0
2020/21,2021-01-30 15:00:00,Manchester City FC,Sheffield United FC,1.53116,0.154537,10.266666666666667,35.416666666666664,35.416666666666664,10.266666666666667,6.0,6.0,6.0,6.0
2020/21,2021-01-30 17:30:00,Arsenal FC,Manchester United FC,0.747166,1.51332,18.6875,11.55,11.55,18.6875,2.0,8.0,8.0,2.0
2020/21,2021-01-30 20:00:00,Southampton FC,Aston Villa FC,2.22557,0.795508,9.0625,10.538461538461538,10.538461538461538,9.0625,17.0,4.0,4.0,17.0
2020/21,2021-01-31 12:00:00,Chelsea FC,Burnley FC,1.4405,0.390714,6.35,17.08695652173913,17.08695652173913,6.35,23.0,4.0,4.0,23.0
2020/21,2021-01-31 14:00:00,Leicester City FC,Leeds United FC,1.73432,1.8141,8.178571428571429,7.233333333333333,7.233333333333333,8.178571428571429,6.0,4.0,4.0,6.0
2020/21,2021-01-31 16:30:00,West Ham United FC,Liverpool FC,0.883061,2.05809,42.0,12.294117647058824,12.294117647058824,42.0,2.0,13.0,13.0,2.0
2020/21,2021-01-31 19:15:00,Brighton & Hove Albion FC,Tottenham Hotspur FC,1.77386,0.372524,9.451612903225806,12.125,12.125,9.451612903225806,21.0,6.0,6.0,21.0
2020/21,2021-02-02 18:00:00,Sheffield United FC,West Bromwich Albion FC,1.35804,1.61871,5.0,17.823529411764707,17.823529411764707,5.0,12.0,2.0,2.0,12.0
2020/21,2021-02-02 18:00:00,Wolverhampton Wanderers FC,Arsenal FC,1.56162,0.716265,25.23076923076923,15.318181818181818,15.318181818181818,25.23076923076923,2.0,5.0,5.0,2.0
2020/21,2021-02-02 20:15:00,Manchester United FC,Southampton FC,5.0325,0.507893,4.555555555555555,14.5,14.5,4.555555555555555,23.0,2.0,2.0,23.0
2020/21,2021-02-02 20:15:00,Newcastle United FC,Crystal Palace FC,1.90755,0.809312,9.476190476190476,21.0,21.0,9.476190476190476,9.0,6.0,6.0,9.0
2020/21,2021-02-03 18:00:00,Burnley FC,Manchester City FC,0.0489155,2.12153,31.214285714285715,11.923076923076923,11.923076923076923,31.214285714285715,5.0,12.0,12.0,5.0
2020/21,2021-02-03 18:00:00,Fulham FC,Leicester City FC,0.731288,1.71299,7.666666666666667,19.0,19.0,7.666666666666667,10.0,6.0,6.0,10.0
2020/21,2021-02-03 19:30:00,Leeds United FC,Everton FC,1.14303,1.91539,5.612903225806452,14.55,14.55,5.612903225806452,10.0,2.0,2.0,10.0
2020/21,2021-02-03 20:15:00,Aston Villa FC,West Ham United FC,0.741154,1.79064,7.7272727272727275,17.266666666666666,17.266666666666666,7.7272727272727275,7.0,6.0,6.0,7.0
2020/21,2021-02-03 20:15:00,Liverpool FC,Brighton & Hove Albion FC,1.09518,1.18977,10.714285714285714,29.083333333333332,29.083333333333332,10.714285714285714,11.0,1.0,1.0,11.0
2020/21,2021-02-04 20:00:00,Tottenham Hotspur FC,Chelsea FC,0.569446,2.393,12.344827586206897,9.206896551724139,9.206896551724139,12.344827586206897,2.0,13.0,13.0,2.0
2020/21,2021-02-06 12:30:00,Aston Villa FC,Arsenal FC,1.19792,0.679649,20.6,6.136363636363637,6.136363636363637,20.6,5.0,14.0,14.0,5.0
2020/21,2021-02-06 15:00:00,Burnley FC,Brighton & Hove Albion FC,1.88934,0.612682,18.0,12.722222222222221,12.722222222222221,18.0,13.0,5.0,5.0,13.0
2020/21,2021-02-06 15:00:00,Newcastle United FC,Southampton FC,0.910553,1.43445,18.0,2.8846153846153846,2.8846153846153846,18.0,6.0,8.0,8.0,6.0
2020/21,2021-02-06 17:30:00,Fulham FC,West Ham United FC,1.60884,0.943539,10.875,23.4,23.4,10.875,12.0,2.0,2.0,12.0
2020/21,2021-02-06 20:00:00,Manchester United FC,Everton FC,1.71769,1.5571,10.666666666666666,35.1,35.1,10.666666666666666,6.0,3.0,3.0,6.0
2020/21,2021-02-07 12:00:00,Tottenham Hotspur FC,West Bromwich Albion FC,1.92997,0.698686,7.681818181818182,24.357142857142858,24.357142857142858,7.681818181818182,10.0,3.0,3.0,10.0
2020/21,2021-02-07 14:00:00,Wolverhampton Wanderers FC,Leicester City FC,1.35506,0.632232,14.826086956521738,7.470588235294118,7.470588235294118,14.826086956521738,7.0,10.0,10.0,7.0
2020/21,2021-02-07 16:30:00,Liverpool FC,Manchester City FC,1.17728,3.55196,10.866666666666667,20.63157894736842,20.63157894736842,10.866666666666667,6.0,4.0,4.0,6.0
2020/21,2021-02-07 19:15:00,Sheffield United FC,Chelsea FC,0.623045,1.64144,19.695652173913043,10.642857142857142,10.642857142857142,19.695652173913043,4.0,9.0,9.0,4.0
2020/21,2021-02-08 20:00:00,Leeds United FC,Crystal Palace FC,2.64769,0.370278,6.869565217391305,37.69230769230769,37.69230769230769,6.869565217391305,7.0,4.0,4.0,7.0
2020/21,2021-02-13 12:30:00,Leicester City FC,Liverpool FC,2.07383,1.68325,13.478260869565217,7.566666666666666,7.566666666666666,13.478260869565217,2.0,12.0,12.0,2.0
2020/21,2021-02-13 15:00:00,Crystal Palace FC,Burnley FC,0.645616,1.95502,5.758620689655173,7.8,7.8,5.758620689655173,10.0,4.0,4.0,10.0
2020/21,2021-02-13 17:30:00,Manchester City FC,Tottenham Hotspur FC,2.46219,0.4235,9.548387096774194,19.65,19.65,9.548387096774194,17.0,1.0,1.0,17.0
2020/21,2021-02-13 20:00:00,Brighton & Hove Albion FC,Aston Villa FC,2.33232,0.144036,8.727272727272727,16.333333333333332,16.333333333333332,8.727272727272727,16.0,4.0,4.0,16.0
2020/21,2021-02-14 12:00:00,Southampton FC,Wolverhampton Wanderers FC,0.8536,1.09361,11.523809523809524,15.368421052631579,15.368421052631579,11.523809523809524,6.0,3.0,3.0,6.0
2020/21,2021-02-14 14:00:00,West Bromwich Albion FC,Manchester United FC,0.945964,0.423885,25.583333333333332,7.928571428571429,7.928571428571429,25.583333333333332,3.0,9.0,9.0,3.0
2020/21,2021-02-14 16:30:00,Arsenal FC,Leeds United FC,2.50614,0.77074,13.090909090909092,9.875,9.875,13.090909090909092,13.0,7.0,7.0,13.0
2020/21,2021-02-14 19:00:00,Everton FC,Fulham FC,0.314075,2.55085,13.136363636363637,11.766666666666667,11.766666666666667,13.136363636363637,1.0,9.0,9.0,1.0
2020/21,2021-02-15 18:00:00,West Ham United FC,Sheffield United FC,2.32735,0.926652,17.571428571428573,14.470588235294118,14.470588235294118,17.571428571428573,2.0,9.0,9.0,2.0
2020/21,2021-02-15 20:00:00,Chelsea FC,Newcastle United FC,2.5428,0.432603,6.409090909090909,10.545454545454545,10.545454545454545,6.409090909090909,8.0,1.0,1.0,8.0
2020/21,2021-02-17 18:00:00,Burnley FC,Fulham FC,1.20642,0.594471,10.56,12.857142857142858,12.857142857142858,10.56,5.0,4.0,4.0,5.0
2020/21,2021-02-17 20:15:00,Everton FC,Manchester City FC,1.04664,1.23218,27.0,10.176470588235293,10.176470588235293,27.0,2.0,9.0,9.0,2.0
2020/21,2021-02-19 20:00:00,Wolverhampton Wanderers FC,Leeds United FC,0.592049,2.4793,9.851851851851851,7.7368421052631575,7.7368421052631575,9.851851851851851,1.0,6.0,6.0,1.0
2020/21,2021-02-20 12:30:00,Southampton FC,Chelsea FC,0.496603,1.44849,16.928571428571427,4.171428571428572,4.171428571428572,16.928571428571427,0.0,10.0,10.0,0.0
2020/21,2021-02-20 15:00:00,Burnley FC,West Bromwich Albion FC,0.535153,1.71922,4.44,19.0,19.0,4.44,3.0,4.0,4.0,3.0
2020/21,2021-02-20 17:30:00,Liverpool FC,Everton FC,1.54046,2.01468,6.5,21.055555555555557,21.055555555555557,6.5,14.0,1.0,1.0,14.0
2020/21,2021-02-20 20:00:00,Fulham FC,Sheffield United FC,1.21006,0.977747,9.533333333333333,10.28125,10.28125,9.533333333333333,7.0,2.0,2.0,7.0
2020/21,2021-02-21 12:00:00,West Ham United FC,Tottenham Hotspur FC,1.09246,0.770706,11.5,6.176470588235294,6.176470588235294,11.5,2.0,8.0,8.0,2.0
2020/21,2021-02-21 14:00:00,Aston Villa FC,Leicester City FC,1.7084,1.23852,13.823529411764707,9.04,9.04,13.823529411764707,5.0,6.0,6.0,5.0
2020/21,2021-02-21 16:30:00,Arsenal FC,Manchester City FC,0.331188,2.08868,16.77777777777778,16.526315789473685,16.526315789473685,16.77777777777778,6.0,7.0,7.0,6.0
2020/21,2021-02-21 19:00:00,Manchester United FC,Newcastle United FC,1.7256,0.341778,6.388888888888889,22.352941176470587,22.352941176470587,6.388888888888889,10.0,1.0,1.0,10.0
2020/21,2021-02-22 20:00:00,Brighton & Hove Albion FC,Crystal Palace FC,2.59204,0.179886,5.695652173913044,38.7,38.7,5.695652173913044,13.0,0.0,0.0,13.0
2020/21,2021-02-23 20:00:00,Leeds United FC,Southampton FC,1.84753,1.47981,6.724137931034483,6.464285714285714,6.464285714285714,6.724137931034483,10.0,5.0,5.0,10.0
2020/21,2021-02-27 12:30:00,Manchester City FC,West Ham United FC,0.760574,1.92892,11.95,22.125,22.125,11.95,5.0,2.0,2.0,5.0
2020/21,2021-02-27 15:00:00,West Bromwich Albion FC,Brighton & Hove Albion FC,0.687091,3.12111,14.272727272727273,3.8,3.8,14.272727272727273,2.0,10.0,10.0,2.0
2020/21,2021-02-27 17:30:00,Leeds United FC,Aston Villa FC,1.00106,0.876255,4.45,11.4,11.4,4.45,6.0,1.0,1.0,6.0
2020/21,2021-02-27 20:00:00,Newcastle United FC,Wolverhampton Wanderers FC,1.9519,1.27827,5.970588235294118,12.823529411764707,12.823529411764707,5.970588235294118,6.0,5.0,5.0,6.0
2020/21,2021-02-28 12:00:00,Crystal Palace FC,Fulham FC,0.0880148,0.813134,9.636363636363637,6.866666666666666,6.866666666666666,9.636363636363637,1.0,5.0,5.0,1.0
2020/21,2021-02-28 12:00:00,Leicester City FC,Arsenal FC,0.533575,2.1065,10.96,24.4,24.4,10.96,3.0,7.0,7.0,3.0
2020/21,2021-02-28 14:00:00,Tottenham Hotspur FC,Burnley FC,2.35788,0.603212,21.363636363636363,12.352941176470589,12.352941176470589,21.363636363636363,4.0,7.0,7.0,4.0
2020/21,2021-02-28 16:30:00,Chelsea FC,Manchester United FC,1.17294,0.35954,8.73076923076923,10.235294117647058,10.235294117647058,8.73076923076923,1.0,4.0,4.0,1.0
2020/21,2021-02-28 19:15:00,Sheffield United FC,Liverpool FC,0.777149,2.80551,18.842105263157894,12.8,12.8,18.842105263157894,3.0,6.0,6.0,3.0
2020/21,2021-03-01 20:00:00,Everton FC,Southampton FC,1.42054,0.665743,10.185185185185185,8.03225806451613,8.03225806451613,10.185185185185185,5.0,3.0,3.0,5.0
2020/21,2021-03-02 20:00:00,Manchester City FC,Wolverhampton Wanderers FC,3.26196,0.318824,7.071428571428571,34.76923076923077,34.76923076923077,7.071428571428571,20.0,1.0,1.0,20.0
2020/21,2021-03-03 18:00:00,Burnley FC,Leicester City FC,1.26793,1.24109,18.833333333333332,9.5,9.5,18.833333333333332,7.0,6.0,6.0,7.0
2020/21,2021-03-03 18:00:00,Sheffield United FC,Aston Villa FC,0.716254,1.44176,14.608695652173912,14.333333333333334,14.333333333333334,14.608695652173912,5.0,16.0,16.0,5.0
2020/21,2021-03-03 20:15:00,Crystal Palace FC,Manchester United FC,0.742397,0.584016,16.473684210526315,10.736842105263158,10.736842105263158,16.473684210526315,3.0,8.0,8.0,3.0
2020/21,2021-03-04 18:00:00,West Bromwich Albion FC,Everton FC,1.02038,1.40789,16.57894736842105,11.80952380952381,11.80952380952381,16.57894736842105,7.0,8.0,8.0,7.0
2020/21,2021-03-04 18:00:00,Fulham FC,Tottenham Hotspur FC,1.1715,1.5519,7.464285714285714,11.535714285714286,11.535714285714286,7.464285714285714,9.0,7.0,7.0,9.0
2020/21,2021-03-04 20:15:00,Liverpool FC,Chelsea FC,0.247034,1.22635,11.96875,12.533333333333333,12.533333333333333,11.96875,10.0,12.0,12.0,10.0
2020/21,2021-03-06 12:30:00,Burnley FC,Arsenal FC,1.10374,2.53692,31.09090909090909,11.055555555555555,11.055555555555555,31.09090909090909,5.0,8.0,8.0,5.0
2020/21,2021-03-06 15:00:00,Sheffield United FC,Southampton FC,0.908155,2.37386,7.793103448275862,7.25,7.25,7.793103448275862,5.0,5.0,5.0,5.0
2020/21,2021-03-06 17:30:00,Aston Villa FC,Wolverhampton Wanderers FC,0.956392,2.15087,9.08,12.666666666666666,12.666666666666666,9.08,1.0,0.0,0.0,1.0
2020/21,2021-03-06 20:00:00,Brighton & Hove Albion FC,Leicester City FC,0.75471,1.03801,11.78125,7.5,7.5,11.78125,11.0,7.0,7.0,11.0
2020/21,2021-03-07 12:00:00,West Bromwich Albion FC,Newcastle United FC,1.46503,0.454577,9.894736842105264,8.333333333333334,8.333333333333334,9.894736842105264,13.0,6.0,6.0,13.0
2020/21,2021-03-07 14:00:00,Liverpool FC,Fulham FC,0.701764,1.37047,10.0,20.58823529411765,20.58823529411765,10.0,5.0,2.0,2.0,5.0
2020/21,2021-03-07 16:30:00,Manchester City FC,Manchester United FC,1.27561,2.11411,8.153846153846153,24.857142857142858,24.857142857142858,8.153846153846153,13.0,4.0,4.0,13.0
2020/21,2021-03-07 19:15:00,Tottenham Hotspur FC,Crystal Palace FC,2.24159,0.559383,5.805555555555555,14.5,14.5,5.805555555555555,5.0,1.0,1.0,5.0
2020/21,2021-03-08 18:00:00,Chelsea FC,Everton FC,2.57224,0.270757,9.125,18.192307692307693,18.192307692307693,9.125,6.0,0.0,0.0,6.0
2020/21,2021-03-08 20:00:00,West Ham United FC,Leeds United FC,2.37556,1.34971,14.347826086956522,6.409090909090909,6.409090909090909,14.347826086956522,2.0,11.0,11.0,2.0
2020/21,2021-03-10 18:00:00,Manchester City FC,Southampton FC,3.10503,1.60561,20.733333333333334,18.391304347826086,18.391304347826086,20.733333333333334,10.0,5.0,5.0,10.0
2020/21,2021-03-12 20:00:00,Newcastle United FC,Aston Villa FC,0.873171,0.748665,6.785714285714286,7.523809523809524,7.523809523809524,6.785714285714286,5.0,5.0,5.0,5.0
2020/21,2021-03-13 12:30:00,Leeds United FC,Chelsea FC,0.382957,0.971054,10.357142857142858,7.96,7.96,10.357142857142858,3.0,12.0,12.0,3.0
2020/21,2021-03-13 15:00:00,Crystal Palace FC,West Bromwich Albion FC,1.30694,0.513439,9.181818181818182,5.379310344827586,5.379310344827586,9.181818181818182,2.0,8.0,8.0,2.0
2020/21,2021-03-13 17:30:00,Everton FC,Burnley FC,1.69849,0.74852,7.222222222222222,20.733333333333334,20.733333333333334,7.222222222222222,9.0,9.0,9.0,9.0
2020/21,2021-03-13 20:00:00,Fulham FC,Manchester City FC,0.449499,2.72578,10.151515151515152,8.625,8.625,10.151515151515152,7.0,6.0,6.0,7.0
2020/21,2021-03-14 12:00:00,Southampton FC,Brighton & Hove Albion FC,1.03495,0.895967,16.11111111111111,7.878787878787879,7.878787878787879,16.11111111111111,7.0,2.0,2.0,7.0
2020/21,2021-03-14 14:00:00,Leicester City FC,Sheffield United FC,4.54571,0.0934777,6.115384615384615,22.5,22.5,6.115384615384615,12.0,2.0,2.0,12.0
2020/21,2021-03-14 16:30:00,Arsenal FC,Tottenham Hotspur FC,1.56529,0.705566,9.78125,14.1,14.1,9.78125,10.0,4.0,4.0,10.0
2020/21,2021-03-14 19:15:00,Manchester United FC,West Ham United FC,1.70128,0.463737,9.869565217391305,19.9375,19.9375,9.869565217391305,12.0,6.0,6.0,12.0
2020/21,2021-03-15 20:00:00,Wolverhampton Wanderers FC,Liverpool FC,1.29175,1.0552,6.96969696969697,12.347826086956522,12.347826086956522,6.96969696969697,4.0,10.0,10.0,4.0
2020/21,2021-03-19 20:00:00,Fulham FC,Leeds United FC,1.47498,1.40706,7.6,4.764705882352941,4.764705882352941,7.6,8.0,6.0,6.0,8.0
2020/21,2021-03-20 20:00:00,Brighton & Hove Albion FC,Newcastle United FC,0.951921,0.100945,7.633333333333334,26.63157894736842,26.63157894736842,7.633333333333334,8.0,1.0,1.0,8.0
2020/21,2021-03-21 15:00:00,West Ham United FC,Arsenal FC,2.50629,1.35217,14.45,12.23076923076923,12.23076923076923,14.45,5.0,10.0,10.0,5.0
2020/21,2021-03-21 19:30:00,Aston Villa FC,Tottenham Hotspur FC,0.439681,1.72011,6.342105263157895,10.8,10.8,6.342105263157895,8.0,6.0,6.0,8.0
2020/21,2021-04-03 11:30:00,Chelsea FC,West Bromwich Albion FC,2.55917,1.38315,6.185185185185185,15.523809523809524,15.523809523809524,6.185185185185185,12.0,6.0,6.0,12.0
2020/21,2021-04-03 14:00:00,Leeds United FC,Sheffield United FC,2.50597,0.867652,11.31578947368421,9.185185185185185,9.185185185185185,11.31578947368421,9.0,4.0,4.0,9.0
2020/21,2021-04-03 16:30:00,Leicester City FC,Manchester City FC,0.284781,1.98438,21.0,8.405405405405405,8.405405405405405,21.0,2.0,12.0,12.0,2.0
2020/21,2021-04-03 19:00:00,Arsenal FC,Liverpool FC,0.161161,2.43732,19.52173913043478,7.5,7.5,19.52173913043478,1.0,14.0,14.0,1.0
2020/21,2021-04-04 11:00:00,Southampton FC,Burnley FC,2.40272,1.50285,7.8125,10.19047619047619,10.19047619047619,7.8125,14.0,7.0,7.0,14.0
2020/21,2021-04-04 13:05:00,Newcastle United FC,Tottenham Hotspur FC,3.30098,2.43683,15.6,8.1,8.1,15.6,7.0,7.0,7.0,7.0
2020/21,2021-04-04 15:30:00,Aston Villa FC,Fulham FC,1.52229,1.52172,7.166666666666667,10.0,10.0,7.166666666666667,4.0,3.0,3.0,4.0
2020/21,2021-04-04 18:30:00,Manchester United FC,Brighton & Hove Albion FC,1.73474,1.41071,9.392857142857142,12.857142857142858,12.857142857142858,9.392857142857142,11.0,4.0,4.0,11.0
2020/21,2021-04-05 17:00:00,Everton FC,Crystal Palace FC,2.53386,0.603749,12.5,14.823529411764707,14.823529411764707,12.5,10.0,12.0,12.0,10.0
2020/21,2021-04-05 19:15:00,Wolverhampton Wanderers FC,West Ham United FC,1.95649,1.59694,7.55,20.05263157894737,20.05263157894737,7.55,4.0,4.0,4.0,4.0
2020/21,2021-04-09 19:00:00,Fulham FC,Wolverhampton Wanderers FC,0.733154,0.428134,11.64,20.615384615384617,20.615384615384617,11.64,12.0,1.0,1.0,12.0
2020/21,2021-04-10 11:30:00,Manchester City FC,Leeds United FC,1.98825,0.17525,4.962962962962963,12.722222222222221,12.722222222222221,4.962962962962963,15.0,3.0,3.0,15.0
2020/21,2021-04-10 14:00:00,Liverpool FC,Aston Villa FC,2.14592,0.760621,5.6521739130434785,10.096774193548388,10.096774193548388,5.6521739130434785,13.0,6.0,6.0,13.0
2020/21,2021-04-10 16:30:00,Crystal Palace FC,Chelsea FC,0.602167,3.85472,22.25,8.466666666666667,8.466666666666667,22.25,0.0,7.0,7.0,0.0
2020/21,2021-04-11 11:00:00,Burnley FC,Newcastle United FC,1.84262,1.34279,9.11111111111111,14.153846153846153,14.153846153846153,9.11111111111111,13.0,3.0,3.0,13.0
2020/21,2021-04-11 13:05:00,West Ham United FC,Leicester City FC,1.02408,1.17188,25.214285714285715,6.838709677419355,6.838709677419355,25.214285714285715,4.0,7.0,7.0,4.0
2020/21,2021-04-11 15:30:00,Tottenham Hotspur FC,Manchester United FC,0.921801,2.09737,8.433333333333334,8.030303030303031,8.030303030303031,8.433333333333334,5.0,8.0,8.0,5.0
2020/21,2021-04-11 18:00:00,Sheffield United FC,Arsenal FC,0.315121,1.93838,21.941176470588236,22.923076923076923,22.923076923076923,21.941176470588236,3.0,10.0,10.0,3.0
2020/21,2021-04-12 17:00:00,West Bromwich Albion FC,Southampton FC,2.77089,1.5002,7.666666666666667,5.0,5.0,7.666666666666667,12.0,9.0,9.0,12.0
2020/21,2021-04-12 19:15:00,Brighton & Hove Albion FC,Everton FC,1.16465,0.306287,8.5,19.785714285714285,19.785714285714285,8.5,11.0,3.0,3.0,11.0
2020/21,2021-04-16 19:00:00,Everton FC,Tottenham Hotspur FC,2.26022,1.4815,10.695652173913043,15.61111111111111,15.61111111111111,10.695652173913043,6.0,2.0,2.0,6.0
2020/21,2021-04-17 11:30:00,Newcastle United FC,West Ham United FC,2.4314,2.06741,19.0625,9.6875,9.6875,19.0625,1.0,3.0,3.0,1.0
2020/21,2021-04-17 19:15:00,Wolverhampton Wanderers FC,Sheffield United FC,1.22604,0.295925,36.857142857142854,10.310344827586206,10.310344827586206,36.857142857142854,3.0,5.0,5.0,3.0
2020/21,2021-04-18 12:30:00,Arsenal FC,Fulham FC,2.85573,0.839128,6.916666666666667,16.6,16.6,6.916666666666667,10.0,3.0,3.0,10.0
2020/21,2021-04-18 15:00:00,Manchester United FC,Burnley FC,2.87455,0.959804,9.75,13.818181818181818,13.818181818181818,9.75,13.0,5.0,5.0,13.0
2020/21,2021-04-19 19:00:00,Leeds United FC,Liverpool FC,2.59719,1.60043,9.222222222222221,12.142857142857142,12.142857142857142,9.222222222222221,10.0,13.0,13.0,10.0
2020/21,2021-04-20 19:00:00,Chelsea FC,Brighton & Hove Albion FC,0.807348,0.459568,12.470588235294118,15.121212121212121,15.121212121212121,12.470588235294118,4.0,6.0,6.0,4.0
2020/21,2021-04-21 19:00:00,Tottenham Hotspur FC,Southampton FC,1.28824,1.06134,7.206896551724138,18.8,18.8,7.206896551724138,11.0,2.0,2.0,11.0
2020/21,2021-04-21 19:15:00,Aston Villa FC,Manchester City FC,0.801733,1.5634,25.142857142857142,15.0,15.0,25.142857142857142,4.0,17.0,17.0,4.0
2020/21,2021-04-22 19:00:00,Leicester City FC,West Bromwich Albion FC,2.6712,0.277126,4.75,20.36842105263158,20.36842105263158,4.75,9.0,4.0,4.0,9.0
2020/21,2021-04-23 19:00:00,Arsenal FC,Everton FC,0.735767,0.529676,15.0,19.72222222222222,19.72222222222222,15.0,8.0,3.0,3.0,8.0
2020/21,2021-04-24 11:30:00,Liverpool FC,Newcastle United FC,2.84708,0.860694,6.757575757575758,37.5,37.5,6.757575757575758,11.0,5.0,5.0,11.0
2020/21,2021-04-24 16:30:00,West Ham United FC,Chelsea FC,0.267123,2.52059,12.2,10.944444444444445,10.944444444444445,12.2,1.0,7.0,7.0,1.0
2020/21,2021-04-24 19:00:00,Sheffield United FC,Brighton & Hove Albion FC,0.786324,2.06038,12.32258064516129,6.15,6.15,12.32258064516129,4.0,10.0,10.0,4.0
2020/21,2021-04-25 11:00:00,Wolverhampton Wanderers FC,Burnley FC,0.351673,2.24049,8.058823529411764,11.541666666666666,11.541666666666666,8.058823529411764,0.0,3.0,3.0,0.0
2020/21,2021-04-25 13:00:00,Leeds United FC,Manchester United FC,0.216834,1.11635,10.44,7.090909090909091,7.090909090909091,10.44,2.0,12.0,12.0,2.0
2020/21,2021-04-25 18:00:00,Aston Villa FC,West Bromwich Albion FC,2.65394,1.56764,4.944444444444445,16.142857142857142,16.142857142857142,4.944444444444445,11.0,3.0,3.0,11.0
2020/21,2021-04-26 19:00:00,Leicester City FC,Crystal Palace FC,1.23419,0.723112,4.481481481481482,17.529411764705884,17.529411764705884,4.481481481481482,12.0,1.0,1.0,12.0
2020/21,2021-04-30 19:00:00,Southampton FC,Leicester City FC,0.954057,2.51518,21.75,3.9714285714285715,3.9714285714285715,21.75,2.0,8.0,8.0,2.0
2020/21,2021-05-01 11:30:00,Crystal Palace FC,Manchester City FC,0.361866,2.04443,21.157894736842106,5.423076923076923,5.423076923076923,21.157894736842106,3.0,8.0,8.0,3.0
2020/21,2021-05-01 14:00:00,Brighton & Hove Albion FC,Leeds United FC,2.52542,0.510874,8.689655172413794,14.071428571428571,14.071428571428571,8.689655172413794,10.0,2.0,2.0,10.0
2020/21,2021-05-01 16:30:00,Chelsea FC,Fulham FC,1.8433,0.290042,11.48,12.347826086956522,12.347826086956522,11.48,10.0,9.0,9.0,10.0
2020/21,2021-05-01 19:00:00,Everton FC,Aston Villa FC,1.223,1.58811,15.941176470588236,10.863636363636363,10.863636363636363,15.941176470588236,8.0,6.0,6.0,8.0
2020/21,2021-05-02 13:00:00,Newcastle United FC,Arsenal FC,0.172988,1.78751,29.09090909090909,12.9,12.9,29.09090909090909,0.0,7.0,7.0,0.0
2020/21,2021-05-02 18:15:00,Tottenham Hotspur FC,Sheffield United FC,2.26016,0.469026,7.695652173913044,30.875,30.875,7.695652173913044,7.0,6.0,6.0,7.0
2020/21,2021-05-03 17:00:00,West Bromwich Albion FC,Wolverhampton Wanderers FC,1.07133,0.844138,8.96,8.15,8.15,8.96,5.0,8.0,8.0,5.0
2020/21,2021-05-03 19:15:00,Burnley FC,West Ham United FC,1.68312,2.42477,14.764705882352942,10.9375,10.9375,14.764705882352942,4.0,7.0,7.0,4.0
2020/21,2021-05-07 19:00:00,Leicester City FC,Newcastle United FC,2.315,2.87261,4.793103448275862,16.27777777777778,16.27777777777778,4.793103448275862,9.0,3.0,3.0,9.0
2020/21,2021-05-08 11:30:00,Leeds United FC,Tottenham Hotspur FC,2.55216,1.03384,5.2894736842105265,8.814814814814815,8.814814814814815,5.2894736842105265,12.0,5.0,5.0,12.0
2020/21,2021-05-08 14:00:00,Sheffield United FC,Crystal Palace FC,0.639325,2.25382,7.551724137931035,15.0,15.0,7.551724137931035,2.0,10.0,10.0,2.0
2020/21,2021-05-08 16:30:00,Manchester City FC,Chelsea FC,1.79168,0.619724,13.107142857142858,18.3,18.3,13.107142857142858,10.0,8.0,8.0,10.0
2020/21,2021-05-08 19:15:00,Liverpool FC,Southampton FC,2.26367,1.2289,11.0,20.3125,20.3125,11.0,10.0,5.0,5.0,10.0
2020/21,2021-05-09 11:00:00,Wolverhampton Wanderers FC,Brighton & Hove Albion FC,1.1199,0.27571,9.19047619047619,12.227272727272727,12.227272727272727,9.19047619047619,9.0,9.0,9.0,9.0
2020/21,2021-05-09 13:05:00,Aston Villa FC,Manchester United FC,0.565472,1.88793,12.608695652173912,9.28,9.28,12.608695652173912,8.0,14.0,14.0,8.0
2020/21,2021-05-09 15:30:00,West Ham United FC,Everton FC,1.09704,1.56222,6.37037037037037,15.272727272727273,15.272727272727273,6.37037037037037,7.0,6.0,6.0,7.0
2020/21,2021-05-09 18:00:00,Arsenal FC,West Bromwich Albion FC,1.07042,1.83076,9.933333333333334,16.7,16.7,9.933333333333334,6.0,2.0,2.0,6.0
2020/21,2021-05-10 19:00:00,Fulham FC,Burnley FC,0.778074,1.65831,3.5238095238095237,10.4,10.4,3.5238095238095237,14.0,11.0,11.0,14.0
2020/21,2021-05-11 17:00:00,Manchester United FC,Leicester City FC,0.212874,0.991522,20.46153846153846,11.96551724137931,11.96551724137931,20.46153846153846,2.0,2.0,2.0,2.0
2020/21,2021-05-11 21:00:00,Southampton FC,Crystal Palace FC,1.58872,1.32586,5.565217391304348,12.310344827586206,12.310344827586206,5.565217391304348,5.0,8.0,8.0,5.0
2020/21,2021-05-12 19:15:00,Chelsea FC,Arsenal FC,1.56786,0.692043,20.272727272727273,19.88888888888889,19.88888888888889,20.272727272727273,14.0,3.0,3.0,14.0
2020/21,2021-05-13 19:15:00,Manchester United FC,Liverpool FC,1.71328,2.938,12.8,9.862068965517242,9.862068965517242,12.8,8.0,6.0,6.0,8.0
2020/21,2021-05-13 21:00:00,Aston Villa FC,Everton FC,0.558976,0.975408,16.5,14.904761904761905,14.904761904761905,16.5,5.0,8.0,8.0,5.0
2020/21,2021-05-14 19:00:00,Newcastle United FC,Manchester City FC,2.18312,1.477,47.55555555555556,2.914285714285714,2.914285714285714,47.55555555555556,2.0,13.0,13.0,2.0
2020/21,2021-05-15 11:30:00,Burnley FC,Leeds United FC,1.41338,1.85654,12.0,13.142857142857142,13.142857142857142,12.0,13.0,9.0,9.0,13.0
2020/21,2021-05-15 14:00:00,Southampton FC,Fulham FC,2.29146,0.875957,12.7,10.0,10.0,12.7,7.0,8.0,8.0,7.0
2020/21,2021-05-15 19:00:00,Brighton & Hove Albion FC,West Ham United FC,0.922587,1.92378,13.6,18.57894736842105,18.57894736842105,13.6,10.0,10.0,10.0,10.0
2020/21,2021-05-16 11:00:00,Crystal Palace FC,Aston Villa FC,1.95285,1.2303,7.038461538461538,7.823529411764706,7.823529411764706,7.038461538461538,9.0,13.0,13.0,9.0
2020/21,2021-05-16 13:05:00,Tottenham Hotspur FC,Wolverhampton Wanderers FC,3.13947,1.09206,11.555555555555555,18.45,18.45,11.555555555555555,7.0,5.0,5.0,7.0
2020/21,2021-05-16 15:30:00,West Bromwich Albion FC,Liverpool FC,1.14202,2.07854,21.857142857142858,4.052631578947368,4.052631578947368,21.857142857142858,3.0,20.0,20.0,3.0
2020/21,2021-05-16 18:00:00,Everton FC,Sheffield United FC,1.24609,1.391,9.65,14.428571428571429,14.428571428571429,9.65,12.0,5.0,5.0,12.0
2020/21,2021-05-18 17:00:00,Manchester United FC,Fulham FC,0.92243,0.872643,11.24,11.148148148148149,11.148148148148149,11.24,6.0,2.0,2.0,6.0
2020/21,2021-05-18 17:00:00,Southampton FC,Leeds United FC,1.3084,1.58132,7.193548387096774,6.193548387096774,6.193548387096774,7.193548387096774,8.0,7.0,7.0,8.0
2020/21,2021-05-18 18:00:00,Brighton & Hove Albion FC,Manchester City FC,1.22824,1.07139,7.392857142857143,18.3,18.3,7.392857142857143,14.0,1.0,1.0,14.0
2020/21,2021-05-18 19:15:00,Chelsea FC,Leicester City FC,2.86149,0.832596,6.964285714285714,10.966666666666667,10.966666666666667,6.964285714285714,11.0,5.0,5.0,11.0
2020/21,2021-05-19 17:00:00,Everton FC,Wolverhampton Wanderers FC,0.670997,0.265526,11.555555555555555,8.869565217391305,8.869565217391305,11.555555555555555,4.0,1.0,1.0,4.0
2020/21,2021-05-19 17:00:00,Newcastle United FC,Sheffield United FC,1.82508,0.882242,19.2,18.58823529411765,18.58823529411765,19.2,3.0,5.0,5.0,3.0
2020/21,2021-05-19 17:00:00,Tottenham Hotspur FC,Aston Villa FC,0.89279,1.63669,9.0,10.133333333333333,10.133333333333333,9.0,11.0,10.0,10.0,11.0
2020/21,2021-05-19 18:00:00,Crystal Palace FC,Arsenal FC,0.998377,1.7945,16.05263157894737,9.846153846153847,9.846153846153847,16.05263157894737,6.0,7.0,7.0,6.0
2020/21,2021-05-19 19:15:00,Burnley FC,Liverpool FC,0.837048,2.73316,11.64,13.153846153846153,13.153846153846153,11.64,11.0,13.0,13.0,11.0
2020/21,2021-05-19 19:15:00,West Bromwich Albion FC,West Ham United FC,1.10741,3.56991,8.823529411764707,9.352941176470589,9.352941176470589,8.823529411764707,6.0,9.0,9.0,6.0
2020/21,2021-05-23 15:00:00,Arsenal FC,Brighton & Hove Albion FC,0.772904,0.193968,17.333333333333332,18.941176470588236,18.941176470588236,17.333333333333332,13.0,4.0,4.0,13.0
2020/21,2021-05-23 15:00:00,Aston Villa FC,Chelsea FC,0.980413,3.43414,18.375,6.333333333333333,6.333333333333333,18.375,5.0,19.0,19.0,5.0
2020/21,2021-05-23 15:00:00,Fulham FC,Newcastle United FC,0.98902,1.60157,8.91304347826087,40.875,40.875,8.91304347826087,5.0,3.0,3.0,5.0
2020/21,2021-05-23 15:00:00,Leeds United FC,West Bromwich Albion FC,2.49009,1.02209,4.269230769230769,14.0,14.0,4.269230769230769,9.0,8.0,8.0,9.0
2020/21,2021-05-23 15:00:00,Leicester City FC,Tottenham Hotspur FC,1.82554,1.85229,10.88888888888889,13.333333333333334,13.333333333333334,10.88888888888889,2.0,6.0,6.0,2.0
2020/21,2021-05-23 15:00:00,Liverpool FC,Crystal Palace FC,2.20348,0.772317,5.391304347826087,16.75,16.75,5.391304347826087,17.0,1.0,1.0,17.0
2020/21,2021-05-23 15:00:00,Manchester City FC,Everton FC,2.88355,1.07258,10.0,19.115384615384617,19.115384615384617,10.0,9.0,3.0,3.0,9.0
2020/21,2021-05-23 15:00:00,Sheffield United FC,Burnley FC,0.420006,0.558508,8.653846153846153,9.352941176470589,9.352941176470589,8.653846153846153,4.0,10.0,10.0,4.0
2020/21,2021-05-23 15:00:00,West Ham United FC,Southampton FC,1.98344,1.35179,17.764705882352942,6.166666666666667,6.166666666666667,17.764705882352942,2.0,10.0,10.0,2.0
2020/21,2021-05-23 15:00:00,Wolverhampton Wanderers FC,Manchester United FC,0.701256,2.05229,8.25,29.181818181818183,29.181818181818183,8.25,5.0,6.0,6.0,5.0
2021/22,2021-08-13 19:00:00,Brentford FC,Arsenal FC,1.88818,1.02385,16.11111111111111,5.7727272727272725,5.7727272727272725,16.11111111111111,7.0,10.0,10.0,7.0
2021/22,2021-08-14 11:30:00,Manchester United FC,Leeds United FC,1.64248,0.568342,12.590909090909092,7.242424242424242,7.242424242424242,12.590909090909092,8.0,3.0,3.0,8.0
2021/22,2021-08-14 14:00:00,Burnley FC,Brighton & Hove Albion FC,1.79548,1.6853,17.88888888888889,7.933333333333334,7.933333333333334,17.88888888888889,3.0,7.0,7.0,3.0
2021/22,2021-08-14 14:00:00,Chelsea FC,Crystal Palace FC,1.18709,0.321701,6.595238095238095,71.0,71.0,6.595238095238095,14.0,3.0,3.0,14.0
2021/22,2021-08-14 14:00:00,Everton FC,Southampton FC,2.38863,0.580601,6.869565217391305,5.592592592592593,5.592592592592593,6.869565217391305,4.0,6.0,6.0,4.0
2021/22,2021-08-14 14:00:00,Leicester City FC,Wolverhampton Wanderers FC,0.668082,1.32714,11.5,20.263157894736842,20.263157894736842,11.5,6.0,7.0,7.0,6.0
2021/22,2021-08-14 14:00:00,Watford FC,Aston Villa FC,1.35036,1.13718,14.428571428571429,6.5,6.5,14.428571428571429,4.0,6.0,6.0,4.0
2021/22,2021-08-14 16:30:00,Norwich City FC,Liverpool FC,1.3333,1.78728,25.666666666666668,11.580645161290322,11.580645161290322,25.666666666666668,3.0,13.0,13.0,3.0
2021/22,2021-08-15 13:00:00,Newcastle United FC,West Ham United FC,1.67926,3.00939,24.5,11.619047619047619,11.619047619047619,24.5,5.0,10.0,10.0,5.0
2021/22,2021-08-15 15:30:00,Tottenham Hotspur FC,Manchester City FC,1.06014,2.10585,17.294117647058822,6.136363636363637,6.136363636363637,17.294117647058822,5.0,8.0,8.0,5.0
2021/22,2021-08-21 11:30:00,Liverpool FC,Burnley FC,2.63945,0.690464,7.0,12.727272727272727,12.727272727272727,7.0,8.0,3.0,3.0,8.0
2021/22,2021-08-21 14:00:00,Manchester City FC,Norwich City FC,2.43928,0.0250088,7.617647058823529,27.583333333333332,27.583333333333332,7.617647058823529,16.0,0.0,0.0,16.0
2021/22,2021-08-21 14:00:00,Aston Villa FC,Newcastle United FC,1.18426,0.63163,14.428571428571429,8.823529411764707,8.823529411764707,14.428571428571429,5.0,4.0,4.0,5.0
2021/22,2021-08-21 14:00:00,Crystal Palace FC,Brentford FC,0.606313,0.712439,9.2,8.172413793103448,8.172413793103448,9.2,5.0,6.0,6.0,5.0
2021/22,2021-08-21 14:00:00,Leeds United FC,Everton FC,0.966093,1.85713,5.428571428571429,17.0,17.0,5.428571428571429,4.0,6.0,6.0,4.0
2021/22,2021-08-21 16:30:00,Brighton & Hove Albion FC,Watford FC,1.77896,0.407224,12.666666666666666,25.866666666666667,25.866666666666667,12.666666666666666,7.0,6.0,6.0,7.0
2021/22,2021-08-22 13:00:00,Southampton FC,Manchester United FC,0.587526,2.26173,8.870967741935484,9.066666666666666,9.066666666666666,8.870967741935484,3.0,11.0,11.0,3.0
2021/22,2021-08-22 13:00:00,Wolverhampton Wanderers FC,Tottenham Hotspur FC,1.51127,1.72636,7.37037037037037,13.764705882352942,13.764705882352942,7.37037037037037,9.0,6.0,6.0,9.0
2021/22,2021-08-22 15:30:00,Arsenal FC,Chelsea FC,0.630099,3.64132,16.347826086956523,10.4,10.4,16.347826086956523,3.0,19.0,19.0,3.0
2021/22,2021-08-23 19:00:00,West Ham United FC,Leicester City FC,2.28613,0.62676,23.357142857142858,12.909090909090908,12.909090909090908,23.357142857142858,5.0,5.0,5.0,5.0
2021/22,2021-08-28 11:30:00,Manchester City FC,Arsenal FC,4.47273,0.116805,5.055555555555555,52.142857142857146,52.142857142857146,5.055555555555555,14.0,0.0,0.0,14.0
2021/22,2021-08-28 14:00:00,Newcastle United FC,Southampton FC,1.19077,3.46036,9.75,7.705882352941177,7.705882352941177,9.75,6.0,10.0,10.0,6.0
2021/22,2021-08-28 14:00:00,Norwich City FC,Leicester City FC,1.44084,1.27371,10.96,8.772727272727273,8.772727272727273,10.96,2.0,3.0,3.0,2.0
2021/22,2021-08-28 14:00:00,Aston Villa FC,Brentford FC,0.431464,1.13312,13.2,8.291666666666666,8.291666666666666,13.2,2.0,8.0,8.0,2.0
2021/22,2021-08-28 14:00:00,Brighton & Hove Albion FC,Everton FC,0.701622,1.54868,7.0,14.25925925925926,14.25925925925926,7.0,9.0,3.0,3.0,9.0
2021/22,2021-08-28 14:00:00,West Ham United FC,Crystal Palace FC,1.44748,1.67658,11.185185185185185,8.894736842105264,8.894736842105264,11.185185185185185,11.0,6.0,6.0,11.0
2021/22,2021-08-28 16:30:00,Liverpool FC,Chelsea FC,2.08462,0.573638,7.275862068965517,28.09090909090909,28.09090909090909,7.275862068965517,6.0,4.0,4.0,6.0
2021/22,2021-08-29 13:00:00,Burnley FC,Leeds United FC,1.71102,1.52078,14.416666666666666,8.133333333333333,8.133333333333333,14.416666666666666,2.0,9.0,9.0,2.0
2021/22,2021-08-29 13:00:00,Tottenham Hotspur FC,Watford FC,0.920963,0.596016,11.523809523809524,19.25,19.25,11.523809523809524,16.0,4.0,4.0,16.0
2021/22,2021-08-29 15:30:00,Wolverhampton Wanderers FC,Manchester United FC,1.79575,0.944083,24.642857142857142,9.153846153846153,9.153846153846153,24.642857142857142,6.0,8.0,8.0,6.0
2021/22,2021-09-11 11:30:00,Crystal Palace FC,Tottenham Hotspur FC,2.89372,0.0775646,6.035714285714286,12.761904761904763,12.761904761904763,6.035714285714286,7.0,1.0,1.0,7.0
2021/22,2021-09-11 14:00:00,Arsenal FC,Norwich City FC,2.68515,0.577292,12.5,19.363636363636363,19.363636363636363,12.5,13.0,5.0,5.0,13.0
2021/22,2021-09-11 14:00:00,Brentford FC,Brighton & Hove Albion FC,0.729786,0.287902,10.125,6.615384615384615,6.615384615384615,10.125,3.0,6.0,6.0,3.0
2021/22,2021-09-11 14:00:00,Leicester City FC,Manchester City FC,0.8001,2.75058,77.75,9.461538461538462,9.461538461538462,77.75,6.0,14.0,14.0,6.0
2021/22,2021-09-11 14:00:00,Manchester United FC,Newcastle United FC,2.77326,0.622042,8.583333333333334,36.42857142857143,36.42857142857143,8.583333333333334,11.0,1.0,1.0,11.0
2021/22,2021-09-11 14:00:00,Southampton FC,West Ham United FC,0.692135,0.725407,23.916666666666668,7.7,7.7,23.916666666666668,4.0,1.0,1.0,4.0
2021/22,2021-09-11 14:00:00,Watford FC,Wolverhampton Wanderers FC,0.185407,2.55922,14.047619047619047,7.225806451612903,7.225806451612903,14.047619047619047,3.0,7.0,7.0,3.0
2021/22,2021-09-11 16:30:00,Chelsea FC,Aston Villa FC,1.22153,1.17349,9.894736842105264,9.870967741935484,9.870967741935484,9.894736842105264,3.0,6.0,6.0,3.0
2021/22,2021-09-12 15:30:00,Leeds United FC,Liverpool FC,0.652514,4.4016,38.0,16.8,16.8,38.0,8.0,15.0,15.0,8.0
2021/22,2021-09-13 19:00:00,Everton FC,Burnley FC,1.80386,1.82061,11.9375,10.85,10.85,11.9375,7.0,4.0,4.0,7.0
2021/22,2021-09-17 19:00:00,Newcastle United FC,Leeds United FC,1.17668,1.42995,16.9,5.538461538461538,5.538461538461538,16.9,10.0,13.0,13.0,10.0
2021/22,2021-09-18 11:30:00,Wolverhampton Wanderers FC,Brentford FC,1.02316,2.32741,12.571428571428571,10.782608695652174,10.782608695652174,12.571428571428571,4.0,3.0,3.0,4.0
2021/22,2021-09-18 14:00:00,Norwich City FC,Watford FC,0.782665,2.42487,8.074074074074074,10.4,10.4,8.074074074074074,12.0,7.0,7.0,12.0
2021/22,2021-09-18 14:00:00,Burnley FC,Arsenal FC,0.775574,1.09928,12.695652173913043,10.823529411764707,10.823529411764707,12.695652173913043,9.0,7.0,7.0,9.0
2021/22,2021-09-18 14:00:00,Liverpool FC,Crystal Palace FC,2.76793,0.644168,5.166666666666667,20.333333333333332,20.333333333333332,5.166666666666667,8.0,8.0,8.0,8.0
2021/22,2021-09-18 14:00:00,Manchester City FC,Southampton FC,1.22451,0.490923,11.533333333333333,16.5,16.5,11.533333333333333,6.0,6.0,6.0,6.0
2021/22,2021-09-18 16:30:00,Aston Villa FC,Everton FC,0.777716,0.755035,8.222222222222221,11.882352941176471,11.882352941176471,8.222222222222221,5.0,2.0,2.0,5.0
2021/22,2021-09-19 13:00:00,Brighton & Hove Albion FC,Leicester City FC,1.47438,1.25373,13.761904761904763,8.857142857142858,8.857142857142858,13.761904761904763,6.0,12.0,12.0,6.0
2021/22,2021-09-19 13:00:00,West Ham United FC,Manchester United FC,1.6671,1.8954,16.8,12.555555555555555,12.555555555555555,16.8,7.0,7.0,7.0,7.0
2021/22,2021-09-19 15:30:00,Tottenham Hotspur FC,Chelsea FC,0.70567,2.5869,14.9,9.3125,9.3125,14.9,0.0,15.0,15.0,0.0
2021/22,2021-09-25 11:30:00,Chelsea FC,Manchester City FC,0.194202,1.69244,21.4375,9.133333333333333,9.133333333333333,21.4375,4.0,9.0,9.0,4.0
2021/22,2021-09-25 11:30:00,Manchester United FC,Aston Villa FC,1.9251,1.57249,6.277777777777778,9.409090909090908,9.409090909090908,6.277777777777778,5.0,6.0,6.0,5.0
2021/22,2021-09-25 14:00:00,Watford FC,Newcastle United FC,0.904061,2.52338,5.379310344827586,8.0,8.0,5.379310344827586,3.0,4.0,4.0,3.0
2021/22,2021-09-25 14:00:00,Everton FC,Norwich City FC,2.26681,0.800903,10.607142857142858,14.0,14.0,10.607142857142858,6.0,4.0,4.0,6.0
2021/22,2021-09-25 14:00:00,Leeds United FC,West Ham United FC,1.1967,1.98962,13.642857142857142,20.333333333333332,20.333333333333332,13.642857142857142,8.0,5.0,5.0,8.0
2021/22,2021-09-25 14:00:00,Leicester City FC,Burnley FC,2.16233,0.428866,9.076923076923077,14.08695652173913,14.08695652173913,9.076923076923077,17.0,9.0,9.0,17.0
2021/22,2021-09-25 16:30:00,Brentford FC,Liverpool FC,2.94058,2.25736,23.7,6.705882352941177,6.705882352941177,23.7,4.0,12.0,12.0,4.0
2021/22,2021-09-26 13:00:00,Southampton FC,Wolverhampton Wanderers FC,0.909342,0.909833,8.363636363636363,32.375,32.375,8.363636363636363,7.0,3.0,3.0,7.0
2021/22,2021-09-26 15:30:00,Arsenal FC,Tottenham Hotspur FC,1.44499,0.980166,16.4,12.5,12.5,16.4,5.0,2.0,2.0,5.0
2021/22,2021-09-27 19:00:00,Crystal Palace FC,Brighton & Hove Albion FC,1.36836,0.649566,17.38095238095238,11.043478260869565,11.043478260869565,17.38095238095238,4.0,5.0,5.0,4.0
2021/22,2021-10-02 11:30:00,Manchester United FC,Everton FC,1.0496,1.32211,8.133333333333333,19.8125,19.8125,8.133333333333333,12.0,2.0,2.0,12.0
2021/22,2021-10-02 14:00:00,Burnley FC,Norwich City FC,0.584725,0.673617,7.6923076923076925,16.166666666666668,16.166666666666668,7.6923076923076925,6.0,9.0,9.0,6.0
2021/22,2021-10-02 14:00:00,Chelsea FC,Southampton FC,3.79243,1.52634,7.291666666666667,9.472222222222221,9.472222222222221,7.291666666666667,12.0,4.0,4.0,12.0
2021/22,2021-10-02 14:00:00,Leeds United FC,Watford FC,1.57388,0.192794,6.75,13.857142857142858,13.857142857142858,6.75,9.0,4.0,4.0,9.0
2021/22,2021-10-02 14:00:00,Wolverhampton Wanderers FC,Newcastle United FC,1.15849,0.865217,10.666666666666666,13.142857142857142,13.142857142857142,10.666666666666666,3.0,1.0,1.0,3.0
2021/22,2021-10-02 16:30:00,Brighton & Hove Albion FC,Arsenal FC,1.11551,0.36431,8.75,30.125,30.125,8.75,9.0,7.0,7.0,9.0
2021/22,2021-10-03 13:00:00,Crystal Palace FC,Leicester City FC,1.1703,1.04322,6.8,9.323529411764707,9.323529411764707,6.8,13.0,1.0,1.0,13.0
2021/22,2021-10-03 13:00:00,Tottenham Hotspur FC,Aston Villa FC,1.78187,1.07395,7.85,7.2727272727272725,7.2727272727272725,7.85,11.0,11.0,11.0,11.0
2021/22,2021-10-03 13:00:00,West Ham United FC,Brentford FC,1.37258,1.30098,6.0,13.428571428571429,13.428571428571429,6.0,8.0,1.0,1.0,8.0
2021/22,2021-10-03 15:30:00,Liverpool FC,Manchester City FC,0.949368,1.04319,10.483870967741936,29.3,29.3,10.483870967741936,7.0,11.0,11.0,7.0
2021/22,2021-10-16 11:30:00,Watford FC,Liverpool FC,0.302302,3.65553,45.09090909090909,4.88,4.88,45.09090909090909,5.0,10.0,10.0,5.0
2021/22,2021-10-16 14:00:00,Aston Villa FC,Wolverhampton Wanderers FC,1.21276,2.19633,12.6875,9.115384615384615,9.115384615384615,12.6875,7.0,10.0,10.0,7.0
2021/22,2021-10-16 14:00:00,Leicester City FC,Manchester United FC,2.96611,1.02494,13.285714285714286,12.346153846153847,12.346153846153847,13.285714285714286,10.0,4.0,4.0,10.0
2021/22,2021-10-16 14:00:00,Manchester City FC,Burnley FC,2.15712,1.07719,8.529411764705882,23.466666666666665,23.466666666666665,8.529411764705882,18.0,6.0,6.0,18.0
2021/22,2021-10-16 14:00:00,Norwich City FC,Brighton & Hove Albion FC,1.16088,1.17572,24.0,5.913043478260869,5.913043478260869,24.0,6.0,15.0,15.0,6.0
2021/22,2021-10-16 14:00:00,Southampton FC,Leeds United FC,1.83082,0.446173,7.647058823529412,5.612903225806452,5.612903225806452,7.647058823529412,4.0,4.0,4.0,4.0
2021/22,2021-10-16 16:30:00,Brentford FC,Chelsea FC,1.62169,0.248256,14.263157894736842,13.866666666666667,13.866666666666667,14.263157894736842,16.0,8.0,8.0,16.0
2021/22,2021-10-17 13:00:00,Everton FC,West Ham United FC,0.854165,2.03034,18.41176470588235,11.307692307692308,11.307692307692308,18.41176470588235,8.0,9.0,9.0,8.0
2021/22,2021-10-17 15:30:00,Newcastle United FC,Tottenham Hotspur FC,0.645658,1.55008,11.5625,9.15,9.15,11.5625,3.0,10.0,10.0,3.0
2021/22,2021-10-18 19:00:00,Arsenal FC,Crystal Palace FC,1.7436,0.492239,16.894736842105264,21.384615384615383,21.384615384615383,16.894736842105264,10.0,3.0,3.0,10.0
2021/22,2021-10-22 19:00:00,Arsenal FC,Aston Villa FC,3.4984,1.41088,9.73913043478261,13.25,13.25,9.73913043478261,14.0,7.0,7.0,14.0
2021/22,2021-10-23 11:30:00,Chelsea FC,Norwich City FC,3.10509,0.267429,6.888888888888889,18.166666666666668,18.166666666666668,6.888888888888889,10.0,0.0,0.0,10.0
2021/22,2021-10-23 14:00:00,Crystal Palace FC,Newcastle United FC,2.25588,0.721813,5.117647058823529,25.666666666666668,25.666666666666668,5.117647058823529,9.0,4.0,4.0,9.0
2021/22,2021-10-23 14:00:00,Everton FC,Watford FC,1.84089,3.10344,10.68421052631579,13.428571428571429,13.428571428571429,10.68421052631579,12.0,6.0,6.0,12.0
2021/22,2021-10-23 14:00:00,Leeds United FC,Wolverhampton Wanderers FC,1.71313,0.858644,3.6,15.555555555555555,15.555555555555555,3.6,4.0,2.0,2.0,4.0
2021/22,2021-10-23 14:00:00,Southampton FC,Burnley FC,1.42567,0.673195,6.333333333333333,9.727272727272727,9.727272727272727,6.333333333333333,6.0,4.0,4.0,6.0
2021/22,2021-10-23 16:30:00,Brighton & Hove Albion FC,Manchester City FC,1.1695,3.57376,9.793103448275861,23.785714285714285,23.785714285714285,9.793103448275861,7.0,10.0,10.0,7.0
2021/22,2021-10-24 13:00:00,Brentford FC,Leicester City FC,1.16789,1.00254,5.837837837837838,21.333333333333332,21.333333333333332,5.837837837837838,7.0,5.0,5.0,7.0
2021/22,2021-10-24 13:00:00,West Ham United FC,Tottenham Hotspur FC,1.73468,0.672198,21.58823529411765,11.3,11.3,21.58823529411765,6.0,2.0,2.0,6.0
2021/22,2021-10-24 15:30:00,Manchester United FC,Liverpool FC,1.35584,4.04765,60.714285714285715,8.23076923076923,8.23076923076923,60.714285714285715,7.0,13.0,13.0,7.0
2021/22,2021-10-30 11:30:00,Leicester City FC,Arsenal FC,1.98801,1.10288,9.105263157894736,24.933333333333334,24.933333333333334,9.105263157894736,9.0,5.0,5.0,9.0
2021/22,2021-10-30 14:00:00,Burnley FC,Brentford FC,2.72901,0.834312,16.263157894736842,9.210526315789474,9.210526315789474,16.263157894736842,2.0,2.0,2.0,2.0
2021/22,2021-10-30 14:00:00,Liverpool FC,Brighton & Hove Albion FC,1.39778,1.51032,11.826086956521738,26.4,26.4,11.826086956521738,11.0,4.0,4.0,11.0
2021/22,2021-10-30 14:00:00,Manchester City FC,Crystal Palace FC,0.65739,1.05029,7.2,16.68421052631579,16.68421052631579,7.2,12.0,5.0,5.0,12.0
2021/22,2021-10-30 14:00:00,Newcastle United FC,Chelsea FC,0.157616,2.16608,21.066666666666666,3.8947368421052633,3.8947368421052633,21.066666666666666,0.0,14.0,14.0,0.0
2021/22,2021-10-30 14:00:00,Watford FC,Southampton FC,0.852556,1.90757,10.038461538461538,7.052631578947368,7.052631578947368,10.038461538461538,4.0,11.0,11.0,4.0
2021/22,2021-10-30 16:30:00,Tottenham Hotspur FC,Manchester United FC,1.15787,1.38612,7.172413793103448,10.275862068965518,10.275862068965518,7.172413793103448,3.0,9.0,9.0,3.0
2021/22,2021-10-31 14:00:00,Norwich City FC,Leeds United FC,0.661887,1.16855,8.727272727272727,4.285714285714286,4.285714285714286,8.727272727272727,2.0,5.0,5.0,2.0
2021/22,2021-10-31 16:30:00,Aston Villa FC,West Ham United FC,0.687551,2.66391,22.75,6.869565217391305,6.869565217391305,22.75,3.0,4.0,4.0,3.0
2021/22,2021-11-01 20:00:00,Wolverhampton Wanderers FC,Everton FC,1.69344,1.69767,8.5,13.464285714285714,13.464285714285714,8.5,6.0,7.0,7.0,6.0
2021/22,2021-11-05 20:00:00,Southampton FC,Aston Villa FC,0.89818,0.536077,5.458333333333333,10.652173913043478,10.652173913043478,5.458333333333333,8.0,13.0,13.0,8.0
2021/22,2021-11-06 12:30:00,Manchester United FC,Manchester City FC,0.759561,2.04202,23.470588235294116,10.304347826086957,10.304347826086957,23.470588235294116,0.0,8.0,8.0,0.0
2021/22,2021-11-06 15:00:00,Brentford FC,Norwich City FC,2.79229,1.15797,6.782608695652174,14.722222222222221,14.722222222222221,6.782608695652174,11.0,4.0,4.0,11.0
2021/22,2021-11-06 15:00:00,Chelsea FC,Burnley FC,3.00585,0.674072,13.6,15.904761904761905,15.904761904761905,13.6,16.0,5.0,5.0,16.0
2021/22,2021-11-06 15:00:00,Crystal Palace FC,Wolverhampton Wanderers FC,2.65161,0.25416,6.419354838709677,16.047619047619047,16.047619047619047,6.419354838709677,10.0,2.0,2.0,10.0
2021/22,2021-11-06 17:30:00,Brighton & Hove Albion FC,Newcastle United FC,1.43123,0.227321,7.0344827586206895,20.3,20.3,7.0344827586206895,6.0,1.0,1.0,6.0
2021/22,2021-11-07 14:00:00,Arsenal FC,Watford FC,1.49208,0.491659,11.866666666666667,10.892857142857142,10.892857142857142,11.866666666666667,7.0,1.0,1.0,7.0
2021/22,2021-11-07 14:00:00,Everton FC,Tottenham Hotspur FC,0.597906,0.801798,10.419354838709678,9.041666666666666,9.041666666666666,10.419354838709678,9.0,3.0,3.0,9.0
2021/22,2021-11-07 14:00:00,Leeds United FC,Leicester City FC,1.96551,0.795292,8.772727272727273,12.444444444444445,12.444444444444445,8.772727272727273,5.0,4.0,4.0,5.0
2021/22,2021-11-07 16:30:00,West Ham United FC,Liverpool FC,1.25298,1.45641,20.6,6.636363636363637,6.636363636363637,20.6,3.0,16.0,16.0,3.0
2021/22,2021-11-20 12:30:00,Leicester City FC,Chelsea FC,0.499504,2.57178,10.0,8.869565217391305,8.869565217391305,10.0,1.0,8.0,8.0,1.0
2021/22,2021-11-20 15:00:00,Aston Villa FC,Brighton & Hove Albion FC,1.06946,0.582787,17.818181818181817,7.590909090909091,7.590909090909091,17.818181818181817,6.0,4.0,4.0,6.0
2021/22,2021-11-20 15:00:00,Burnley FC,Crystal Palace FC,1.04224,1.74839,11.782608695652174,17.875,17.875,11.782608695652174,5.0,9.0,9.0,5.0
2021/22,2021-11-20 15:00:00,Newcastle United FC,Brentford FC,2.18388,1.23275,7.7,7.65,7.65,7.7,8.0,6.0,6.0,8.0
2021/22,2021-11-20 15:00:00,Norwich City FC,Southampton FC,0.43778,1.13118,10.75,7.764705882352941,7.764705882352941,10.75,4.0,9.0,9.0,4.0
2021/22,2021-11-20 15:00:00,Watford FC,Manchester United FC,2.73393,1.66794,13.037037037037036,24.4,24.4,13.037037037037036,7.0,9.0,9.0,7.0
2021/22,2021-11-20 15:00:00,Wolverhampton Wanderers FC,West Ham United FC,1.31903,0.436331,21.692307692307693,11.714285714285714,11.714285714285714,21.692307692307693,5.0,7.0,7.0,5.0
2021/22,2021-11-20 17:30:00,Liverpool FC,Arsenal FC,3.97374,0.268025,6.774193548387097,28.133333333333333,28.133333333333333,6.774193548387097,13.0,0.0,0.0,13.0
2021/22,2021-11-21 14:00:00,Manchester City FC,Everton FC,2.61302,0.266894,6.833333333333333,58.0,58.0,6.833333333333333,14.0,3.0,3.0,14.0
2021/22,2021-11-21 16:30:00,Tottenham Hotspur FC,Leeds United FC,2.31744,1.46689,9.59375,7.419354838709677,7.419354838709677,9.59375,8.0,5.0,5.0,8.0
2021/22,2021-11-27 12:30:00,Arsenal FC,Newcastle United FC,2.84493,0.185383,7.037037037037037,16.736842105263158,16.736842105263158,7.037037037037037,13.0,4.0,4.0,13.0
2021/22,2021-11-27 15:00:00,Crystal Palace FC,Aston Villa FC,0.962129,0.454305,9.05,26.307692307692307,26.307692307692307,9.05,5.0,6.0,6.0,5.0
2021/22,2021-11-27 15:00:00,Liverpool FC,Southampton FC,3.07278,0.966132,9.61111111111111,15.217391304347826,15.217391304347826,9.61111111111111,14.0,2.0,2.0,14.0
2021/22,2021-11-27 15:00:00,Norwich City FC,Wolverhampton Wanderers FC,1.4047,0.297157,13.333333333333334,16.0,16.0,13.333333333333334,9.0,5.0,5.0,9.0
2021/22,2021-11-27 17:30:00,Brighton & Hove Albion FC,Leeds United FC,1.90498,0.864829,9.238095238095237,6.837837837837838,6.837837837837838,9.238095238095237,13.0,6.0,6.0,13.0
2021/22,2021-11-28 14:00:00,Brentford FC,Everton FC,1.19813,0.968075,13.210526315789474,6.9655172413793105,6.9655172413793105,13.210526315789474,3.0,9.0,9.0,3.0
2021/22,2021-11-28 14:00:00,Leicester City FC,Watford FC,2.16027,2.38383,11.8,5.0,5.0,11.8,8.0,4.0,4.0,8.0
2021/22,2021-11-28 14:00:00,Manchester City FC,West Ham United FC,2.72187,0.171763,7.333333333333333,23.88235294117647,23.88235294117647,7.333333333333333,9.0,5.0,5.0,9.0
2021/22,2021-11-28 16:30:00,Chelsea FC,Manchester United FC,2.34525,0.563367,5.375,16.7,16.7,5.375,5.0,2.0,2.0,5.0
2021/22,2021-11-30 19:30:00,Newcastle United FC,Norwich City FC,1.15636,1.51084,36.625,4.923076923076923,4.923076923076923,36.625,2.0,8.0,8.0,2.0
2021/22,2021-11-30 20:15:00,Leeds United FC,Crystal Palace FC,1.9818,0.707328,3.8421052631578947,12.636363636363637,12.636363636363637,3.8421052631578947,5.0,4.0,4.0,5.0
2021/22,2021-12-01 19:30:00,Watford FC,Chelsea FC,0.990877,0.908574,6.9655172413793105,7.875,7.875,6.9655172413793105,7.0,7.0,7.0,7.0
2021/22,2021-12-01 19:30:00,West Ham United FC,Brighton & Hove Albion FC,1.14679,1.2607,13.375,3.5357142857142856,3.5357142857142856,13.375,5.0,10.0,10.0,5.0
2021/22,2021-12-01 19:30:00,Wolverhampton Wanderers FC,Burnley FC,0.711691,0.195537,7.0,14.0,14.0,7.0,5.0,6.0,6.0,5.0
2021/22,2021-12-01 19:30:00,Southampton FC,Leicester City FC,1.91169,1.4401,10.076923076923077,8.833333333333334,8.833333333333334,10.076923076923077,10.0,5.0,5.0,10.0
2021/22,2021-12-01 20:15:00,Aston Villa FC,Manchester City FC,0.772083,1.01897,15.1,8.727272727272727,8.727272727272727,15.1,4.0,9.0,9.0,4.0
2021/22,2021-12-01 20:15:00,Everton FC,Liverpool FC,0.512263,2.86067,15.636363636363637,4.461538461538462,4.461538461538462,15.636363636363637,1.0,10.0,10.0,1.0
2021/22,2021-12-02 19:30:00,Tottenham Hotspur FC,Brentford FC,2.07248,0.225492,17.5,15.8125,15.8125,17.5,6.0,7.0,7.0,6.0
2021/22,2021-12-02 20:15:00,Manchester United FC,Arsenal FC,1.85597,1.16638,14.85,11.647058823529411,11.647058823529411,14.85,9.0,4.0,4.0,9.0
2021/22,2021-12-04 12:30:00,West Ham United FC,Chelsea FC,2.0174,1.37049,12.6,9.45,9.45,12.6,4.0,13.0,13.0,4.0
2021/22,2021-12-04 15:00:00,Newcastle United FC,Burnley FC,1.70609,0.604599,16.25,6.666666666666667,6.666666666666667,16.25,4.0,6.0,6.0,4.0
2021/22,2021-12-04 15:00:00,Southampton FC,Brighton & Hove Albion FC,1.34236,1.4872,8.652173913043478,4.24,4.24,8.652173913043478,8.0,6.0,6.0,8.0
2021/22,2021-12-04 15:00:00,Wolverhampton Wanderers FC,Liverpool FC,0.095167,2.42332,39.625,7.333333333333333,7.333333333333333,39.625,1.0,16.0,16.0,1.0
2021/22,2021-12-04 17:30:00,Watford FC,Manchester City FC,0.675105,4.03223,32.13333333333333,6.235294117647059,6.235294117647059,32.13333333333333,2.0,27.0,27.0,2.0
2021/22,2021-12-05 14:00:00,Leeds United FC,Brentford FC,1.41896,1.19959,4.785714285714286,11.08695652173913,11.08695652173913,4.785714285714286,7.0,5.0,5.0,7.0
2021/22,2021-12-05 14:00:00,Manchester United FC,Crystal Palace FC,0.870376,0.520593,7.0,14.866666666666667,14.866666666666667,7.0,13.0,3.0,3.0,13.0
2021/22,2021-12-05 14:00:00,Tottenham Hotspur FC,Norwich City FC,2.00668,1.06562,24.05263157894737,22.545454545454547,22.545454545454547,24.05263157894737,3.0,9.0,9.0,3.0
2021/22,2021-12-05 16:30:00,Aston Villa FC,Leicester City FC,1.84818,0.982614,13.5,4.076923076923077,4.076923076923077,13.5,7.0,12.0,12.0,7.0
2021/22,2021-12-06 20:00:00,Everton FC,Arsenal FC,1.06108,1.05723,15.434782608695652,9.0,9.0,15.434782608695652,5.0,8.0,8.0,5.0
2021/22,2021-12-10 20:00:00,Brentford FC,Watford FC,1.82799,0.561554,4.103448275862069,10.217391304347826,10.217391304347826,4.103448275862069,6.0,2.0,2.0,6.0
2021/22,2021-12-11 12:30:00,Manchester City FC,Wolverhampton Wanderers FC,2.99915,0.0762839,6.25,47.42857142857143,47.42857142857143,6.25,23.0,1.0,1.0,23.0
2021/22,2021-12-11 15:00:00,Arsenal FC,Southampton FC,2.08429,0.502215,21.375,20.0,20.0,21.375,7.0,2.0,2.0,7.0
2021/22,2021-12-11 15:00:00,Chelsea FC,Leeds United FC,2.74844,1.72934,7.0,11.722222222222221,11.722222222222221,7.0,8.0,1.0,1.0,8.0
2021/22,2021-12-11 15:00:00,Liverpool FC,Aston Villa FC,2.71181,0.140573,5.233333333333333,24.727272727272727,24.727272727272727,5.233333333333333,15.0,4.0,4.0,15.0
2021/22,2021-12-11 17:30:00,Norwich City FC,Manchester United FC,0.986107,2.09817,24.7,8.551724137931034,8.551724137931034,24.7,8.0,9.0,9.0,8.0
2021/22,2021-12-12 14:00:00,Burnley FC,West Ham United FC,0.54801,0.998813,11.411764705882353,7.176470588235294,7.176470588235294,11.411764705882353,3.0,8.0,8.0,3.0
2021/22,2021-12-12 14:00:00,Leicester City FC,Newcastle United FC,2.05771,0.511934,12.166666666666666,7.387096774193548,7.387096774193548,12.166666666666666,8.0,7.0,7.0,8.0
2021/22,2021-12-12 16:30:00,Crystal Palace FC,Everton FC,2.09864,1.27556,8.125,9.612903225806452,9.612903225806452,8.125,8.0,5.0,5.0,8.0
2021/22,2021-12-14 19:45:00,Norwich City FC,Aston Villa FC,0.502647,1.96261,8.772727272727273,14.15,14.15,8.772727272727273,5.0,14.0,14.0,5.0
2021/22,2021-12-14 20:00:00,Manchester City FC,Leeds United FC,3.31349,0.227498,11.65,27.0,27.0,11.65,14.0,2.0,2.0,14.0
2021/22,2021-12-15 19:30:00,Brighton & Hove Albion FC,Wolverhampton Wanderers FC,1.20118,1.11736,6.333333333333333,17.933333333333334,17.933333333333334,6.333333333333333,2.0,3.0,3.0,2.0
2021/22,2021-12-15 19:30:00,Crystal Palace FC,Southampton FC,1.49244,0.625183,5.333333333333333,6.358974358974359,6.358974358974359,5.333333333333333,4.0,2.0,2.0,4.0
2021/22,2021-12-15 20:00:00,Arsenal FC,West Ham United FC,2.81482,0.338855,9.090909090909092,13.444444444444445,13.444444444444445,9.090909090909092,13.0,0.0,0.0,13.0
2021/22,2021-12-16 19:45:00,Chelsea FC,Everton FC,3.20239,0.627528,5.066666666666666,25.235294117647058,25.235294117647058,5.066666666666666,14.0,0.0,0.0,14.0
2021/22,2021-12-16 20:00:00,Liverpool FC,Newcastle United FC,2.93912,0.2064,5.12,35.3,35.3,5.12,14.0,2.0,2.0,14.0
2021/22,2021-12-18 17:30:00,Leeds United FC,Arsenal FC,1.31408,3.69008,14.125,7.483870967741935,7.483870967741935,14.125,7.0,14.0,14.0,7.0
2021/22,2021-12-19 14:00:00,Wolverhampton Wanderers FC,Chelsea FC,0.321371,0.793952,33.5,10.416666666666666,10.416666666666666,33.5,4.0,11.0,11.0,4.0
2021/22,2021-12-19 14:15:00,Newcastle United FC,Manchester City FC,0.174208,3.64686,23.263157894736842,9.588235294117647,9.588235294117647,23.263157894736842,5.0,11.0,11.0,5.0
2021/22,2021-12-19 16:30:00,Tottenham Hotspur FC,Liverpool FC,2.79777,1.54944,21.181818181818183,6.638888888888889,6.638888888888889,21.181818181818183,11.0,13.0,13.0,11.0
2021/22,2021-12-26 15:00:00,Manchester City FC,Leicester City FC,3.82869,2.43425,8.958333333333334,43.0,43.0,8.958333333333334,12.0,6.0,6.0,12.0
2021/22,2021-12-26 15:00:00,Norwich City FC,Arsenal FC,0.154212,2.87539,13.88,9.5625,9.5625,13.88,1.0,10.0,10.0,1.0
2021/22,2021-12-26 15:00:00,Tottenham Hotspur FC,Crystal Palace FC,2.82148,0.178324,5.666666666666667,14.0,14.0,5.666666666666667,15.0,2.0,2.0,15.0
2021/22,2021-12-26 15:00:00,West Ham United FC,Southampton FC,1.53745,1.35643,9.555555555555555,9.363636363636363,9.363636363636363,9.555555555555555,10.0,2.0,2.0,10.0
2021/22,2021-12-26 17:30:00,Aston Villa FC,Chelsea FC,0.474029,2.8285,23.0,9.233333333333333,9.233333333333333,23.0,6.0,14.0,14.0,6.0
2021/22,2021-12-26 20:00:00,Brighton & Hove Albion FC,Brentford FC,0.943363,1.10342,10.32,12.631578947368421,12.631578947368421,10.32,7.0,7.0,7.0,7.0
2021/22,2021-12-27 20:00:00,Newcastle United FC,Manchester United FC,1.26586,1.75587,14.181818181818182,5.588235294117647,5.588235294117647,14.181818181818182,5.0,4.0,4.0,5.0
2021/22,2021-12-28 15:00:00,Watford FC,West Ham United FC,1.0143,2.84084,9.043478260869565,4.724137931034483,4.724137931034483,9.043478260869565,3.0,6.0,6.0,3.0
2021/22,2021-12-28 15:00:00,Crystal Palace FC,Norwich City FC,2.38978,0.594134,10.894736842105264,11.142857142857142,11.142857142857142,10.894736842105264,8.0,5.0,5.0,8.0
2021/22,2021-12-28 15:00:00,Southampton FC,Tottenham Hotspur FC,0.353043,2.80917,8.142857142857142,7.642857142857143,7.642857142857143,8.142857142857142,0.0,10.0,10.0,0.0
2021/22,2021-12-28 20:00:00,Leicester City FC,Liverpool FC,0.615892,2.72682,18.583333333333332,6.0,6.0,18.583333333333332,6.0,22.0,22.0,6.0
2021/22,2021-12-29 19:30:00,Chelsea FC,Brighton & Hove Albion FC,0.763458,0.78663,9.222222222222221,12.625,12.625,9.222222222222221,10.0,11.0,11.0,10.0
2021/22,2021-12-29 20:15:00,Brentford FC,Manchester City FC,0.238829,1.01763,13.090909090909092,5.090909090909091,5.090909090909091,13.090909090909092,3.0,6.0,6.0,3.0
2021/22,2021-12-30 20:15:00,Manchester United FC,Burnley FC,1.80776,0.871738,20.2,11.857142857142858,11.857142857142858,20.2,6.0,6.0,6.0,6.0
2021/22,2022-01-01 12:30:00,Arsenal FC,Manchester City FC,0.836949,1.94623,13.12,7.0,7.0,13.12,4.0,8.0,8.0,4.0
2021/22,2022-01-01 15:00:00,Watford FC,Tottenham Hotspur FC,0.303514,1.93752,31.77777777777778,5.64,5.64,31.77777777777778,0.0,20.0,20.0,0.0
2021/22,2022-01-01 17:30:00,Crystal Palace FC,West Ham United FC,2.69204,2.23146,10.2,9.823529411764707,9.823529411764707,10.2,11.0,4.0,4.0,11.0
2021/22,2022-01-02 14:00:00,Brentford FC,Aston Villa FC,0.501329,1.13821,8.1,12.941176470588236,12.941176470588236,8.1,4.0,6.0,6.0,4.0
2021/22,2022-01-02 14:00:00,Everton FC,Brighton & Hove Albion FC,1.82698,1.48397,11.31578947368421,8.08695652173913,8.08695652173913,11.31578947368421,5.0,8.0,8.0,5.0
2021/22,2022-01-02 14:00:00,Leeds United FC,Burnley FC,2.04186,0.960493,6.166666666666667,8.619047619047619,8.619047619047619,6.166666666666667,8.0,2.0,2.0,8.0
2021/22,2022-01-02 16:30:00,Chelsea FC,Liverpool FC,1.389,1.78897,8.833333333333334,12.36,12.36,8.833333333333334,8.0,4.0,4.0,8.0
2021/22,2022-01-03 17:30:00,Manchester United FC,Wolverhampton Wanderers FC,0.768752,0.840925,14.058823529411764,14.11111111111111,14.11111111111111,14.058823529411764,3.0,7.0,7.0,3.0
2021/22,2022-01-11 21:45:00,Southampton FC,Brentford FC,1.59306,0.621466,8.576923076923077,9.777777777777779,9.777777777777779,8.576923076923077,1.0,3.0,3.0,1.0
2021/22,2022-01-12 21:45:00,West Ham United FC,Norwich City FC,2.89217,0.343347,9.55,28.5,28.5,9.55,12.0,4.0,4.0,12.0
2021/22,2022-01-14 20:00:00,Brighton & Hove Albion FC,Crystal Palace FC,2.18053,0.509681,5.321428571428571,24.583333333333332,24.583333333333332,5.321428571428571,11.0,4.0,4.0,11.0
2021/22,2022-01-15 12:30:00,Manchester City FC,Chelsea FC,0.901703,0.613757,13.347826086956522,16.9,16.9,13.347826086956522,6.0,2.0,2.0,6.0
2021/22,2022-01-15 15:00:00,Newcastle United FC,Watford FC,1.03855,1.49623,7.34375,10.238095238095237,10.238095238095237,7.34375,4.0,7.0,7.0,4.0
2021/22,2022-01-15 15:00:00,Norwich City FC,Everton FC,1.00153,0.541027,12.1,5.346153846153846,5.346153846153846,12.1,4.0,7.0,7.0,4.0
2021/22,2022-01-15 15:00:00,Wolverhampton Wanderers FC,Southampton FC,2.29917,0.91728,9.48,12.846153846153847,12.846153846153847,9.48,4.0,8.0,8.0,4.0
2021/22,2022-01-15 17:30:00,Aston Villa FC,Manchester United FC,1.82784,1.35378,14.368421052631579,10.655172413793103,10.655172413793103,14.368421052631579,12.0,4.0,4.0,12.0
2021/22,2022-01-16 14:00:00,Liverpool FC,Brentford FC,3.49099,0.376656,8.823529411764707,15.15,15.15,8.823529411764707,11.0,5.0,5.0,11.0
2021/22,2022-01-16 14:00:00,West Ham United FC,Leeds United FC,2.3549,2.26884,9.36,8.45,8.45,9.36,9.0,6.0,6.0,9.0
2021/22,2022-01-18 09:45:00,Brighton & Hove Albion FC,Chelsea FC,0.747557,0.572994,14.217391304347826,13.125,13.125,14.217391304347826,13.0,11.0,11.0,13.0
2021/22,2022-01-19 19:30:00,Leicester City FC,Tottenham Hotspur FC,1.95031,4.24711,29.5,16.130434782608695,16.130434782608695,29.5,6.0,11.0,11.0,6.0
2021/22,2022-01-19 20:00:00,Brentford FC,Manchester United FC,2.081,2.05969,10.52,12.0625,12.0625,10.52,8.0,6.0,6.0,8.0
2021/22,2022-01-21 20:00:00,Watford FC,Norwich City FC,1.30606,0.925212,5.090909090909091,8.25,8.25,5.090909090909091,9.0,2.0,2.0,9.0
2021/22,2022-01-22 12:30:00,Everton FC,Aston Villa FC,1.2384,0.860245,6.620689655172414,4.875,4.875,6.620689655172414,1.0,5.0,5.0,1.0
2021/22,2022-01-22 15:00:00,Brentford FC,Wolverhampton Wanderers FC,0.742573,0.218211,10.08695652173913,15.933333333333334,15.933333333333334,10.08695652173913,6.0,2.0,2.0,6.0
2021/22,2022-01-22 15:00:00,Leeds United FC,Newcastle United FC,1.12992,1.15904,6.105263157894737,13.210526315789474,13.210526315789474,6.105263157894737,11.0,9.0,9.0,11.0
2021/22,2022-01-22 15:00:00,Manchester United FC,West Ham United FC,1.75857,0.238027,12.052631578947368,11.84,11.84,12.052631578947368,12.0,3.0,3.0,12.0
2021/22,2022-01-22 17:30:00,Southampton FC,Manchester City FC,1.00222,1.62907,20.941176470588236,4.9,4.9,20.941176470588236,1.0,17.0,17.0,1.0
2021/22,2022-01-23 14:00:00,Arsenal FC,Burnley FC,1.35507,0.388963,6.0,24.785714285714285,24.785714285714285,6.0,11.0,5.0,5.0,11.0
2021/22,2022-01-23 14:00:00,Crystal Palace FC,Liverpool FC,1.62615,1.49697,10.88888888888889,13.571428571428571,13.571428571428571,10.88888888888889,5.0,11.0,11.0,5.0
2021/22,2022-01-23 14:00:00,Leicester City FC,Brighton & Hove Albion FC,1.70979,1.19738,16.72222222222222,10.217391304347826,10.217391304347826,16.72222222222222,10.0,8.0,8.0,10.0
2021/22,2022-01-23 16:30:00,Chelsea FC,Tottenham Hotspur FC,1.04212,0.328818,5.645161290322581,16.956521739130434,16.956521739130434,5.645161290322581,4.0,4.0,4.0,4.0
2021/22,2022-02-05 18:00:00,Burnley FC,Watford FC,0.765905,0.933965,8.31578947368421,9.19047619047619,9.19047619047619,8.31578947368421,5.0,9.0,9.0,5.0
2021/22,2022-02-08 19:45:00,West Ham United FC,Watford FC,0.905143,0.335474,7.7368421052631575,22.8,22.8,7.7368421052631575,9.0,5.0,5.0,9.0
2021/22,2022-02-08 19:45:00,Newcastle United FC,Everton FC,2.68732,0.823607,6.948717948717949,5.32,5.32,6.948717948717949,3.0,1.0,1.0,3.0
2021/22,2022-02-08 20:00:00,Burnley FC,Manchester United FC,0.772721,1.83387,12.19047619047619,7.625,7.625,12.19047619047619,5.0,14.0,14.0,5.0
2021/22,2022-02-09 19:45:00,Norwich City FC,Crystal Palace FC,0.296411,1.22883,17.52173913043478,4.62962962962963,4.62962962962963,17.52173913043478,2.0,3.0,3.0,2.0
2021/22,2022-02-09 19:45:00,Tottenham Hotspur FC,Southampton FC,1.74286,1.73293,10.842105263157896,9.48,9.48,10.842105263157896,4.0,7.0,7.0,4.0
2021/22,2022-02-09 19:45:00,Manchester City FC,Brentford FC,1.98246,0.461305,5.2,16.470588235294116,16.470588235294116,5.2,11.0,3.0,3.0,11.0
2021/22,2022-02-09 20:00:00,Aston Villa FC,Leeds United FC,1.5013,2.52914,13.857142857142858,9.866666666666667,9.866666666666667,13.857142857142858,2.0,8.0,8.0,2.0
2021/22,2022-02-10 19:45:00,Wolverhampton Wanderers FC,Arsenal FC,0.641359,1.45247,9.052631578947368,15.75,15.75,9.052631578947368,2.0,9.0,9.0,2.0
2021/22,2022-02-10 19:45:00,Liverpool FC,Leicester City FC,2.72997,0.544954,4.523809523809524,23.666666666666668,23.666666666666668,4.523809523809524,12.0,5.0,5.0,12.0
2021/22,2022-02-12 12:30:00,Manchester United FC,Southampton FC,2.99207,0.677386,10.608695652173912,9.068965517241379,9.068965517241379,10.608695652173912,8.0,7.0,7.0,8.0
2021/22,2022-02-12 15:00:00,Brentford FC,Crystal Palace FC,1.97576,0.49802,9.08,5.7,5.7,9.08,7.0,5.0,5.0,7.0
2021/22,2022-02-12 15:00:00,Everton FC,Leeds United FC,2.58561,0.242668,11.148148148148149,6.043478260869565,6.043478260869565,11.148148148148149,10.0,4.0,4.0,10.0
2021/22,2022-02-12 15:00:00,Watford FC,Brighton & Hove Albion FC,0.532979,1.80456,10.8,5.703703703703703,5.703703703703703,10.8,5.0,5.0,5.0,5.0
2021/22,2022-02-12 17:30:00,Norwich City FC,Manchester City FC,0.356755,4.44653,39.111111111111114,9.235294117647058,9.235294117647058,39.111111111111114,5.0,21.0,21.0,5.0
2021/22,2022-02-13 14:00:00,Burnley FC,Liverpool FC,1.16081,1.95722,13.62962962962963,8.1,8.1,13.62962962962963,1.0,6.0,6.0,1.0
2021/22,2022-02-13 14:00:00,Newcastle United FC,Aston Villa FC,0.527571,0.455206,6.757575757575758,3.9615384615384617,3.9615384615384617,6.757575757575758,2.0,5.0,5.0,2.0
2021/22,2022-02-13 14:00:00,Tottenham Hotspur FC,Wolverhampton Wanderers FC,0.838197,1.87026,9.68,18.38888888888889,18.38888888888889,9.68,8.0,4.0,4.0,8.0
2021/22,2022-02-13 16:30:00,Leicester City FC,West Ham United FC,1.40693,0.745068,11.318181818181818,15.857142857142858,15.857142857142858,11.318181818181818,3.0,7.0,7.0,3.0
2021/22,2022-02-15 20:15:00,Manchester United FC,Brighton & Hove Albion FC,2.74936,1.26179,12.48,9.36,9.36,12.48,8.0,4.0,4.0,8.0
2021/22,2022-02-19 12:30:00,West Ham United FC,Newcastle United FC,0.847948,0.932574,23.4,12.0625,12.0625,23.4,7.0,9.0,9.0,7.0
2021/22,2022-02-19 15:00:00,Arsenal FC,Brentford FC,1.52247,0.640726,7.304347826086956,24.1,24.1,7.304347826086956,3.0,4.0,4.0,3.0
2021/22,2022-02-19 15:00:00,Aston Villa FC,Watford FC,1.0267,1.82051,9.0,21.857142857142858,21.857142857142858,9.0,18.0,4.0,4.0,18.0
2021/22,2022-02-19 15:00:00,Brighton & Hove Albion FC,Burnley FC,0.44587,0.821228,5.15,13.695652173913043,13.695652173913043,5.15,6.0,2.0,2.0,6.0
2021/22,2022-02-19 15:00:00,Crystal Palace FC,Chelsea FC,0.624023,1.12339,14.5,5.696969696969697,5.696969696969697,14.5,3.0,7.0,7.0,3.0
2021/22,2022-02-19 15:00:00,Liverpool FC,Norwich City FC,3.15449,0.66975,7.681818181818182,25.428571428571427,25.428571428571427,7.681818181818182,21.0,5.0,5.0,21.0
2021/22,2022-02-19 15:00:00,Southampton FC,Everton FC,2.72851,0.19991,5.884615384615385,9.88888888888889,9.88888888888889,5.884615384615385,9.0,8.0,8.0,9.0
2021/22,2022-02-19 17:30:00,Manchester City FC,Tottenham Hotspur FC,2.31773,2.00235,8.541666666666666,62.0,62.0,8.541666666666666,22.0,2.0,2.0,22.0
2021/22,2022-02-20 14:00:00,Leeds United FC,Manchester United FC,1.74476,2.60999,5.133333333333334,8.310344827586206,8.310344827586206,5.133333333333334,6.0,12.0,12.0,6.0
2021/22,2022-02-20 16:30:00,Wolverhampton Wanderers FC,Leicester City FC,0.472777,1.55048,26.0,7.64,7.64,26.0,4.0,8.0,8.0,4.0
2021/22,2022-02-23 19:30:00,Burnley FC,Tottenham Hotspur FC,1.55576,0.691655,12.1,9.5,9.5,12.1,3.0,11.0,11.0,3.0
2021/22,2022-02-23 19:30:00,Watford FC,Crystal Palace FC,1.71917,0.818403,26.76923076923077,10.92,10.92,26.76923076923077,4.0,2.0,2.0,4.0
2021/22,2022-02-23 19:45:00,Liverpool FC,Leeds United FC,5.3303,0.141547,11.272727272727273,25.58823529411765,25.58823529411765,11.272727272727273,13.0,3.0,3.0,13.0
2021/22,2022-02-24 19:45:00,Arsenal FC,Wolverhampton Wanderers FC,2.50961,1.10934,9.26923076923077,12.857142857142858,12.857142857142858,9.26923076923077,23.0,2.0,2.0,23.0
2021/22,2022-02-25 20:00:00,Southampton FC,Norwich City FC,3.08863,0.424877,9.380952380952381,15.714285714285714,15.714285714285714,9.380952380952381,9.0,4.0,4.0,9.0
2021/22,2022-02-26 12:30:00,Leeds United FC,Tottenham Hotspur FC,1.89569,2.47025,7.945945945945946,17.916666666666668,17.916666666666668,7.945945945945946,16.0,10.0,10.0,16.0
2021/22,2022-02-26 15:00:00,Brentford FC,Newcastle United FC,0.494232,2.25373,11.619047619047619,5.631578947368421,5.631578947368421,11.619047619047619,5.0,8.0,8.0,5.0
2021/22,2022-02-26 15:00:00,Crystal Palace FC,Burnley FC,1.03765,0.255988,21.625,8.333333333333334,8.333333333333334,21.625,7.0,2.0,2.0,7.0
2021/22,2022-02-26 15:00:00,Manchester United FC,Watford FC,2.41457,0.437185,9.11111111111111,15.380952380952381,15.380952380952381,9.11111111111111,11.0,1.0,1.0,11.0
2021/22,2022-02-26 15:30:00,Brighton & Hove Albion FC,Aston Villa FC,0.627107,1.3027,6.28,16.7,16.7,6.28,5.0,4.0,4.0,5.0
2021/22,2022-02-26 17:30:00,Everton FC,Manchester City FC,0.770819,1.93422,16.136363636363637,6.0,6.0,16.136363636363637,6.0,10.0,10.0,6.0
2021/22,2022-02-27 14:00:00,West Ham United FC,Wolverhampton Wanderers FC,1.62241,0.892018,13.192307692307692,31.0,31.0,13.192307692307692,14.0,7.0,7.0,14.0
2021/22,2022-03-01 19:45:00,Burnley FC,Leicester City FC,1.04214,1.79558,8.0,7.9523809523809526,7.9523809523809526,8.0,6.0,7.0,7.0,6.0
2021/22,2022-03-05 12:30:00,Leicester City FC,Leeds United FC,0.359129,2.14389,11.619047619047619,11.208333333333334,11.208333333333334,11.619047619047619,6.0,12.0,12.0,6.0
2021/22,2022-03-05 15:00:00,Aston Villa FC,Southampton FC,2.85379,1.32947,16.88888888888889,8.227272727272727,8.227272727272727,16.88888888888889,12.0,4.0,4.0,12.0
2021/22,2022-03-05 15:00:00,Burnley FC,Chelsea FC,0.849232,2.2868,16.133333333333333,10.0,10.0,16.133333333333333,4.0,6.0,6.0,4.0
2021/22,2022-03-05 15:00:00,Newcastle United FC,Brighton & Hove Albion FC,1.58028,1.64995,17.58823529411765,7.388888888888889,7.388888888888889,17.58823529411765,2.0,12.0,12.0,2.0
2021/22,2022-03-05 15:00:00,Norwich City FC,Brentford FC,0.77334,2.22064,7.421052631578948,9.48,9.48,7.421052631578948,5.0,5.0,5.0,5.0
2021/22,2022-03-05 15:00:00,Wolverhampton Wanderers FC,Crystal Palace FC,0.710865,2.53759,4.818181818181818,14.8,14.8,4.818181818181818,8.0,9.0,9.0,8.0
2021/22,2022-03-05 17:30:00,Liverpool FC,West Ham United FC,2.18865,1.33829,10.555555555555555,34.0,34.0,10.555555555555555,13.0,3.0,3.0,13.0
2021/22,2022-03-06 14:00:00,Watford FC,Arsenal FC,1.29603,1.00457,15.333333333333334,7.193548387096774,7.193548387096774,15.333333333333334,6.0,10.0,10.0,6.0
2021/22,2022-03-06 16:30:00,Manchester City FC,Manchester United FC,2.74434,0.361782,6.433333333333334,22.80952380952381,22.80952380952381,6.433333333333334,15.0,6.0,6.0,15.0
2021/22,2022-03-07 20:00:00,Tottenham Hotspur FC,Everton FC,3.24279,0.208263,9.928571428571429,21.428571428571427,21.428571428571427,9.928571428571429,13.0,2.0,2.0,13.0
2021/22,2022-03-10 19:30:00,Wolverhampton Wanderers FC,Watford FC,1.55037,0.498696,9.0,31.2,31.2,9.0,5.0,4.0,4.0,5.0
2021/22,2022-03-10 19:30:00,Southampton FC,Newcastle United FC,1.79835,0.812233,8.11111111111111,14.636363636363637,14.636363636363637,8.11111111111111,8.0,5.0,5.0,8.0
2021/22,2022-03-10 19:30:00,Norwich City FC,Chelsea FC,0.965723,2.1308,27.933333333333334,10.5,10.5,27.933333333333334,2.0,17.0,17.0,2.0
2021/22,2022-03-10 19:45:00,Leeds United FC,Aston Villa FC,0.194028,1.2729,6.542857142857143,11.85,11.85,6.542857142857143,1.0,8.0,8.0,1.0
2021/22,2022-03-12 12:30:00,Brighton & Hove Albion FC,Liverpool FC,0.629316,2.48312,11.529411764705882,9.923076923076923,9.923076923076923,11.529411764705882,4.0,15.0,15.0,4.0
2021/22,2022-03-12 15:00:00,Brentford FC,Burnley FC,1.82002,0.825311,12.23076923076923,16.866666666666667,16.866666666666667,12.23076923076923,4.0,7.0,7.0,4.0
2021/22,2022-03-12 17:30:00,Manchester United FC,Tottenham Hotspur FC,1.0181,1.62374,27.0,11.380952380952381,11.380952380952381,27.0,5.0,12.0,12.0,5.0
2021/22,2022-03-13 14:00:00,Chelsea FC,Newcastle United FC,1.07072,0.246037,4.0,14.666666666666666,14.666666666666666,4.0,6.0,1.0,1.0,6.0
2021/22,2022-03-13 14:00:00,Everton FC,Wolverhampton Wanderers FC,0.397268,0.712135,17.428571428571427,9.125,9.125,17.428571428571427,4.0,3.0,3.0,4.0
2021/22,2022-03-13 14:00:00,Leeds United FC,Norwich City FC,3.11755,1.40148,5.555555555555555,11.777777777777779,11.777777777777779,5.555555555555555,10.0,12.0,12.0,10.0
2021/22,2022-03-13 14:00:00,Southampton FC,Watford FC,1.25696,1.29385,6.555555555555555,13.823529411764707,13.823529411764707,6.555555555555555,5.0,5.0,5.0,5.0
2021/22,2022-03-13 14:00:00,West Ham United FC,Aston Villa FC,1.58468,1.05391,16.25,14.647058823529411,14.647058823529411,16.25,9.0,7.0,7.0,9.0
2021/22,2022-03-13 16:30:00,Arsenal FC,Leicester City FC,2.93665,0.54911,22.625,16.473684210526315,16.473684210526315,22.625,9.0,6.0,6.0,9.0
2021/22,2022-03-14 20:00:00,Crystal Palace FC,Manchester City FC,0.474002,2.04021,32.36363636363637,4.290322580645161,4.290322580645161,32.36363636363637,6.0,14.0,14.0,6.0
2021/22,2022-03-16 19:30:00,Brighton & Hove Albion FC,Tottenham Hotspur FC,1.04171,2.05196,10.612903225806452,17.0,17.0,10.612903225806452,6.0,4.0,4.0,6.0
2021/22,2022-03-16 20:15:00,Arsenal FC,Liverpool FC,0.534265,1.27681,16.25,11.68,11.68,16.25,1.0,4.0,4.0,1.0
2021/22,2022-03-17 19:45:00,Everton FC,Newcastle United FC,0.708809,0.75803,10.636363636363637,7.176470588235294,7.176470588235294,10.636363636363637,4.0,10.0,10.0,4.0
2021/22,2022-03-18 20:00:00,Wolverhampton Wanderers FC,Leeds United FC,1.24075,2.82103,13.6,8.366666666666667,8.366666666666667,13.6,8.0,6.0,6.0,8.0
2021/22,2022-03-19 12:30:00,Aston Villa FC,Arsenal FC,0.309375,1.14522,21.571428571428573,13.666666666666666,13.666666666666666,21.571428571428573,3.0,11.0,11.0,3.0
2021/22,2022-03-20 14:00:00,Leicester City FC,Brentford FC,1.27865,1.72466,11.043478260869565,15.2,15.2,11.043478260869565,6.0,12.0,12.0,6.0
2021/22,2022-03-20 16:30:00,Tottenham Hotspur FC,West Ham United FC,2.54795,0.644964,19.705882352941178,24.733333333333334,24.733333333333334,19.705882352941178,5.0,3.0,3.0,5.0
2021/22,2022-04-02 11:30:00,Liverpool FC,Watford FC,2.23651,0.753307,4.769230769230769,28.142857142857142,28.142857142857142,4.769230769230769,7.0,3.0,3.0,7.0
2021/22,2022-04-02 14:00:00,Wolverhampton Wanderers FC,Aston Villa FC,1.62151,1.91256,12.181818181818182,12.090909090909092,12.090909090909092,12.181818181818182,4.0,8.0,8.0,4.0
2021/22,2022-04-02 14:00:00,Leeds United FC,Southampton FC,1.50715,2.06387,6.476190476190476,19.846153846153847,19.846153846153847,6.476190476190476,18.0,11.0,11.0,18.0
2021/22,2022-04-02 14:00:00,Chelsea FC,Brentford FC,1.29014,2.43422,7.529411764705882,20.2,20.2,7.529411764705882,10.0,7.0,7.0,10.0
2021/22,2022-04-02 14:00:00,Burnley FC,Manchester City FC,0.0591223,1.62008,30.333333333333332,12.0,12.0,30.333333333333332,0.0,12.0,12.0,0.0
2021/22,2022-04-02 14:00:00,Brighton & Hove Albion FC,Norwich City FC,2.38297,0.494112,6.208333333333333,16.9,16.9,6.208333333333333,14.0,4.0,4.0,14.0
2021/22,2022-04-02 16:30:00,Manchester United FC,Leicester City FC,0.902127,1.07638,14.894736842105264,12.192307692307692,12.192307692307692,14.894736842105264,7.0,4.0,4.0,7.0
2021/22,2022-04-03 13:00:00,West Ham United FC,Everton FC,1.49657,0.657846,29.571428571428573,24.846153846153847,24.846153846153847,29.571428571428573,6.0,9.0,9.0,6.0
2021/22,2022-04-03 15:30:00,Tottenham Hotspur FC,Newcastle United FC,3.6081,0.538152,13.4375,27.133333333333333,27.133333333333333,13.4375,7.0,2.0,2.0,7.0
2021/22,2022-04-04 19:00:00,Crystal Palace FC,Arsenal FC,1.39707,1.05199,22.375,5.555555555555555,5.555555555555555,22.375,1.0,8.0,8.0,1.0
2021/22,2022-04-06 18:30:00,Burnley FC,Everton FC,2.24439,2.31574,3.8181818181818183,5.7272727272727275,5.7272727272727275,3.8181818181818183,12.0,6.0,6.0,12.0
2021/22,2022-04-08 19:00:00,Newcastle United FC,Wolverhampton Wanderers FC,1.43878,0.306867,28.333333333333332,10.318181818181818,10.318181818181818,28.333333333333332,5.0,1.0,1.0,5.0
2021/22,2022-04-09 11:30:00,Everton FC,Manchester United FC,0.357295,0.762357,18.6875,6.0,6.0,18.6875,1.0,15.0,15.0,1.0
2021/22,2022-04-09 14:00:00,Watford FC,Leeds United FC,1.07422,0.895612,6.857142857142857,4.5,4.5,6.857142857142857,2.0,2.0,2.0,2.0
2021/22,2022-04-09 14:00:00,Southampton FC,Chelsea FC,0.564726,4.39683,24.470588235294116,6.208333333333333,6.208333333333333,24.470588235294116,2.0,14.0,14.0,2.0
2021/22,2022-04-09 14:00:00,Arsenal FC,Brighton & Hove Albion FC,2.35153,0.596106,6.5,9.571428571428571,9.571428571428571,6.5,12.0,6.0,6.0,12.0
2021/22,2022-04-09 16:30:00,Aston Villa FC,Tottenham Hotspur FC,1.48712,0.983601,10.96551724137931,15.142857142857142,15.142857142857142,10.96551724137931,12.0,5.0,5.0,12.0
2021/22,2022-04-10 13:00:00,Norwich City FC,Burnley FC,1.6723,1.44652,13.583333333333334,6.578947368421052,6.578947368421052,13.583333333333334,5.0,5.0,5.0,5.0
2021/22,2022-04-10 13:00:00,Leicester City FC,Crystal Palace FC,0.879235,1.52767,10.757575757575758,16.15,16.15,10.757575757575758,4.0,6.0,6.0,4.0
2021/22,2022-04-10 13:00:00,Brentford FC,West Ham United FC,1.85534,0.244824,32.45454545454545,20.5,20.5,32.45454545454545,14.0,3.0,3.0,14.0
2021/22,2022-04-10 15:30:00,Manchester City FC,Liverpool FC,1.34647,1.29983,16.625,18.85,18.85,16.625,7.0,7.0,7.0,7.0
2021/22,2022-04-16 11:30:00,Tottenham Hotspur FC,Brighton & Hove Albion FC,0.58624,0.711155,9.892857142857142,10.6,10.6,9.892857142857142,5.0,4.0,4.0,5.0
2021/22,2022-04-16 14:00:00,Watford FC,Brentford FC,1.50381,2.12457,7.2592592592592595,9.68421052631579,9.68421052631579,7.2592592592592595,6.0,4.0,4.0,6.0
2021/22,2022-04-16 14:00:00,Southampton FC,Arsenal FC,1.04007,1.35002,25.166666666666668,7.636363636363637,7.636363636363637,25.166666666666668,4.0,12.0,12.0,4.0
2021/22,2022-04-16 14:00:00,Manchester United FC,Norwich City FC,1.66737,1.79754,10.590909090909092,14.15,14.15,10.590909090909092,19.0,12.0,12.0,19.0
2021/22,2022-04-17 13:15:00,West Ham United FC,Burnley FC,2.79175,1.88137,14.777777777777779,16.176470588235293,16.176470588235293,14.777777777777779,12.0,4.0,4.0,12.0
2021/22,2022-04-17 13:15:00,Newcastle United FC,Leicester City FC,2.54294,0.541084,12.607142857142858,3.3448275862068964,3.3448275862068964,12.607142857142858,4.0,7.0,7.0,4.0
2021/22,2022-04-19 19:00:00,Liverpool FC,Manchester United FC,2.25967,0.110227,11.944444444444445,30.05263157894737,30.05263157894737,11.944444444444445,14.0,3.0,3.0,14.0
2021/22,2022-04-20 18:45:00,Everton FC,Leicester City FC,1.68819,0.786333,15.73913043478261,7.3478260869565215,7.3478260869565215,15.73913043478261,6.0,12.0,12.0,6.0
2021/22,2022-04-20 18:45:00,Chelsea FC,Arsenal FC,0.593801,1.87331,8.473684210526315,16.476190476190474,16.476190476190474,8.473684210526315,11.0,6.0,6.0,11.0
2021/22,2022-04-20 18:45:00,Newcastle United FC,Crystal Palace FC,0.767855,0.432788,14.148148148148149,5.393939393939394,5.393939393939394,14.148148148148149,5.0,4.0,4.0,5.0
2021/22,2022-04-20 19:00:00,Manchester City FC,Brighton & Hove Albion FC,1.52844,0.117354,8.36,19.833333333333332,19.833333333333332,8.36,11.0,3.0,3.0,11.0
2021/22,2022-04-21 18:45:00,Burnley FC,Southampton FC,2.14743,1.31837,15.6,9.882352941176471,9.882352941176471,15.6,4.0,4.0,4.0,4.0
2021/22,2022-04-23 11:30:00,Arsenal FC,Manchester United FC,2.54173,2.04244,15.266666666666667,17.625,17.625,15.266666666666667,7.0,3.0,3.0,7.0
2021/22,2022-04-23 14:00:00,Norwich City FC,Newcastle United FC,0.657661,1.87558,11.25925925925926,10.142857142857142,10.142857142857142,11.25925925925926,6.0,8.0,8.0,6.0
2021/22,2022-04-23 14:00:00,Manchester City FC,Watford FC,3.68,0.42632,4.0,25.133333333333333,25.133333333333333,4.0,20.0,0.0,0.0,20.0
2021/22,2022-04-23 14:00:00,Leicester City FC,Aston Villa FC,0.235635,0.593202,4.56,25.53846153846154,25.53846153846154,4.56,4.0,5.0,5.0,4.0
2021/22,2022-04-23 16:30:00,Brentford FC,Tottenham Hotspur FC,1.3153,0.517755,14.875,14.357142857142858,14.357142857142858,14.875,5.0,6.0,6.0,5.0
2021/22,2022-04-24 13:00:00,Chelsea FC,West Ham United FC,2.34959,0.388975,9.647058823529411,27.0,27.0,9.647058823529411,13.0,4.0,4.0,13.0
2021/22,2022-04-24 13:00:00,Burnley FC,Wolverhampton Wanderers FC,1.27298,0.592902,12.642857142857142,6.4,6.4,12.642857142857142,5.0,14.0,14.0,5.0
2021/22,2022-04-24 13:00:00,Brighton & Hove Albion FC,Southampton FC,1.87343,0.926764,6.818181818181818,8.125,8.125,6.818181818181818,5.0,7.0,7.0,5.0
2021/22,2022-04-24 15:30:00,Liverpool FC,Everton FC,1.70397,0.424961,3.6,29.153846153846153,29.153846153846153,3.6,15.0,2.0,2.0,15.0
2021/22,2022-04-25 19:00:00,Crystal Palace FC,Leeds United FC,1.61656,0.374044,5.628571428571429,6.121951219512195,6.121951219512195,5.628571428571429,7.0,3.0,3.0,7.0
2021/22,2022-04-28 18:45:00,Manchester United FC,Chelsea FC,0.618456,2.46868,22.46153846153846,7.375,7.375,22.46153846153846,8.0,12.0,12.0,8.0
2021/22,2022-04-30 11:30:00,Newcastle United FC,Liverpool FC,0.115353,2.73435,14.545454545454545,3.6666666666666665,3.6666666666666665,14.545454545454545,1.0,10.0,10.0,1.0
2021/22,2022-04-30 14:00:00,Wolverhampton Wanderers FC,Brighton & Hove Albion FC,0.525912,2.90679,16.75,12.347826086956522,12.347826086956522,16.75,5.0,6.0,6.0,5.0
2021/22,2022-04-30 14:00:00,Watford FC,Burnley FC,0.785742,1.37022,8.222222222222221,8.625,8.625,8.222222222222221,6.0,11.0,11.0,6.0
2021/22,2022-04-30 14:00:00,Southampton FC,Crystal Palace FC,0.650256,0.756217,10.666666666666666,10.642857142857142,10.642857142857142,10.666666666666666,5.0,5.0,5.0,5.0
2021/22,2022-04-30 14:00:00,Aston Villa FC,Norwich City FC,2.31192,0.352212,9.129032258064516,14.214285714285714,14.214285714285714,9.129032258064516,9.0,6.0,6.0,9.0
2021/22,2022-04-30 16:30:00,Leeds United FC,Manchester City FC,1.03608,3.01431,23.375,16.5,16.5,23.375,3.0,12.0,12.0,3.0
2021/22,2022-05-01 13:00:00,Tottenham Hotspur FC,Leicester City FC,1.65338,0.274133,13.96551724137931,11.047619047619047,11.047619047619047,13.96551724137931,10.0,2.0,2.0,10.0
2021/22,2022-05-01 13:00:00,Everton FC,Chelsea FC,1.11712,1.21141,17.136363636363637,4.4375,4.4375,17.136363636363637,5.0,11.0,11.0,5.0
2021/22,2022-05-01 15:30:00,West Ham United FC,Arsenal FC,0.451976,0.964564,17.5,16.63157894736842,16.63157894736842,17.5,3.0,4.0,4.0,3.0
2021/22,2022-05-02 19:00:00,Manchester United FC,Brentford FC,1.84111,0.681425,15.615384615384615,39.45454545454545,39.45454545454545,15.615384615384615,5.0,9.0,9.0,5.0
2021/22,2022-05-07 14:00:00,Crystal Palace FC,Watford FC,2.49142,0.255373,7.529411764705882,12.52,12.52,7.529411764705882,7.0,1.0,1.0,7.0
2021/22,2022-05-07 14:00:00,Chelsea FC,Wolverhampton Wanderers FC,1.82098,1.6842,9.636363636363637,18.3125,18.3125,9.636363636363637,10.0,3.0,3.0,10.0
2021/22,2022-05-07 14:00:00,Burnley FC,Aston Villa FC,1.31028,1.81256,9.25,13.894736842105264,13.894736842105264,9.25,4.0,5.0,5.0,4.0
2021/22,2022-05-07 14:00:00,Brentford FC,Southampton FC,3.68223,0.988574,8.458333333333334,9.3125,9.3125,8.458333333333334,11.0,5.0,5.0,11.0
2021/22,2022-05-07 16:30:00,Brighton & Hove Albion FC,Manchester United FC,2.82636,0.930715,12.23076923076923,11.733333333333333,11.733333333333333,12.23076923076923,18.0,5.0,5.0,18.0
2021/22,2022-05-07 18:45:00,Liverpool FC,Tottenham Hotspur FC,1.0481,0.982635,6.3,22.333333333333332,22.333333333333332,6.3,13.0,6.0,6.0,13.0
2021/22,2022-05-08 13:00:00,Norwich City FC,West Ham United FC,0.77895,3.25894,22.57894736842105,16.642857142857142,16.642857142857142,22.57894736842105,5.0,10.0,10.0,5.0
2021/22,2022-05-08 13:00:00,Leicester City FC,Everton FC,1.47479,1.55635,7.555555555555555,22.533333333333335,22.533333333333335,7.555555555555555,10.0,4.0,4.0,10.0
2021/22,2022-05-08 13:00:00,Arsenal FC,Leeds United FC,2.7227,0.696785,8.821428571428571,20.4,20.4,8.821428571428571,14.0,3.0,3.0,14.0
2021/22,2022-05-08 15:30:00,Manchester City FC,Newcastle United FC,4.05613,0.995099,8.352941176470589,28.0,28.0,8.352941176470589,17.0,3.0,3.0,17.0
2021/22,2022-05-10 19:00:00,Aston Villa FC,Liverpool FC,1.44726,1.75417,20.214285714285715,6.392857142857143,6.392857142857143,20.214285714285715,3.0,13.0,13.0,3.0
2021/22,2022-05-11 18:30:00,Leeds United FC,Chelsea FC,0.499789,1.46853,21.347826086956523,9.846153846153847,9.846153846153847,21.347826086956523,0.0,9.0,9.0,0.0
2021/22,2022-05-11 18:45:00,Leicester City FC,Norwich City FC,2.57058,1.21966,7.642857142857143,37.0,37.0,7.642857142857143,13.0,3.0,3.0,13.0
2021/22,2022-05-11 18:45:00,Watford FC,Everton FC,0.232236,0.812193,18.642857142857142,10.392857142857142,10.392857142857142,18.642857142857142,3.0,6.0,6.0,3.0
2021/22,2022-05-11 19:15:00,Wolverhampton Wanderers FC,Manchester City FC,0.411857,3.39304,36.2,9.25,9.25,36.2,6.0,13.0,13.0,6.0
2021/22,2022-05-12 18:45:00,Tottenham Hotspur FC,Arsenal FC,3.42522,0.387446,10.523809523809524,35.3,35.3,10.523809523809524,9.0,4.0,4.0,9.0
2021/22,2022-05-15 11:00:00,Tottenham Hotspur FC,Burnley FC,2.39449,0.629888,9.058823529411764,16.136363636363637,16.136363636363637,9.058823529411764,9.0,7.0,7.0,9.0
2021/22,2022-05-15 13:00:00,Wolverhampton Wanderers FC,Norwich City FC,0.999066,1.53212,13.466666666666667,22.384615384615383,22.384615384615383,13.466666666666667,5.0,0.0,0.0,5.0
2021/22,2022-05-15 13:00:00,West Ham United FC,Manchester City FC,1.0088,2.14723,36.714285714285715,6.769230769230769,6.769230769230769,36.714285714285715,3.0,19.0,19.0,3.0
2021/22,2022-05-15 13:00:00,Watford FC,Leicester City FC,2.58968,2.27297,18.72222222222222,8.85,8.85,18.72222222222222,4.0,8.0,8.0,4.0
2021/22,2022-05-15 13:00:00,Leeds United FC,Brighton & Hove Albion FC,2.22282,2.25898,6.76,13.928571428571429,13.928571428571429,6.76,10.0,12.0,12.0,10.0
2021/22,2022-05-15 13:00:00,Aston Villa FC,Crystal Palace FC,0.799443,1.39009,13.727272727272727,8.785714285714286,8.785714285714286,13.727272727272727,3.0,5.0,5.0,3.0
2021/22,2022-05-15 15:30:00,Everton FC,Brentford FC,2.69589,1.81626,27.545454545454547,5.857142857142857,5.857142857142857,27.545454545454547,5.0,7.0,7.0,5.0
2021/22,2022-05-16 19:00:00,Newcastle United FC,Arsenal FC,1.68299,0.492454,7.260869565217392,11.142857142857142,11.142857142857142,7.260869565217392,9.0,5.0,5.0,9.0
2021/22,2022-05-17 18:45:00,Southampton FC,Liverpool FC,0.121506,1.19178,19.0,7.75,7.75,19.0,3.0,12.0,12.0,3.0
2021/22,2022-05-19 18:45:00,Everton FC,Crystal Palace FC,0.813157,1.6023,13.55,7.117647058823529,7.117647058823529,13.55,4.0,3.0,3.0,4.0
2021/22,2022-05-19 19:00:00,Aston Villa FC,Burnley FC,0.996403,1.63117,7.071428571428571,20.0,20.0,7.071428571428571,12.0,5.0,5.0,12.0
2021/22,2022-05-19 19:00:00,Chelsea FC,Leicester City FC,1.61996,0.0417972,8.88,36.166666666666664,36.166666666666664,8.88,11.0,0.0,0.0,11.0
2021/22,2022-05-22 15:00:00,Arsenal FC,Everton FC,4.35597,1.08601,4.8,49.666666666666664,49.666666666666664,4.8,11.0,5.0,5.0,11.0
2021/22,2022-05-22 15:00:00,Brentford FC,Leeds United FC,0.844985,1.47786,9.80952380952381,13.1,13.1,9.80952380952381,4.0,4.0,4.0,4.0
2021/22,2022-05-22 15:00:00,Brighton & Hove Albion FC,West Ham United FC,1.67774,0.268845,17.285714285714285,16.642857142857142,16.642857142857142,17.285714285714285,21.0,4.0,4.0,21.0
2021/22,2022-05-22 15:00:00,Burnley FC,Newcastle United FC,1.49164,1.74291,21.0,7.473684210526316,7.473684210526316,21.0,6.0,4.0,4.0,6.0
2021/22,2022-05-22 15:00:00,Chelsea FC,Watford FC,2.59231,0.575755,6.375,30.071428571428573,30.071428571428573,6.375,14.0,3.0,3.0,14.0
2021/22,2022-05-22 15:00:00,Crystal Palace FC,Manchester United FC,0.354618,0.782005,15.5,5.888888888888889,5.888888888888889,15.5,4.0,5.0,5.0,4.0
2021/22,2022-05-22 15:00:00,Leicester City FC,Southampton FC,3.42058,1.05141,12.4375,12.6,12.6,12.4375,7.0,5.0,5.0,7.0
2021/22,2022-05-22 15:00:00,Liverpool FC,Wolverhampton Wanderers FC,3.19385,1.11708,10.28,33.36363636363637,33.36363636363637,10.28,24.0,4.0,4.0,24.0
2021/22,2022-05-22 15:00:00,Manchester City FC,Aston Villa FC,3.3209,0.247841,7.294117647058823,23.5,23.5,7.294117647058823,22.0,1.0,1.0,22.0
2021/22,2022-05-22 15:00:00,Norwich City FC,Tottenham Hotspur FC,0.310789,3.815,16.791666666666668,17.071428571428573,17.071428571428573,16.791666666666668,6.0,12.0,12.0,6.0
2022/23,2022-08-05 19:00:00,Crystal Palace FC,Arsenal FC,1.20637,1.43601,10.25,12.678571428571429,12.678571428571429,10.25,8.0,13.0,13.0,8.0
2022/23,2022-08-06 11:30:00,Fulham FC,Liverpool FC,1.26822,2.34111,18.473684210526315,6.333333333333333,6.333333333333333,18.473684210526315,4.0,11.0,11.0,4.0
2022/23,2022-08-06 14:00:00,AFC Bournemouth,Aston Villa FC,0.588341,0.488895,11.68,6.608695652173913,6.608695652173913,11.68,3.0,11.0,11.0,3.0
2022/23,2022-08-06 14:00:00,Leeds United FC,Wolverhampton Wanderers FC,0.88917,1.10119,9.285714285714286,10.647058823529411,10.647058823529411,9.285714285714286,5.0,9.0,9.0,5.0
2022/23,2022-08-06 14:00:00,Newcastle United FC,Nottingham Forest FC,1.8591,0.235825,6.08,13.333333333333334,13.333333333333334,6.08,24.0,2.0,2.0,24.0
2022/23,2022-08-06 14:00:00,Tottenham Hotspur FC,Southampton FC,1.6172,0.386546,5.7,15.545454545454545,15.545454545454545,5.7,12.0,7.0,7.0,12.0
2022/23,2022-08-06 16:30:00,Everton FC,Chelsea FC,0.541983,1.92315,12.0,6.1923076923076925,6.1923076923076925,12.0,3.0,7.0,7.0,3.0
2022/23,2022-08-07 13:00:00,Manchester United FC,Brighton & Hove Albion FC,1.42103,1.7289,10.090909090909092,9.961538461538462,9.961538461538462,10.090909090909092,7.0,5.0,5.0,7.0
2022/23,2022-08-07 13:00:00,Leicester City FC,Brentford FC,0.455695,0.931067,17.705882352941178,22.214285714285715,22.214285714285715,17.705882352941178,5.0,3.0,3.0,5.0
2022/23,2022-08-07 15:30:00,West Ham United FC,Manchester City FC,0.246188,2.58739,26.0,25.5,25.5,26.0,2.0,11.0,11.0,2.0
2022/23,2022-08-13 11:30:00,Aston Villa FC,Everton FC,2.66696,1.37507,9.304347826086957,18.615384615384617,18.615384615384617,9.304347826086957,13.0,4.0,4.0,13.0
2022/23,2022-08-13 14:00:00,Brighton & Hove Albion FC,Newcastle United FC,1.60835,0.183952,6.291666666666667,9.294117647058824,9.294117647058824,6.291666666666667,15.0,2.0,2.0,15.0
2022/23,2022-08-13 14:00:00,Manchester City FC,AFC Bournemouth,1.69064,0.123946,12.157894736842104,51.166666666666664,51.166666666666664,12.157894736842104,11.0,0.0,0.0,11.0
2022/23,2022-08-13 14:00:00,Southampton FC,Leeds United FC,1.40906,1.99694,13.263157894736842,4.852941176470588,4.852941176470588,13.263157894736842,4.0,9.0,9.0,4.0
2022/23,2022-08-13 14:00:00,Wolverhampton Wanderers FC,Fulham FC,0.975375,1.08813,11.733333333333333,14.714285714285714,14.714285714285714,11.733333333333333,1.0,2.0,2.0,1.0
2022/23,2022-08-13 14:00:00,Arsenal FC,Leicester City FC,3.0107,0.690679,10.333333333333334,14.0,14.0,10.333333333333334,10.0,5.0,5.0,10.0
2022/23,2022-08-13 16:30:00,Brentford FC,Manchester United FC,1.38785,0.896038,20.4,6.6923076923076925,6.6923076923076925,20.4,3.0,11.0,11.0,3.0
2022/23,2022-08-14 13:00:00,Nottingham Forest FC,West Ham United FC,1.9717,2.08634,10.8125,8.2,8.2,10.8125,4.0,7.0,7.0,4.0
2022/23,2022-08-14 15:30:00,Chelsea FC,Tottenham Hotspur FC,1.83945,1.58708,6.655172413793103,12.285714285714286,12.285714285714286,6.655172413793103,12.0,2.0,2.0,12.0
2022/23,2022-08-15 19:00:00,Liverpool FC,Crystal Palace FC,2.23596,1.64468,3.4146341463414633,41.27272727272727,41.27272727272727,3.4146341463414633,20.0,2.0,2.0,20.0
2022/23,2022-08-20 11:30:00,Tottenham Hotspur FC,Wolverhampton Wanderers FC,1.46608,0.686123,11.6,20.642857142857142,20.642857142857142,11.6,8.0,6.0,6.0,8.0
2022/23,2022-08-20 14:00:00,Crystal Palace FC,Aston Villa FC,2.91137,0.803828,13.944444444444445,7.411764705882353,7.411764705882353,13.944444444444445,8.0,3.0,3.0,8.0
2022/23,2022-08-20 14:00:00,Everton FC,Nottingham Forest FC,1.43408,0.918315,18.615384615384617,15.785714285714286,15.785714285714286,18.615384615384617,8.0,1.0,1.0,8.0
2022/23,2022-08-20 14:00:00,Fulham FC,Brentford FC,2.89934,1.59352,9.625,11.153846153846153,11.153846153846153,9.625,7.0,8.0,8.0,7.0
2022/23,2022-08-20 14:00:00,Leicester City FC,Southampton FC,0.242948,1.24155,4.806451612903226,15.761904761904763,15.761904761904763,4.806451612903226,5.0,4.0,4.0,5.0
2022/23,2022-08-20 16:30:00,AFC Bournemouth,Arsenal FC,0.211335,1.71081,15.652173913043478,8.72,8.72,15.652173913043478,1.0,8.0,8.0,1.0
2022/23,2022-08-21 13:00:00,Leeds United FC,Chelsea FC,2.20971,0.692492,8.5625,4.633333333333334,4.633333333333334,8.5625,1.0,7.0,7.0,1.0
2022/23,2022-08-21 13:00:00,West Ham United FC,Brighton & Hove Albion FC,0.768634,1.82645,26.1,18.857142857142858,18.857142857142858,26.1,6.0,2.0,2.0,6.0
2022/23,2022-08-21 15:30:00,Newcastle United FC,Manchester City FC,2.2127,3.67382,12.068965517241379,6.777777777777778,6.777777777777778,12.068965517241379,9.0,9.0,9.0,9.0
2022/23,2022-08-22 19:00:00,Manchester United FC,Liverpool FC,2.01764,1.52301,17.7,6.578947368421052,6.578947368421052,17.7,8.0,16.0,16.0,8.0
2022/23,2022-08-27 11:30:00,Southampton FC,Manchester United FC,1.35887,1.34359,12.5625,8.333333333333334,8.333333333333334,12.5625,11.0,11.0,11.0,11.0
2022/23,2022-08-27 14:00:00,Brentford FC,Everton FC,2.28391,1.65465,11.5,17.4,17.4,11.5,9.0,7.0,7.0,9.0
2022/23,2022-08-27 14:00:00,Brighton & Hove Albion FC,Leeds United FC,1.60986,1.14874,12.35,5.5,5.5,12.35,6.0,5.0,5.0,6.0
2022/23,2022-08-27 14:00:00,Chelsea FC,Leicester City FC,1.74916,1.96023,11.24,21.5,21.5,11.24,3.0,10.0,10.0,3.0
2022/23,2022-08-27 14:00:00,Liverpool FC,AFC Bournemouth,4.86035,0.180991,8.88888888888889,29.583333333333332,29.583333333333332,8.88888888888889,18.0,4.0,4.0,18.0
2022/23,2022-08-27 14:00:00,Manchester City FC,Crystal Palace FC,2.3853,0.091976,6.904761904761905,56.0,56.0,6.904761904761905,18.0,1.0,1.0,18.0
2022/23,2022-08-27 16:30:00,Arsenal FC,Fulham FC,2.47427,0.926007,5.421052631578948,14.863636363636363,14.863636363636363,5.421052631578948,17.0,1.0,1.0,17.0
2022/23,2022-08-28 13:00:00,Aston Villa FC,West Ham United FC,0.304555,0.334589,13.5,17.55,17.55,13.5,4.0,3.0,3.0,4.0
2022/23,2022-08-28 13:00:00,Wolverhampton Wanderers FC,Newcastle United FC,1.13248,1.93362,18.923076923076923,9.461538461538462,9.461538461538462,18.923076923076923,3.0,13.0,13.0,3.0
2022/23,2022-08-28 15:30:00,Nottingham Forest FC,Tottenham Hotspur FC,0.801369,2.44473,9.724137931034482,15.11111111111111,15.11111111111111,9.724137931034482,11.0,6.0,6.0,11.0
2022/23,2022-08-30 18:30:00,Fulham FC,Brighton & Hove Albion FC,1.07093,1.75359,14.090909090909092,6.6,6.6,14.090909090909092,7.0,4.0,4.0,7.0
2022/23,2022-08-30 18:30:00,Crystal Palace FC,Brentford FC,0.777363,1.61808,13.0,14.473684210526315,14.473684210526315,13.0,1.0,8.0,8.0,1.0
2022/23,2022-08-30 18:45:00,Southampton FC,Chelsea FC,1.44086,1.5047,12.125,3.4074074074074074,3.4074074074074074,12.125,3.0,7.0,7.0,3.0
2022/23,2022-08-30 19:00:00,Leeds United FC,Everton FC,1.04551,1.17189,5.857142857142857,13.64,13.64,5.857142857142857,9.0,3.0,3.0,9.0
2022/23,2022-08-31 18:30:00,Manchester City FC,Nottingham Forest FC,3.83759,0.729752,6.391304347826087,46.4,46.4,6.391304347826087,13.0,1.0,1.0,13.0
2022/23,2022-08-31 18:30:00,Arsenal FC,Aston Villa FC,2.79971,0.297168,9.882352941176471,14.631578947368421,14.631578947368421,9.882352941176471,18.0,3.0,3.0,18.0
2022/23,2022-08-31 18:30:00,AFC Bournemouth,Wolverhampton Wanderers FC,0.362035,1.53246,17.61111111111111,6.833333333333333,6.833333333333333,17.61111111111111,7.0,14.0,14.0,7.0
2022/23,2022-08-31 18:45:00,West Ham United FC,Tottenham Hotspur FC,1.52267,0.723285,28.25,18.9,18.9,28.25,3.0,6.0,6.0,3.0
2022/23,2022-08-31 19:00:00,Liverpool FC,Newcastle United FC,1.76119,0.643546,9.916666666666666,21.235294117647058,21.235294117647058,9.916666666666666,13.0,2.0,2.0,13.0
2022/23,2022-09-01 19:00:00,Leicester City FC,Manchester United FC,0.615266,1.09969,12.0,22.941176470588236,22.941176470588236,12.0,2.0,11.0,11.0,2.0
2022/23,2022-09-03 11:30:00,Everton FC,Liverpool FC,1.39169,1.38617,23.09090909090909,6.083333333333333,6.083333333333333,23.09090909090909,10.0,12.0,12.0,10.0
2022/23,2022-09-03 14:00:00,Newcastle United FC,Crystal Palace FC,2.90672,0.920595,6.303030303030303,11.866666666666667,11.866666666666667,6.303030303030303,10.0,4.0,4.0,10.0
2022/23,2022-09-03 14:00:00,Nottingham Forest FC,AFC Bournemouth,1.32895,0.905041,13.647058823529411,15.6875,15.6875,13.647058823529411,6.0,10.0,10.0,6.0
2022/23,2022-09-03 14:00:00,Tottenham Hotspur FC,Fulham FC,2.67823,0.381556,12.052631578947368,16.22222222222222,16.22222222222222,12.052631578947368,16.0,1.0,1.0,16.0
2022/23,2022-09-03 14:00:00,Wolverhampton Wanderers FC,Southampton FC,1.10039,1.20838,9.368421052631579,7.517241379310345,7.517241379310345,9.368421052631579,8.0,12.0,12.0,8.0
2022/23,2022-09-03 14:00:00,Brentford FC,Leeds United FC,2.7485,1.796,6.7,3.3548387096774195,3.3548387096774195,6.7,5.0,9.0,9.0,5.0
2022/23,2022-09-03 14:00:00,Chelsea FC,West Ham United FC,0.707333,1.4196,9.647058823529411,23.357142857142858,23.357142857142858,9.647058823529411,4.0,1.0,1.0,4.0
2022/23,2022-09-03 16:30:00,Aston Villa FC,Manchester City FC,0.279392,1.92143,43.90909090909091,13.545454545454545,13.545454545454545,43.90909090909091,2.0,12.0,12.0,2.0
2022/23,2022-09-04 13:00:00,Brighton & Hove Albion FC,Leicester City FC,2.73166,1.06549,11.84,45.0,45.0,11.84,10.0,4.0,4.0,10.0
2022/23,2022-09-04 15:30:00,Manchester United FC,Arsenal FC,2.02904,1.42238,16.066666666666666,8.444444444444445,8.444444444444445,16.066666666666666,5.0,16.0,16.0,5.0
2022/23,2022-09-16 19:00:00,Aston Villa FC,Southampton FC,1.34365,0.218302,5.948717948717949,8.04,8.04,5.948717948717949,6.0,2.0,2.0,6.0
2022/23,2022-09-16 19:00:00,Nottingham Forest FC,Fulham FC,1.41541,1.3496,16.105263157894736,12.11111111111111,12.11111111111111,16.105263157894736,2.0,2.0,2.0,2.0
2022/23,2022-09-17 11:30:00,Wolverhampton Wanderers FC,Manchester City FC,0.310995,1.4242,18.217391304347824,14.333333333333334,14.333333333333334,18.217391304347824,4.0,8.0,8.0,4.0
2022/23,2022-09-17 14:00:00,Newcastle United FC,AFC Bournemouth,1.54758,0.976948,4.241379310344827,20.357142857142858,20.357142857142858,4.241379310344827,18.0,5.0,5.0,18.0
2022/23,2022-09-17 16:30:00,Tottenham Hotspur FC,Leicester City FC,1.98619,1.59449,21.214285714285715,17.11111111111111,17.11111111111111,21.214285714285715,6.0,10.0,10.0,6.0
2022/23,2022-09-18 11:00:00,Brentford FC,Arsenal FC,0.54011,1.32021,11.541666666666666,10.055555555555555,10.055555555555555,11.541666666666666,3.0,9.0,9.0,3.0
2022/23,2022-09-18 13:15:00,Everton FC,West Ham United FC,0.39773,0.655351,15.461538461538462,11.380952380952381,11.380952380952381,15.461538461538462,3.0,2.0,2.0,3.0
2022/23,2022-10-01 11:30:00,Arsenal FC,Tottenham Hotspur FC,2.48403,1.5027,10.38888888888889,18.46153846153846,18.46153846153846,10.38888888888889,12.0,2.0,2.0,12.0
2022/23,2022-10-01 14:00:00,AFC Bournemouth,Brentford FC,0.758128,1.046,19.0625,7.64,7.64,19.0625,6.0,9.0,9.0,6.0
2022/23,2022-10-01 14:00:00,Crystal Palace FC,Chelsea FC,0.70987,1.25506,17.0,7.8076923076923075,7.8076923076923075,17.0,2.0,12.0,12.0,2.0
2022/23,2022-10-01 14:00:00,Fulham FC,Newcastle United FC,0.683701,4.67198,32.18181818181818,8.166666666666666,8.166666666666666,32.18181818181818,5.0,17.0,17.0,5.0
2022/23,2022-10-01 14:00:00,Liverpool FC,Brighton & Hove Albion FC,2.1515,2.36567,12.95,17.333333333333332,17.333333333333332,12.95,13.0,7.0,7.0,13.0
2022/23,2022-10-01 14:00:00,Southampton FC,Everton FC,1.95961,1.99979,9.238095238095237,14.4375,14.4375,9.238095238095237,12.0,4.0,4.0,12.0
2022/23,2022-10-01 16:30:00,West Ham United FC,Wolverhampton Wanderers FC,1.03934,0.575988,21.384615384615383,20.2,20.2,21.384615384615383,4.0,10.0,10.0,4.0
2022/23,2022-10-02 13:00:00,Manchester City FC,Manchester United FC,3.01103,1.71335,15.157894736842104,19.57894736842105,19.57894736842105,15.157894736842104,17.0,5.0,5.0,17.0
2022/23,2022-10-02 15:30:00,Leeds United FC,Aston Villa FC,0.298626,1.89645,13.333333333333334,9.583333333333334,9.583333333333334,13.333333333333334,6.0,12.0,12.0,6.0
2022/23,2022-10-03 19:00:00,Leicester City FC,Nottingham Forest FC,1.2497,1.22169,10.03448275862069,21.53846153846154,21.53846153846154,10.03448275862069,7.0,4.0,4.0,7.0
2022/23,2022-10-08 14:00:00,AFC Bournemouth,Leicester City FC,1.14891,1.18125,37.55555555555556,8.678571428571429,8.678571428571429,37.55555555555556,7.0,8.0,8.0,7.0
2022/23,2022-10-08 14:00:00,Chelsea FC,Wolverhampton Wanderers FC,2.43092,0.748449,11.291666666666666,39.125,39.125,11.291666666666666,11.0,4.0,4.0,11.0
2022/23,2022-10-08 14:00:00,Manchester City FC,Southampton FC,2.73536,0.101148,15.133333333333333,26.736842105263158,26.736842105263158,15.133333333333333,12.0,0.0,0.0,12.0
2022/23,2022-10-08 14:00:00,Newcastle United FC,Brentford FC,2.44631,1.13466,7.7272727272727275,9.15,9.15,7.7272727272727275,9.0,4.0,4.0,9.0
2022/23,2022-10-08 16:30:00,Brighton & Hove Albion FC,Tottenham Hotspur FC,0.899735,0.771641,14.333333333333334,14.166666666666666,14.166666666666666,14.333333333333334,15.0,6.0,6.0,15.0
2022/23,2022-10-09 13:00:00,Crystal Palace FC,Leeds United FC,1.65194,1.06564,7.105263157894737,6.368421052631579,6.368421052631579,7.105263157894737,5.0,10.0,10.0,5.0
2022/23,2022-10-09 13:00:00,West Ham United FC,Fulham FC,3.43676,0.549848,30.77777777777778,17.933333333333334,17.933333333333334,30.77777777777778,7.0,5.0,5.0,7.0
2022/23,2022-10-09 15:30:00,Arsenal FC,Liverpool FC,2.81968,0.765151,16.764705882352942,10.875,10.875,16.764705882352942,14.0,4.0,4.0,14.0
2022/23,2022-10-09 18:00:00,Everton FC,Manchester United FC,0.365844,1.82612,19.88235294117647,8.782608695652174,8.782608695652174,19.88235294117647,7.0,8.0,8.0,7.0
2022/23,2022-10-10 19:00:00,Nottingham Forest FC,Aston Villa FC,0.221346,0.657187,25.272727272727273,7.136363636363637,7.136363636363637,25.272727272727273,0.0,9.0,9.0,0.0
2022/23,2022-10-14 19:00:00,Brentford FC,Brighton & Hove Albion FC,1.90636,2.15668,13.0,3.96,3.96,13.0,8.0,14.0,14.0,8.0
2022/23,2022-10-15 11:30:00,Leicester City FC,Crystal Palace FC,0.973426,0.346808,7.7105263157894735,24.357142857142858,24.357142857142858,7.7105263157894735,13.0,1.0,1.0,13.0
2022/23,2022-10-15 14:00:00,Fulham FC,AFC Bournemouth,1.61738,1.62829,8.25,14.95,14.95,8.25,8.0,4.0,4.0,8.0
2022/23,2022-10-15 14:00:00,Wolverhampton Wanderers FC,Nottingham Forest FC,1.22368,1.24761,10.5,9.6,9.6,10.5,5.0,3.0,3.0,5.0
2022/23,2022-10-15 16:30:00,Tottenham Hotspur FC,Everton FC,2.49409,0.560039,12.5,25.071428571428573,25.071428571428573,12.5,8.0,0.0,0.0,8.0
2022/23,2022-10-16 13:00:00,Aston Villa FC,Chelsea FC,2.44542,1.23643,14.037037037037036,13.533333333333333,13.533333333333333,14.037037037037036,6.0,5.0,5.0,6.0
2022/23,2022-10-16 13:00:00,Leeds United FC,Arsenal FC,2.02232,0.821757,12.142857142857142,10.473684210526315,10.473684210526315,12.142857142857142,8.0,5.0,5.0,8.0
2022/23,2022-10-16 13:00:00,Manchester United FC,Newcastle United FC,1.41606,0.78815,9.0,13.277777777777779,13.277777777777779,9.0,8.0,9.0,9.0,8.0
2022/23,2022-10-16 13:00:00,Southampton FC,West Ham United FC,0.524479,1.70727,18.0,11.23076923076923,11.23076923076923,18.0,2.0,8.0,8.0,2.0
2022/23,2022-10-16 15:30:00,Liverpool FC,Manchester City FC,1.9992,0.911493,28.5,12.578947368421053,12.578947368421053,28.5,6.0,17.0,17.0,6.0
2022/23,2022-10-18 18:30:00,Brighton & Hove Albion FC,Nottingham Forest FC,2.10188,0.195003,7.764705882352941,20.0,20.0,7.764705882352941,15.0,1.0,1.0,15.0
2022/23,2022-10-18 19:15:00,Crystal Palace FC,Wolverhampton Wanderers FC,1.25617,0.857837,7.7272727272727275,8.366666666666667,8.366666666666667,7.7272727272727275,8.0,8.0,8.0,8.0
2022/23,2022-10-19 18:30:00,AFC Bournemouth,Southampton FC,0.810452,1.23878,11.761904761904763,13.65,13.65,11.761904761904763,8.0,6.0,6.0,8.0
2022/23,2022-10-19 18:30:00,Brentford FC,Chelsea FC,1.45228,0.557405,16.705882352941178,10.5,10.5,16.705882352941178,7.0,14.0,14.0,7.0
2022/23,2022-10-19 18:30:00,Newcastle United FC,Everton FC,1.13393,0.0609567,9.576923076923077,10.9,10.9,9.576923076923077,8.0,5.0,5.0,8.0
2022/23,2022-10-19 18:30:00,Liverpool FC,West Ham United FC,2.24066,2.48649,12.76,26.714285714285715,26.714285714285715,12.76,8.0,4.0,4.0,8.0
2022/23,2022-10-19 19:15:00,Manchester United FC,Tottenham Hotspur FC,1.70973,0.658526,18.41176470588235,18.357142857142858,18.357142857142858,18.41176470588235,10.0,7.0,7.0,10.0
2022/23,2022-10-20 18:30:00,Fulham FC,Aston Villa FC,2.892,0.711487,11.266666666666667,18.6,18.6,11.266666666666667,8.0,2.0,2.0,8.0
2022/23,2022-10-20 19:15:00,Leicester City FC,Leeds United FC,0.655249,1.19464,10.678571428571429,8.7,8.7,10.678571428571429,4.0,5.0,5.0,4.0
2022/23,2022-10-22 11:30:00,Nottingham Forest FC,Liverpool FC,2.50163,2.19752,24.8,5.45,5.45,24.8,6.0,13.0,13.0,6.0
2022/23,2022-10-22 14:00:00,Everton FC,Crystal Palace FC,1.93396,0.597167,9.655172413793103,8.583333333333334,8.583333333333334,9.655172413793103,5.0,4.0,4.0,5.0
2022/23,2022-10-22 14:00:00,Manchester City FC,Brighton & Hove Albion FC,1.86239,0.52863,12.0,13.588235294117647,13.588235294117647,12.0,14.0,5.0,5.0,14.0
2022/23,2022-10-22 15:30:00,Chelsea FC,Manchester United FC,1.20238,0.730935,16.0,16.307692307692307,16.307692307692307,16.0,3.0,8.0,8.0,3.0
2022/23,2022-10-23 13:00:00,Aston Villa FC,Brentford FC,3.45617,1.00462,7.172413793103448,7.363636363636363,7.363636363636363,7.172413793103448,9.0,3.0,3.0,9.0
2022/23,2022-10-23 13:00:00,Leeds United FC,Fulham FC,1.96384,2.47512,6.033333333333333,14.68421052631579,14.68421052631579,6.033333333333333,8.0,3.0,3.0,8.0
2022/23,2022-10-23 13:00:00,Southampton FC,Arsenal FC,0.622653,1.57897,21.066666666666666,9.565217391304348,9.565217391304348,21.066666666666666,7.0,8.0,8.0,7.0
2022/23,2022-10-23 13:00:00,Wolverhampton Wanderers FC,Leicester City FC,1.61785,0.989075,24.714285714285715,19.529411764705884,19.529411764705884,24.714285714285715,11.0,5.0,5.0,11.0
2022/23,2022-10-23 15:30:00,Tottenham Hotspur FC,Newcastle United FC,1.56513,1.1294,8.5,15.055555555555555,15.055555555555555,8.5,7.0,11.0,11.0,7.0
2022/23,2022-10-24 19:00:00,West Ham United FC,AFC Bournemouth,1.97715,0.730443,11.318181818181818,15.68421052631579,15.68421052631579,11.318181818181818,7.0,4.0,4.0,7.0
2022/23,2022-10-29 11:30:00,Leicester City FC,Manchester City FC,0.693597,0.703827,31.875,14.941176470588236,14.941176470588236,31.875,2.0,14.0,14.0,2.0
2022/23,2022-10-29 14:00:00,AFC Bournemouth,Tottenham Hotspur FC,0.887533,2.1946,20.5625,18.4,18.4,20.5625,3.0,10.0,10.0,3.0
2022/23,2022-10-29 14:00:00,Brentford FC,Wolverhampton Wanderers FC,1.29257,0.557605,5.84,12.722222222222221,12.722222222222221,5.84,6.0,2.0,2.0,6.0
2022/23,2022-10-29 14:00:00,Brighton & Hove Albion FC,Chelsea FC,2.881,1.07554,22.692307692307693,12.5,12.5,22.692307692307693,5.0,8.0,8.0,5.0
2022/23,2022-10-29 14:00:00,Crystal Palace FC,Southampton FC,1.00384,1.35803,11.608695652173912,7.3,7.3,11.608695652173912,7.0,8.0,8.0,7.0
2022/23,2022-10-29 14:00:00,Newcastle United FC,Aston Villa FC,4.18808,0.270814,10.722222222222221,17.5,17.5,10.722222222222221,15.0,2.0,2.0,15.0
2022/23,2022-10-29 16:30:00,Fulham FC,Everton FC,1.76438,1.19166,11.15,22.636363636363637,22.636363636363637,11.15,11.0,2.0,2.0,11.0
2022/23,2022-10-29 18:45:00,Liverpool FC,Leeds United FC,1.90889,1.61271,10.916666666666666,29.285714285714285,29.285714285714285,10.916666666666666,14.0,6.0,6.0,14.0
2022/23,2022-10-30 14:00:00,Arsenal FC,Nottingham Forest FC,3.00699,0.206127,7.7894736842105265,26.25,26.25,7.7894736842105265,21.0,2.0,2.0,21.0
2022/23,2022-10-30 16:15:00,Manchester United FC,West Ham United FC,1.7514,1.00033,13.5,16.466666666666665,16.466666666666665,13.5,6.0,5.0,5.0,6.0
2022/23,2022-11-05 15:00:00,Leeds United FC,AFC Bournemouth,2.22532,1.55594,4.757575757575758,15.384615384615385,15.384615384615385,4.757575757575758,8.0,5.0,5.0,8.0
2022/23,2022-11-05 15:00:00,Manchester City FC,Fulham FC,2.39332,0.843884,12.0625,35.46153846153846,35.46153846153846,12.0625,11.0,1.0,1.0,11.0
2022/23,2022-11-05 15:00:00,Nottingham Forest FC,Brentford FC,1.29696,1.2204,16.235294117647058,13.357142857142858,13.357142857142858,16.235294117647058,10.0,6.0,6.0,10.0
2022/23,2022-11-05 15:00:00,Wolverhampton Wanderers FC,Brighton & Hove Albion FC,1.29252,1.87375,21.944444444444443,8.928571428571429,8.928571428571429,21.944444444444443,2.0,18.0,18.0,2.0
2022/23,2022-11-05 17:30:00,Everton FC,Leicester City FC,1.3729,2.2679,22.533333333333335,15.733333333333333,15.733333333333333,22.533333333333335,12.0,11.0,11.0,12.0
2022/23,2022-11-06 12:00:00,Chelsea FC,Arsenal FC,0.278815,2.37846,8.551724137931034,5.967741935483871,5.967741935483871,8.551724137931034,5.0,3.0,3.0,5.0
2022/23,2022-11-06 14:00:00,Aston Villa FC,Manchester United FC,0.578563,0.517189,18.0,10.956521739130435,10.956521739130435,18.0,5.0,10.0,10.0,5.0
2022/23,2022-11-06 14:00:00,Southampton FC,Newcastle United FC,1.65228,1.42101,9.045454545454545,14.266666666666667,14.266666666666667,9.045454545454545,6.0,4.0,4.0,6.0
2022/23,2022-11-06 14:00:00,West Ham United FC,Crystal Palace FC,0.192579,1.03344,18.055555555555557,31.333333333333332,31.333333333333332,18.055555555555557,1.0,9.0,9.0,1.0
2022/23,2022-11-06 16:30:00,Tottenham Hotspur FC,Liverpool FC,1.81736,1.46548,15.458333333333334,17.058823529411764,17.058823529411764,15.458333333333334,4.0,7.0,7.0,4.0
2022/23,2022-11-12 12:30:00,Manchester City FC,Brentford FC,1.605,3.29012,4.2,16.46153846153846,16.46153846153846,4.2,26.0,6.0,6.0,26.0
2022/23,2022-11-12 15:00:00,AFC Bournemouth,Everton FC,2.45642,0.768756,22.428571428571427,5.5,5.5,22.428571428571427,8.0,7.0,7.0,8.0
2022/23,2022-11-12 15:00:00,Liverpool FC,Southampton FC,2.74418,1.43427,20.0,21.8,21.8,20.0,10.0,9.0,9.0,10.0
2022/23,2022-11-12 15:00:00,Nottingham Forest FC,Crystal Palace FC,1.23752,1.14552,25.6,8.2,8.2,25.6,4.0,3.0,3.0,4.0
2022/23,2022-11-12 15:00:00,Tottenham Hotspur FC,Leeds United FC,2.58046,1.71731,16.727272727272727,21.533333333333335,21.533333333333335,16.727272727272727,7.0,6.0,6.0,7.0
2022/23,2022-11-12 15:00:00,West Ham United FC,Leicester City FC,0.720721,1.60566,12.238095238095237,11.652173913043478,11.652173913043478,12.238095238095237,6.0,5.0,5.0,6.0
2022/23,2022-11-12 17:30:00,Newcastle United FC,Chelsea FC,1.3601,0.359105,8.485714285714286,10.681818181818182,10.681818181818182,8.485714285714286,7.0,2.0,2.0,7.0
2022/23,2022-11-12 19:45:00,Wolverhampton Wanderers FC,Arsenal FC,0.512339,2.27996,18.11764705882353,13.142857142857142,13.142857142857142,18.11764705882353,4.0,4.0,4.0,4.0
2022/23,2022-11-13 14:00:00,Brighton & Hove Albion FC,Aston Villa FC,0.829107,1.15437,4.96875,16.38888888888889,16.38888888888889,4.96875,7.0,6.0,6.0,7.0
2022/23,2022-11-13 16:30:00,Fulham FC,Manchester United FC,1.70218,3.37664,11.857142857142858,20.416666666666668,20.416666666666668,11.857142857142858,6.0,6.0,6.0,6.0
2022/23,2022-12-26 12:30:00,Brentford FC,Tottenham Hotspur FC,2.25263,0.883787,11.583333333333334,8.8125,8.8125,11.583333333333334,7.0,5.0,5.0,7.0
2022/23,2022-12-26 15:00:00,Crystal Palace FC,Fulham FC,0.421754,2.69927,18.11111111111111,8.678571428571429,8.678571428571429,18.11111111111111,2.0,13.0,13.0,2.0
2022/23,2022-12-26 15:00:00,Everton FC,Wolverhampton Wanderers FC,1.22653,1.22076,8.590909090909092,9.4,9.4,8.590909090909092,4.0,6.0,6.0,4.0
2022/23,2022-12-26 15:00:00,Leicester City FC,Newcastle United FC,0.31099,1.76382,6.966666666666667,23.2,23.2,6.966666666666667,4.0,5.0,5.0,4.0
2022/23,2022-12-26 15:00:00,Southampton FC,Brighton & Hove Albion FC,1.70709,1.00714,20.227272727272727,11.0625,11.0625,20.227272727272727,5.0,10.0,10.0,5.0
2022/23,2022-12-26 17:30:00,Aston Villa FC,Liverpool FC,1.69155,3.50694,30.0,12.318181818181818,12.318181818181818,30.0,5.0,8.0,8.0,5.0
2022/23,2022-12-26 20:00:00,Arsenal FC,West Ham United FC,1.88828,1.02652,7.576923076923077,19.526315789473685,19.526315789473685,7.576923076923077,14.0,1.0,1.0,14.0
2022/23,2022-12-27 17:30:00,Chelsea FC,AFC Bournemouth,1.91378,0.44307,10.470588235294118,15.291666666666666,15.291666666666666,10.470588235294118,7.0,4.0,4.0,7.0
2022/23,2022-12-27 20:00:00,Manchester United FC,Nottingham Forest FC,2.13668,0.477076,5.695652173913044,41.625,41.625,5.695652173913044,22.0,2.0,2.0,22.0
2022/23,2022-12-28 20:00:00,Leeds United FC,Manchester City FC,0.603751,4.16249,27.0,7.9,7.9,27.0,7.0,13.0,13.0,7.0
2022/23,2022-12-30 19:45:00,West Ham United FC,Brentford FC,1.13979,1.51436,10.0,30.444444444444443,30.444444444444443,10.0,5.0,7.0,7.0,5.0
2022/23,2022-12-30 20:00:00,Liverpool FC,Leicester City FC,2.02463,0.863312,14.65,22.0625,22.0625,14.65,6.0,3.0,3.0,6.0
2022/23,2022-12-31 12:30:00,Wolverhampton Wanderers FC,Manchester United FC,0.587672,2.44728,11.181818181818182,8.73076923076923,8.73076923076923,11.181818181818182,2.0,13.0,13.0,2.0
2022/23,2022-12-31 15:00:00,AFC Bournemouth,Crystal Palace FC,0.895819,1.75264,7.05,9.73076923076923,9.73076923076923,7.05,8.0,8.0,8.0,8.0
2022/23,2022-12-31 15:00:00,Fulham FC,Southampton FC,1.49305,0.698711,7.523809523809524,13.590909090909092,13.590909090909092,7.523809523809524,6.0,2.0,2.0,6.0
2022/23,2022-12-31 15:00:00,Manchester City FC,Everton FC,2.36333,0.0760019,5.0,33.9,33.9,5.0,13.0,2.0,2.0,13.0
2022/23,2022-12-31 15:00:00,Newcastle United FC,Leeds United FC,2.78846,0.517099,6.391304347826087,9.08695652173913,9.08695652173913,6.391304347826087,9.0,4.0,4.0,9.0
2022/23,2022-12-31 17:30:00,Brighton & Hove Albion FC,Arsenal FC,1.15663,3.22106,8.125,15.5,15.5,8.125,9.0,8.0,8.0,9.0
2022/23,2023-01-01 14:00:00,Tottenham Hotspur FC,Aston Villa FC,0.569383,1.21733,10.272727272727273,17.27777777777778,17.27777777777778,10.272727272727273,6.0,7.0,7.0,6.0
2022/23,2023-01-01 16:30:00,Nottingham Forest FC,Chelsea FC,0.985219,1.37305,19.291666666666668,6.136363636363637,6.136363636363637,19.291666666666668,10.0,6.0,6.0,10.0
2022/23,2023-01-02 17:30:00,Brentford FC,Liverpool FC,2.0991,2.10461,16.11764705882353,4.777777777777778,4.777777777777778,16.11764705882353,0.0,19.0,19.0,0.0
2022/23,2023-01-03 19:45:00,Arsenal FC,Newcastle United FC,0.970637,0.959523,7.466666666666667,11.909090909090908,11.909090909090908,7.466666666666667,9.0,4.0,4.0,9.0
2022/23,2023-01-03 19:45:00,Everton FC,Brighton & Hove Albion FC,1.16896,2.50731,22.333333333333332,21.2,21.2,22.333333333333332,4.0,4.0,4.0,4.0
2022/23,2023-01-03 19:45:00,Leicester City FC,Fulham FC,1.45221,1.33493,6.25,15.227272727272727,15.227272727272727,6.25,6.0,4.0,4.0,6.0
2022/23,2023-01-03 20:00:00,Manchester United FC,AFC Bournemouth,2.97383,0.679022,10.761904761904763,24.071428571428573,24.071428571428573,10.761904761904763,13.0,2.0,2.0,13.0
2022/23,2023-01-04 19:30:00,Southampton FC,Nottingham Forest FC,0.62937,1.22324,5.565217391304348,11.85,11.85,5.565217391304348,4.0,4.0,4.0,4.0
2022/23,2023-01-04 19:45:00,Leeds United FC,West Ham United FC,1.2577,1.29245,4.260869565217392,9.592592592592593,9.592592592592593,4.260869565217392,7.0,3.0,3.0,7.0
2022/23,2023-01-04 20:00:00,Aston Villa FC,Wolverhampton Wanderers FC,1.03226,0.832522,18.692307692307693,13.7,13.7,18.692307692307693,4.0,2.0,2.0,4.0
2022/23,2023-01-04 20:00:00,Crystal Palace FC,Tottenham Hotspur FC,0.787525,1.66514,14.75,14.235294117647058,14.235294117647058,14.75,8.0,9.0,9.0,8.0
2022/23,2023-01-05 20:00:00,Chelsea FC,Manchester City FC,0.493576,1.71972,13.583333333333334,12.76923076923077,12.76923076923077,13.583333333333334,5.0,10.0,10.0,5.0
2022/23,2023-01-12 19:00:00,Fulham FC,Chelsea FC,0.711266,2.39911,14.590909090909092,8.73076923076923,8.73076923076923,14.590909090909092,2.0,7.0,7.0,2.0
2022/23,2023-01-13 20:00:00,Aston Villa FC,Leeds United FC,1.64599,2.46295,7.45,6.219512195121951,6.219512195121951,7.45,5.0,1.0,1.0,5.0
2022/23,2023-01-14 12:30:00,Manchester United FC,Manchester City FC,1.98228,0.73695,28.8125,16.545454545454547,16.545454545454547,28.8125,9.0,10.0,10.0,9.0
2022/23,2023-01-14 15:00:00,Brighton & Hove Albion FC,Liverpool FC,2.40062,1.28853,13.0,15.481481481481481,15.481481481481481,13.0,13.0,5.0,5.0,13.0
2022/23,2023-01-14 15:00:00,Everton FC,Southampton FC,1.18191,1.08412,13.071428571428571,6.84,6.84,13.071428571428571,4.0,8.0,8.0,4.0
2022/23,2023-01-14 15:00:00,Nottingham Forest FC,Leicester City FC,1.75313,0.803421,17.05263157894737,11.625,11.625,17.05263157894737,6.0,3.0,3.0,6.0
2022/23,2023-01-14 15:00:00,Wolverhampton Wanderers FC,West Ham United FC,0.806232,0.735105,15.307692307692308,14.80952380952381,14.80952380952381,15.307692307692308,5.0,7.0,7.0,5.0
2022/23,2023-01-14 17:30:00,Brentford FC,AFC Bournemouth,1.29815,0.269283,13.0,10.142857142857142,10.142857142857142,13.0,3.0,2.0,2.0,3.0
2022/23,2023-01-15 14:00:00,Chelsea FC,Crystal Palace FC,2.12987,0.837366,5.739130434782608,11.5,11.5,5.739130434782608,9.0,3.0,3.0,9.0
2022/23,2023-01-15 14:00:00,Newcastle United FC,Fulham FC,1.96256,0.989872,6.166666666666667,14.733333333333333,14.733333333333333,6.166666666666667,13.0,3.0,3.0,13.0
2022/23,2023-01-15 16:30:00,Tottenham Hotspur FC,Arsenal FC,1.71032,2.04232,16.923076923076923,11.5,11.5,16.923076923076923,8.0,8.0,8.0,8.0
2022/23,2023-01-18 15:30:00,Crystal Palace FC,Manchester United FC,0.413339,1.39437,13.068965517241379,7.958333333333333,7.958333333333333,13.068965517241379,3.0,12.0,12.0,3.0
2022/23,2023-01-19 19:00:00,Manchester City FC,Tottenham Hotspur FC,2.34166,1.16499,12.619047619047619,19.58823529411765,19.58823529411765,12.619047619047619,11.0,8.0,8.0,11.0
2022/23,2023-01-21 12:30:00,Liverpool FC,Chelsea FC,1.30125,1.84467,10.5625,9.814814814814815,9.814814814814815,10.5625,7.0,7.0,7.0,7.0
2022/23,2023-01-21 15:00:00,AFC Bournemouth,Nottingham Forest FC,1.80549,1.57544,19.5,10.0,10.0,19.5,10.0,5.0,5.0,10.0
2022/23,2023-01-21 15:00:00,Leicester City FC,Brighton & Hove Albion FC,1.35941,1.94491,32.81818181818182,9.80952380952381,9.80952380952381,32.81818181818182,2.0,12.0,12.0,2.0
2022/23,2023-01-21 15:00:00,Southampton FC,Aston Villa FC,0.672444,1.16432,12.035714285714286,7.571428571428571,7.571428571428571,12.035714285714286,4.0,8.0,8.0,4.0
2022/23,2023-01-21 15:00:00,West Ham United FC,Everton FC,2.46879,0.286826,21.2,10.526315789473685,10.526315789473685,21.2,3.0,4.0,4.0,3.0
2022/23,2023-01-21 17:30:00,Crystal Palace FC,Newcastle United FC,0.333154,1.44384,7.870967741935484,6.842105263157895,6.842105263157895,7.870967741935484,3.0,13.0,13.0,3.0
2022/23,2023-01-22 14:00:00,Leeds United FC,Brentford FC,0.374736,0.17114,7.260869565217392,7.037037037037037,7.037037037037037,7.260869565217392,7.0,5.0,5.0,7.0
2022/23,2023-01-22 14:00:00,Manchester City FC,Wolverhampton Wanderers FC,3.32757,0.469277,20.066666666666666,19.0,19.0,20.066666666666666,9.0,4.0,4.0,9.0
2022/23,2023-01-22 16:30:00,Arsenal FC,Manchester United FC,2.90273,0.272246,11.833333333333334,13.777777777777779,13.777777777777779,11.833333333333334,15.0,1.0,1.0,15.0
2022/23,2023-01-23 20:00:00,Fulham FC,Tottenham Hotspur FC,1.09339,0.993805,9.275862068965518,12.952380952380953,12.952380952380953,9.275862068965518,7.0,7.0,7.0,7.0
2022/23,2023-02-03 20:00:00,Chelsea FC,Fulham FC,1.41471,0.493341,4.2727272727272725,19.727272727272727,19.727272727272727,4.2727272727272725,5.0,5.0,5.0,5.0
2022/23,2023-02-04 12:30:00,Everton FC,Arsenal FC,2.09191,0.690102,18.0,5.777777777777778,5.777777777777778,18.0,4.0,11.0,11.0,4.0
2022/23,2023-02-04 15:00:00,Aston Villa FC,Leicester City FC,1.4989,2.49784,7.72,13.333333333333334,13.333333333333334,7.72,15.0,5.0,5.0,15.0
2022/23,2023-02-04 15:00:00,Brentford FC,Southampton FC,2.36747,0.644385,12.058823529411764,8.578947368421053,8.578947368421053,12.058823529411764,12.0,5.0,5.0,12.0
2022/23,2023-02-04 15:00:00,Brighton & Hove Albion FC,AFC Bournemouth,2.55696,0.908298,6.947368421052632,23.266666666666666,23.266666666666666,6.947368421052632,15.0,2.0,2.0,15.0
2022/23,2023-02-04 15:00:00,Manchester United FC,Crystal Palace FC,2.07035,1.3798,13.823529411764707,16.466666666666665,16.466666666666665,13.823529411764707,11.0,4.0,4.0,11.0
2022/23,2023-02-04 15:00:00,Wolverhampton Wanderers FC,Liverpool FC,2.63328,1.30193,27.818181818181817,11.7,11.7,27.818181818181817,5.0,14.0,14.0,5.0
2022/23,2023-02-04 17:30:00,Newcastle United FC,West Ham United FC,1.22883,1.27831,8.05,10.576923076923077,10.576923076923077,8.05,6.0,4.0,4.0,6.0
2022/23,2023-02-05 14:00:00,Nottingham Forest FC,Leeds United FC,0.3325,1.12331,14.428571428571429,3.3333333333333335,3.3333333333333335,14.428571428571429,1.0,7.0,7.0,1.0
2022/23,2023-02-05 16:30:00,Tottenham Hotspur FC,Manchester City FC,1.42168,0.773747,20.214285714285715,5.8,5.8,20.214285714285715,3.0,5.0,5.0,3.0
2022/23,2023-02-08 19:00:00,Manchester United FC,Leeds United FC,2.00007,0.554798,5.65,12.222222222222221,12.222222222222221,5.65,11.0,4.0,4.0,11.0
2022/23,2023-02-11 12:30:00,West Ham United FC,Chelsea FC,1.07615,0.900465,21.333333333333332,5.65,5.65,21.333333333333332,6.0,10.0,10.0,6.0
2022/23,2023-02-11 15:00:00,Arsenal FC,Brentford FC,1.36738,2.17538,6.466666666666667,12.0,12.0,6.466666666666667,21.0,15.0,15.0,21.0
2022/23,2023-02-11 15:00:00,Crystal Palace FC,Brighton & Hove Albion FC,0.928279,2.64981,21.61904761904762,3.6333333333333333,3.6333333333333333,21.61904761904762,2.0,8.0,8.0,2.0
2022/23,2023-02-11 15:00:00,Fulham FC,Nottingham Forest FC,1.69704,0.686824,11.217391304347826,11.45,11.45,11.217391304347826,6.0,6.0,6.0,6.0
2022/23,2023-02-11 15:00:00,Leicester City FC,Tottenham Hotspur FC,1.41208,1.11709,7.073170731707317,16.1875,16.1875,7.073170731707317,6.0,4.0,4.0,6.0
2022/23,2023-02-11 15:00:00,Southampton FC,Wolverhampton Wanderers FC,1.30203,0.615651,8.470588235294118,5.947368421052632,5.947368421052632,8.470588235294118,7.0,2.0,2.0,7.0
2022/23,2023-02-11 17:30:00,AFC Bournemouth,Newcastle United FC,1.54458,1.54853,15.5,4.592592592592593,4.592592592592593,15.5,4.0,6.0,6.0,4.0
2022/23,2023-02-12 14:00:00,Leeds United FC,Manchester United FC,1.89163,1.30375,11.266666666666667,5.75,5.75,11.266666666666667,5.0,5.0,5.0,5.0
2022/23,2023-02-12 16:30:00,Manchester City FC,Aston Villa FC,3.60987,0.275348,8.090909090909092,23.6,23.6,8.090909090909092,7.0,4.0,4.0,7.0
2022/23,2023-02-13 20:00:00,Liverpool FC,Everton FC,2.23291,0.402331,10.916666666666666,14.407407407407407,14.407407407407407,10.916666666666666,7.0,3.0,3.0,7.0
2022/23,2023-02-15 18:30:00,Arsenal FC,Manchester City FC,1.70139,2.00841,8.777777777777779,12.384615384615385,12.384615384615385,8.777777777777779,9.0,7.0,7.0,9.0
2022/23,2023-02-18 12:30:00,Aston Villa FC,Arsenal FC,0.335752,2.85981,14.68421052631579,9.157894736842104,9.157894736842104,14.68421052631579,2.0,14.0,14.0,2.0
2022/23,2023-02-18 15:00:00,Brentford FC,Crystal Palace FC,0.610105,1.12202,7.32,19.733333333333334,19.733333333333334,7.32,12.0,3.0,3.0,12.0
2022/23,2023-02-18 15:00:00,Brighton & Hove Albion FC,Fulham FC,2.71375,0.224214,6.2,22.058823529411764,22.058823529411764,6.2,10.0,0.0,0.0,10.0
2022/23,2023-02-18 15:00:00,Chelsea FC,Southampton FC,1.61723,0.619532,5.862068965517241,7.119047619047619,7.119047619047619,5.862068965517241,11.0,3.0,3.0,11.0
2022/23,2023-02-18 15:00:00,Everton FC,Leeds United FC,1.53811,0.597403,10.157894736842104,12.117647058823529,12.117647058823529,10.157894736842104,7.0,6.0,6.0,7.0
2022/23,2023-02-18 15:00:00,Nottingham Forest FC,Manchester City FC,1.12735,2.80966,39.625,7.470588235294118,7.470588235294118,39.625,1.0,16.0,16.0,1.0
2022/23,2023-02-18 15:00:00,Wolverhampton Wanderers FC,AFC Bournemouth,0.911415,1.15274,6.6,21.235294117647058,21.235294117647058,6.6,11.0,4.0,4.0,11.0
2022/23,2023-02-18 17:30:00,Newcastle United FC,Liverpool FC,1.74852,2.16549,41.2,7.076923076923077,7.076923076923077,41.2,5.0,7.0,7.0,5.0
2022/23,2023-02-19 14:00:00,Manchester United FC,Leicester City FC,4.24663,1.39678,10.545454545454545,11.586206896551724,11.586206896551724,10.545454545454545,12.0,7.0,7.0,12.0
2022/23,2023-02-19 16:30:00,Tottenham Hotspur FC,West Ham United FC,1.43042,0.365173,6.592592592592593,10.821428571428571,10.821428571428571,6.592592592592593,8.0,3.0,3.0,8.0
2022/23,2023-02-24 20:00:00,Fulham FC,Wolverhampton Wanderers FC,0.913133,0.997097,9.481481481481481,8.655172413793103,8.655172413793103,9.481481481481481,6.0,6.0,6.0,6.0
2022/23,2023-02-25 15:00:00,Everton FC,Aston Villa FC,1.54109,2.06037,7.105263157894737,11.0,11.0,7.105263157894737,9.0,5.0,5.0,9.0
2022/23,2023-02-25 15:00:00,Leeds United FC,Southampton FC,0.720048,0.391128,5.444444444444445,10.961538461538462,10.961538461538462,5.444444444444445,10.0,2.0,2.0,10.0
2022/23,2023-02-25 15:00:00,Leicester City FC,Arsenal FC,0.0203463,0.722059,15.722222222222221,7.947368421052632,7.947368421052632,15.722222222222221,2.0,10.0,10.0,2.0
2022/23,2023-02-25 15:00:00,West Ham United FC,Nottingham Forest FC,3.05032,0.350849,10.409090909090908,14.692307692307692,14.692307692307692,10.409090909090908,13.0,3.0,3.0,13.0
2022/23,2023-02-25 17:30:00,AFC Bournemouth,Manchester City FC,1.08527,2.98206,32.357142857142854,7.571428571428571,7.571428571428571,32.357142857142854,4.0,15.0,15.0,4.0
2022/23,2023-02-25 19:45:00,Crystal Palace FC,Liverpool FC,0.989086,1.35123,18.681818181818183,8.31578947368421,8.31578947368421,18.681818181818183,1.0,5.0,5.0,1.0
2022/23,2023-02-26 13:30:00,Tottenham Hotspur FC,Chelsea FC,0.926313,0.262281,11.48,8.033333333333333,8.033333333333333,11.48,5.0,5.0,5.0,5.0
2022/23,2023-03-01 20:00:00,Liverpool FC,Wolverhampton Wanderers FC,2.70191,0.78681,7.628571428571429,8.461538461538462,8.461538461538462,7.628571428571429,11.0,4.0,4.0,11.0
2022/23,2023-03-01 20:00:00,Arsenal FC,Everton FC,3.06919,1.604,7.647058823529412,22.0,22.0,7.647058823529412,13.0,5.0,5.0,13.0
2022/23,2023-03-04 12:30:00,Manchester City FC,Newcastle United FC,1.34144,0.359809,10.545454545454545,14.545454545454545,14.545454545454545,10.545454545454545,12.0,7.0,7.0,12.0
2022/23,2023-03-04 15:00:00,Arsenal FC,AFC Bournemouth,2.46279,1.74267,4.0,14.2,14.2,4.0,31.0,3.0,3.0,31.0
2022/23,2023-03-04 15:00:00,Aston Villa FC,Crystal Palace FC,0.890605,0.152761,8.576923076923077,9.405405405405405,9.405405405405405,8.576923076923077,8.0,0.0,0.0,8.0
2022/23,2023-03-04 15:00:00,Brighton & Hove Albion FC,West Ham United FC,3.49993,0.250045,10.473684210526315,19.363636363636363,19.363636363636363,10.473684210526315,9.0,3.0,3.0,9.0
2022/23,2023-03-04 15:00:00,Chelsea FC,Leeds United FC,1.8678,0.633995,8.44,17.894736842105264,17.894736842105264,8.44,8.0,4.0,4.0,8.0
2022/23,2023-03-04 15:00:00,Wolverhampton Wanderers FC,Tottenham Hotspur FC,0.562477,1.25588,19.357142857142858,10.521739130434783,10.521739130434783,19.357142857142858,3.0,7.0,7.0,3.0
2022/23,2023-03-04 17:30:00,Southampton FC,Leicester City FC,1.34332,1.67051,13.115384615384615,5.964285714285714,5.964285714285714,13.115384615384615,1.0,12.0,12.0,1.0
2022/23,2023-03-05 14:00:00,Nottingham Forest FC,Everton FC,0.799733,1.70877,6.904761904761905,7.909090909090909,7.909090909090909,6.904761904761905,5.0,12.0,12.0,5.0
2022/23,2023-03-05 16:30:00,Liverpool FC,Manchester United FC,3.44269,0.837542,5.956521739130435,13.210526315789474,13.210526315789474,5.956521739130435,14.0,3.0,3.0,14.0
2022/23,2023-03-06 20:00:00,Brentford FC,Fulham FC,2.44358,1.67531,6.2105263157894735,4.521739130434782,4.521739130434782,6.2105263157894735,7.0,3.0,3.0,7.0
2022/23,2023-03-11 12:30:00,AFC Bournemouth,Liverpool FC,1.10128,2.13465,27.53846153846154,5.0,5.0,27.53846153846154,1.0,12.0,12.0,1.0
2022/23,2023-03-11 15:00:00,Everton FC,Brentford FC,1.71599,1.95088,11.5,6.055555555555555,6.055555555555555,11.5,0.0,7.0,7.0,0.0
2022/23,2023-03-11 15:00:00,Leeds United FC,Brighton & Hove Albion FC,0.596738,1.51388,11.689655172413794,7.88,7.88,11.689655172413794,9.0,10.0,10.0,9.0
2022/23,2023-03-11 15:00:00,Leicester City FC,Chelsea FC,2.36139,1.49478,10.67741935483871,13.181818181818182,13.181818181818182,10.67741935483871,6.0,6.0,6.0,6.0
2022/23,2023-03-11 15:00:00,Tottenham Hotspur FC,Nottingham Forest FC,1.73482,1.62805,8.75,16.263157894736842,16.263157894736842,8.75,10.0,6.0,6.0,10.0
2022/23,2023-03-11 17:30:00,Crystal Palace FC,Manchester City FC,0.185498,2.1884,17.41176470588235,5.433333333333334,5.433333333333334,17.41176470588235,0.0,8.0,8.0,0.0
2022/23,2023-03-12 14:00:00,Fulham FC,Arsenal FC,0.61832,2.64355,17.05,11.043478260869565,11.043478260869565,17.05,5.0,20.0,20.0,5.0
2022/23,2023-03-12 14:00:00,Manchester United FC,Southampton FC,0.910911,1.18053,9.153846153846153,8.92,8.92,9.153846153846153,8.0,4.0,4.0,8.0
2022/23,2023-03-12 14:00:00,West Ham United FC,Aston Villa FC,2.14634,1.99139,12.37037037037037,23.0,23.0,12.37037037037037,3.0,10.0,10.0,3.0
2022/23,2023-03-12 16:30:00,Newcastle United FC,Wolverhampton Wanderers FC,2.45527,0.709895,10.652173913043478,13.090909090909092,13.090909090909092,10.652173913043478,12.0,3.0,3.0,12.0
2022/23,2023-03-15 19:30:00,Southampton FC,Brentford FC,0.358977,1.66591,5.4,11.807692307692308,11.807692307692308,5.4,6.0,4.0,4.0,6.0
2022/23,2023-03-15 19:30:00,Brighton & Hove Albion FC,Crystal Palace FC,0.588727,1.21452,8.481481481481481,10.5,10.5,8.481481481481481,5.0,7.0,7.0,5.0
2022/23,2023-03-17 20:00:00,Nottingham Forest FC,Newcastle United FC,0.531985,2.50027,10.818181818181818,4.925925925925926,4.925925925925926,10.818181818181818,3.0,15.0,15.0,3.0
2022/23,2023-03-18 15:00:00,Aston Villa FC,AFC Bournemouth,3.45474,0.50014,8.24,7.771428571428571,7.771428571428571,8.24,16.0,5.0,5.0,16.0
2022/23,2023-03-18 15:00:00,Brentford FC,Leicester City FC,0.476467,1.42133,9.133333333333333,9.88,9.88,9.133333333333333,7.0,5.0,5.0,7.0
2022/23,2023-03-18 15:00:00,Southampton FC,Tottenham Hotspur FC,2.52077,1.88473,10.444444444444445,7.576923076923077,7.576923076923077,10.444444444444445,12.0,6.0,6.0,12.0
2022/23,2023-03-18 15:00:00,Wolverhampton Wanderers FC,Leeds United FC,2.76358,1.6549,4.466666666666667,18.5,18.5,4.466666666666667,11.0,3.0,3.0,11.0
2022/23,2023-03-18 17:30:00,Chelsea FC,Everton FC,1.90027,1.64675,7.133333333333334,12.958333333333334,12.958333333333334,7.133333333333334,9.0,1.0,1.0,9.0
2022/23,2023-03-19 14:00:00,Arsenal FC,Crystal Palace FC,1.53568,1.19194,12.6875,17.22222222222222,17.22222222222222,12.6875,13.0,5.0,5.0,13.0
2022/23,2023-04-01 11:30:00,Manchester City FC,Liverpool FC,3.01243,0.318171,11.0,25.444444444444443,25.444444444444443,11.0,18.0,3.0,3.0,18.0
2022/23,2023-04-01 14:00:00,Arsenal FC,Leeds United FC,3.29548,0.497609,8.444444444444445,16.8,16.8,8.444444444444445,6.0,6.0,6.0,6.0
2022/23,2023-04-01 14:00:00,AFC Bournemouth,Fulham FC,3.14054,0.601049,12.041666666666666,7.038461538461538,7.038461538461538,12.041666666666666,10.0,6.0,6.0,10.0
2022/23,2023-04-01 14:00:00,Brighton & Hove Albion FC,Brentford FC,3.8195,1.2788,6.3125,11.956521739130435,11.956521739130435,6.3125,11.0,4.0,4.0,11.0
2022/23,2023-04-01 14:00:00,Crystal Palace FC,Leicester City FC,1.93471,0.198959,12.952380952380953,8.407407407407407,8.407407407407407,12.952380952380953,14.0,2.0,2.0,14.0
2022/23,2023-04-01 14:00:00,Nottingham Forest FC,Wolverhampton Wanderers FC,1.11441,0.383739,16.307692307692307,5.5,5.5,16.307692307692307,5.0,5.0,5.0,5.0
2022/23,2023-04-01 16:30:00,Chelsea FC,Aston Villa FC,2.38024,0.765794,4.542857142857143,12.291666666666666,12.291666666666666,4.542857142857143,19.0,2.0,2.0,19.0
2022/23,2023-04-02 13:00:00,West Ham United FC,Southampton FC,1.40363,0.318261,8.972972972972974,7.758620689655173,7.758620689655173,8.972972972972974,3.0,3.0,3.0,3.0
2022/23,2023-04-02 15:30:00,Newcastle United FC,Manchester United FC,3.33162,0.334127,7.323529411764706,6.230769230769231,6.230769230769231,7.323529411764706,11.0,5.0,5.0,11.0
2022/23,2023-04-03 19:00:00,Everton FC,Tottenham Hotspur FC,0.823365,1.39177,12.655172413793103,8.61111111111111,8.61111111111111,12.655172413793103,7.0,9.0,9.0,7.0
2022/23,2023-04-04 18:45:00,Leicester City FC,Aston Villa FC,0.671597,1.00159,10.222222222222221,10.4,10.4,10.222222222222221,2.0,11.0,11.0,2.0
2022/23,2023-04-04 18:45:00,AFC Bournemouth,Brighton & Hove Albion FC,1.15322,2.63392,11.5,11.0,11.0,11.5,7.0,13.0,13.0,7.0
2022/23,2023-04-04 18:45:00,Leeds United FC,Nottingham Forest FC,2.43248,0.613917,5.392857142857143,10.434782608695652,10.434782608695652,5.392857142857143,12.0,4.0,4.0,12.0
2022/23,2023-04-04 19:00:00,Chelsea FC,Liverpool FC,2.18903,0.202217,15.75,10.419354838709678,10.419354838709678,15.75,12.0,8.0,8.0,12.0
2022/23,2023-04-05 19:00:00,West Ham United FC,Newcastle United FC,0.83342,2.84091,11.583333333333334,6.36,6.36,11.583333333333334,3.0,11.0,11.0,3.0
2022/23,2023-04-05 19:00:00,Manchester United FC,Brentford FC,1.1445,0.64499,9.473684210526315,17.705882352941178,17.705882352941178,9.473684210526315,12.0,2.0,2.0,12.0
2022/23,2023-04-08 11:30:00,Manchester United FC,Everton FC,4.38578,0.949183,10.642857142857142,12.214285714285714,12.214285714285714,10.642857142857142,18.0,4.0,4.0,18.0
2022/23,2023-04-08 14:00:00,Aston Villa FC,Nottingham Forest FC,1.42718,0.232452,6.052631578947368,12.391304347826088,12.391304347826088,6.052631578947368,8.0,1.0,1.0,8.0
2022/23,2023-04-08 14:00:00,Brentford FC,Newcastle United FC,2.06521,1.02337,12.5625,5.481481481481482,5.481481481481482,12.5625,5.0,9.0,9.0,5.0
2022/23,2023-04-08 14:00:00,Fulham FC,West Ham United FC,0.456524,1.23261,4.277777777777778,16.57894736842105,16.57894736842105,4.277777777777778,9.0,4.0,4.0,9.0
2022/23,2023-04-08 14:00:00,Leicester City FC,AFC Bournemouth,0.731965,1.92396,12.176470588235293,10.681818181818182,10.681818181818182,12.176470588235293,5.0,7.0,7.0,5.0
2022/23,2023-04-08 14:00:00,Tottenham Hotspur FC,Brighton & Hove Albion FC,0.594139,1.47549,13.571428571428571,6.392857142857143,6.392857142857143,13.571428571428571,7.0,10.0,10.0,7.0
2022/23,2023-04-08 14:00:00,Wolverhampton Wanderers FC,Chelsea FC,0.601153,0.815308,10.035714285714286,10.176470588235293,10.176470588235293,10.035714285714286,3.0,14.0,14.0,3.0
2022/23,2023-04-08 16:30:00,Southampton FC,Manchester City FC,0.492801,3.05999,54.888888888888886,8.88888888888889,8.88888888888889,54.888888888888886,1.0,11.0,11.0,1.0
2022/23,2023-04-09 13:00:00,Leeds United FC,Crystal Palace FC,1.02075,3.22687,5.186046511627907,11.0,11.0,5.186046511627907,7.0,6.0,6.0,7.0
2022/23,2023-04-09 15:30:00,Liverpool FC,Arsenal FC,4.64012,1.53631,7.423076923076923,13.238095238095237,13.238095238095237,7.423076923076923,19.0,1.0,1.0,19.0
2022/23,2023-04-15 11:30:00,Aston Villa FC,Newcastle United FC,1.91802,0.425086,6.962962962962963,5.7631578947368425,5.7631578947368425,6.962962962962963,12.0,6.0,6.0,12.0
2022/23,2023-04-15 14:00:00,Chelsea FC,Brighton & Hove Albion FC,0.46331,2.52107,15.55,10.375,10.375,15.55,6.0,11.0,11.0,6.0
2022/23,2023-04-15 14:00:00,Everton FC,Fulham FC,2.24262,1.92209,13.5625,13.466666666666667,13.466666666666667,13.5625,5.0,8.0,8.0,5.0
2022/23,2023-04-15 14:00:00,Southampton FC,Crystal Palace FC,0.678449,0.86306,8.478260869565217,9.090909090909092,9.090909090909092,8.478260869565217,9.0,8.0,8.0,9.0
2022/23,2023-04-15 14:00:00,Tottenham Hotspur FC,AFC Bournemouth,2.30604,1.20598,8.909090909090908,13.157894736842104,13.157894736842104,8.909090909090908,8.0,5.0,5.0,8.0
2022/23,2023-04-15 14:00:00,Wolverhampton Wanderers FC,Brentford FC,0.93912,1.5133,14.0,12.952380952380953,12.952380952380953,14.0,3.0,4.0,4.0,3.0
2022/23,2023-04-15 16:30:00,Manchester City FC,Leicester City FC,1.60702,1.92692,9.6,21.789473684210527,21.789473684210527,9.6,2.0,7.0,7.0,2.0
2022/23,2023-04-16 13:00:00,West Ham United FC,Arsenal FC,1.96095,2.71782,15.8,6.5,6.5,15.8,4.0,10.0,10.0,4.0
2022/23,2023-04-16 15:30:00,Nottingham Forest FC,Manchester United FC,1.05289,3.33747,16.529411764705884,6.888888888888889,6.888888888888889,16.529411764705884,5.0,17.0,17.0,5.0
2022/23,2023-04-17 19:00:00,Leeds United FC,Liverpool FC,1.16748,2.65476,32.35294117647059,4.28125,4.28125,32.35294117647059,2.0,13.0,13.0,2.0
2022/23,2023-04-21 19:00:00,Arsenal FC,Southampton FC,2.39609,1.43063,4.16,18.928571428571427,18.928571428571427,4.16,23.0,3.0,3.0,23.0
2022/23,2023-04-22 11:30:00,Fulham FC,Leeds United FC,1.43763,1.07482,12.176470588235293,6.3125,6.3125,12.176470588235293,1.0,4.0,4.0,1.0
2022/23,2023-04-22 14:00:00,Brentford FC,Aston Villa FC,2.03162,1.66602,9.23076923076923,8.3125,8.3125,9.23076923076923,7.0,4.0,4.0,7.0
2022/23,2023-04-22 14:00:00,Crystal Palace FC,Everton FC,0.368137,0.433712,9.4375,8.818181818181818,8.818181818181818,9.4375,5.0,3.0,3.0,5.0
2022/23,2023-04-22 14:00:00,Leicester City FC,Wolverhampton Wanderers FC,2.66929,0.59626,14.157894736842104,6.482758620689655,6.482758620689655,14.157894736842104,5.0,5.0,5.0,5.0
2022/23,2023-04-22 14:00:00,Liverpool FC,Nottingham Forest FC,3.32745,0.724666,2.5294117647058822,32.45454545454545,32.45454545454545,2.5294117647058822,11.0,8.0,8.0,11.0
2022/23,2023-04-23 13:00:00,AFC Bournemouth,West Ham United FC,0.974687,2.52322,9.352941176470589,14.0,14.0,9.352941176470589,8.0,8.0,8.0,8.0
2022/23,2023-04-23 13:00:00,Newcastle United FC,Tottenham Hotspur FC,3.98532,0.883001,14.176470588235293,14.166666666666666,14.166666666666666,14.176470588235293,12.0,2.0,2.0,12.0
2022/23,2023-04-25 18:30:00,Wolverhampton Wanderers FC,Crystal Palace FC,1.12829,0.580294,9.5,8.75,8.75,9.5,3.0,5.0,5.0,3.0
2022/23,2023-04-25 18:45:00,Aston Villa FC,Fulham FC,0.839159,0.079864,15.3125,8.125,8.125,15.3125,7.0,1.0,1.0,7.0
2022/23,2023-04-25 19:00:00,Leeds United FC,Leicester City FC,2.09645,2.08594,7.275862068965517,5.12,5.12,7.275862068965517,2.0,7.0,7.0,2.0
2022/23,2023-04-26 18:30:00,Nottingham Forest FC,Brighton & Hove Albion FC,2.43846,2.33064,20.35,4.52,4.52,20.35,6.0,15.0,15.0,6.0
2022/23,2023-04-26 18:45:00,West Ham United FC,Liverpool FC,0.939348,1.7045,25.842105263157894,4.78125,4.78125,25.842105263157894,2.0,12.0,12.0,2.0
2022/23,2023-04-26 18:45:00,Chelsea FC,Brentford FC,1.21124,0.695344,8.333333333333334,14.4,14.4,8.333333333333334,10.0,3.0,3.0,10.0
2022/23,2023-04-26 19:00:00,Manchester City FC,Arsenal FC,2.01168,0.398372,10.464285714285714,16.842105263157894,16.842105263157894,10.464285714285714,9.0,6.0,6.0,9.0
2022/23,2023-04-27 18:45:00,Everton FC,Newcastle United FC,0.777008,2.86368,11.363636363636363,9.0,9.0,11.363636363636363,6.0,9.0,9.0,6.0
2022/23,2023-04-27 18:45:00,Southampton FC,AFC Bournemouth,0.477034,0.988554,7.884615384615385,10.222222222222221,10.222222222222221,7.884615384615385,5.0,5.0,5.0,5.0
2022/23,2023-04-27 19:15:00,Tottenham Hotspur FC,Manchester United FC,2.37239,1.96508,15.285714285714286,12.470588235294118,12.470588235294118,15.285714285714286,2.0,12.0,12.0,2.0
2022/23,2023-04-29 11:30:00,Crystal Palace FC,West Ham United FC,2.31888,1.98262,7.55,8.75,8.75,7.55,13.0,1.0,1.0,13.0
2022/23,2023-04-29 14:00:00,Brentford FC,Nottingham Forest FC,1.32059,0.939693,11.583333333333334,18.75,18.75,11.583333333333334,5.0,3.0,3.0,5.0
2022/23,2023-04-29 14:00:00,Brighton & Hove Albion FC,Wolverhampton Wanderers FC,3.60471,0.603985,7.133333333333334,15.285714285714286,15.285714285714286,7.133333333333334,12.0,3.0,3.0,12.0
2022/23,2023-04-30 13:00:00,AFC Bournemouth,Leeds United FC,2.51723,1.33691,12.55,6.870967741935484,6.870967741935484,12.55,8.0,9.0,9.0,8.0
2022/23,2023-04-30 13:00:00,Fulham FC,Manchester City FC,0.431813,2.32338,18.952380952380953,9.333333333333334,9.333333333333334,18.952380952380953,2.0,11.0,11.0,2.0
2022/23,2023-04-30 13:00:00,Manchester United FC,Aston Villa FC,1.3056,0.434738,9.56,23.642857142857142,23.642857142857142,9.56,12.0,4.0,4.0,12.0
2022/23,2023-04-30 13:00:00,Newcastle United FC,Southampton FC,3.91457,0.897175,6.08,15.352941176470589,15.352941176470589,6.08,12.0,4.0,4.0,12.0
2022/23,2023-04-30 15:30:00,Liverpool FC,Tottenham Hotspur FC,2.42911,1.44927,8.75,27.733333333333334,27.733333333333334,8.75,7.0,3.0,3.0,7.0
2022/23,2023-05-01 19:00:00,Leicester City FC,Everton FC,3.32486,3.28648,7.523809523809524,8.692307692307692,8.692307692307692,7.523809523809524,5.0,9.0,9.0,5.0
2022/23,2023-05-02 19:00:00,Arsenal FC,Chelsea FC,2.7832,0.785202,12.458333333333334,23.76923076923077,23.76923076923077,12.458333333333334,13.0,8.0,8.0,13.0
2022/23,2023-05-03 19:00:00,Liverpool FC,Fulham FC,1.67372,0.740125,9.964285714285714,28.416666666666668,28.416666666666668,9.964285714285714,10.0,4.0,4.0,10.0
2022/23,2023-05-03 19:00:00,Manchester City FC,West Ham United FC,2.99908,0.492075,6.833333333333333,32.75,32.75,6.833333333333333,15.0,2.0,2.0,15.0
2022/23,2023-05-04 19:00:00,Brighton & Hove Albion FC,Manchester United FC,2.09953,1.32105,6.642857142857143,17.095238095238095,17.095238095238095,6.642857142857143,6.0,9.0,9.0,6.0
2022/23,2023-05-06 14:00:00,AFC Bournemouth,Chelsea FC,1.21755,1.76852,19.3125,6.3478260869565215,6.3478260869565215,19.3125,9.0,13.0,13.0,9.0
2022/23,2023-05-06 14:00:00,Manchester City FC,Leeds United FC,2.83472,0.140924,7.5,22.842105263157894,22.842105263157894,7.5,14.0,0.0,0.0,14.0
2022/23,2023-05-06 14:00:00,Tottenham Hotspur FC,Crystal Palace FC,1.15665,0.306669,7.814814814814815,10.793103448275861,10.793103448275861,7.814814814814815,1.0,4.0,4.0,1.0
2022/23,2023-05-06 14:00:00,Wolverhampton Wanderers FC,Aston Villa FC,0.80605,1.50158,8.357142857142858,7.142857142857143,7.142857142857143,8.357142857142858,2.0,7.0,7.0,2.0
2022/23,2023-05-06 16:30:00,Liverpool FC,Brentford FC,1.992,0.183892,7.695652173913044,9.0,9.0,7.695652173913044,13.0,3.0,3.0,13.0
2022/23,2023-05-07 15:30:00,Newcastle United FC,Arsenal FC,1.37224,1.29061,8.208333333333334,7.961538461538462,7.961538461538462,8.208333333333334,11.0,8.0,8.0,11.0
2022/23,2023-05-07 18:00:00,West Ham United FC,Manchester United FC,1.76618,1.1942,28.846153846153847,7.739130434782608,7.739130434782608,28.846153846153847,4.0,15.0,15.0,4.0
2022/23,2023-05-08 14:00:00,Fulham FC,Leicester City FC,1.75276,2.92566,7.296296296296297,10.642857142857142,10.642857142857142,7.296296296296297,10.0,4.0,4.0,10.0
2022/23,2023-05-08 16:30:00,Brighton & Hove Albion FC,Everton FC,3.23717,2.94223,3.0588235294117645,17.05,17.05,3.0588235294117645,16.0,10.0,10.0,16.0
2022/23,2023-05-08 19:00:00,Nottingham Forest FC,Southampton FC,1.91326,3.31096,13.0,10.857142857142858,10.857142857142858,13.0,8.0,12.0,12.0,8.0
2022/23,2023-05-13 11:30:00,Leeds United FC,Newcastle United FC,2.01567,2.35118,7.892857142857143,3.6206896551724137,3.6206896551724137,7.892857142857143,5.0,9.0,9.0,5.0
2022/23,2023-05-13 14:00:00,Aston Villa FC,Tottenham Hotspur FC,1.79987,1.18505,10.423076923076923,8.875,8.875,10.423076923076923,10.0,6.0,6.0,10.0
2022/23,2023-05-13 14:00:00,Chelsea FC,Nottingham Forest FC,0.999181,1.96797,5.15,13.884615384615385,13.884615384615385,5.15,10.0,2.0,2.0,10.0
2022/23,2023-05-13 14:00:00,Crystal Palace FC,AFC Bournemouth,1.40237,0.262022,14.31578947368421,13.347826086956522,13.347826086956522,14.31578947368421,9.0,5.0,5.0,9.0
2022/23,2023-05-13 14:00:00,Manchester United FC,Wolverhampton Wanderers FC,3.10118,0.268789,8.580645161290322,13.5,13.5,8.580645161290322,13.0,4.0,4.0,13.0
2022/23,2023-05-13 14:00:00,Southampton FC,Fulham FC,0.149649,1.27085,12.777777777777779,7.869565217391305,7.869565217391305,12.777777777777779,0.0,11.0,11.0,0.0
2022/23,2023-05-14 13:00:00,Brentford FC,West Ham United FC,4.42571,0.203312,12.947368421052632,19.133333333333333,19.133333333333333,12.947368421052632,7.0,2.0,2.0,7.0
2022/23,2023-05-14 13:00:00,Everton FC,Manchester City FC,1.18597,1.04338,25.4,17.153846153846153,17.153846153846153,25.4,1.0,9.0,9.0,1.0
2022/23,2023-05-14 15:30:00,Arsenal FC,Brighton & Hove Albion FC,0.958651,2.21276,10.484848484848484,9.55,9.55,10.484848484848484,8.0,2.0,2.0,8.0
2022/23,2023-05-15 19:00:00,Leicester City FC,Liverpool FC,0.527496,1.77085,12.166666666666666,5.466666666666667,5.466666666666667,12.166666666666666,3.0,13.0,13.0,3.0
2022/23,2023-05-18 18:30:00,Newcastle United FC,Brighton & Hove Albion FC,4.11359,0.593493,9.27027027027027,7.0,7.0,9.27027027027027,15.0,2.0,2.0,15.0
2022/23,2023-05-20 11:30:00,Tottenham Hotspur FC,Brentford FC,1.61667,1.15344,13.266666666666667,19.625,19.625,13.266666666666667,3.0,5.0,5.0,3.0
2022/23,2023-05-20 14:00:00,AFC Bournemouth,Manchester United FC,0.815723,1.71783,20.0,13.227272727272727,13.227272727272727,20.0,8.0,12.0,12.0,8.0
2022/23,2023-05-20 14:00:00,Fulham FC,Crystal Palace FC,1.95519,1.70785,9.136363636363637,11.933333333333334,11.933333333333334,9.136363636363637,12.0,10.0,10.0,12.0
2022/23,2023-05-20 14:00:00,Liverpool FC,Aston Villa FC,0.918508,1.46948,3.0789473684210527,12.681818181818182,12.681818181818182,3.0789473684210527,10.0,2.0,2.0,10.0
2022/23,2023-05-20 14:00:00,Wolverhampton Wanderers FC,Everton FC,1.28976,2.46976,8.19047619047619,9.03125,9.03125,8.19047619047619,6.0,9.0,9.0,6.0
2022/23,2023-05-20 16:30:00,Nottingham Forest FC,Arsenal FC,1.1397,0.4902,16.88235294117647,2.789473684210526,2.789473684210526,16.88235294117647,5.0,11.0,11.0,5.0
2022/23,2023-05-21 12:30:00,West Ham United FC,Leeds United FC,2.48001,0.645828,9.705882352941176,9.89655172413793,9.89655172413793,9.705882352941176,15.0,8.0,8.0,15.0
2022/23,2023-05-21 13:00:00,Brighton & Hove Albion FC,Southampton FC,2.41418,0.863659,10.857142857142858,19.11111111111111,19.11111111111111,10.857142857142858,22.0,2.0,2.0,22.0
2022/23,2023-05-21 15:00:00,Manchester City FC,Chelsea FC,1.20557,1.15648,9.695652173913043,22.842105263157894,22.842105263157894,9.695652173913043,12.0,7.0,7.0,12.0
2022/23,2023-05-22 19:00:00,Newcastle United FC,Leicester City FC,2.05089,0.0839072,4.1875,28.727272727272727,28.727272727272727,4.1875,13.0,0.0,0.0,13.0
2022/23,2023-05-24 19:00:00,Brighton & Hove Albion FC,Manchester City FC,2.11486,1.92973,11.878787878787879,13.066666666666666,13.066666666666666,11.878787878787879,6.0,9.0,9.0,6.0
2022/23,2023-05-25 19:00:00,Manchester United FC,Chelsea FC,4.92231,1.68364,14.538461538461538,11.7,11.7,14.538461538461538,18.0,11.0,11.0,18.0
2022/23,2023-05-28 15:30:00,Arsenal FC,Wolverhampton Wanderers FC,3.02466,0.38772,12.625,15.928571428571429,15.928571428571429,12.625,12.0,3.0,3.0,12.0
2022/23,2023-05-28 15:30:00,Aston Villa FC,Brighton & Hove Albion FC,2.55845,1.23117,8.32258064516129,5.909090909090909,5.909090909090909,8.32258064516129,9.0,3.0,3.0,9.0
2022/23,2023-05-28 15:30:00,Brentford FC,Manchester City FC,1.43893,1.18649,8.125,14.666666666666666,14.666666666666666,8.125,12.0,11.0,11.0,12.0
2022/23,2023-05-28 15:30:00,Chelsea FC,Newcastle United FC,2.01924,1.51899,6.724137931034483,16.333333333333332,16.333333333333332,6.724137931034483,17.0,5.0,5.0,17.0
2022/23,2023-05-28 15:30:00,Crystal Palace FC,Nottingham Forest FC,1.00786,0.436439,7.380952380952381,16.5625,16.5625,7.380952380952381,11.0,1.0,1.0,11.0
2022/23,2023-05-28 15:30:00,Everton FC,AFC Bournemouth,1.12933,0.432084,13.884615384615385,7.45,7.45,13.884615384615385,4.0,4.0,4.0,4.0
2022/23,2023-05-28 15:30:00,Leeds United FC,Tottenham Hotspur FC,1.19151,2.03315,8.689655172413794,13.733333333333333,13.733333333333333,8.689655172413794,6.0,5.0,5.0,6.0
2022/23,2023-05-28 15:30:00,Leicester City FC,West Ham United FC,2.03013,0.970352,14.666666666666666,15.65,15.65,14.666666666666666,8.0,8.0,8.0,8.0
2022/23,2023-05-28 15:30:00,Manchester United FC,Fulham FC,2.74766,1.88167,7.67741935483871,16.875,16.875,7.67741935483871,14.0,8.0,8.0,14.0
2022/23,2023-05-28 15:30:00,Southampton FC,Liverpool FC,1.33964,4.00345,31.09090909090909,3.75,3.75,31.09090909090909,4.0,20.0,20.0,4.0
2023/24,2023-08-11 19:00:00,Burnley FC,Manchester City FC,0.311032,2.40074,33.07142857142857,15.8,15.8,33.07142857142857,4.0,9.0,9.0,4.0
2023/24,2023-08-12 11:30:00,Arsenal FC,Nottingham Forest FC,0.84262,0.966305,4.0,44.1,44.1,4.0,9.0,4.0,4.0,9.0
2023/24,2023-08-12 14:00:00,AFC Bournemouth,West Ham United FC,1.51025,1.4834,5.111111111111111,9.733333333333333,9.733333333333333,5.111111111111111,9.0,8.0,8.0,9.0
2023/24,2023-08-12 14:00:00,Brighton & Hove Albion FC,Luton Town FC,4.36748,1.88594,6.875,23.0625,23.0625,6.875,17.0,5.0,5.0,17.0
2023/24,2023-08-12 14:00:00,Everton FC,Fulham FC,2.59001,1.58144,14.826086956521738,17.4,17.4,14.826086956521738,7.0,6.0,6.0,7.0
2023/24,2023-08-12 14:00:00,Sheffield United FC,Crystal Palace FC,0.422704,2.27616,14.181818181818182,4.391304347826087,4.391304347826087,14.181818181818182,2.0,9.0,9.0,2.0
2023/24,2023-08-12 16:30:00,Newcastle United FC,Aston Villa FC,4.32208,1.486,15.0,11.571428571428571,11.571428571428571,15.0,9.0,6.0,6.0,9.0
2023/24,2023-08-13 13:00:00,Brentford FC,Tottenham Hotspur FC,1.90756,1.45316,14.1,5.870967741935484,5.870967741935484,14.1,11.0,7.0,7.0,11.0
2023/24,2023-08-13 15:30:00,Chelsea FC,Liverpool FC,1.93258,1.29994,8.947368421052632,20.047619047619047,20.047619047619047,8.947368421052632,11.0,9.0,9.0,11.0
2023/24,2023-08-14 19:00:00,Manchester United FC,Wolverhampton Wanderers FC,1.97087,1.72228,7.28125,13.5,13.5,7.28125,16.0,12.0,12.0,16.0
2023/24,2023-08-18 18:45:00,Nottingham Forest FC,Sheffield United FC,1.37181,0.551038,15.866666666666667,12.526315789473685,12.526315789473685,15.866666666666667,6.0,4.0,4.0,6.0
2023/24,2023-08-19 14:00:00,Wolverhampton Wanderers FC,Brighton & Hove Albion FC,2.68821,3.15562,13.625,7.514285714285714,7.514285714285714,13.625,6.0,14.0,14.0,6.0
2023/24,2023-08-19 14:00:00,Fulham FC,Brentford FC,0.399899,3.46888,10.478260869565217,12.789473684210526,12.789473684210526,10.478260869565217,8.0,13.0,13.0,8.0
2023/24,2023-08-19 14:00:00,Liverpool FC,AFC Bournemouth,3.25448,1.3867,7.260869565217392,11.125,11.125,7.260869565217392,11.0,8.0,8.0,11.0
2023/24,2023-08-19 16:30:00,Tottenham Hotspur FC,Manchester United FC,2.53904,2.44604,9.85,12.52,12.52,9.85,12.0,12.0,12.0,12.0
2023/24,2023-08-19 19:00:00,Manchester City FC,Newcastle United FC,1.22528,0.257154,13.619047619047619,15.518518518518519,15.518518518518519,13.619047619047619,9.0,5.0,5.0,9.0
2023/24,2023-08-20 13:00:00,Aston Villa FC,Everton FC,3.24336,0.721465,17.0,16.73913043478261,16.73913043478261,17.0,13.0,2.0,2.0,13.0
2023/24,2023-08-20 15:30:00,West Ham United FC,Chelsea FC,1.71234,1.60916,27.0,5.2727272727272725,5.2727272727272725,27.0,3.0,9.0,9.0,3.0
2023/24,2023-08-21 19:00:00,Crystal Palace FC,Arsenal FC,1.06916,2.20593,14.375,9.6,9.6,14.375,10.0,7.0,7.0,10.0
2023/24,2023-08-25 19:00:00,Chelsea FC,Luton Town FC,3.41419,0.465741,7.1,19.130434782608695,19.130434782608695,7.1,17.0,4.0,4.0,17.0
2023/24,2023-08-26 11:30:00,AFC Bournemouth,Tottenham Hotspur FC,0.483582,2.26115,10.193548387096774,7.6923076923076925,7.6923076923076925,10.193548387096774,6.0,20.0,20.0,6.0
2023/24,2023-08-26 14:00:00,Arsenal FC,Fulham FC,3.23088,0.849817,8.0,35.55555555555556,35.55555555555556,8.0,22.0,2.0,2.0,22.0
2023/24,2023-08-26 14:00:00,Brentford FC,Crystal Palace FC,0.948011,1.06061,6.4,12.72,12.72,6.4,5.0,5.0,5.0,5.0
2023/24,2023-08-26 14:00:00,Everton FC,Wolverhampton Wanderers FC,1.89792,1.40228,13.041666666666666,10.210526315789474,10.210526315789474,13.041666666666666,7.0,4.0,4.0,7.0
2023/24,2023-08-26 14:00:00,Manchester United FC,Nottingham Forest FC,3.02803,0.960354,8.421052631578947,19.846153846153847,19.846153846153847,8.421052631578947,13.0,5.0,5.0,13.0
2023/24,2023-08-26 16:30:00,Brighton & Hove Albion FC,West Ham United FC,1.3743,2.9527,3.8095238095238093,28.3,28.3,3.8095238095238093,23.0,7.0,7.0,23.0
2023/24,2023-08-27 13:00:00,Burnley FC,Aston Villa FC,0.630605,2.83691,8.193548387096774,24.333333333333332,24.333333333333332,8.193548387096774,8.0,9.0,9.0,8.0
2023/24,2023-08-27 13:00:00,Sheffield United FC,Manchester City FC,0.762232,3.84804,36.90909090909091,6.571428571428571,6.571428571428571,36.90909090909091,3.0,22.0,22.0,3.0
2023/24,2023-08-27 15:30:00,Newcastle United FC,Liverpool FC,1.62037,0.856121,10.80952380952381,16.08695652173913,16.08695652173913,10.80952380952381,5.0,5.0,5.0,5.0
2023/24,2023-09-01 19:00:00,Luton Town FC,West Ham United FC,2.02244,1.22528,21.3125,6.869565217391305,6.869565217391305,21.3125,8.0,6.0,6.0,8.0
2023/24,2023-09-02 11:30:00,Sheffield United FC,Everton FC,1.575,2.73871,12.8,8.653846153846153,8.653846153846153,12.8,5.0,3.0,3.0,5.0
2023/24,2023-09-02 14:00:00,Manchester City FC,Fulham FC,2.00152,1.46427,7.964285714285714,24.5,24.5,7.964285714285714,8.0,4.0,4.0,8.0
2023/24,2023-09-02 14:00:00,Brentford FC,AFC Bournemouth,3.07185,2.11013,5.708333333333333,14.0,14.0,5.708333333333333,15.0,5.0,5.0,15.0
2023/24,2023-09-02 14:00:00,Burnley FC,Tottenham Hotspur FC,1.66604,2.39785,8.368421052631579,12.318181818181818,12.318181818181818,8.368421052631579,7.0,16.0,16.0,7.0
2023/24,2023-09-02 14:00:00,Chelsea FC,Nottingham Forest FC,2.28442,1.1505,6.2105263157894735,19.27777777777778,19.27777777777778,6.2105263157894735,18.0,2.0,2.0,18.0
2023/24,2023-09-02 16:30:00,Brighton & Hove Albion FC,Newcastle United FC,1.32258,0.90476,10.11111111111111,12.0,12.0,10.11111111111111,9.0,7.0,7.0,9.0
2023/24,2023-09-03 13:00:00,Crystal Palace FC,Wolverhampton Wanderers FC,2.32935,1.13911,11.84,6.586206896551724,6.586206896551724,11.84,11.0,8.0,8.0,11.0
2023/24,2023-09-03 13:00:00,Liverpool FC,Aston Villa FC,2.73138,0.615503,8.551724137931034,67.875,67.875,8.551724137931034,11.0,3.0,3.0,11.0
2023/24,2023-09-03 15:30:00,Arsenal FC,Manchester United FC,1.90973,0.966109,19.4375,26.1,26.1,19.4375,11.0,4.0,4.0,11.0
2023/24,2023-09-16 11:30:00,Wolverhampton Wanderers FC,Liverpool FC,0.538833,2.82701,18.363636363636363,10.0,10.0,18.363636363636363,9.0,16.0,16.0,9.0
2023/24,2023-09-16 14:00:00,Tottenham Hotspur FC,Sheffield United FC,2.15909,0.790655,4.75,14.571428571428571,14.571428571428571,4.75,21.0,4.0,4.0,21.0
2023/24,2023-09-16 14:00:00,West Ham United FC,Manchester City FC,0.895632,4.15046,42.25,11.4,11.4,42.25,1.0,16.0,16.0,1.0
2023/24,2023-09-16 14:00:00,Aston Villa FC,Crystal Palace FC,2.31518,1.11696,4.548387096774194,9.533333333333333,9.533333333333333,4.548387096774194,14.0,7.0,7.0,14.0
2023/24,2023-09-16 14:00:00,Fulham FC,Luton Town FC,1.75704,1.45705,6.611111111111111,38.916666666666664,38.916666666666664,6.611111111111111,9.0,3.0,3.0,9.0
2023/24,2023-09-16 14:00:00,Manchester United FC,Brighton & Hove Albion FC,0.719951,1.93908,22.47826086956522,13.136363636363637,13.136363636363637,22.47826086956522,5.0,4.0,4.0,5.0
2023/24,2023-09-16 16:30:00,Newcastle United FC,Brentford FC,1.50126,0.633678,7.6521739130434785,7.962962962962963,7.962962962962963,7.6521739130434785,8.0,4.0,4.0,8.0
2023/24,2023-09-17 13:00:00,AFC Bournemouth,Chelsea FC,1.32515,1.39677,16.333333333333332,5.714285714285714,5.714285714285714,16.333333333333332,9.0,17.0,17.0,9.0
2023/24,2023-09-17 15:30:00,Everton FC,Arsenal FC,0.28317,0.802605,23.764705882352942,7.0,7.0,23.764705882352942,3.0,10.0,10.0,3.0
2023/24,2023-09-18 18:45:00,Nottingham Forest FC,Burnley FC,0.705795,0.807651,15.25,9.0,9.0,15.25,9.0,1.0,1.0,9.0
2023/24,2023-09-23 14:00:00,Luton Town FC,Wolverhampton Wanderers FC,2.24101,0.762984,6.821428571428571,12.4,12.4,6.821428571428571,17.0,1.0,1.0,17.0
2023/24,2023-09-23 14:00:00,Manchester City FC,Nottingham Forest FC,1.33984,0.729109,21.0,14.157894736842104,14.157894736842104,21.0,7.0,7.0,7.0,7.0
2023/24,2023-09-23 14:00:00,Crystal Palace FC,Fulham FC,0.37236,0.542678,14.055555555555555,9.166666666666666,9.166666666666666,14.055555555555555,3.0,9.0,9.0,3.0
2023/24,2023-09-23 16:30:00,Brentford FC,Everton FC,1.57402,2.51497,14.0,14.36,14.36,14.0,6.0,10.0,10.0,6.0
2023/24,2023-09-23 19:00:00,Burnley FC,Manchester United FC,0.935444,0.840273,17.923076923076923,20.842105263157894,20.842105263157894,17.923076923076923,8.0,9.0,9.0,8.0
2023/24,2023-09-24 13:00:00,Chelsea FC,Aston Villa FC,1.19716,1.13479,8.84,21.76923076923077,21.76923076923077,8.84,8.0,6.0,6.0,8.0
2023/24,2023-09-24 13:00:00,Brighton & Hove Albion FC,AFC Bournemouth,2.14533,1.58984,5.571428571428571,10.057142857142857,10.057142857142857,5.571428571428571,8.0,4.0,4.0,8.0
2023/24,2023-09-24 13:00:00,Arsenal FC,Tottenham Hotspur FC,2.3429,2.21166,9.096774193548388,6.678571428571429,6.678571428571429,9.096774193548388,4.0,9.0,9.0,4.0
2023/24,2023-09-24 13:00:00,Liverpool FC,West Ham United FC,4.14262,1.53878,6.057142857142857,18.4,18.4,6.057142857142857,14.0,1.0,1.0,14.0
2023/24,2023-09-24 15:30:00,Sheffield United FC,Newcastle United FC,0.579392,5.1082,14.92,8.733333333333333,8.733333333333333,14.92,5.0,11.0,11.0,5.0
2023/24,2023-09-30 11:30:00,Aston Villa FC,Brighton & Hove Albion FC,1.90746,1.72819,9.727272727272727,4.294117647058823,4.294117647058823,9.727272727272727,15.0,11.0,11.0,15.0
2023/24,2023-09-30 14:00:00,Everton FC,Luton Town FC,3.65377,1.5102,5.6,12.5,12.5,5.6,11.0,1.0,1.0,11.0
2023/24,2023-09-30 14:00:00,Manchester United FC,Crystal Palace FC,1.55408,1.19015,3.6551724137931036,20.94736842105263,20.94736842105263,3.6551724137931036,16.0,1.0,1.0,16.0
2023/24,2023-09-30 14:00:00,Newcastle United FC,Burnley FC,3.08516,0.801849,10.666666666666666,18.22222222222222,18.22222222222222,10.666666666666666,7.0,5.0,5.0,7.0
2023/24,2023-09-30 14:00:00,AFC Bournemouth,Arsenal FC,0.644443,4.0742,15.0,5.964285714285714,5.964285714285714,15.0,13.0,15.0,15.0,13.0
2023/24,2023-09-30 14:00:00,West Ham United FC,Sheffield United FC,3.19753,0.911997,14.125,21.266666666666666,21.266666666666666,14.125,16.0,5.0,5.0,16.0
2023/24,2023-09-30 14:00:00,Wolverhampton Wanderers FC,Manchester City FC,0.673985,0.98075,16.076923076923077,5.321428571428571,5.321428571428571,16.076923076923077,1.0,13.0,13.0,1.0
2023/24,2023-09-30 16:30:00,Tottenham Hotspur FC,Liverpool FC,2.18823,1.12299,7.517241379310345,16.0,16.0,7.517241379310345,18.0,7.0,7.0,18.0
2023/24,2023-10-01 13:00:00,Nottingham Forest FC,Brentford FC,0.800317,1.75862,40.875,15.642857142857142,15.642857142857142,40.875,2.0,11.0,11.0,2.0
2023/24,2023-10-02 19:00:00,Fulham FC,Chelsea FC,0.889383,1.98461,10.551724137931034,14.44,14.44,10.551724137931034,7.0,8.0,8.0,7.0
2023/24,2023-10-03 18:30:00,Luton Town FC,Burnley FC,1.53058,0.920206,12.846153846153847,8.0,8.0,12.846153846153847,4.0,5.0,5.0,4.0
2023/24,2023-10-07 11:30:00,Luton Town FC,Tottenham Hotspur FC,0.848118,2.37947,12.0,4.714285714285714,4.714285714285714,12.0,6.0,15.0,15.0,6.0
2023/24,2023-10-07 14:00:00,Burnley FC,Chelsea FC,0.956642,1.97566,22.95,7.828571428571428,7.828571428571428,22.95,3.0,10.0,10.0,3.0
2023/24,2023-10-07 14:00:00,Everton FC,AFC Bournemouth,3.16482,0.981732,7.147058823529412,8.681818181818182,8.681818181818182,7.147058823529412,8.0,13.0,13.0,8.0
2023/24,2023-10-07 14:00:00,Fulham FC,Sheffield United FC,2.26612,0.251809,6.222222222222222,10.521739130434783,10.521739130434783,6.222222222222222,9.0,0.0,0.0,9.0
2023/24,2023-10-07 14:00:00,Manchester United FC,Brentford FC,1.29356,1.02509,8.55,8.434782608695652,8.434782608695652,8.55,17.0,2.0,2.0,17.0
2023/24,2023-10-07 16:30:00,Crystal Palace FC,Nottingham Forest FC,0.982452,1.22105,16.58823529411765,14.090909090909092,14.090909090909092,16.58823529411765,5.0,12.0,12.0,5.0
2023/24,2023-10-08 13:00:00,Brighton & Hove Albion FC,Liverpool FC,2.23187,2.51029,15.428571428571429,7.694444444444445,7.694444444444445,15.428571428571429,4.0,15.0,15.0,4.0
2023/24,2023-10-08 13:00:00,West Ham United FC,Newcastle United FC,0.931345,1.97865,25.642857142857142,6.304347826086956,6.304347826086956,25.642857142857142,2.0,6.0,6.0,2.0
2023/24,2023-10-08 13:00:00,Wolverhampton Wanderers FC,Aston Villa FC,1.76232,1.81618,11.380952380952381,14.866666666666667,14.866666666666667,11.380952380952381,3.0,9.0,9.0,3.0
2023/24,2023-10-08 15:30:00,Arsenal FC,Manchester City FC,0.386558,0.858071,12.571428571428571,15.368421052631579,15.368421052631579,12.571428571428571,9.0,7.0,7.0,9.0
2023/24,2023-10-21 11:30:00,Liverpool FC,Everton FC,2.28568,0.0937725,3.3461538461538463,29.153846153846153,29.153846153846153,3.3461538461538463,13.0,5.0,5.0,13.0
2023/24,2023-10-21 14:00:00,AFC Bournemouth,Wolverhampton Wanderers FC,1.01839,2.30454,14.19047619047619,6.476190476190476,6.476190476190476,14.19047619047619,5.0,15.0,15.0,5.0
2023/24,2023-10-21 14:00:00,Brentford FC,Burnley FC,3.15685,0.693129,9.678571428571429,14.666666666666666,14.666666666666666,9.678571428571429,15.0,3.0,3.0,15.0
2023/24,2023-10-21 14:00:00,Manchester City FC,Brighton & Hove Albion FC,0.962509,0.963733,14.583333333333334,14.652173913043478,14.652173913043478,14.583333333333334,7.0,4.0,4.0,7.0
2023/24,2023-10-21 14:00:00,Newcastle United FC,Crystal Palace FC,3.73336,1.08795,12.0,12.607142857142858,12.607142857142858,12.0,9.0,3.0,3.0,9.0
2023/24,2023-10-21 14:00:00,Nottingham Forest FC,Luton Town FC,3.27549,1.49555,8.88888888888889,16.22222222222222,16.22222222222222,8.88888888888889,4.0,6.0,6.0,4.0
2023/24,2023-10-21 16:30:00,Chelsea FC,Arsenal FC,1.71838,1.05791,31.363636363636363,9.3,9.3,31.363636363636363,8.0,5.0,5.0,8.0
2023/24,2023-10-21 19:00:00,Sheffield United FC,Manchester United FC,1.41074,1.46187,14.095238095238095,12.272727272727273,12.272727272727273,14.095238095238095,7.0,7.0,7.0,7.0
2023/24,2023-10-22 15:30:00,Aston Villa FC,West Ham United FC,2.34143,0.659622,11.823529411764707,14.421052631578947,14.421052631578947,11.823529411764707,9.0,4.0,4.0,9.0
2023/24,2023-10-23 19:00:00,Tottenham Hotspur FC,Fulham FC,1.63523,0.745838,12.347826086956522,13.678571428571429,13.678571428571429,12.347826086956522,13.0,5.0,5.0,13.0
2023/24,2023-10-27 19:00:00,Crystal Palace FC,Tottenham Hotspur FC,0.561834,0.989103,13.911764705882353,4.130434782608695,4.130434782608695,13.911764705882353,3.0,12.0,12.0,3.0
2023/24,2023-10-28 11:30:00,Chelsea FC,Brentford FC,1.71801,2.48137,6.0344827586206895,20.76923076923077,20.76923076923077,6.0344827586206895,16.0,6.0,6.0,16.0
2023/24,2023-10-28 14:00:00,AFC Bournemouth,Burnley FC,1.10052,0.90255,9.3,11.333333333333334,11.333333333333334,9.3,8.0,4.0,4.0,8.0
2023/24,2023-10-28 14:00:00,Arsenal FC,Sheffield United FC,3.03496,0.0281554,11.9375,30.923076923076923,30.923076923076923,11.9375,9.0,1.0,1.0,9.0
2023/24,2023-10-28 16:30:00,Wolverhampton Wanderers FC,Newcastle United FC,0.863393,2.31987,11.821428571428571,7.233333333333333,7.233333333333333,11.821428571428571,8.0,3.0,3.0,8.0
2023/24,2023-10-29 13:00:00,West Ham United FC,Everton FC,0.618578,0.733813,12.9375,15.076923076923077,15.076923076923077,12.9375,5.0,3.0,3.0,5.0
2023/24,2023-10-29 14:00:00,Aston Villa FC,Luton Town FC,3.07654,0.453117,13.4,24.647058823529413,24.647058823529413,13.4,15.0,2.0,2.0,15.0
2023/24,2023-10-29 14:00:00,Brighton & Hove Albion FC,Fulham FC,1.31996,0.552523,7.625,19.655172413793103,19.655172413793103,7.625,8.0,9.0,9.0,8.0
2023/24,2023-10-29 14:00:00,Liverpool FC,Nottingham Forest FC,2.70428,0.642014,7.947368421052632,31.285714285714285,31.285714285714285,7.947368421052632,11.0,3.0,3.0,11.0
2023/24,2023-10-29 15:30:00,Manchester United FC,Manchester City FC,0.714628,4.54595,21.214285714285715,19.083333333333332,19.083333333333332,21.214285714285715,4.0,21.0,21.0,4.0
2023/24,2023-11-04 12:30:00,Fulham FC,Manchester United FC,1.18241,0.697095,16.933333333333334,8.363636363636363,8.363636363636363,16.933333333333334,3.0,7.0,7.0,3.0
2023/24,2023-11-04 15:00:00,Brentford FC,West Ham United FC,1.82944,1.75505,12.0,13.304347826086957,13.304347826086957,12.0,9.0,6.0,6.0,9.0
2023/24,2023-11-04 15:00:00,Burnley FC,Crystal Palace FC,1.4998,1.43653,8.0,25.357142857142858,25.357142857142858,8.0,9.0,2.0,2.0,9.0
2023/24,2023-11-04 15:00:00,Everton FC,Brighton & Hove Albion FC,0.617607,0.442489,41.07692307692308,9.333333333333334,9.333333333333334,41.07692307692308,0.0,11.0,11.0,0.0
2023/24,2023-11-04 15:00:00,Manchester City FC,AFC Bournemouth,2.39949,0.643127,21.5,29.076923076923077,29.076923076923077,21.5,18.0,6.0,6.0,18.0
2023/24,2023-11-04 15:00:00,Sheffield United FC,Wolverhampton Wanderers FC,1.10165,1.14803,9.6875,24.0,24.0,9.6875,3.0,4.0,4.0,3.0
2023/24,2023-11-04 17:30:00,Newcastle United FC,Arsenal FC,1.12355,0.535473,8.125,8.95,8.95,8.125,4.0,7.0,7.0,4.0
2023/24,2023-11-05 14:00:00,Nottingham Forest FC,Aston Villa FC,0.592447,1.33116,27.166666666666668,7.2105263157894735,7.2105263157894735,27.166666666666668,3.0,23.0,23.0,3.0
2023/24,2023-11-05 16:30:00,Luton Town FC,Liverpool FC,1.3411,3.03925,21.705882352941178,3.769230769230769,3.769230769230769,21.705882352941178,1.0,14.0,14.0,1.0
2023/24,2023-11-06 20:00:00,Tottenham Hotspur FC,Chelsea FC,0.959108,4.05865,10.0,5.5,5.5,10.0,4.0,8.0,8.0,4.0
2023/24,2023-11-11 12:30:00,Wolverhampton Wanderers FC,Tottenham Hotspur FC,1.90884,0.432315,10.297297297297296,8.827586206896552,8.827586206896552,10.297297297297296,6.0,5.0,5.0,6.0
2023/24,2023-11-11 15:00:00,Arsenal FC,Burnley FC,2.63194,0.327706,9.842105263157896,19.692307692307693,19.692307692307693,9.842105263157896,14.0,2.0,2.0,14.0
2023/24,2023-11-11 15:00:00,Crystal Palace FC,Everton FC,1.89194,1.7904,6.2,14.48,14.48,6.2,10.0,8.0,8.0,10.0
2023/24,2023-11-11 15:00:00,Manchester United FC,Luton Town FC,2.74105,0.408265,8.19047619047619,20.307692307692307,20.307692307692307,8.19047619047619,10.0,4.0,4.0,10.0
2023/24,2023-11-11 17:30:00,AFC Bournemouth,Newcastle United FC,2.78424,0.306141,9.555555555555555,23.1,23.1,9.555555555555555,7.0,3.0,3.0,7.0
2023/24,2023-11-12 14:00:00,Aston Villa FC,Fulham FC,2.86039,0.648745,16.444444444444443,9.457142857142857,9.457142857142857,16.444444444444443,8.0,2.0,2.0,8.0
2023/24,2023-11-12 14:00:00,Brighton & Hove Albion FC,Sheffield United FC,1.08601,0.84434,12.5625,12.515151515151516,12.515151515151516,12.5625,4.0,13.0,13.0,4.0
2023/24,2023-11-12 14:00:00,Liverpool FC,Brentford FC,1.56004,1.44954,6.592592592592593,10.590909090909092,10.590909090909092,6.592592592592593,11.0,8.0,8.0,11.0
2023/24,2023-11-12 14:00:00,West Ham United FC,Nottingham Forest FC,2.06402,1.42128,15.8125,18.88235294117647,18.88235294117647,15.8125,5.0,4.0,4.0,5.0
2023/24,2023-11-12 16:30:00,Chelsea FC,Manchester City FC,3.47238,3.19324,17.875,12.208333333333334,12.208333333333334,17.875,4.0,17.0,17.0,4.0
2023/24,2023-11-25 12:30:00,Manchester City FC,Liverpool FC,1.79622,0.766278,11.714285714285714,23.0,23.0,11.714285714285714,11.0,6.0,6.0,11.0
2023/24,2023-11-25 15:00:00,Burnley FC,West Ham United FC,1.44228,1.36963,10.72,22.857142857142858,22.857142857142858,10.72,2.0,2.0,2.0,2.0
2023/24,2023-11-25 15:00:00,Luton Town FC,Crystal Palace FC,0.996153,1.83546,13.130434782608695,6.461538461538462,6.461538461538462,13.130434782608695,4.0,10.0,10.0,4.0
2023/24,2023-11-25 15:00:00,Newcastle United FC,Chelsea FC,2.15227,0.968061,9.444444444444445,9.74074074074074,9.74074074074074,9.444444444444445,7.0,6.0,6.0,7.0
2023/24,2023-11-25 15:00:00,Nottingham Forest FC,Brighton & Hove Albion FC,2.22655,1.21792,26.0,17.571428571428573,17.571428571428573,26.0,12.0,9.0,9.0,12.0
2023/24,2023-11-25 15:00:00,Sheffield United FC,AFC Bournemouth,0.816227,3.13975,10.576923076923077,17.545454545454547,17.545454545454547,10.576923076923077,7.0,7.0,7.0,7.0
2023/24,2023-11-25 17:30:00,Brentford FC,Arsenal FC,1.66315,1.82699,8.523809523809524,7.666666666666667,7.666666666666667,8.523809523809524,4.0,4.0,4.0,4.0
2023/24,2023-11-26 14:00:00,Tottenham Hotspur FC,Aston Villa FC,2.22542,2.39755,9.375,18.6,18.6,9.375,18.0,5.0,5.0,18.0
2023/24,2023-11-26 16:30:00,Everton FC,Manchester United FC,2.49764,2.07334,10.458333333333334,13.75,13.75,10.458333333333334,10.0,6.0,6.0,10.0
2023/24,2023-11-27 20:00:00,Fulham FC,Wolverhampton Wanderers FC,2.49057,1.57875,8.548387096774194,34.63636363636363,34.63636363636363,8.548387096774194,12.0,4.0,4.0,12.0
2023/24,2023-12-02 15:00:00,Arsenal FC,Wolverhampton Wanderers FC,3.30368,1.07886,8.625,17.058823529411764,17.058823529411764,8.625,16.0,1.0,1.0,16.0
2023/24,2023-12-02 15:00:00,Brentford FC,Luton Town FC,3.25952,0.227176,4.862068965517241,30.0,30.0,4.862068965517241,4.0,3.0,3.0,4.0
2023/24,2023-12-02 15:00:00,Burnley FC,Sheffield United FC,2.60469,0.618131,11.411764705882353,15.277777777777779,15.277777777777779,11.411764705882353,13.0,3.0,3.0,13.0
2023/24,2023-12-02 17:30:00,Nottingham Forest FC,Everton FC,0.673085,0.623789,9.0625,13.0,13.0,9.0625,6.0,7.0,7.0,6.0
2023/24,2023-12-02 20:00:00,Newcastle United FC,Manchester United FC,2.90191,0.422674,8.5,15.666666666666666,15.666666666666666,8.5,17.0,2.0,2.0,17.0
2023/24,2023-12-03 14:00:00,AFC Bournemouth,Aston Villa FC,2.54937,0.89511,7.735294117647059,4.75,4.75,7.735294117647059,10.0,3.0,3.0,10.0
2023/24,2023-12-03 14:00:00,Chelsea FC,Brighton & Hove Albion FC,1.66304,0.855058,22.4375,7.083333333333333,7.083333333333333,22.4375,8.0,13.0,13.0,8.0
2023/24,2023-12-03 14:00:00,Liverpool FC,Fulham FC,2.72831,1.51005,8.347826086956522,14.291666666666666,14.291666666666666,8.347826086956522,17.0,5.0,5.0,17.0
2023/24,2023-12-03 14:00:00,West Ham United FC,Crystal Palace FC,1.1466,0.987682,9.916666666666666,14.863636363636363,14.863636363636363,9.916666666666666,5.0,7.0,7.0,5.0
2023/24,2023-12-03 16:30:00,Manchester City FC,Tottenham Hotspur FC,2.90729,0.433077,14.130434782608695,21.692307692307693,21.692307692307693,14.130434782608695,12.0,3.0,3.0,12.0
2023/24,2023-12-05 19:30:00,Wolverhampton Wanderers FC,Burnley FC,1.11886,0.781542,11.368421052631579,11.56,11.56,11.368421052631579,4.0,2.0,2.0,4.0
2023/24,2023-12-05 20:15:00,Luton Town FC,Arsenal FC,0.526254,2.58815,15.521739130434783,6.08,6.08,15.521739130434783,0.0,19.0,19.0,0.0
2023/24,2023-12-06 19:30:00,Brighton & Hove Albion FC,Brentford FC,1.54099,1.22007,8.958333333333334,11.461538461538462,11.461538461538462,8.958333333333334,19.0,2.0,2.0,19.0
2023/24,2023-12-06 19:30:00,Fulham FC,Nottingham Forest FC,3.09427,0.218659,10.91304347826087,20.842105263157894,20.842105263157894,10.91304347826087,14.0,0.0,0.0,14.0
2023/24,2023-12-06 19:30:00,Sheffield United FC,Liverpool FC,0.834172,1.80116,25.928571428571427,3.1666666666666665,3.1666666666666665,25.928571428571427,2.0,14.0,14.0,2.0
2023/24,2023-12-06 19:30:00,Crystal Palace FC,AFC Bournemouth,1.26441,1.79997,7.565217391304348,9.419354838709678,9.419354838709678,7.565217391304348,9.0,7.0,7.0,9.0
2023/24,2023-12-06 20:15:00,Aston Villa FC,Manchester City FC,2.1922,1.00198,13.73913043478261,9.035714285714286,9.035714285714286,13.73913043478261,9.0,8.0,8.0,9.0
2023/24,2023-12-06 20:15:00,Manchester United FC,Chelsea FC,4.03949,2.3512,14.73913043478261,11.222222222222221,11.222222222222221,14.73913043478261,8.0,6.0,6.0,8.0
2023/24,2023-12-07 19:30:00,Everton FC,Newcastle United FC,2.95393,1.29564,9.0,12.083333333333334,12.083333333333334,9.0,13.0,4.0,4.0,13.0
2023/24,2023-12-07 20:15:00,Tottenham Hotspur FC,West Ham United FC,1.61268,1.7409,4.206896551724138,18.470588235294116,18.470588235294116,4.206896551724138,24.0,1.0,1.0,24.0
2023/24,2023-12-09 12:30:00,Crystal Palace FC,Liverpool FC,1.79152,1.3708,16.0,3.1904761904761907,3.1904761904761907,16.0,4.0,15.0,15.0,4.0
2023/24,2023-12-09 15:00:00,Brighton & Hove Albion FC,Burnley FC,2.96247,1.05162,7.619047619047619,29.214285714285715,29.214285714285715,7.619047619047619,22.0,4.0,4.0,22.0
2023/24,2023-12-09 15:00:00,Manchester United FC,AFC Bournemouth,1.11296,1.9742,6.409090909090909,13.916666666666666,13.916666666666666,6.409090909090909,15.0,6.0,6.0,15.0
2023/24,2023-12-09 15:00:00,Sheffield United FC,Brentford FC,0.841976,0.644638,12.181818181818182,7.35,7.35,12.181818181818182,6.0,7.0,7.0,6.0
2023/24,2023-12-09 15:00:00,Wolverhampton Wanderers FC,Nottingham Forest FC,1.02199,1.21801,8.777777777777779,18.857142857142858,18.857142857142858,8.777777777777779,4.0,5.0,5.0,4.0
2023/24,2023-12-09 17:30:00,Aston Villa FC,Arsenal FC,0.628499,1.71667,9.620689655172415,5.346153846153846,5.346153846153846,9.620689655172415,3.0,10.0,10.0,3.0
2023/24,2023-12-10 14:00:00,Everton FC,Chelsea FC,1.11437,0.885512,14.535714285714286,4.48,4.48,14.535714285714286,3.0,9.0,9.0,3.0
2023/24,2023-12-10 14:00:00,Fulham FC,West Ham United FC,2.1884,0.983,18.6,20.208333333333332,20.208333333333332,18.6,10.0,5.0,5.0,10.0
2023/24,2023-12-10 14:00:00,Luton Town FC,Manchester City FC,0.689037,2.23353,10.607142857142858,9.5625,9.5625,10.607142857142858,4.0,9.0,9.0,4.0
2023/24,2023-12-10 16:30:00,Tottenham Hotspur FC,Newcastle United FC,4.40118,1.61368,7.3,8.5,8.5,7.3,12.0,9.0,9.0,12.0
2023/24,2023-12-15 20:00:00,Nottingham Forest FC,Tottenham Hotspur FC,1.70569,1.60738,10.857142857142858,7.0,7.0,10.857142857142858,8.0,10.0,10.0,8.0
2023/24,2023-12-16 15:00:00,Chelsea FC,Sheffield United FC,3.27322,0.44014,3.740740740740741,21.40909090909091,21.40909090909091,3.740740740740741,13.0,3.0,3.0,13.0
2023/24,2023-12-16 15:00:00,Manchester City FC,Crystal Palace FC,2.41646,1.64977,7.6,31.9,31.9,7.6,5.0,4.0,4.0,5.0
2023/24,2023-12-16 15:00:00,Newcastle United FC,Fulham FC,4.27933,0.471042,8.11111111111111,30.09090909090909,30.09090909090909,8.11111111111111,23.0,4.0,4.0,23.0
2023/24,2023-12-16 17:30:00,Burnley FC,Everton FC,0.811435,2.22305,12.285714285714286,22.928571428571427,22.928571428571427,12.285714285714286,10.0,7.0,7.0,10.0
2023/24,2023-12-17 14:00:00,Arsenal FC,Brighton & Hove Albion FC,2.76976,0.663054,13.76,19.416666666666668,19.416666666666668,13.76,19.0,3.0,3.0,19.0
2023/24,2023-12-17 14:00:00,Brentford FC,Aston Villa FC,0.796812,1.4664,5.205128205128205,6.333333333333333,6.333333333333333,5.205128205128205,4.0,13.0,13.0,4.0
2023/24,2023-12-17 14:00:00,West Ham United FC,Wolverhampton Wanderers FC,1.03828,0.556206,11.56,8.037037037037036,8.037037037037036,11.56,4.0,9.0,9.0,4.0
2023/24,2023-12-17 16:30:00,Liverpool FC,Manchester United FC,1.97111,0.632715,5.178571428571429,23.384615384615383,23.384615384615383,5.178571428571429,12.0,7.0,7.0,12.0
2023/24,2023-12-21 20:00:00,Crystal Palace FC,Brighton & Hove Albion FC,1.65409,1.33653,35.07692307692308,7.6,7.6,35.07692307692308,9.0,14.0,14.0,9.0
2023/24,2023-12-22 20:00:00,Aston Villa FC,Sheffield United FC,1.21861,0.646159,4.333333333333333,15.636363636363637,15.636363636363637,4.333333333333333,10.0,2.0,2.0,10.0
2023/24,2023-12-23 12:30:00,West Ham United FC,Manchester United FC,1.51468,0.730496,16.61904761904762,6.12,6.12,16.61904761904762,4.0,7.0,7.0,4.0
2023/24,2023-12-23 15:00:00,Fulham FC,Burnley FC,1.38096,0.41714,11.9375,11.848484848484848,11.848484848484848,11.9375,12.0,2.0,2.0,12.0
2023/24,2023-12-23 15:00:00,Luton Town FC,Newcastle United FC,1.81844,1.41488,11.107142857142858,5.318181818181818,5.318181818181818,11.107142857142858,2.0,16.0,16.0,2.0
2023/24,2023-12-23 15:00:00,Nottingham Forest FC,AFC Bournemouth,0.791806,1.89067,12.842105263157896,3.923076923076923,3.923076923076923,12.842105263157896,4.0,7.0,7.0,4.0
2023/24,2023-12-23 15:00:00,Tottenham Hotspur FC,Everton FC,1.57527,1.98385,7.681818181818182,8.636363636363637,8.636363636363637,7.681818181818182,10.0,11.0,11.0,10.0
2023/24,2023-12-23 17:30:00,Liverpool FC,Arsenal FC,0.982901,0.851681,7.303030303030303,12.857142857142858,12.857142857142858,7.303030303030303,7.0,5.0,5.0,7.0
2023/24,2023-12-24 13:00:00,Wolverhampton Wanderers FC,Chelsea FC,1.74626,1.75447,11.517241379310345,6.705882352941177,6.705882352941177,11.517241379310345,6.0,19.0,19.0,6.0
2023/24,2023-12-26 12:30:00,Newcastle United FC,Nottingham Forest FC,2.79106,3.1074,6.933333333333334,12.75,12.75,6.933333333333334,18.0,4.0,4.0,18.0
2023/24,2023-12-26 15:00:00,AFC Bournemouth,Fulham FC,2.07911,0.324365,10.964285714285714,8.206896551724139,8.206896551724139,10.964285714285714,9.0,9.0,9.0,9.0
2023/24,2023-12-26 15:00:00,Sheffield United FC,Luton Town FC,3.61788,0.715575,7.48,7.428571428571429,7.428571428571429,7.48,7.0,3.0,3.0,7.0
2023/24,2023-12-26 17:30:00,Burnley FC,Liverpool FC,0.972389,1.68451,15.6,9.2,9.2,15.6,3.0,18.0,18.0,3.0
2023/24,2023-12-26 20:00:00,Manchester United FC,Aston Villa FC,1.20104,1.83637,7.444444444444445,15.214285714285714,15.214285714285714,7.444444444444445,4.0,12.0,12.0,4.0
2023/24,2023-12-27 19:30:00,Brentford FC,Wolverhampton Wanderers FC,2.59347,1.89483,10.476190476190476,13.545454545454545,13.545454545454545,10.476190476190476,15.0,7.0,7.0,15.0
2023/24,2023-12-27 19:30:00,Chelsea FC,Crystal Palace FC,2.73005,0.958077,7.291666666666667,12.870967741935484,12.870967741935484,7.291666666666667,8.0,6.0,6.0,8.0
2023/24,2023-12-27 20:15:00,Everton FC,Manchester City FC,1.23529,2.28321,22.130434782608695,11.76923076923077,11.76923076923077,22.130434782608695,3.0,9.0,9.0,3.0
2023/24,2023-12-28 19:30:00,Brighton & Hove Albion FC,Tottenham Hotspur FC,3.84702,2.06955,8.030303030303031,12.409090909090908,12.409090909090908,8.030303030303031,5.0,28.0,28.0,5.0
2023/24,2023-12-28 20:15:00,Arsenal FC,West Ham United FC,2.7884,1.59711,5.230769230769231,33.55555555555556,33.55555555555556,5.230769230769231,27.0,1.0,1.0,27.0
2023/24,2023-12-30 12:30:00,Luton Town FC,Chelsea FC,2.64093,1.57463,7.71875,8.88,8.88,7.71875,5.0,4.0,4.0,5.0
2023/24,2023-12-30 15:00:00,Aston Villa FC,Burnley FC,2.92587,1.11923,8.333333333333334,19.071428571428573,19.071428571428573,8.333333333333334,16.0,2.0,2.0,16.0
2023/24,2023-12-30 15:00:00,Crystal Palace FC,Brentford FC,1.61057,1.28731,9.142857142857142,9.3,9.3,9.142857142857142,13.0,6.0,6.0,13.0
2023/24,2023-12-30 15:00:00,Manchester City FC,Sheffield United FC,2.24229,0.263211,9.571428571428571,116.75,116.75,9.571428571428571,12.0,1.0,1.0,12.0
2023/24,2023-12-30 15:00:00,Wolverhampton Wanderers FC,Everton FC,2.64477,0.519641,10.818181818181818,8.25,8.25,10.818181818181818,10.0,3.0,3.0,10.0
2023/24,2023-12-30 17:30:00,Nottingham Forest FC,Manchester United FC,0.744348,0.651905,15.333333333333334,13.125,13.125,15.333333333333334,7.0,9.0,9.0,7.0
2023/24,2023-12-31 14:00:00,Fulham FC,Arsenal FC,1.52829,1.6591,21.88235294117647,12.15,12.15,21.88235294117647,5.0,5.0,5.0,5.0
2023/24,2023-12-31 14:00:00,Tottenham Hotspur FC,AFC Bournemouth,2.15027,1.58229,10.65,5.95,5.95,10.65,13.0,15.0,15.0,13.0
2023/24,2024-01-01 19:00:00,Liverpool FC,Newcastle United FC,6.67151,0.910974,4.825,14.947368421052632,14.947368421052632,4.825,16.0,4.0,4.0,16.0
2023/24,2024-01-02 18:30:00,West Ham United FC,Brighton & Hove Albion FC,0.9831,2.1552,37.69230769230769,10.19047619047619,10.19047619047619,37.69230769230769,4.0,17.0,17.0,4.0
2023/24,2024-01-12 19:45:00,Burnley FC,Luton Town FC,1.52023,0.965167,19.0625,6.666666666666667,6.666666666666667,19.0625,5.0,7.0,7.0,5.0
2023/24,2024-01-13 12:30:00,Chelsea FC,Fulham FC,2.0456,0.697847,8.37037037037037,10.72,10.72,8.37037037037037,15.0,10.0,10.0,15.0
2023/24,2024-01-13 17:30:00,Newcastle United FC,Manchester City FC,1.23638,2.55452,17.1875,9.235294117647058,9.235294117647058,17.1875,6.0,25.0,25.0,6.0
2023/24,2024-01-14 14:00:00,Everton FC,Aston Villa FC,1.03664,1.3435,8.944444444444445,7.923076923076923,7.923076923076923,8.944444444444445,3.0,12.0,12.0,3.0
2023/24,2024-01-14 16:30:00,Manchester United FC,Tottenham Hotspur FC,0.923233,1.31224,19.36842105263158,6.5,6.5,19.36842105263158,6.0,3.0,3.0,6.0
2023/24,2024-01-20 12:30:00,Arsenal FC,Crystal Palace FC,3.52167,0.288083,9.772727272727273,20.25,20.25,9.772727272727273,18.0,0.0,0.0,18.0
2023/24,2024-01-20 17:30:00,Brentford FC,Nottingham Forest FC,1.94219,1.22251,8.0,13.0,13.0,8.0,4.0,9.0,9.0,4.0
2023/24,2024-01-21 14:00:00,Sheffield United FC,West Ham United FC,2.61362,2.4241,8.521739130434783,11.291666666666666,11.291666666666666,8.521739130434783,9.0,5.0,5.0,9.0
2023/24,2024-01-21 16:30:00,AFC Bournemouth,Liverpool FC,0.834585,1.53344,10.035714285714286,4.806451612903226,4.806451612903226,10.035714285714286,10.0,15.0,15.0,10.0
2023/24,2024-01-22 19:45:00,Brighton & Hove Albion FC,Wolverhampton Wanderers FC,1.3701,1.14116,8.863636363636363,25.375,25.375,8.863636363636363,16.0,4.0,4.0,16.0
2023/24,2024-01-30 19:30:00,Nottingham Forest FC,Arsenal FC,0.631618,1.39143,39.714285714285715,8.555555555555555,8.555555555555555,39.714285714285715,2.0,25.0,25.0,2.0
2023/24,2024-01-30 19:45:00,Fulham FC,Everton FC,2.37499,2.83317,11.9,11.633333333333333,11.633333333333333,11.9,6.0,6.0,6.0,6.0
2023/24,2024-01-30 19:45:00,Luton Town FC,Brighton & Hove Albion FC,3.63312,1.01366,12.96,7.083333333333333,7.083333333333333,12.96,5.0,2.0,2.0,5.0
2023/24,2024-01-30 20:00:00,Crystal Palace FC,Sheffield United FC,1.1601,0.768467,8.96,7.838709677419355,7.838709677419355,8.96,8.0,7.0,7.0,8.0
2023/24,2024-01-30 20:15:00,Aston Villa FC,Newcastle United FC,1.44485,3.3224,9.347826086956522,11.0,11.0,9.347826086956522,12.0,10.0,10.0,12.0
2023/24,2024-01-31 19:30:00,Tottenham Hotspur FC,Brentford FC,3.36194,1.59637,5.428571428571429,9.454545454545455,9.454545454545455,5.428571428571429,15.0,13.0,13.0,15.0
2023/24,2024-01-31 19:30:00,Manchester City FC,Burnley FC,1.84756,1.49114,13.416666666666666,22.59090909090909,22.59090909090909,13.416666666666666,6.0,4.0,4.0,6.0
2023/24,2024-01-31 20:15:00,Liverpool FC,Chelsea FC,3.6627,0.477972,10.054054054054054,19.6,19.6,10.054054054054054,10.0,6.0,6.0,10.0
2023/24,2024-02-01 19:30:00,West Ham United FC,AFC Bournemouth,1.3128,1.13487,9.391304347826088,8.096774193548388,8.096774193548388,9.391304347826088,2.0,5.0,5.0,2.0
2023/24,2024-02-01 20:15:00,Wolverhampton Wanderers FC,Manchester United FC,2.27609,3.22698,15.333333333333334,12.571428571428571,12.571428571428571,15.333333333333334,9.0,9.0,9.0,9.0
2023/24,2024-02-03 12:30:00,Everton FC,Tottenham Hotspur FC,3.25881,0.922371,8.242424242424242,5.739130434782608,5.739130434782608,8.242424242424242,6.0,7.0,7.0,6.0
2023/24,2024-02-03 15:00:00,Brighton & Hove Albion FC,Crystal Palace FC,1.92591,0.241137,9.666666666666666,20.35483870967742,20.35483870967742,9.666666666666666,3.0,3.0,3.0,3.0
2023/24,2024-02-03 15:00:00,Burnley FC,Fulham FC,1.00428,1.28806,15.0,11.1,11.1,15.0,3.0,7.0,7.0,3.0
2023/24,2024-02-03 15:00:00,Newcastle United FC,Luton Town FC,2.37353,2.67463,6.857142857142857,7.071428571428571,7.071428571428571,6.857142857142857,9.0,8.0,8.0,9.0
2023/24,2024-02-03 17:30:00,Sheffield United FC,Aston Villa FC,1.52784,2.99015,24.42105263157895,13.714285714285714,13.714285714285714,24.42105263157895,7.0,5.0,5.0,7.0
2023/24,2024-02-04 14:00:00,AFC Bournemouth,Nottingham Forest FC,1.1895,0.456548,6.181818181818182,7.05,7.05,6.181818181818182,4.0,6.0,6.0,4.0
2023/24,2024-02-04 14:00:00,Chelsea FC,Wolverhampton Wanderers FC,2.35967,2.48996,8.76,17.736842105263158,17.736842105263158,8.76,13.0,6.0,6.0,13.0
2023/24,2024-02-04 14:00:00,Manchester United FC,West Ham United FC,0.96721,1.1807,8.84,21.714285714285715,21.714285714285715,8.84,9.0,3.0,3.0,9.0
2023/24,2024-02-04 16:30:00,Arsenal FC,Liverpool FC,2.8526,0.542052,9.7,9.619047619047619,9.619047619047619,9.7,5.0,2.0,2.0,5.0
2023/24,2024-02-05 20:00:00,Brentford FC,Manchester City FC,0.865741,2.10785,26.0,10.0625,10.0625,26.0,3.0,12.0,12.0,3.0
2023/24,2024-02-10 12:30:00,Manchester City FC,Everton FC,1.58971,0.192072,8.380952380952381,25.823529411764707,25.823529411764707,8.380952380952381,10.0,1.0,1.0,10.0
2023/24,2024-02-10 15:00:00,Fulham FC,AFC Bournemouth,1.7456,2.60612,12.61111111111111,7.03125,7.03125,12.61111111111111,8.0,21.0,21.0,8.0
2023/24,2024-02-10 15:00:00,Liverpool FC,Burnley FC,3.14734,1.11123,4.62962962962963,17.166666666666668,17.166666666666668,4.62962962962963,15.0,6.0,6.0,15.0
2023/24,2024-02-10 15:00:00,Luton Town FC,Sheffield United FC,1.76215,1.98283,4.0,14.944444444444445,14.944444444444445,4.0,9.0,4.0,4.0,9.0
2023/24,2024-02-10 15:00:00,Tottenham Hotspur FC,Brighton & Hove Albion FC,2.10928,1.49285,13.636363636363637,12.727272727272727,12.727272727272727,13.636363636363637,13.0,10.0,10.0,13.0
2023/24,2024-02-10 15:00:00,Wolverhampton Wanderers FC,Brentford FC,1.05781,1.84908,5.7894736842105265,15.85,15.85,5.7894736842105265,7.0,3.0,3.0,7.0
2023/24,2024-02-10 17:30:00,Nottingham Forest FC,Newcastle United FC,0.968075,0.511375,26.4375,9.529411764705882,9.529411764705882,26.4375,7.0,7.0,7.0,7.0
2023/24,2024-02-11 14:00:00,West Ham United FC,Arsenal FC,0.191065,3.99893,21.8,6.809523809523809,6.809523809523809,21.8,1.0,24.0,24.0,1.0
2023/24,2024-02-11 16:30:00,Aston Villa FC,Manchester United FC,2.64675,2.44591,11.85,11.75,11.75,11.85,10.0,4.0,4.0,10.0
2023/24,2024-02-12 20:00:00,Crystal Palace FC,Chelsea FC,0.719516,1.26948,21.434782608695652,5.947368421052632,5.947368421052632,21.434782608695652,4.0,7.0,7.0,4.0
2023/24,2024-02-17 12:30:00,Brentford FC,Liverpool FC,1.69518,3.08952,13.6,7.363636363636363,7.363636363636363,13.6,10.0,11.0,11.0,10.0
2023/24,2024-02-17 15:00:00,Burnley FC,Arsenal FC,0.335143,2.20575,22.235294117647058,9.210526315789474,9.210526315789474,22.235294117647058,2.0,15.0,15.0,2.0
2023/24,2024-02-17 15:00:00,Fulham FC,Aston Villa FC,1.41796,1.57297,12.590909090909092,25.09090909090909,25.09090909090909,12.590909090909092,9.0,2.0,2.0,9.0
2023/24,2024-02-17 15:00:00,Newcastle United FC,AFC Bournemouth,2.38425,2.08098,6.529411764705882,7.0,7.0,6.529411764705882,9.0,3.0,3.0,9.0
2023/24,2024-02-17 15:00:00,Nottingham Forest FC,West Ham United FC,2.66942,0.520016,13.8125,8.185185185185185,8.185185185185185,13.8125,9.0,3.0,3.0,9.0
2023/24,2024-02-17 15:00:00,Tottenham Hotspur FC,Wolverhampton Wanderers FC,1.59768,1.77591,4.964285714285714,15.368421052631579,15.368421052631579,4.964285714285714,19.0,5.0,5.0,19.0
2023/24,2024-02-17 17:30:00,Manchester City FC,Chelsea FC,2.77713,1.82903,7.375,17.529411764705884,17.529411764705884,7.375,29.0,9.0,9.0,29.0
2023/24,2024-02-18 14:00:00,Sheffield United FC,Brighton & Hove Albion FC,0.586214,3.35549,193.0,5.9411764705882355,5.9411764705882355,193.0,3.0,15.0,15.0,3.0
2023/24,2024-02-18 16:30:00,Luton Town FC,Manchester United FC,1.57234,3.58973,11.052631578947368,8.517241379310345,8.517241379310345,11.052631578947368,11.0,9.0,9.0,11.0
2023/24,2024-02-19 20:00:00,Everton FC,Crystal Palace FC,2.44588,0.734685,5.666666666666667,21.0,21.0,5.666666666666667,7.0,5.0,5.0,7.0
2023/24,2024-02-20 18:30:00,Manchester City FC,Brentford FC,2.53766,0.503799,12.357142857142858,17.545454545454547,17.545454545454547,12.357142857142858,19.0,1.0,1.0,19.0
2023/24,2024-02-21 15:00:00,Liverpool FC,Luton Town FC,3.70302,0.956512,4.8,12.3,12.3,4.8,16.0,4.0,4.0,16.0
2023/24,2024-02-24 15:00:00,Aston Villa FC,Nottingham Forest FC,3.48861,2.25569,15.266666666666667,13.12,13.12,15.266666666666667,16.0,7.0,7.0,16.0
2023/24,2024-02-24 15:00:00,Brighton & Hove Albion FC,Everton FC,1.6538,0.286655,8.222222222222221,17.0,17.0,8.222222222222221,9.0,4.0,4.0,9.0
2023/24,2024-02-24 15:00:00,Crystal Palace FC,Burnley FC,2.41612,0.0760216,8.391304347826088,16.214285714285715,16.214285714285715,8.391304347826088,8.0,0.0,0.0,8.0
2023/24,2024-02-24 15:00:00,Manchester United FC,Fulham FC,1.96036,1.1385,10.727272727272727,16.5625,16.5625,10.727272727272727,11.0,11.0,11.0,11.0
2023/24,2024-02-24 17:30:00,AFC Bournemouth,Manchester City FC,0.925889,1.79636,10.785714285714286,13.5,13.5,10.785714285714286,8.0,13.0,13.0,8.0
2023/24,2024-02-24 20:00:00,Arsenal FC,Newcastle United FC,2.59336,0.217373,9.096774193548388,26.7,26.7,9.096774193548388,17.0,4.0,4.0,17.0
2023/24,2024-02-25 13:30:00,Wolverhampton Wanderers FC,Sheffield United FC,1.21618,0.654342,16.09090909090909,26.266666666666666,26.266666666666666,16.09090909090909,7.0,5.0,5.0,7.0
2023/24,2024-02-26 20:00:00,West Ham United FC,Brentford FC,2.06873,1.33683,14.3,6.461538461538462,6.461538461538462,14.3,5.0,11.0,11.0,5.0
2023/24,2024-03-02 15:00:00,Brentford FC,Chelsea FC,2.4732,2.1523,13.481481481481481,5.809523809523809,5.809523809523809,13.481481481481481,3.0,9.0,9.0,3.0
2023/24,2024-03-02 15:00:00,Everton FC,West Ham United FC,3.12075,2.17948,10.68421052631579,21.357142857142858,21.357142857142858,10.68421052631579,9.0,4.0,4.0,9.0
2023/24,2024-03-02 15:00:00,Fulham FC,Brighton & Hove Albion FC,1.37604,1.15198,19.90909090909091,6.153846153846154,6.153846153846154,19.90909090909091,3.0,15.0,15.0,3.0
2023/24,2024-03-02 15:00:00,Newcastle United FC,Wolverhampton Wanderers FC,3.33495,0.507769,10.67741935483871,14.722222222222221,14.722222222222221,10.67741935483871,8.0,5.0,5.0,8.0
2023/24,2024-03-02 15:00:00,Nottingham Forest FC,Liverpool FC,0.971466,1.32259,22.0625,4.76,4.76,22.0625,7.0,12.0,12.0,7.0
2023/24,2024-03-02 15:00:00,Tottenham Hotspur FC,Crystal Palace FC,2.6625,0.277887,4.9,27.9375,27.9375,4.9,16.0,2.0,2.0,16.0
2023/24,2024-03-02 17:30:00,Luton Town FC,Aston Villa FC,2.43312,2.08586,13.666666666666666,11.2,11.2,13.666666666666666,3.0,6.0,6.0,3.0
2023/24,2024-03-03 13:00:00,Burnley FC,AFC Bournemouth,1.60461,1.43616,4.352941176470588,13.541666666666666,13.541666666666666,4.352941176470588,9.0,6.0,6.0,9.0
2023/24,2024-03-03 15:30:00,Manchester City FC,Manchester United FC,2.64173,0.153764,10.058823529411764,18.176470588235293,18.176470588235293,10.058823529411764,26.0,1.0,1.0,26.0
2023/24,2024-03-04 20:00:00,Sheffield United FC,Arsenal FC,0.201374,2.47294,37.416666666666664,12.222222222222221,12.222222222222221,37.416666666666664,2.0,22.0,22.0,2.0
2023/24,2024-03-09 12:30:00,Manchester United FC,Everton FC,2.9016,1.8214,15.428571428571429,15.4,15.4,15.428571428571429,7.0,13.0,13.0,7.0
2023/24,2024-03-09 15:00:00,AFC Bournemouth,Sheffield United FC,3.92657,1.91752,4.904761904761905,18.90909090909091,18.90909090909091,4.904761904761905,15.0,2.0,2.0,15.0
2023/24,2024-03-09 15:00:00,Crystal Palace FC,Luton Town FC,3.25103,1.08531,7.387096774193548,15.133333333333333,15.133333333333333,7.387096774193548,9.0,3.0,3.0,9.0
2023/24,2024-03-09 15:00:00,Wolverhampton Wanderers FC,Fulham FC,1.29589,2.94155,18.764705882352942,14.5,14.5,18.764705882352942,9.0,15.0,15.0,9.0
2023/24,2024-03-09 17:30:00,Arsenal FC,Brentford FC,1.59369,0.733239,8.3,14.6,14.6,8.3,20.0,3.0,3.0,20.0
2023/24,2024-03-10 13:00:00,Aston Villa FC,Tottenham Hotspur FC,1.23267,2.25381,20.772727272727273,4.255813953488372,4.255813953488372,20.772727272727273,3.0,9.0,9.0,3.0
2023/24,2024-03-10 14:00:00,Brighton & Hove Albion FC,Nottingham Forest FC,0.534518,0.687034,16.214285714285715,27.647058823529413,27.647058823529413,16.214285714285715,1.0,3.0,3.0,1.0
2023/24,2024-03-10 14:00:00,West Ham United FC,Burnley FC,1.87414,0.88131,8.583333333333334,7.419354838709677,7.419354838709677,8.583333333333334,7.0,10.0,10.0,7.0
2023/24,2024-03-10 15:45:00,Liverpool FC,Manchester City FC,2.25492,1.37289,8.90625,14.826086956521738,14.826086956521738,8.90625,9.0,5.0,5.0,9.0
2023/24,2024-03-11 20:00:00,Chelsea FC,Newcastle United FC,1.78315,0.568435,12.826086956521738,13.578947368421053,13.578947368421053,12.826086956521738,4.0,8.0,8.0,4.0
2023/24,2024-03-13 19:30:00,AFC Bournemouth,Luton Town FC,2.84403,2.79419,7.95,9.125,9.125,7.95,7.0,1.0,1.0,7.0
2023/24,2024-03-16 15:00:00,Burnley FC,Brentford FC,2.69776,1.25123,6.571428571428571,5.884615384615385,5.884615384615385,6.571428571428571,12.0,8.0,8.0,12.0
2023/24,2024-03-16 15:00:00,Luton Town FC,Nottingham Forest FC,0.853782,1.95268,7.857142857142857,8.88888888888889,8.88888888888889,7.857142857142857,6.0,6.0,6.0,6.0
2023/24,2024-03-16 17:30:00,Fulham FC,Tottenham Hotspur FC,2.47234,2.14564,10.793103448275861,10.15,10.15,10.793103448275861,12.0,14.0,14.0,12.0
2023/24,2024-03-17 14:00:00,West Ham United FC,Aston Villa FC,1.32829,0.911274,11.851851851851851,6.7894736842105265,6.7894736842105265,11.851851851851851,7.0,17.0,17.0,7.0
2023/24,2024-03-30 12:30:00,Newcastle United FC,West Ham United FC,3.80922,0.994584,6.791666666666667,13.052631578947368,13.052631578947368,6.791666666666667,16.0,3.0,3.0,16.0
2023/24,2024-03-30 15:00:00,AFC Bournemouth,Everton FC,1.39268,0.93378,6.590909090909091,8.578947368421053,8.578947368421053,6.590909090909091,6.0,11.0,11.0,6.0
2023/24,2024-03-30 15:00:00,Chelsea FC,Burnley FC,4.46643,2.10422,9.538461538461538,24.846153846153847,24.846153846153847,9.538461538461538,24.0,9.0,9.0,24.0
2023/24,2024-03-30 15:00:00,Nottingham Forest FC,Crystal Palace FC,0.784652,0.900972,9.55,12.818181818181818,12.818181818181818,9.55,3.0,3.0,3.0,3.0
2023/24,2024-03-30 15:00:00,Sheffield United FC,Fulham FC,1.78824,1.10254,18.823529411764707,7.0,7.0,18.823529411764707,4.0,10.0,10.0,4.0
2023/24,2024-03-30 15:00:00,Tottenham Hotspur FC,Luton Town FC,2.46523,0.402402,4.193548387096774,14.434782608695652,14.434782608695652,4.193548387096774,22.0,3.0,3.0,22.0
2023/24,2024-03-30 17:30:00,Aston Villa FC,Wolverhampton Wanderers FC,1.28271,1.66232,14.15,7.666666666666667,7.666666666666667,14.15,5.0,5.0,5.0,5.0
2023/24,2024-03-30 20:00:00,Brentford FC,Manchester United FC,3.16487,0.989565,13.1875,7.2,7.2,13.1875,21.0,7.0,7.0,21.0
2023/24,2024-03-31 14:00:00,Liverpool FC,Brighton & Hove Albion FC,3.21149,0.43922,8.941176470588236,18.625,18.625,8.941176470588236,24.0,6.0,6.0,24.0
2023/24,2024-03-31 16:30:00,Manchester City FC,Arsenal FC,1.22009,0.511402,6.086956521739131,11.758620689655173,11.758620689655173,6.086956521739131,6.0,7.0,7.0,6.0
2023/24,2024-04-02 18:30:00,Nottingham Forest FC,Fulham FC,1.94619,1.04304,31.6,8.8,8.8,31.6,6.0,8.0,8.0,6.0
2023/24,2024-04-02 18:30:00,Newcastle United FC,Everton FC,2.65009,1.69834,10.764705882352942,14.25,14.25,10.764705882352942,11.0,6.0,6.0,11.0
2023/24,2024-04-02 18:45:00,AFC Bournemouth,Crystal Palace FC,1.30969,0.174389,8.538461538461538,8.285714285714286,8.285714285714286,8.538461538461538,4.0,6.0,6.0,4.0
2023/24,2024-04-02 18:45:00,Burnley FC,Wolverhampton Wanderers FC,1.12581,1.01021,8.8,14.4,14.4,8.8,11.0,4.0,4.0,11.0
2023/24,2024-04-02 19:15:00,West Ham United FC,Tottenham Hotspur FC,1.47017,1.39423,14.25,5.642857142857143,5.642857142857143,14.25,4.0,22.0,22.0,4.0
2023/24,2024-04-03 18:30:00,Arsenal FC,Luton Town FC,1.14384,0.292082,10.708333333333334,23.529411764705884,23.529411764705884,10.708333333333334,14.0,3.0,3.0,14.0
2023/24,2024-04-03 18:30:00,Brentford FC,Brighton & Hove Albion FC,0.423299,1.22404,16.166666666666668,6.730769230769231,6.730769230769231,16.166666666666668,8.0,8.0,8.0,8.0
2023/24,2024-04-03 19:15:00,Manchester City FC,Aston Villa FC,3.87704,1.18643,7.166666666666667,21.785714285714285,21.785714285714285,7.166666666666667,26.0,4.0,4.0,26.0
2023/24,2024-04-04 18:30:00,Liverpool FC,Sheffield United FC,2.51772,0.720948,2.5652173913043477,26.4,26.4,2.5652173913043477,18.0,2.0,2.0,18.0
2023/24,2024-04-04 19:15:00,Chelsea FC,Manchester United FC,3.48048,1.56686,12.294117647058824,12.72,12.72,12.294117647058824,15.0,7.0,7.0,15.0
2023/24,2024-04-06 11:30:00,Crystal Palace FC,Manchester City FC,1.49472,2.26381,20.36842105263158,13.166666666666666,13.166666666666666,20.36842105263158,2.0,20.0,20.0,2.0
2023/24,2024-04-06 14:00:00,Aston Villa FC,Brentford FC,1.16333,1.42064,6.7368421052631575,16.5,16.5,6.7368421052631575,6.0,3.0,3.0,6.0
2023/24,2024-04-06 14:00:00,Everton FC,Burnley FC,0.659844,0.34699,8.971428571428572,7.157894736842105,7.157894736842105,8.971428571428572,9.0,6.0,6.0,9.0
2023/24,2024-04-06 14:00:00,Fulham FC,Newcastle United FC,0.834564,1.18012,5.76,13.347826086956522,13.347826086956522,5.76,11.0,7.0,7.0,11.0
2023/24,2024-04-06 14:00:00,Luton Town FC,AFC Bournemouth,1.30478,0.616108,5.62962962962963,4.848484848484849,4.848484848484849,5.62962962962963,7.0,5.0,5.0,7.0
2023/24,2024-04-06 14:00:00,Wolverhampton Wanderers FC,West Ham United FC,1.78341,1.14133,8.76,11.454545454545455,11.454545454545455,8.76,12.0,3.0,3.0,12.0
2023/24,2024-04-06 16:30:00,Brighton & Hove Albion FC,Arsenal FC,0.428514,4.16518,9.08695652173913,15.666666666666666,15.666666666666666,9.08695652173913,6.0,18.0,18.0,6.0
2023/24,2024-04-07 14:30:00,Manchester United FC,Liverpool FC,0.814509,4.43457,14.2,7.84,7.84,14.2,6.0,21.0,21.0,6.0
2023/24,2024-04-07 16:30:00,Sheffield United FC,Chelsea FC,1.74265,0.521789,20.608695652173914,7.571428571428571,7.571428571428571,20.608695652173914,6.0,6.0,6.0,6.0
2023/24,2024-04-07 19:00:00,Tottenham Hotspur FC,Nottingham Forest FC,1.61978,2.00122,8.44,18.058823529411764,18.058823529411764,8.44,17.0,3.0,3.0,17.0
2023/24,2024-04-13 11:30:00,Newcastle United FC,Tottenham Hotspur FC,3.1483,0.737596,9.192307692307692,3.217391304347826,3.217391304347826,9.192307692307692,8.0,6.0,6.0,8.0
2023/24,2024-04-13 14:00:00,Brentford FC,Sheffield United FC,1.09071,0.834498,7.95,12.75,12.75,7.95,5.0,6.0,6.0,5.0
2023/24,2024-04-13 14:00:00,Burnley FC,Brighton & Hove Albion FC,1.8522,0.889445,12.066666666666666,15.470588235294118,15.470588235294118,12.066666666666666,8.0,9.0,9.0,8.0
2023/24,2024-04-13 14:00:00,Manchester City FC,Luton Town FC,4.64245,0.809775,6.62962962962963,34.5,34.5,6.62962962962963,37.0,2.0,2.0,37.0
2023/24,2024-04-13 14:00:00,Nottingham Forest FC,Wolverhampton Wanderers FC,1.76244,1.45688,11.9,13.0,13.0,11.9,6.0,3.0,3.0,6.0
2023/24,2024-04-13 16:30:00,AFC Bournemouth,Manchester United FC,2.38519,1.52274,13.380952380952381,10.8125,10.8125,13.380952380952381,12.0,8.0,8.0,12.0
2023/24,2024-04-14 13:00:00,Liverpool FC,Crystal Palace FC,3.04497,2.12879,5.75,26.066666666666666,26.066666666666666,5.75,11.0,6.0,6.0,11.0
2023/24,2024-04-14 13:00:00,West Ham United FC,Fulham FC,1.45307,3.61413,13.941176470588236,13.318181818181818,13.318181818181818,13.941176470588236,3.0,10.0,10.0,3.0
2023/24,2024-04-14 15:30:00,Arsenal FC,Aston Villa FC,1.89003,0.929049,8.892857142857142,15.285714285714286,15.285714285714286,8.892857142857142,17.0,2.0,2.0,17.0
2023/24,2024-04-15 19:00:00,Chelsea FC,Everton FC,3.37093,1.21791,13.785714285714286,10.368421052631579,10.368421052631579,13.785714285714286,8.0,5.0,5.0,8.0
2023/24,2024-04-20 14:00:00,Luton Town FC,Brentford FC,0.497799,3.7809,11.125,7.461538461538462,7.461538461538462,11.125,6.0,13.0,13.0,6.0
2023/24,2024-04-20 14:00:00,Sheffield United FC,Burnley FC,1.97816,2.42338,12.636363636363637,12.947368421052632,12.947368421052632,12.636363636363637,9.0,6.0,6.0,9.0
2023/24,2024-04-20 18:30:00,Wolverhampton Wanderers FC,Arsenal FC,0.164516,1.66179,15.61111111111111,13.652173913043478,13.652173913043478,15.61111111111111,2.0,20.0,20.0,2.0
2023/24,2024-04-21 12:30:00,Everton FC,Nottingham Forest FC,0.473233,1.18916,15.636363636363637,15.428571428571429,15.428571428571429,15.636363636363637,0.0,7.0,7.0,0.0
2023/24,2024-04-21 14:00:00,Aston Villa FC,AFC Bournemouth,2.62687,2.05211,12.25,12.15,12.15,12.25,19.0,2.0,2.0,19.0
2023/24,2024-04-21 14:00:00,Crystal Palace FC,West Ham United FC,3.7185,1.34536,9.074074074074074,14.74074074074074,14.74074074074074,9.074074074074074,12.0,2.0,2.0,12.0
2023/24,2024-04-21 15:30:00,Fulham FC,Liverpool FC,0.83885,1.02445,52.0,12.238095238095237,12.238095238095237,52.0,8.0,9.0,9.0,8.0
2023/24,2024-04-23 19:00:00,Arsenal FC,Chelsea FC,3.45858,1.60343,13.857142857142858,19.76923076923077,19.76923076923077,13.857142857142858,18.0,6.0,6.0,18.0
2023/24,2024-04-24 18:45:00,Wolverhampton Wanderers FC,AFC Bournemouth,0.484454,2.40311,8.1875,8.411764705882353,8.411764705882353,8.1875,7.0,12.0,12.0,7.0
2023/24,2024-04-24 19:00:00,Crystal Palace FC,Newcastle United FC,1.43661,0.55129,8.264705882352942,6.892857142857143,6.892857142857143,8.264705882352942,6.0,4.0,4.0,6.0
2023/24,2024-04-24 19:00:00,Everton FC,Liverpool FC,1.89111,1.87155,21.055555555555557,4.523809523809524,4.523809523809524,21.055555555555557,6.0,24.0,24.0,6.0
2023/24,2024-04-24 19:00:00,Manchester United FC,Sheffield United FC,3.51311,1.20517,6.32,21.833333333333332,21.833333333333332,6.32,14.0,2.0,2.0,14.0
2023/24,2024-04-25 19:00:00,Brighton & Hove Albion FC,Manchester City FC,0.572021,1.90507,29.11111111111111,19.625,19.625,29.11111111111111,3.0,3.0,3.0,3.0
2023/24,2024-04-27 11:30:00,West Ham United FC,Liverpool FC,0.794025,2.29298,19.842105263157894,5.2,5.2,19.842105263157894,5.0,20.0,20.0,5.0
2023/24,2024-04-27 14:00:00,Fulham FC,Crystal Palace FC,1.39418,1.05387,10.25,11.571428571428571,11.571428571428571,10.25,7.0,7.0,7.0,7.0
2023/24,2024-04-27 14:00:00,Manchester United FC,Burnley FC,3.06197,1.89591,14.176470588235293,8.380952380952381,8.380952380952381,14.176470588235293,18.0,9.0,9.0,18.0
2023/24,2024-04-27 14:00:00,Newcastle United FC,Sheffield United FC,2.93477,1.82408,8.23076923076923,14.7,14.7,8.23076923076923,18.0,4.0,4.0,18.0
2023/24,2024-04-27 14:00:00,Wolverhampton Wanderers FC,Luton Town FC,1.49011,0.90435,12.05,9.533333333333333,9.533333333333333,12.05,2.0,6.0,6.0,2.0
2023/24,2024-04-27 16:30:00,Everton FC,Brentford FC,1.21399,0.956356,16.6,8.217391304347826,8.217391304347826,16.6,10.0,8.0,8.0,10.0
2023/24,2024-04-27 19:00:00,Aston Villa FC,Chelsea FC,0.612257,1.56401,40.77777777777778,4.806451612903226,4.806451612903226,40.77777777777778,7.0,6.0,6.0,7.0
2023/24,2024-04-28 13:00:00,AFC Bournemouth,Brighton & Hove Albion FC,2.48132,1.35682,14.11111111111111,5.521739130434782,5.521739130434782,14.11111111111111,5.0,7.0,7.0,5.0
2023/24,2024-04-28 13:00:00,Tottenham Hotspur FC,Arsenal FC,2.60458,1.51469,6.3,9.620689655172415,9.620689655172415,6.3,9.0,7.0,7.0,9.0
2023/24,2024-04-28 15:30:00,Nottingham Forest FC,Manchester City FC,2.17312,0.932063,29.357142857142858,9.333333333333334,9.333333333333334,29.357142857142858,6.0,5.0,5.0,6.0
2023/24,2024-05-02 18:30:00,Chelsea FC,Tottenham Hotspur FC,2.22432,1.27064,13.4,6.321428571428571,6.321428571428571,13.4,5.0,11.0,11.0,5.0
2023/24,2024-05-03 19:00:00,Luton Town FC,Everton FC,0.950391,1.22959,10.772727272727273,7.625,7.625,10.772727272727273,3.0,5.0,5.0,3.0
2023/24,2024-05-04 11:30:00,Arsenal FC,AFC Bournemouth,3.91372,0.4687,8.115384615384615,11.058823529411764,11.058823529411764,8.115384615384615,28.0,3.0,3.0,28.0
2023/24,2024-05-04 14:00:00,Brentford FC,Fulham FC,0.809379,1.45579,9.238095238095237,18.666666666666668,18.666666666666668,9.238095238095237,6.0,3.0,3.0,6.0
2023/24,2024-05-04 14:00:00,Burnley FC,Newcastle United FC,1.28632,4.25643,11.80952380952381,9.136363636363637,9.136363636363637,11.80952380952381,5.0,18.0,18.0,5.0
2023/24,2024-05-04 14:00:00,Sheffield United FC,Nottingham Forest FC,2.48986,1.93818,10.666666666666666,16.11764705882353,16.11764705882353,10.666666666666666,8.0,6.0,6.0,8.0
2023/24,2024-05-04 16:30:00,Manchester City FC,Wolverhampton Wanderers FC,4.52542,0.396887,13.954545454545455,13.16,13.16,13.954545454545455,19.0,1.0,1.0,19.0
2023/24,2024-05-05 13:00:00,Brighton & Hove Albion FC,Aston Villa FC,2.63566,0.0644055,10.551724137931034,17.57894736842105,17.57894736842105,10.551724137931034,4.0,3.0,3.0,4.0
2023/24,2024-05-05 13:00:00,Chelsea FC,West Ham United FC,4.21838,0.893899,6.72,20.52173913043478,20.52173913043478,6.72,10.0,4.0,4.0,10.0
2023/24,2024-05-05 15:30:00,Liverpool FC,Tottenham Hotspur FC,3.26222,1.17205,13.173913043478262,8.37037037037037,8.37037037037037,13.173913043478262,22.0,9.0,9.0,22.0
2023/24,2024-05-06 19:00:00,Crystal Palace FC,Manchester United FC,2.0656,0.341417,16.75,11.65,11.65,16.75,12.0,4.0,4.0,12.0
2023/24,2024-05-11 11:30:00,Fulham FC,Manchester City FC,0.0886245,3.15218,42.72727272727273,17.823529411764707,17.823529411764707,42.72727272727273,1.0,13.0,13.0,1.0
2023/24,2024-05-11 14:00:00,AFC Bournemouth,Brentford FC,1.07237,1.92722,8.0,5.304347826086956,5.304347826086956,8.0,11.0,11.0,11.0,11.0
2023/24,2024-05-11 14:00:00,Everton FC,Sheffield United FC,1.82411,0.465523,10.285714285714286,14.235294117647058,14.235294117647058,10.285714285714286,9.0,4.0,4.0,9.0
2023/24,2024-05-11 14:00:00,Newcastle United FC,Brighton & Hove Albion FC,2.45163,1.91556,13.38888888888889,12.958333333333334,12.958333333333334,13.38888888888889,12.0,7.0,7.0,12.0
2023/24,2024-05-11 14:00:00,Tottenham Hotspur FC,Burnley FC,3.00238,0.950331,8.208333333333334,14.421052631578947,14.421052631578947,8.208333333333334,12.0,2.0,2.0,12.0
2023/24,2024-05-11 14:00:00,West Ham United FC,Luton Town FC,3.71009,0.640456,9.578947368421053,9.74074074074074,9.74074074074074,9.578947368421053,8.0,5.0,5.0,8.0
2023/24,2024-05-11 14:00:00,Wolverhampton Wanderers FC,Crystal Palace FC,1.1561,2.51452,5.733333333333333,12.222222222222221,12.222222222222221,5.733333333333333,5.0,9.0,9.0,5.0
2023/24,2024-05-11 16:30:00,Nottingham Forest FC,Chelsea FC,2.44569,2.41068,17.043478260869566,6.65,6.65,17.043478260869566,8.0,14.0,14.0,8.0
2023/24,2024-05-12 15:30:00,Manchester United FC,Arsenal FC,0.551669,1.73104,19.0,9.25,9.25,19.0,4.0,13.0,13.0,4.0
2023/24,2024-05-13 19:00:00,Aston Villa FC,Liverpool FC,2.71655,1.89968,14.875,7.375,7.375,14.875,14.0,7.0,7.0,14.0
2023/24,2024-05-14 19:00:00,Tottenham Hotspur FC,Manchester City FC,1.84285,2.70331,11.357142857142858,13.464285714285714,13.464285714285714,11.357142857142858,5.0,6.0,6.0,5.0
2023/24,2024-05-15 18:45:00,Brighton & Hove Albion FC,Chelsea FC,1.32423,1.544,15.380952380952381,17.555555555555557,17.555555555555557,15.380952380952381,11.0,10.0,10.0,11.0
2023/24,2024-05-15 19:00:00,Manchester United FC,Newcastle United FC,1.49706,2.27657,9.333333333333334,15.727272727272727,15.727272727272727,9.333333333333334,11.0,6.0,6.0,11.0
2023/24,2024-05-19 15:00:00,Arsenal FC,Everton FC,3.2117,0.664904,8.166666666666666,42.333333333333336,42.333333333333336,8.166666666666666,16.0,3.0,3.0,16.0
2023/24,2024-05-19 15:00:00,Brentford FC,Newcastle United FC,1.70157,3.65044,7.590909090909091,11.173913043478262,11.173913043478262,7.590909090909091,5.0,12.0,12.0,5.0
2023/24,2024-05-19 15:00:00,Brighton & Hove Albion FC,Manchester United FC,1.9717,1.00404,9.233333333333333,18.555555555555557,18.555555555555557,9.233333333333333,10.0,6.0,6.0,10.0
2023/24,2024-05-19 15:00:00,Burnley FC,Nottingham Forest FC,1.08222,1.57962,10.636363636363637,90.66666666666667,90.66666666666667,10.636363636363637,7.0,5.0,5.0,7.0
2023/24,2024-05-19 15:00:00,Chelsea FC,AFC Bournemouth,1.59771,2.002,9.9375,9.18918918918919,9.18918918918919,9.9375,8.0,10.0,10.0,8.0
2023/24,2024-05-19 15:00:00,Crystal Palace FC,Aston Villa FC,2.23189,0.598846,14.478260869565217,30.3,30.3,14.478260869565217,11.0,0.0,0.0,11.0
2023/24,2024-05-19 15:00:00,Liverpool FC,Wolverhampton Wanderers FC,5.65937,0.731254,5.096774193548387,16.6,16.6,5.096774193548387,22.0,1.0,1.0,22.0
2023/24,2024-05-19 15:00:00,Luton Town FC,Fulham FC,2.06743,1.11598,13.894736842105264,10.5,10.5,13.894736842105264,4.0,5.0,5.0,4.0
2023/24,2024-05-19 15:00:00,Manchester City FC,West Ham United FC,2.31504,0.240159,8.0,63.0,63.0,8.0,16.0,0.0,0.0,16.0
2023/24,2024-05-19 15:00:00,Sheffield United FC,Tottenham Hotspur FC,0.697312,3.19675,33.92307692307692,4.956521739130435,4.956521739130435,33.92307692307692,2.0,14.0,14.0,2.0
2024/25,2024-08-16 19:00:00,Manchester United FC,Fulham FC,2.04268,0.418711,7.379310344827586,10.833333333333334,10.833333333333334,7.379310344827586,7.0,3.0,3.0,7.0
2024/25,2024-08-17 11:30:00,Ipswich Town FC,Liverpool FC,0.342601,3.92906,18.77777777777778,8.73913043478261,8.73913043478261,18.77777777777778,2.0,13.0,13.0,2.0
2024/25,2024-08-17 14:00:00,Arsenal FC,Wolverhampton Wanderers FC,1.6283,0.575835,7.769230769230769,10.818181818181818,10.818181818181818,7.769230769230769,14.0,2.0,2.0,14.0
2024/25,2024-08-17 14:00:00,Everton FC,Brighton & Hove Albion FC,0.405325,1.79083,18.333333333333332,7.916666666666667,7.916666666666667,18.333333333333332,4.0,5.0,5.0,4.0
2024/25,2024-08-17 14:00:00,Newcastle United FC,Southampton FC,0.433489,1.95483,16.25,3.789473684210526,3.789473684210526,16.25,4.0,13.0,13.0,4.0
2024/25,2024-08-17 14:00:00,Nottingham Forest FC,AFC Bournemouth,1.24405,1.90915,8.653846153846153,9.954545454545455,9.954545454545455,8.653846153846153,10.0,4.0,4.0,10.0
2024/25,2024-08-17 16:30:00,West Ham United FC,Aston Villa FC,2.8047,2.6703,9.333333333333334,11.304347826086957,11.304347826086957,9.333333333333334,5.0,8.0,8.0,5.0
2024/25,2024-08-18 13:00:00,Brentford FC,Crystal Palace FC,1.38064,1.14757,12.666666666666666,7.724137931034483,7.724137931034483,12.666666666666666,1.0,4.0,4.0,1.0
2024/25,2024-08-18 15:30:00,Chelsea FC,Manchester City FC,1.06123,1.18038,10.064516129032258,15.058823529411764,15.058823529411764,10.064516129032258,8.0,10.0,10.0,8.0
2024/25,2024-08-19 19:00:00,Leicester City FC,Tottenham Hotspur FC,1.02614,1.40775,20.6875,5.482758620689655,5.482758620689655,20.6875,2.0,21.0,21.0,2.0
2024/25,2024-08-24 11:30:00,Brighton & Hove Albion FC,Manchester United FC,2.14153,1.28556,12.5,16.77777777777778,16.77777777777778,12.5,10.0,8.0,8.0,10.0
2024/25,2024-08-24 14:00:00,Crystal Palace FC,West Ham United FC,1.3761,1.53421,6.911764705882353,13.727272727272727,13.727272727272727,6.911764705882353,6.0,5.0,5.0,6.0
2024/25,2024-08-24 14:00:00,Fulham FC,Leicester City FC,1.96218,0.857005,10.258064516129032,13.7,13.7,10.258064516129032,7.0,1.0,1.0,7.0
2024/25,2024-08-24 14:00:00,Manchester City FC,Ipswich Town FC,3.07818,0.479999,8.15,17.41176470588235,17.41176470588235,8.15,15.0,1.0,1.0,15.0
2024/25,2024-08-24 14:00:00,Southampton FC,Nottingham Forest FC,0.214952,2.86475,8.142857142857142,18.47826086956522,18.47826086956522,8.142857142857142,4.0,9.0,9.0,4.0
2024/25,2024-08-24 14:00:00,Tottenham Hotspur FC,Everton FC,2.61143,0.648869,6.3,12.724137931034482,12.724137931034482,6.3,9.0,5.0,5.0,9.0
2024/25,2024-08-24 16:30:00,Aston Villa FC,Arsenal FC,1.31664,1.41399,17.27777777777778,5.833333333333333,5.833333333333333,17.27777777777778,3.0,10.0,10.0,3.0
2024/25,2024-08-25 13:00:00,Wolverhampton Wanderers FC,Chelsea FC,2.4181,2.02935,14.428571428571429,7.04,7.04,14.428571428571429,8.0,6.0,6.0,8.0
2024/25,2024-08-25 13:00:00,AFC Bournemouth,Newcastle United FC,2.53513,1.89287,9.2,9.071428571428571,9.071428571428571,9.2,8.0,9.0,9.0,8.0
2024/25,2024-08-25 15:30:00,Liverpool FC,Brentford FC,2.71877,0.457239,10.130434782608695,32.4,32.4,10.130434782608695,21.0,2.0,2.0,21.0
2024/25,2024-08-31 11:30:00,Arsenal FC,Brighton & Hove Albion FC,2.41798,1.81748,9.25,9.625,9.625,9.25,6.0,6.0,6.0,6.0
2024/25,2024-08-31 14:00:00,Brentford FC,Southampton FC,3.86281,1.64713,14.571428571428571,8.217391304347826,8.217391304347826,14.571428571428571,15.0,14.0,14.0,15.0
2024/25,2024-08-31 14:00:00,Everton FC,AFC Bournemouth,2.55629,2.95688,8.304347826086957,7.095238095238095,7.095238095238095,8.304347826086957,15.0,7.0,7.0,15.0
2024/25,2024-08-31 14:00:00,Ipswich Town FC,Fulham FC,0.707048,1.18883,9.25925925925926,10.904761904761905,10.904761904761905,9.25925925925926,2.0,4.0,4.0,2.0
2024/25,2024-08-31 14:00:00,Leicester City FC,Aston Villa FC,0.774741,2.16385,6.4,10.466666666666667,10.466666666666667,6.4,3.0,6.0,6.0,3.0
2024/25,2024-08-31 14:00:00,Nottingham Forest FC,Wolverhampton Wanderers FC,1.41069,0.937632,6.551724137931035,6.413793103448276,6.413793103448276,6.551724137931035,9.0,4.0,4.0,9.0
2024/25,2024-08-31 16:30:00,West Ham United FC,Manchester City FC,0.947201,3.19297,20.764705882352942,12.125,12.125,20.764705882352942,5.0,21.0,21.0,5.0
2024/25,2024-09-01 12:30:00,Newcastle United FC,Tottenham Hotspur FC,1.58694,1.63304,8.761904761904763,4.310344827586207,4.310344827586207,8.761904761904763,5.0,9.0,9.0,5.0
2024/25,2024-09-01 12:30:00,Chelsea FC,Crystal Palace FC,2.97743,0.459708,11.444444444444445,19.789473684210527,19.789473684210527,11.444444444444445,4.0,6.0,6.0,4.0
2024/25,2024-09-01 15:00:00,Manchester United FC,Liverpool FC,1.50087,2.10397,12.5,11.692307692307692,11.692307692307692,12.5,6.0,9.0,9.0,6.0
2024/25,2024-09-14 11:30:00,Southampton FC,Manchester United FC,1.35593,3.02693,10.857142857142858,10.344827586206897,10.344827586206897,10.857142857142858,3.0,17.0,17.0,3.0
2024/25,2024-09-14 14:00:00,Brighton & Hove Albion FC,Ipswich Town FC,1.75696,0.721323,3.8421052631578947,14.727272727272727,14.727272727272727,3.8421052631578947,12.0,1.0,1.0,12.0
2024/25,2024-09-14 14:00:00,Fulham FC,West Ham United FC,2.88601,0.682719,4.685714285714286,6.870967741935484,6.870967741935484,4.685714285714286,6.0,4.0,4.0,6.0
2024/25,2024-09-14 14:00:00,Liverpool FC,Nottingham Forest FC,1.17044,0.589532,3.7333333333333334,17.055555555555557,17.055555555555557,3.7333333333333334,6.0,4.0,4.0,6.0
2024/25,2024-09-14 14:00:00,Crystal Palace FC,Leicester City FC,2.88716,1.65187,4.911764705882353,14.318181818181818,14.318181818181818,4.911764705882353,15.0,7.0,7.0,15.0
2024/25,2024-09-14 14:00:00,Manchester City FC,Brentford FC,1.55279,1.05094,16.36842105263158,24.25,24.25,16.36842105263158,22.0,6.0,6.0,22.0
2024/25,2024-09-14 16:30:00,Aston Villa FC,Everton FC,3.15876,0.852158,5.260869565217392,16.333333333333332,16.333333333333332,5.260869565217392,9.0,3.0,3.0,9.0
2024/25,2024-09-14 19:00:00,AFC Bournemouth,Chelsea FC,1.53731,0.932726,11.266666666666667,9.5,9.5,11.266666666666667,5.0,9.0,9.0,5.0
2024/25,2024-09-15 13:00:00,Tottenham Hotspur FC,Arsenal FC,0.792595,1.1209,5.88,13.588235294117647,13.588235294117647,5.88,10.0,3.0,3.0,10.0
2024/25,2024-09-15 15:30:00,Wolverhampton Wanderers FC,Newcastle United FC,1.46969,1.48343,9.576923076923077,12.368421052631579,12.368421052631579,9.576923076923077,6.0,10.0,10.0,6.0
2024/25,2024-09-21 11:30:00,West Ham United FC,Chelsea FC,0.758267,2.39727,9.709677419354838,16.294117647058822,16.294117647058822,9.709677419354838,12.0,9.0,9.0,12.0
2024/25,2024-09-21 14:00:00,Southampton FC,Ipswich Town FC,2.89813,1.645,8.8,9.235294117647058,9.235294117647058,8.8,7.0,5.0,5.0,7.0
2024/25,2024-09-21 14:00:00,Leicester City FC,Everton FC,1.33793,1.82377,8.421052631578947,19.307692307692307,19.307692307692307,8.421052631578947,8.0,6.0,6.0,8.0
2024/25,2024-09-21 14:00:00,Liverpool FC,AFC Bournemouth,2.43731,1.46979,11.85,16.08695652173913,16.08695652173913,11.85,13.0,6.0,6.0,13.0
2024/25,2024-09-21 14:00:00,Fulham FC,Newcastle United FC,3.21141,1.09768,13.037037037037036,11.461538461538462,11.461538461538462,13.037037037037036,7.0,3.0,3.0,7.0
2024/25,2024-09-21 14:00:00,Aston Villa FC,Wolverhampton Wanderers FC,2.37351,0.520117,11.8,13.5,13.5,11.8,9.0,4.0,4.0,9.0
2024/25,2024-09-21 14:00:00,Tottenham Hotspur FC,Brentford FC,3.89481,0.893565,9.1875,9.105263157894736,9.105263157894736,9.1875,17.0,5.0,5.0,17.0
2024/25,2024-09-21 16:30:00,Crystal Palace FC,Manchester United FC,1.66928,2.35056,18.333333333333332,6.111111111111111,6.111111111111111,18.333333333333332,5.0,12.0,12.0,5.0
2024/25,2024-09-22 13:00:00,Brighton & Hove Albion FC,Nottingham Forest FC,1.56836,1.36923,5.304347826086956,22.75,22.75,5.304347826086956,4.0,3.0,3.0,4.0
2024/25,2024-09-22 15:30:00,Manchester City FC,Arsenal FC,2.75588,1.28411,8.357142857142858,13.071428571428571,13.071428571428571,8.357142857142858,13.0,1.0,1.0,13.0
2024/25,2024-09-28 11:30:00,Newcastle United FC,Manchester City FC,1.34344,1.26516,12.095238095238095,6.3076923076923075,6.3076923076923075,12.095238095238095,7.0,16.0,16.0,7.0
2024/25,2024-09-28 14:00:00,Nottingham Forest FC,Fulham FC,0.614351,1.43592,20.071428571428573,8.263157894736842,8.263157894736842,20.071428571428573,8.0,4.0,4.0,8.0
2024/25,2024-09-28 14:00:00,Everton FC,Crystal Palace FC,1.10959,1.12358,12.5,9.333333333333334,9.333333333333334,12.5,6.0,8.0,8.0,6.0
2024/25,2024-09-28 14:00:00,Arsenal FC,Leicester City FC,6.05305,0.337909,4.633333333333334,29.444444444444443,29.444444444444443,4.633333333333334,21.0,4.0,4.0,21.0
2024/25,2024-09-28 14:00:00,Brentford FC,West Ham United FC,0.370222,0.878617,10.055555555555555,27.7,27.7,10.055555555555555,7.0,12.0,12.0,7.0
2024/25,2024-09-28 14:00:00,Chelsea FC,Brighton & Hove Albion FC,3.65839,1.20712,25.23076923076923,8.137931034482758,8.137931034482758,25.23076923076923,10.0,7.0,7.0,10.0
2024/25,2024-09-28 16:30:00,Wolverhampton Wanderers FC,Liverpool FC,0.748925,2.11724,14.0,14.777777777777779,14.777777777777779,14.0,2.0,11.0,11.0,2.0
2024/25,2024-09-29 13:00:00,Ipswich Town FC,Aston Villa FC,1.84608,1.14494,16.5625,11.909090909090908,11.909090909090908,16.5625,6.0,5.0,5.0,6.0
2024/25,2024-09-29 15:30:00,Manchester United FC,Tottenham Hotspur FC,0.600721,5.4072,14.62962962962963,12.176470588235293,12.176470588235293,14.62962962962963,6.0,15.0,15.0,6.0
2024/25,2024-09-30 19:00:00,AFC Bournemouth,Southampton FC,1.44215,0.696068,11.59375,11.75,11.75,11.59375,7.0,7.0,7.0,7.0
2024/25,2024-10-05 11:30:00,Crystal Palace FC,Liverpool FC,0.609481,2.07332,23.9375,5.555555555555555,5.555555555555555,23.9375,3.0,11.0,11.0,3.0
2024/25,2024-10-05 14:00:00,Leicester City FC,AFC Bournemouth,0.912063,1.94963,13.4,8.5,8.5,13.4,2.0,7.0,7.0,2.0
2024/25,2024-10-05 14:00:00,Manchester City FC,Fulham FC,1.36684,2.75846,14.4,22.142857142857142,22.142857142857142,14.4,8.0,11.0,11.0,8.0
2024/25,2024-10-05 14:00:00,West Ham United FC,Ipswich Town FC,4.39402,1.18463,16.266666666666666,14.652173913043478,14.652173913043478,16.266666666666666,6.0,6.0,6.0,6.0
2024/25,2024-10-05 14:00:00,Arsenal FC,Southampton FC,3.25165,1.27313,8.10344827586207,15.4375,15.4375,8.10344827586207,14.0,3.0,3.0,14.0
2024/25,2024-10-05 14:00:00,Brentford FC,Wolverhampton Wanderers FC,4.13513,0.696254,11.833333333333334,8.95,8.95,11.833333333333334,9.0,10.0,10.0,9.0
2024/25,2024-10-05 16:30:00,Everton FC,Newcastle United FC,0.692214,1.79048,15.76923076923077,5.857142857142857,5.857142857142857,15.76923076923077,3.0,11.0,11.0,3.0
2024/25,2024-10-06 13:00:00,Chelsea FC,Nottingham Forest FC,2.27752,1.66654,5.869565217391305,15.882352941176471,15.882352941176471,5.869565217391305,13.0,5.0,5.0,13.0
2024/25,2024-10-06 13:00:00,Aston Villa FC,Manchester United FC,0.532809,0.448537,14.214285714285714,13.882352941176471,13.882352941176471,14.214285714285714,9.0,1.0,1.0,9.0
2024/25,2024-10-06 15:30:00,Brighton & Hove Albion FC,Tottenham Hotspur FC,1.97217,1.09279,12.428571428571429,12.875,12.875,12.428571428571429,4.0,10.0,10.0,4.0
2024/25,2024-10-19 11:30:00,Tottenham Hotspur FC,West Ham United FC,1.44052,0.858803,6.15625,8.666666666666666,8.666666666666666,6.15625,11.0,6.0,6.0,11.0
2024/25,2024-10-19 14:00:00,Fulham FC,Aston Villa FC,2.63074,1.43595,12.35,16.8,16.8,12.35,3.0,9.0,9.0,3.0
2024/25,2024-10-19 14:00:00,Ipswich Town FC,Everton FC,1.174,1.60804,11.428571428571429,15.894736842105264,15.894736842105264,11.428571428571429,3.0,9.0,9.0,3.0
2024/25,2024-10-19 14:00:00,Manchester United FC,Brentford FC,1.76555,0.892843,16.105263157894736,16.235294117647058,16.235294117647058,16.105263157894736,12.0,3.0,3.0,12.0
2024/25,2024-10-19 14:00:00,Newcastle United FC,Brighton & Hove Albion FC,1.93657,1.6779,5.868421052631579,16.529411764705884,16.529411764705884,5.868421052631579,14.0,6.0,6.0,14.0
2024/25,2024-10-19 14:00:00,Southampton FC,Leicester City FC,2.42776,2.83826,16.0,6.633333333333334,6.633333333333334,16.0,8.0,11.0,11.0,8.0
2024/25,2024-10-19 16:30:00,AFC Bournemouth,Arsenal FC,2.18419,0.740758,11.761904761904763,8.9,8.9,11.761904761904763,7.0,4.0,4.0,7.0
2024/25,2024-10-20 13:00:00,Wolverhampton Wanderers FC,Manchester City FC,0.761217,1.36569,26.571428571428573,5.947368421052632,5.947368421052632,26.571428571428573,0.0,25.0,25.0,0.0
2024/25,2024-10-20 15:30:00,Liverpool FC,Chelsea FC,2.22517,1.33904,12.8,15.9375,15.9375,12.8,2.0,6.0,6.0,2.0
2024/25,2024-10-21 19:00:00,Nottingham Forest FC,Crystal Palace FC,1.88573,0.835001,14.588235294117647,8.666666666666666,8.666666666666666,14.588235294117647,9.0,5.0,5.0,9.0
2024/25,2024-10-25 19:00:00,Leicester City FC,Nottingham Forest FC,0.832415,2.54488,5.130434782608695,14.19047619047619,14.19047619047619,5.130434782608695,8.0,6.0,6.0,8.0
2024/25,2024-10-26 14:00:00,Manchester City FC,Southampton FC,3.16286,0.369989,11.8,15.909090909090908,15.909090909090908,11.8,12.0,6.0,6.0,12.0
2024/25,2024-10-26 14:00:00,Aston Villa FC,AFC Bournemouth,1.974,0.328651,10.333333333333334,8.807692307692308,8.807692307692308,10.333333333333334,16.0,6.0,6.0,16.0
2024/25,2024-10-26 14:00:00,Brentford FC,Ipswich Town FC,4.09663,1.65698,7.933333333333334,18.63157894736842,18.63157894736842,7.933333333333334,9.0,6.0,6.0,9.0
2024/25,2024-10-26 14:00:00,Brighton & Hove Albion FC,Wolverhampton Wanderers FC,1.51347,1.11074,9.964285714285714,11.272727272727273,11.272727272727273,9.964285714285714,12.0,3.0,3.0,12.0
2024/25,2024-10-26 16:30:00,Everton FC,Fulham FC,0.884845,1.49531,21.176470588235293,10.95,10.95,21.176470588235293,7.0,7.0,7.0,7.0
2024/25,2024-10-27 14:00:00,Chelsea FC,Newcastle United FC,1.61794,1.74225,9.137931034482758,9.08,9.08,9.137931034482758,5.0,11.0,11.0,5.0
2024/25,2024-10-27 14:00:00,Crystal Palace FC,Tottenham Hotspur FC,0.978611,1.0192,6.951219512195122,4.625,4.625,6.951219512195122,7.0,7.0,7.0,7.0
2024/25,2024-10-27 14:00:00,West Ham United FC,Manchester United FC,2.99312,2.62598,21.076923076923077,10.285714285714286,10.285714285714286,21.076923076923077,7.0,7.0,7.0,7.0
2024/25,2024-10-27 16:30:00,Arsenal FC,Liverpool FC,1.0883,1.35346,8.071428571428571,8.272727272727273,8.272727272727273,8.071428571428571,6.0,8.0,8.0,6.0
2024/25,2024-11-02 12:30:00,Newcastle United FC,Arsenal FC,0.859715,0.911305,13.210526315789474,5.24,5.24,13.210526315789474,9.0,9.0,9.0,9.0
2024/25,2024-11-02 15:00:00,AFC Bournemouth,Manchester City FC,2.4493,2.3527,15.05,13.0,13.0,15.05,6.0,17.0,17.0,6.0
2024/25,2024-11-02 15:00:00,Ipswich Town FC,Leicester City FC,1.33617,2.33858,11.318181818181818,10.615384615384615,10.615384615384615,11.318181818181818,4.0,10.0,10.0,4.0
2024/25,2024-11-02 15:00:00,Liverpool FC,Brighton & Hove Albion FC,1.81037,1.01568,10.464285714285714,8.058823529411764,8.058823529411764,10.464285714285714,10.0,5.0,5.0,10.0
2024/25,2024-11-02 15:00:00,Nottingham Forest FC,West Ham United FC,2.35011,0.132317,14.1875,13.066666666666666,13.066666666666666,14.1875,11.0,2.0,2.0,11.0
2024/25,2024-11-02 15:00:00,Southampton FC,Everton FC,0.540345,1.78581,9.235294117647058,15.0,15.0,9.235294117647058,6.0,4.0,4.0,6.0
2024/25,2024-11-02 17:30:00,Wolverhampton Wanderers FC,Crystal Palace FC,1.65018,2.64849,6.103448275862069,12.956521739130435,12.956521739130435,6.103448275862069,6.0,2.0,2.0,6.0
2024/25,2024-11-03 14:00:00,Tottenham Hotspur FC,Aston Villa FC,2.09751,2.48749,5.441860465116279,10.470588235294118,10.470588235294118,5.441860465116279,11.0,3.0,3.0,11.0
2024/25,2024-11-03 16:30:00,Manchester United FC,Chelsea FC,2.1605,1.21071,8.151515151515152,10.208333333333334,10.208333333333334,8.151515151515152,4.0,8.0,8.0,4.0
2024/25,2024-11-04 20:00:00,Fulham FC,Brentford FC,1.43017,0.739231,6.0,12.333333333333334,12.333333333333334,6.0,13.0,2.0,2.0,13.0
2024/25,2024-11-09 15:00:00,Brentford FC,AFC Bournemouth,1.56474,2.49234,9.0,8.782608695652174,8.782608695652174,9.0,14.0,6.0,6.0,14.0
2024/25,2024-11-09 15:00:00,Crystal Palace FC,Fulham FC,1.96037,2.25331,13.615384615384615,6.538461538461538,6.538461538461538,13.615384615384615,4.0,7.0,7.0,4.0
2024/25,2024-11-09 15:00:00,West Ham United FC,Everton FC,1.1237,0.865983,10.142857142857142,11.11111111111111,11.11111111111111,10.142857142857142,8.0,7.0,7.0,8.0
2024/25,2024-11-09 15:00:00,Wolverhampton Wanderers FC,Southampton FC,0.912781,0.792655,25.4375,5.814814814814815,5.814814814814815,25.4375,7.0,6.0,6.0,7.0
2024/25,2024-11-09 17:30:00,Brighton & Hove Albion FC,Manchester City FC,2.87116,2.60334,13.566666666666666,17.470588235294116,17.470588235294116,13.566666666666666,5.0,4.0,4.0,5.0
2024/25,2024-11-09 20:00:00,Liverpool FC,Aston Villa FC,2.68196,1.66337,8.615384615384615,17.681818181818183,17.681818181818183,8.615384615384615,7.0,4.0,4.0,7.0
2024/25,2024-11-10 14:00:00,Nottingham Forest FC,Newcastle United FC,1.17852,1.86904,10.695652173913043,13.833333333333334,13.833333333333334,10.695652173913043,4.0,10.0,10.0,4.0
2024/25,2024-11-10 14:00:00,Manchester United FC,Leicester City FC,1.2369,0.417295,10.142857142857142,14.6,14.6,10.142857142857142,2.0,5.0,5.0,2.0
2024/25,2024-11-10 14:00:00,Tottenham Hotspur FC,Ipswich Town FC,1.75088,2.18392,6.631578947368421,9.35483870967742,9.35483870967742,6.631578947368421,10.0,6.0,6.0,10.0
2024/25,2024-11-10 16:30:00,Chelsea FC,Arsenal FC,1.24067,1.9605,16.5,10.26086956521739,10.26086956521739,16.5,6.0,6.0,6.0,6.0
2024/25,2024-11-23 12:30:00,Leicester City FC,Chelsea FC,0.967987,2.81658,13.291666666666666,8.347826086956522,8.347826086956522,13.291666666666666,3.0,13.0,13.0,3.0
2024/25,2024-11-23 15:00:00,AFC Bournemouth,Brighton & Hove Albion FC,1.91157,1.23059,7.419354838709677,13.0,13.0,7.419354838709677,11.0,5.0,5.0,11.0
2024/25,2024-11-23 15:00:00,Arsenal FC,Nottingham Forest FC,1.66016,0.403136,10.533333333333333,21.647058823529413,21.647058823529413,10.533333333333333,19.0,0.0,0.0,19.0
2024/25,2024-11-23 15:00:00,Everton FC,Brentford FC,1.5951,1.34314,14.866666666666667,7.956521739130435,7.956521739130435,14.866666666666667,8.0,1.0,1.0,8.0
2024/25,2024-11-23 15:00:00,Aston Villa FC,Crystal Palace FC,3.04455,1.61437,7.4,15.818181818181818,15.818181818181818,7.4,11.0,2.0,2.0,11.0
2024/25,2024-11-23 15:00:00,Fulham FC,Wolverhampton Wanderers FC,0.717158,1.33903,6.611111111111111,14.368421052631579,14.368421052631579,6.611111111111111,6.0,8.0,8.0,6.0
2024/25,2024-11-23 17:30:00,Manchester City FC,Tottenham Hotspur FC,2.15899,3.30449,6.621621621621622,28.3,28.3,6.621621621621622,14.0,8.0,8.0,14.0
2024/25,2024-11-24 14:00:00,Southampton FC,Liverpool FC,1.53985,3.18835,24.0,8.285714285714286,8.285714285714286,24.0,6.0,13.0,13.0,6.0
2024/25,2024-11-24 16:30:00,Ipswich Town FC,Manchester United FC,1.98714,1.26912,21.136363636363637,12.0,12.0,21.136363636363637,4.0,5.0,5.0,4.0
2024/25,2024-11-25 20:00:00,Newcastle United FC,West Ham United FC,1.49781,0.942824,9.448275862068966,14.11111111111111,14.11111111111111,9.448275862068966,6.0,5.0,5.0,6.0
2024/25,2024-11-29 20:00:00,Brighton & Hove Albion FC,Southampton FC,1.86986,0.934969,8.588235294117647,12.045454545454545,12.045454545454545,8.588235294117647,16.0,4.0,4.0,16.0
2024/25,2024-11-30 15:00:00,Brentford FC,Leicester City FC,2.21885,0.907555,7.607142857142857,14.421052631578947,14.421052631578947,7.607142857142857,7.0,3.0,3.0,7.0
2024/25,2024-11-30 15:00:00,Crystal Palace FC,Newcastle United FC,2.29595,0.020989,8.851851851851851,9.5,9.5,8.851851851851851,11.0,2.0,2.0,11.0
2024/25,2024-11-30 15:00:00,Nottingham Forest FC,Ipswich Town FC,1.76587,0.462771,12.875,7.722222222222222,7.722222222222222,12.875,3.0,5.0,5.0,3.0
2024/25,2024-11-30 15:00:00,Wolverhampton Wanderers FC,AFC Bournemouth,0.866034,3.07901,11.3125,10.74074074074074,10.74074074074074,11.3125,8.0,4.0,4.0,8.0
2024/25,2024-11-30 17:30:00,West Ham United FC,Arsenal FC,1.23539,3.99935,13.833333333333334,12.0,12.0,13.833333333333334,3.0,6.0,6.0,3.0
2024/25,2024-12-01 13:30:00,Chelsea FC,Aston Villa FC,1.94939,0.875443,8.1,39.6,39.6,8.1,4.0,4.0,4.0,4.0
2024/25,2024-12-01 13:30:00,Manchester United FC,Everton FC,1.76161,0.766749,11.458333333333334,17.074074074074073,17.074074074074073,11.458333333333334,10.0,3.0,3.0,10.0
2024/25,2024-12-01 13:30:00,Tottenham Hotspur FC,Fulham FC,1.01086,1.57274,19.307692307692307,11.347826086956522,11.347826086956522,19.307692307692307,7.0,7.0,7.0,7.0
2024/25,2024-12-01 16:00:00,Liverpool FC,Manchester City FC,3.70054,0.745015,17.352941176470587,15.6875,15.6875,17.352941176470587,8.0,4.0,4.0,8.0
2024/25,2024-12-03 19:30:00,Ipswich Town FC,Crystal Palace FC,0.471708,1.65422,10.956521739130435,13.565217391304348,13.565217391304348,10.956521739130435,2.0,6.0,6.0,2.0
2024/25,2024-12-03 20:15:00,Leicester City FC,West Ham United FC,2.78061,2.87716,10.068965517241379,12.777777777777779,12.777777777777779,10.068965517241379,4.0,14.0,14.0,4.0
2024/25,2024-12-04 19:30:00,Everton FC,Wolverhampton Wanderers FC,1.49904,0.847724,10.178571428571429,7.708333333333333,7.708333333333333,10.178571428571429,7.0,4.0,4.0,7.0
2024/25,2024-12-04 19:30:00,Manchester City FC,Nottingham Forest FC,3.20169,0.802155,7.866666666666666,10.703703703703704,10.703703703703704,7.866666666666666,10.0,7.0,7.0,10.0
2024/25,2024-12-04 19:30:00,Newcastle United FC,Liverpool FC,1.52057,2.22766,13.590909090909092,8.153846153846153,8.153846153846153,13.590909090909092,3.0,9.0,9.0,3.0
2024/25,2024-12-04 19:30:00,Southampton FC,Chelsea FC,1.91014,5.8331,33.375,11.074074074074074,11.074074074074074,33.375,6.0,18.0,18.0,6.0
2024/25,2024-12-04 20:15:00,Arsenal FC,Manchester United FC,2.96684,0.256083,11.8,19.4,19.4,11.8,8.0,1.0,1.0,8.0
2024/25,2024-12-04 20:15:00,Aston Villa FC,Brentford FC,3.21673,1.13266,11.105263157894736,7.258064516129032,7.258064516129032,11.105263157894736,11.0,5.0,5.0,11.0
2024/25,2024-12-05 19:30:00,Fulham FC,Brighton & Hove Albion FC,0.666644,1.09939,18.705882352941178,13.647058823529411,13.647058823529411,18.705882352941178,3.0,2.0,2.0,3.0
2024/25,2024-12-05 20:15:00,AFC Bournemouth,Tottenham Hotspur FC,3.27716,0.623934,7.064516129032258,3.5925925925925926,3.5925925925925926,7.064516129032258,10.0,11.0,11.0,10.0
2024/25,2024-12-07 15:00:00,Aston Villa FC,Southampton FC,2.51338,0.385832,7.885714285714286,8.851851851851851,8.851851851851851,7.885714285714286,13.0,7.0,7.0,13.0
2024/25,2024-12-07 15:00:00,Brentford FC,Newcastle United FC,1.746,1.95645,10.76,12.133333333333333,12.133333333333333,10.76,6.0,9.0,9.0,6.0
2024/25,2024-12-07 15:00:00,Crystal Palace FC,Manchester City FC,1.21476,1.5846,38.8,8.227272727272727,8.227272727272727,38.8,6.0,16.0,16.0,6.0
2024/25,2024-12-07 17:30:00,Manchester United FC,Nottingham Forest FC,1.4697,0.651217,3.2083333333333335,26.384615384615383,26.384615384615383,3.2083333333333335,7.0,4.0,4.0,7.0
2024/25,2024-12-08 14:00:00,Fulham FC,Arsenal FC,0.150988,2.4333,24.357142857142858,8.68421052631579,8.68421052631579,24.357142857142858,0.0,12.0,12.0,0.0
2024/25,2024-12-08 14:00:00,Ipswich Town FC,AFC Bournemouth,1.5668,3.49127,9.4,5.125,5.125,9.4,12.0,12.0,12.0,12.0
2024/25,2024-12-08 14:00:00,Leicester City FC,Brighton & Hove Albion FC,1.42438,1.12184,14.5,12.423076923076923,12.423076923076923,14.5,3.0,5.0,5.0,3.0
2024/25,2024-12-08 16:30:00,Tottenham Hotspur FC,Chelsea FC,3.25488,2.57326,9.857142857142858,7.958333333333333,7.958333333333333,9.857142857142858,8.0,16.0,16.0,8.0
2024/25,2024-12-09 20:00:00,West Ham United FC,Wolverhampton Wanderers FC,1.19808,1.47567,9.043478260869565,8.037037037037036,8.037037037037036,9.043478260869565,7.0,6.0,6.0,7.0
2024/25,2024-12-14 15:00:00,Liverpool FC,Fulham FC,2.09698,1.2862,7.703703703703703,38.75,38.75,7.703703703703703,8.0,6.0,6.0,8.0
2024/25,2024-12-14 15:00:00,Arsenal FC,Everton FC,1.30865,0.132166,5.0476190476190474,19.77777777777778,19.77777777777778,5.0476190476190474,12.0,2.0,2.0,12.0
2024/25,2024-12-14 15:00:00,Wolverhampton Wanderers FC,Ipswich Town FC,1.23748,1.73349,11.608695652173912,12.363636363636363,12.363636363636363,11.608695652173912,11.0,4.0,4.0,11.0
2024/25,2024-12-14 15:00:00,Newcastle United FC,Leicester City FC,3.95461,0.186759,11.368421052631579,14.826086956521738,14.826086956521738,11.368421052631579,21.0,3.0,3.0,21.0
2024/25,2024-12-14 17:30:00,Nottingham Forest FC,Aston Villa FC,2.2861,0.389423,17.3125,16.928571428571427,16.928571428571427,17.3125,5.0,7.0,7.0,5.0
2024/25,2024-12-15 14:00:00,Brighton & Hove Albion FC,Crystal Palace FC,1.32323,3.00618,4.756756756756757,14.136363636363637,14.136363636363637,4.756756756756757,9.0,6.0,6.0,9.0
2024/25,2024-12-15 16:30:00,Manchester City FC,Manchester United FC,0.638103,2.04662,16.944444444444443,7.928571428571429,7.928571428571429,16.944444444444443,4.0,5.0,5.0,4.0
2024/25,2024-12-15 19:00:00,Chelsea FC,Brentford FC,2.59146,1.65861,8.761904761904763,14.625,14.625,8.761904761904763,13.0,6.0,6.0,13.0
2024/25,2024-12-15 19:00:00,Southampton FC,Tottenham Hotspur FC,1.27356,3.89322,17.47826086956522,10.666666666666666,10.666666666666666,17.47826086956522,2.0,10.0,10.0,2.0
2024/25,2024-12-16 20:00:00,AFC Bournemouth,West Ham United FC,2.04842,1.81827,11.473684210526315,10.894736842105264,10.894736842105264,11.473684210526315,10.0,6.0,6.0,10.0
2024/25,2024-12-21 12:30:00,Aston Villa FC,Manchester City FC,2.05988,1.09627,18.357142857142858,19.6,19.6,18.357142857142858,7.0,4.0,4.0,7.0
2024/25,2024-12-21 15:00:00,Brentford FC,Nottingham Forest FC,0.769004,0.964897,4.862068965517241,15.222222222222221,15.222222222222221,4.862068965517241,11.0,6.0,6.0,11.0
2024/25,2024-12-21 15:00:00,West Ham United FC,Brighton & Hove Albion FC,1.22937,1.34379,9.48,6.1891891891891895,6.1891891891891895,9.48,6.0,13.0,13.0,6.0
2024/25,2024-12-21 15:00:00,Ipswich Town FC,Newcastle United FC,1.06427,3.23386,17.782608695652176,12.263157894736842,12.263157894736842,17.782608695652176,0.0,14.0,14.0,0.0
2024/25,2024-12-21 17:30:00,Crystal Palace FC,Arsenal FC,1.6052,3.05434,17.3,12.833333333333334,12.833333333333334,17.3,3.0,6.0,6.0,3.0
2024/25,2024-12-22 14:00:00,Fulham FC,Southampton FC,1.25255,0.280031,18.333333333333332,11.653846153846153,11.653846153846153,18.333333333333332,8.0,3.0,3.0,8.0
2024/25,2024-12-22 14:00:00,Everton FC,Chelsea FC,1.07081,1.51591,14.428571428571429,4.782608695652174,4.782608695652174,14.428571428571429,0.0,2.0,2.0,0.0
2024/25,2024-12-22 14:00:00,Manchester United FC,AFC Bournemouth,2.28533,1.82831,7.3478260869565215,9.23076923076923,9.23076923076923,7.3478260869565215,14.0,3.0,3.0,14.0
2024/25,2024-12-22 14:00:00,Leicester City FC,Wolverhampton Wanderers FC,0.78868,1.13531,11.851851851851851,14.590909090909092,14.590909090909092,11.851851851851851,3.0,3.0,3.0,3.0
2024/25,2024-12-22 16:30:00,Tottenham Hotspur FC,Liverpool FC,1.20245,5.20214,21.53846153846154,11.551724137931034,11.551724137931034,21.53846153846154,8.0,14.0,14.0,8.0
2024/25,2024-12-26 12:30:00,Manchester City FC,Everton FC,2.51965,0.653289,10.666666666666666,28.09090909090909,28.09090909090909,10.666666666666666,18.0,1.0,1.0,18.0
2024/25,2024-12-26 15:00:00,AFC Bournemouth,Crystal Palace FC,1.20189,0.500066,6.411764705882353,11.842105263157896,11.842105263157896,6.411764705882353,10.0,8.0,8.0,10.0
2024/25,2024-12-26 15:00:00,Chelsea FC,Fulham FC,1.55626,1.77929,16.869565217391305,17.88235294117647,17.88235294117647,16.869565217391305,6.0,4.0,4.0,6.0
2024/25,2024-12-26 15:00:00,Newcastle United FC,Aston Villa FC,2.82867,0.225522,6.107142857142857,21.714285714285715,21.714285714285715,6.107142857142857,20.0,2.0,2.0,20.0
2024/25,2024-12-26 15:00:00,Nottingham Forest FC,Tottenham Hotspur FC,1.30018,1.05758,23.153846153846153,5.4,5.4,23.153846153846153,5.0,9.0,9.0,5.0
2024/25,2024-12-26 15:00:00,Southampton FC,West Ham United FC,2.19833,1.90111,7.9655172413793105,18.857142857142858,18.857142857142858,7.9655172413793105,9.0,6.0,6.0,9.0
2024/25,2024-12-26 17:30:00,Wolverhampton Wanderers FC,Manchester United FC,0.826489,0.358876,10.523809523809524,7.470588235294118,7.470588235294118,10.523809523809524,4.0,2.0,2.0,4.0
2024/25,2024-12-26 20:00:00,Liverpool FC,Leicester City FC,1.89935,0.22097,5.484848484848484,78.0,78.0,5.484848484848484,26.0,0.0,0.0,26.0
2024/25,2024-12-27 19:30:00,Brighton & Hove Albion FC,Brentford FC,1.33538,0.961233,8.347826086956522,12.631578947368421,12.631578947368421,8.347826086956522,21.0,5.0,5.0,21.0
2024/25,2024-12-27 20:15:00,Arsenal FC,Ipswich Town FC,2.16462,0.0783327,6.428571428571429,19.41176470588235,19.41176470588235,6.428571428571429,12.0,0.0,0.0,12.0
2024/25,2024-12-29 14:30:00,Leicester City FC,Manchester City FC,1.84208,1.58002,15.31578947368421,27.642857142857142,27.642857142857142,15.31578947368421,5.0,9.0,9.0,5.0
2024/25,2024-12-29 15:00:00,Crystal Palace FC,Southampton FC,3.05417,1.21853,7.0285714285714285,5.65625,5.65625,7.0285714285714285,10.0,1.0,1.0,10.0
2024/25,2024-12-29 15:00:00,Everton FC,Nottingham Forest FC,0.615191,2.02753,8.1875,17.0,17.0,8.1875,8.0,7.0,7.0,8.0
2024/25,2024-12-29 15:00:00,Fulham FC,AFC Bournemouth,0.961566,1.70692,11.944444444444445,10.423076923076923,10.423076923076923,11.944444444444445,5.0,10.0,10.0,5.0
2024/25,2024-12-29 15:00:00,Tottenham Hotspur FC,Wolverhampton Wanderers FC,2.28433,0.640697,11.68421052631579,10.9,10.9,11.68421052631579,6.0,6.0,6.0,6.0
2024/25,2024-12-29 17:15:00,West Ham United FC,Liverpool FC,0.518279,3.29868,14.157894736842104,10.035714285714286,10.035714285714286,14.157894736842104,3.0,16.0,16.0,3.0
2024/25,2024-12-30 19:45:00,Aston Villa FC,Brighton & Hove Albion FC,1.87997,0.938042,9.95,8.59375,8.59375,9.95,13.0,6.0,6.0,13.0
2024/25,2024-12-30 19:45:00,Ipswich Town FC,Chelsea FC,1.50093,1.60622,22.9375,7.5625,7.5625,22.9375,4.0,18.0,18.0,4.0
2024/25,2024-12-30 20:00:00,Manchester United FC,Newcastle United FC,1.00073,2.2424,9.833333333333334,19.444444444444443,19.444444444444443,9.833333333333334,6.0,5.0,5.0,6.0
2024/25,2025-01-01 17:30:00,Brentford FC,Arsenal FC,0.272604,1.99848,17.727272727272727,17.41176470588235,17.41176470588235,17.727272727272727,2.0,17.0,17.0,2.0
2024/25,2025-01-04 12:30:00,Tottenham Hotspur FC,Newcastle United FC,1.00333,2.42963,5.806451612903226,7.730769230769231,7.730769230769231,5.806451612903226,15.0,9.0,9.0,15.0
2024/25,2025-01-04 15:00:00,AFC Bournemouth,Everton FC,2.61852,0.561015,3.962962962962963,10.722222222222221,10.722222222222221,3.962962962962963,14.0,1.0,1.0,14.0
2024/25,2025-01-04 15:00:00,Aston Villa FC,Leicester City FC,2.3456,0.81548,9.03448275862069,20.842105263157894,20.842105263157894,9.03448275862069,9.0,3.0,3.0,9.0
2024/25,2025-01-04 15:00:00,Crystal Palace FC,Chelsea FC,1.2766,1.51541,19.294117647058822,9.272727272727273,9.272727272727273,19.294117647058822,6.0,16.0,16.0,6.0
2024/25,2025-01-04 15:00:00,Manchester City FC,West Ham United FC,1.97986,1.53286,14.68421052631579,11.777777777777779,11.777777777777779,14.68421052631579,9.0,7.0,7.0,9.0
2024/25,2025-01-04 15:00:00,Southampton FC,Brentford FC,0.249614,5.54874,12.88888888888889,11.090909090909092,11.090909090909092,12.88888888888889,9.0,15.0,15.0,9.0
2024/25,2025-01-04 17:30:00,Brighton & Hove Albion FC,Arsenal FC,1.76513,1.81142,14.772727272727273,10.833333333333334,10.833333333333334,14.772727272727273,4.0,8.0,8.0,4.0
2024/25,2025-01-05 14:00:00,Fulham FC,Ipswich Town FC,2.65469,1.4434,8.1875,13.75,13.75,8.1875,5.0,2.0,2.0,5.0
2024/25,2025-01-05 16:30:00,Liverpool FC,Manchester United FC,2.862,1.67469,8.869565217391305,7.555555555555555,7.555555555555555,8.869565217391305,7.0,7.0,7.0,7.0
2024/25,2025-01-06 20:00:00,Wolverhampton Wanderers FC,Nottingham Forest FC,1.90463,2.57227,9.55,18.2,18.2,9.55,12.0,11.0,11.0,12.0
2024/25,2025-01-14 19:30:00,Brentford FC,Manchester City FC,2.39088,2.65315,14.214285714285714,20.181818181818183,20.181818181818183,14.214285714285714,14.0,15.0,15.0,14.0
2024/25,2025-01-14 19:30:00,West Ham United FC,Fulham FC,0.937322,2.83581,17.294117647058822,8.65625,8.65625,17.294117647058822,2.0,9.0,9.0,2.0
2024/25,2025-01-14 19:30:00,Chelsea FC,AFC Bournemouth,2.53808,1.14845,9.421052631578947,8.923076923076923,8.923076923076923,9.421052631578947,12.0,8.0,8.0,12.0
2024/25,2025-01-14 20:00:00,Nottingham Forest FC,Liverpool FC,0.5292,2.72291,21.545454545454547,6.375,6.375,21.545454545454547,2.0,18.0,18.0,2.0
2024/25,2025-01-15 19:30:00,Everton FC,Aston Villa FC,1.23126,1.28522,9.678571428571429,14.6,14.6,9.678571428571429,4.0,5.0,5.0,4.0
2024/25,2025-01-15 19:30:00,Leicester City FC,Crystal Palace FC,2.09904,2.2647,12.272727272727273,15.478260869565217,15.478260869565217,12.272727272727273,7.0,7.0,7.0,7.0
2024/25,2025-01-15 19:30:00,Newcastle United FC,Wolverhampton Wanderers FC,2.13327,1.47433,5.59375,14.833333333333334,14.833333333333334,5.59375,10.0,8.0,8.0,10.0
2024/25,2025-01-15 20:00:00,Arsenal FC,Tottenham Hotspur FC,2.25501,0.777071,6.135135135135135,21.444444444444443,21.444444444444443,6.135135135135135,11.0,0.0,0.0,11.0
2024/25,2025-01-16 19:30:00,Ipswich Town FC,Brighton & Hove Albion FC,0.268127,1.06343,11.565217391304348,10.538461538461538,10.538461538461538,11.565217391304348,1.0,9.0,9.0,1.0
2024/25,2025-01-16 20:00:00,Manchester United FC,Southampton FC,3.10847,1.36705,12.411764705882353,12.821428571428571,12.821428571428571,12.411764705882353,15.0,1.0,1.0,15.0
2024/25,2025-01-18 12:30:00,Newcastle United FC,AFC Bournemouth,0.837801,2.70174,7.9375,6.147058823529412,6.147058823529412,7.9375,12.0,8.0,8.0,12.0
2024/25,2025-01-18 15:00:00,Brentford FC,Liverpool FC,1.20021,4.16249,16.9,8.16,8.16,16.9,8.0,23.0,23.0,8.0
2024/25,2025-01-18 15:00:00,Leicester City FC,Fulham FC,0.676934,2.36823,19.0,9.80952380952381,9.80952380952381,19.0,2.0,10.0,10.0,2.0
2024/25,2025-01-18 15:00:00,West Ham United FC,Crystal Palace FC,0.221062,1.62561,13.85,12.74074074074074,12.74074074074074,13.85,4.0,5.0,5.0,4.0
2024/25,2025-01-18 17:30:00,Arsenal FC,Aston Villa FC,1.64458,1.20602,6.818181818181818,15.0,15.0,6.818181818181818,8.0,1.0,1.0,8.0
2024/25,2025-01-19 14:00:00,Everton FC,Tottenham Hotspur FC,2.56089,1.35719,12.035714285714286,9.0,9.0,12.035714285714286,6.0,8.0,8.0,6.0
2024/25,2025-01-19 14:00:00,Manchester United FC,Brighton & Hove Albion FC,1.31823,2.17172,8.866666666666667,18.857142857142858,18.857142857142858,8.866666666666667,8.0,6.0,6.0,8.0
2024/25,2025-01-19 14:00:00,Nottingham Forest FC,Southampton FC,2.36419,1.25922,12.842105263157896,9.823529411764707,9.823529411764707,12.842105263157896,9.0,2.0,2.0,9.0
2024/25,2025-01-19 16:30:00,Ipswich Town FC,Manchester City FC,0.795637,3.20228,39.8,8.869565217391305,8.869565217391305,39.8,3.0,17.0,17.0,3.0
2024/25,2025-01-20 20:00:00,Chelsea FC,Wolverhampton Wanderers FC,3.14882,1.06726,13.23076923076923,16.045454545454547,16.045454545454547,13.23076923076923,10.0,10.0,10.0,10.0
2024/25,2025-01-25 15:00:00,AFC Bournemouth,Nottingham Forest FC,2.8254,0.996166,7.666666666666667,7.65,7.65,7.666666666666667,6.0,12.0,12.0,6.0
2024/25,2025-01-25 15:00:00,Brighton & Hove Albion FC,Everton FC,0.64378,0.870883,6.6923076923076925,16.68421052631579,16.68421052631579,6.6923076923076925,9.0,2.0,2.0,9.0
2024/25,2025-01-25 15:00:00,Liverpool FC,Ipswich Town FC,2.16809,0.804707,6.551724137931035,11.72,11.72,6.551724137931035,15.0,2.0,2.0,15.0
2024/25,2025-01-25 15:00:00,Southampton FC,Newcastle United FC,0.825621,3.08319,13.555555555555555,11.181818181818182,11.181818181818182,13.555555555555555,2.0,11.0,11.0,2.0
2024/25,2025-01-25 15:00:00,Wolverhampton Wanderers FC,Arsenal FC,0.514724,0.887358,6.7407407407407405,7.733333333333333,7.733333333333333,6.7407407407407405,0.0,2.0,2.0,0.0
2024/25,2025-01-25 17:30:00,Manchester City FC,Chelsea FC,2.23213,1.49843,15.529411764705882,22.705882352941178,22.705882352941178,15.529411764705882,3.0,5.0,5.0,3.0
2024/25,2025-01-26 14:00:00,Crystal Palace FC,Brentford FC,1.23177,1.92037,15.454545454545455,8.5,8.5,15.454545454545455,9.0,11.0,11.0,9.0
2024/25,2025-01-26 14:00:00,Tottenham Hotspur FC,Leicester City FC,1.27483,1.40469,11.4,11.25925925925926,11.25925925925926,11.4,5.0,5.0,5.0,5.0
2024/25,2025-01-26 16:30:00,Aston Villa FC,West Ham United FC,0.907851,1.67886,8.67741935483871,6.32258064516129,6.32258064516129,8.67741935483871,7.0,5.0,5.0,7.0
2024/25,2025-01-26 19:00:00,Fulham FC,Manchester United FC,0.560571,0.201988,30.8,16.058823529411764,16.058823529411764,30.8,3.0,5.0,5.0,3.0
2024/25,2025-02-01 12:30:00,Nottingham Forest FC,Brighton & Hove Albion FC,4.0677,0.756296,19.9375,6.285714285714286,6.285714285714286,19.9375,7.0,8.0,8.0,7.0
2024/25,2025-02-01 15:00:00,AFC Bournemouth,Liverpool FC,1.65273,2.7219,8.192307692307692,8.636363636363637,8.636363636363637,8.192307692307692,5.0,11.0,11.0,5.0
2024/25,2025-02-01 15:00:00,Everton FC,Leicester City FC,3.11261,0.447136,17.944444444444443,12.043478260869565,12.043478260869565,17.944444444444443,14.0,4.0,4.0,14.0
2024/25,2025-02-01 15:00:00,Ipswich Town FC,Southampton FC,1.94845,1.17566,9.041666666666666,10.310344827586206,10.310344827586206,9.041666666666666,5.0,1.0,1.0,5.0
2024/25,2025-02-01 15:00:00,Newcastle United FC,Fulham FC,1.22716,1.60881,13.6875,11.736842105263158,11.736842105263158,13.6875,10.0,5.0,5.0,10.0
2024/25,2025-02-01 17:30:00,Wolverhampton Wanderers FC,Aston Villa FC,2.00146,0.742809,12.25,11.5,11.5,12.25,2.0,4.0,4.0,2.0
2024/25,2025-02-02 14:00:00,Brentford FC,Tottenham Hotspur FC,1.66475,0.945355,12.333333333333334,9.083333333333334,9.083333333333334,12.333333333333334,8.0,4.0,4.0,8.0
2024/25,2025-02-02 14:00:00,Manchester United FC,Crystal Palace FC,1.50706,2.44633,5.565217391304348,13.476190476190476,13.476190476190476,5.565217391304348,18.0,6.0,6.0,18.0
2024/25,2025-02-02 16:30:00,Arsenal FC,Manchester City FC,1.53202,0.743191,14.466666666666667,17.76923076923077,17.76923076923077,14.466666666666667,6.0,7.0,7.0,6.0
2024/25,2025-02-03 20:00:00,Chelsea FC,West Ham United FC,1.39066,1.1868,6.2727272727272725,30.5,30.5,6.2727272727272725,6.0,8.0,8.0,6.0
2024/25,2025-02-12 19:30:00,Everton FC,Liverpool FC,0.910523,0.929103,17.72222222222222,4.5625,4.5625,17.72222222222222,2.0,2.0,2.0,2.0
2024/25,2025-02-14 20:00:00,Brighton & Hove Albion FC,Chelsea FC,2.06892,0.649788,17.074074074074073,6.193548387096774,6.193548387096774,17.074074074074073,7.0,9.0,9.0,7.0
2024/25,2025-02-15 12:30:00,Leicester City FC,Arsenal FC,0.233209,1.75,10.461538461538462,6.0,6.0,10.461538461538462,3.0,10.0,10.0,3.0
2024/25,2025-02-15 15:00:00,Aston Villa FC,Ipswich Town FC,2.89841,0.332864,7.666666666666667,13.208333333333334,13.208333333333334,7.666666666666667,19.0,0.0,0.0,19.0
2024/25,2025-02-15 15:00:00,Fulham FC,Nottingham Forest FC,2.20993,0.331301,13.941176470588236,25.363636363636363,25.363636363636363,13.941176470588236,6.0,4.0,4.0,6.0
2024/25,2025-02-15 15:00:00,Manchester City FC,Newcastle United FC,2.12004,0.157211,15.5,10.903225806451612,10.903225806451612,15.5,4.0,1.0,1.0,4.0
2024/25,2025-02-15 15:00:00,Southampton FC,AFC Bournemouth,0.974418,2.08722,8.724137931034482,7.230769230769231,7.230769230769231,8.724137931034482,7.0,3.0,3.0,7.0
2024/25,2025-02-15 15:00:00,West Ham United FC,Brentford FC,0.673466,1.96499,10.052631578947368,8.8125,8.8125,10.052631578947368,8.0,9.0,9.0,8.0
2024/25,2025-02-15 17:30:00,Crystal Palace FC,Everton FC,2.30646,1.01565,9.65,10.695652173913043,10.695652173913043,9.65,9.0,4.0,4.0,9.0
2024/25,2025-02-16 14:00:00,Liverpool FC,Wolverhampton Wanderers FC,1.86758,1.05329,11.454545454545455,9.25,9.25,11.454545454545455,7.0,7.0,7.0,7.0
2024/25,2025-02-16 16:30:00,Tottenham Hotspur FC,Manchester United FC,1.97109,1.42652,9.636363636363637,11.5,11.5,9.636363636363637,15.0,8.0,8.0,15.0
2024/25,2025-02-19 15:00:00,Aston Villa FC,Liverpool FC,1.02269,2.04279,11.5,13.277777777777779,13.277777777777779,11.5,13.0,17.0,17.0,13.0
2024/25,2025-02-21 20:00:00,Leicester City FC,Brentford FC,0.727901,2.03465,18.916666666666668,10.764705882352942,10.764705882352942,18.916666666666668,9.0,8.0,8.0,9.0
2024/25,2025-02-22 12:30:00,Everton FC,Manchester United FC,2.10444,0.645685,14.043478260869565,6.391304347826087,6.391304347826087,14.043478260869565,6.0,5.0,5.0,6.0
2024/25,2025-02-22 15:00:00,AFC Bournemouth,Wolverhampton Wanderers FC,0.629691,2.10124,8.333333333333334,5.387096774193548,5.387096774193548,8.333333333333334,8.0,5.0,5.0,8.0
2024/25,2025-02-22 15:00:00,Arsenal FC,West Ham United FC,1.37264,1.02684,5.193548387096774,13.761904761904763,13.761904761904763,5.193548387096774,15.0,1.0,1.0,15.0
2024/25,2025-02-22 15:00:00,Fulham FC,Crystal Palace FC,0.23426,1.46203,7.12,17.666666666666668,17.666666666666668,7.12,8.0,5.0,5.0,8.0
2024/25,2025-02-22 15:00:00,Ipswich Town FC,Tottenham Hotspur FC,1.15389,1.58741,10.228571428571428,9.0,9.0,10.228571428571428,4.0,7.0,7.0,4.0
2024/25,2025-02-22 15:00:00,Southampton FC,Brighton & Hove Albion FC,0.154147,5.12018,9.846153846153847,9.777777777777779,9.777777777777779,9.846153846153847,1.0,6.0,6.0,1.0
2024/25,2025-02-22 17:30:00,Aston Villa FC,Chelsea FC,2.69413,2.17418,9.642857142857142,11.72,11.72,9.642857142857142,5.0,7.0,7.0,5.0
2024/25,2025-02-23 14:00:00,Newcastle United FC,Nottingham Forest FC,3.45858,2.38603,6.75,10.958333333333334,10.958333333333334,6.75,5.0,7.0,7.0,5.0
2024/25,2025-02-23 16:30:00,Manchester City FC,Liverpool FC,0.58248,0.807058,18.90909090909091,21.2,21.2,18.90909090909091,9.0,7.0,7.0,9.0
2024/25,2025-02-25 19:30:00,Brighton & Hove Albion FC,AFC Bournemouth,2.57927,1.70169,11.619047619047619,4.588235294117647,4.588235294117647,11.619047619047619,7.0,8.0,8.0,7.0
2024/25,2025-02-25 19:30:00,Wolverhampton Wanderers FC,Fulham FC,0.928973,1.43473,13.411764705882353,13.083333333333334,13.083333333333334,13.411764705882353,2.0,4.0,4.0,2.0
2024/25,2025-02-25 19:30:00,Crystal Palace FC,Aston Villa FC,4.02522,0.667217,6.428571428571429,5.714285714285714,5.714285714285714,6.428571428571429,9.0,1.0,1.0,9.0
2024/25,2025-02-25 20:15:00,Chelsea FC,Southampton FC,2.98234,0.845039,13.75,21.866666666666667,21.866666666666667,13.75,18.0,4.0,4.0,18.0
2024/25,2025-02-26 19:30:00,Brentford FC,Everton FC,1.34009,1.44955,13.625,31.875,31.875,13.625,6.0,4.0,4.0,6.0
2024/25,2025-02-26 19:30:00,Nottingham Forest FC,Arsenal FC,0.508611,1.31766,13.117647058823529,5.3478260869565215,5.3478260869565215,13.117647058823529,4.0,7.0,7.0,4.0
2024/25,2025-02-26 19:30:00,Tottenham Hotspur FC,Manchester City FC,1.28426,2.38641,10.458333333333334,13.423076923076923,13.423076923076923,10.458333333333334,5.0,11.0,11.0,5.0
2024/25,2025-02-26 19:30:00,Manchester United FC,Ipswich Town FC,1.40202,1.04498,15.461538461538462,8.708333333333334,8.708333333333334,15.461538461538462,4.0,8.0,8.0,4.0
2024/25,2025-02-26 20:15:00,Liverpool FC,Newcastle United FC,1.40027,0.45882,6.777777777777778,19.5,19.5,6.777777777777778,8.0,3.0,3.0,8.0
2024/25,2025-02-27 20:00:00,West Ham United FC,Leicester City FC,1.70437,0.289578,14.473684210526315,20.11111111111111,20.11111111111111,14.473684210526315,6.0,0.0,0.0,6.0
2024/25,2025-03-08 12:30:00,Nottingham Forest FC,Manchester City FC,0.501476,0.721234,13.869565217391305,7.625,7.625,13.869565217391305,3.0,6.0,6.0,3.0
2024/25,2025-03-08 15:00:00,Brighton & Hove Albion FC,Fulham FC,1.94417,0.708227,9.0,22.153846153846153,22.153846153846153,9.0,11.0,1.0,1.0,11.0
2024/25,2025-03-08 15:00:00,Crystal Palace FC,Ipswich Town FC,3.13879,1.63282,5.866666666666666,16.0,16.0,5.866666666666666,1.0,1.0,1.0,1.0
2024/25,2025-03-08 15:00:00,Liverpool FC,Southampton FC,4.98996,0.511566,4.823529411764706,19.833333333333332,19.833333333333332,4.823529411764706,19.0,0.0,0.0,19.0
2024/25,2025-03-08 17:30:00,Brentford FC,Aston Villa FC,0.637743,1.29638,5.777777777777778,20.25,20.25,5.777777777777778,10.0,5.0,5.0,10.0
2024/25,2025-03-08 20:00:00,Wolverhampton Wanderers FC,Everton FC,0.812432,1.3672,9.263157894736842,10.264705882352942,10.264705882352942,9.263157894736842,7.0,3.0,3.0,7.0
2024/25,2025-03-09 14:00:00,Chelsea FC,Leicester City FC,1.76844,0.108487,12.523809523809524,10.96,10.96,12.523809523809524,16.0,1.0,1.0,16.0
2024/25,2025-03-09 14:00:00,Tottenham Hotspur FC,AFC Bournemouth,1.35053,2.22536,6.884615384615385,7.861111111111111,7.861111111111111,6.884615384615385,5.0,7.0,7.0,5.0
2024/25,2025-03-09 16:30:00,Manchester United FC,Arsenal FC,1.31107,1.82996,16.0,8.117647058823529,8.117647058823529,16.0,9.0,9.0,9.0,9.0
2024/25,2025-03-10 20:00:00,West Ham United FC,Newcastle United FC,0.823986,1.62976,12.0,11.952380952380953,11.952380952380953,12.0,0.0,10.0,10.0,0.0
2024/25,2025-03-15 15:00:00,Everton FC,West Ham United FC,1.189,0.516029,8.923076923076923,25.0,25.0,8.923076923076923,5.0,7.0,7.0,5.0
2024/25,2025-03-15 15:00:00,Ipswich Town FC,Nottingham Forest FC,0.520839,1.30722,21.428571428571427,11.5,11.5,21.428571428571427,1.0,7.0,7.0,1.0
2024/25,2025-03-15 15:00:00,Manchester City FC,Brighton & Hove Albion FC,2.02642,2.11119,10.647058823529411,18.2,18.2,10.647058823529411,6.0,8.0,8.0,6.0
2024/25,2025-03-15 15:00:00,Southampton FC,Wolverhampton Wanderers FC,1.2821,0.540718,11.454545454545455,12.357142857142858,12.357142857142858,11.454545454545455,6.0,3.0,3.0,6.0
2024/25,2025-03-15 17:30:00,AFC Bournemouth,Brentford FC,2.02714,1.60321,7.285714285714286,7.8,7.8,7.285714285714286,17.0,8.0,8.0,17.0
2024/25,2025-03-16 13:30:00,Arsenal FC,Chelsea FC,0.695725,0.286036,13.88888888888889,11.588235294117647,11.588235294117647,13.88888888888889,6.0,0.0,0.0,6.0
2024/25,2025-03-16 13:30:00,Fulham FC,Tottenham Hotspur FC,1.03966,1.40865,8.75,10.037037037037036,10.037037037037036,8.75,9.0,7.0,7.0,9.0
2024/25,2025-03-16 19:00:00,Leicester City FC,Manchester United FC,1.30455,1.13892,10.538461538461538,14.954545454545455,14.954545454545455,10.538461538461538,6.0,2.0,2.0,6.0
2024/25,2025-04-01 19:45:00,Arsenal FC,Fulham FC,2.30189,1.44206,16.8,20.285714285714285,20.285714285714285,16.8,11.0,2.0,2.0,11.0
2024/25,2025-04-01 19:45:00,Wolverhampton Wanderers FC,West Ham United FC,1.10359,1.73057,14.0,8.071428571428571,8.071428571428571,14.0,6.0,5.0,5.0,6.0
2024/25,2025-04-01 20:00:00,Nottingham Forest FC,Manchester United FC,0.512063,1.86688,21.705882352941178,4.5,4.5,21.705882352941178,5.0,13.0,13.0,5.0
2024/25,2025-04-02 19:45:00,Brighton & Hove Albion FC,Aston Villa FC,0.558009,1.20715,7.5,12.5,12.5,7.5,12.0,4.0,4.0,12.0
2024/25,2025-04-02 19:45:00,AFC Bournemouth,Ipswich Town FC,1.99637,1.41263,5.233333333333333,15.666666666666666,15.666666666666666,5.233333333333333,7.0,6.0,6.0,7.0
2024/25,2025-04-02 19:45:00,Manchester City FC,Leicester City FC,2.07165,0.104741,8.545454545454545,35.0,35.0,8.545454545454545,18.0,1.0,1.0,18.0
2024/25,2025-04-02 19:45:00,Newcastle United FC,Brentford FC,2.26584,1.53201,9.91304347826087,7.72,7.72,9.91304347826087,7.0,7.0,7.0,7.0
2024/25,2025-04-02 19:45:00,Southampton FC,Crystal Palace FC,0.687304,0.93776,12.0,15.642857142857142,15.642857142857142,12.0,3.0,8.0,8.0,3.0
2024/25,2025-04-02 20:00:00,Liverpool FC,Everton FC,1.29718,0.823136,4.318181818181818,16.705882352941178,16.705882352941178,4.318181818181818,10.0,3.0,3.0,10.0
2024/25,2025-04-03 19:00:00,Chelsea FC,Tottenham Hotspur FC,1.30443,1.40274,12.714285714285714,11.777777777777779,11.777777777777779,12.714285714285714,6.0,9.0,9.0,6.0
2024/25,2025-04-05 11:30:00,Everton FC,Arsenal FC,1.22875,1.4031,11.791666666666666,3.55,3.55,11.791666666666666,3.0,7.0,7.0,3.0
2024/25,2025-04-05 14:00:00,Crystal Palace FC,Brighton & Hove Albion FC,0.443965,1.27226,16.105263157894736,7.791666666666667,7.791666666666667,16.105263157894736,1.0,7.0,7.0,1.0
2024/25,2025-04-05 14:00:00,Ipswich Town FC,Wolverhampton Wanderers FC,0.872356,2.8096,12.555555555555555,8.7,8.7,12.555555555555555,5.0,8.0,8.0,5.0
2024/25,2025-04-05 14:00:00,West Ham United FC,AFC Bournemouth,0.907832,1.94869,8.173913043478262,8.25,8.25,8.173913043478262,5.0,6.0,6.0,5.0
2024/25,2025-04-05 16:30:00,Aston Villa FC,Nottingham Forest FC,2.63349,0.96769,9.947368421052632,10.521739130434783,10.521739130434783,9.947368421052632,7.0,4.0,4.0,7.0
2024/25,2025-04-06 13:00:00,Brentford FC,Chelsea FC,1.36123,1.47829,13.0,8.727272727272727,8.727272727272727,13.0,9.0,9.0,9.0,9.0
2024/25,2025-04-06 13:00:00,Fulham FC,Liverpool FC,1.72764,1.40638,21.733333333333334,6.428571428571429,6.428571428571429,21.733333333333334,6.0,8.0,8.0,6.0
2024/25,2025-04-06 13:00:00,Tottenham Hotspur FC,Southampton FC,2.648,0.780439,7.7272727272727275,8.764705882352942,8.764705882352942,7.7272727272727275,10.0,5.0,5.0,10.0
2024/25,2025-04-06 15:30:00,Manchester United FC,Manchester City FC,1.23317,0.687894,13.523809523809524,10.454545454545455,10.454545454545455,13.523809523809524,11.0,1.0,1.0,11.0
2024/25,2025-04-07 19:00:00,Leicester City FC,Newcastle United FC,0.354575,3.44111,10.416666666666666,12.518518518518519,12.518518518518519,10.416666666666666,6.0,5.0,5.0,6.0
2024/25,2025-04-12 11:30:00,Manchester City FC,Crystal Palace FC,4.59724,1.33808,8.923076923076923,46.22222222222222,46.22222222222222,8.923076923076923,10.0,5.0,5.0,10.0
2024/25,2025-04-12 14:00:00,Brighton & Hove Albion FC,Leicester City FC,3.6978,1.98444,8.8,17.705882352941178,17.705882352941178,8.8,17.0,4.0,4.0,17.0
2024/25,2025-04-12 14:00:00,Nottingham Forest FC,Everton FC,0.423949,1.26036,22.1,11.333333333333334,11.333333333333334,22.1,1.0,9.0,9.0,1.0
2024/25,2025-04-12 14:00:00,Southampton FC,Aston Villa FC,0.412256,2.99927,22.90909090909091,10.952380952380953,10.952380952380953,22.90909090909091,1.0,13.0,13.0,1.0
2024/25,2025-04-12 16:30:00,Arsenal FC,Brentford FC,0.767369,0.588583,12.23076923076923,10.631578947368421,10.631578947368421,12.23076923076923,9.0,6.0,6.0,9.0
2024/25,2025-04-13 13:00:00,Chelsea FC,Ipswich Town FC,2.90758,1.60301,4.16,22.818181818181817,22.818181818181817,4.16,15.0,3.0,3.0,15.0
2024/25,2025-04-13 13:00:00,Liverpool FC,West Ham United FC,1.42902,1.46598,8.903225806451612,17.0,17.0,8.903225806451612,14.0,6.0,6.0,14.0
2024/25,2025-04-13 13:00:00,Wolverhampton Wanderers FC,Tottenham Hotspur FC,2.22977,1.62887,15.238095238095237,8.043478260869565,8.043478260869565,15.238095238095237,4.0,9.0,9.0,4.0
2024/25,2025-04-13 15:30:00,Newcastle United FC,Manchester United FC,2.6383,0.786568,7.621621621621622,11.38888888888889,11.38888888888889,7.621621621621622,10.0,3.0,3.0,10.0
2024/25,2025-04-14 19:00:00,AFC Bournemouth,Fulham FC,1.8577,1.07203,11.736842105263158,9.61111111111111,9.61111111111111,11.736842105263158,4.0,10.0,10.0,4.0
2024/25,2025-04-16 18:30:00,Newcastle United FC,Crystal Palace FC,2.32947,2.37548,13.583333333333334,16.136363636363637,16.136363636363637,13.583333333333334,9.0,9.0,9.0,9.0
2024/25,2025-04-19 14:00:00,Brentford FC,Brighton & Hove Albion FC,2.95516,1.24107,14.333333333333334,15.333333333333334,15.333333333333334,14.333333333333334,14.0,10.0,10.0,14.0
2024/25,2025-04-19 14:00:00,Crystal Palace FC,AFC Bournemouth,0.337818,0.664093,16.0625,6.6923076923076925,6.6923076923076925,16.0625,4.0,8.0,8.0,4.0
2024/25,2025-04-19 14:00:00,Everton FC,Manchester City FC,0.81683,1.87989,17.7,10.9375,10.9375,17.7,4.0,11.0,11.0,4.0
2024/25,2025-04-19 14:00:00,West Ham United FC,Southampton FC,0.98423,0.922877,21.181818181818183,14.05,14.05,21.181818181818183,8.0,9.0,9.0,8.0
2024/25,2025-04-19 16:30:00,Aston Villa FC,Newcastle United FC,3.05371,1.27176,11.227272727272727,13.875,13.875,11.227272727272727,10.0,8.0,8.0,10.0
2024/25,2025-04-20 13:00:00,Fulham FC,Chelsea FC,0.306122,0.75172,16.31578947368421,13.0625,13.0625,16.31578947368421,2.0,11.0,11.0,2.0
2024/25,2025-04-20 13:00:00,Ipswich Town FC,Arsenal FC,0.192879,2.81362,19.866666666666667,7.85,7.85,19.866666666666667,2.0,30.0,30.0,2.0
2024/25,2025-04-20 13:00:00,Manchester United FC,Wolverhampton Wanderers FC,1.13966,0.187814,7.896551724137931,9.35483870967742,9.35483870967742,7.896551724137931,9.0,3.0,3.0,9.0
2024/25,2025-04-20 15:30:00,Leicester City FC,Liverpool FC,0.232205,4.52706,14.61111111111111,12.578947368421053,12.578947368421053,14.61111111111111,3.0,17.0,17.0,3.0
2024/25,2025-04-21 19:00:00,Tottenham Hotspur FC,Nottingham Forest FC,2.4024,0.557682,5.476190476190476,12.666666666666666,12.666666666666666,5.476190476190476,5.0,1.0,1.0,5.0
2024/25,2025-04-22 19:00:00,Manchester City FC,Aston Villa FC,1.36232,1.85906,10.555555555555555,17.785714285714285,17.785714285714285,10.555555555555555,3.0,3.0,3.0,3.0
2024/25,2025-04-23 19:00:00,Arsenal FC,Crystal Palace FC,1.92149,2.50515,13.0,30.1875,30.1875,13.0,6.0,7.0,7.0,6.0
2024/25,2025-04-26 11:30:00,Chelsea FC,Everton FC,0.768313,0.916838,10.576923076923077,14.619047619047619,14.619047619047619,10.576923076923077,2.0,0.0,0.0,2.0
2024/25,2025-04-26 14:00:00,Brighton & Hove Albion FC,West Ham United FC,1.29433,1.24134,9.166666666666666,24.0,24.0,9.166666666666666,10.0,10.0,10.0,10.0
2024/25,2025-04-26 14:00:00,Newcastle United FC,Ipswich Town FC,4.11539,0.127203,5.928571428571429,23.7,23.7,5.928571428571429,23.0,1.0,1.0,23.0
2024/25,2025-04-26 14:00:00,Southampton FC,Fulham FC,0.935581,1.9956,16.214285714285715,7.416666666666667,7.416666666666667,16.214285714285715,2.0,8.0,8.0,2.0
2024/25,2025-04-26 14:00:00,Wolverhampton Wanderers FC,Leicester City FC,2.57666,1.04978,19.5,10.783783783783784,10.783783783783784,19.5,11.0,4.0,4.0,11.0
2024/25,2025-04-27 13:00:00,AFC Bournemouth,Manchester United FC,0.60995,1.91039,10.0,7.294117647058823,7.294117647058823,10.0,4.0,15.0,15.0,4.0
2024/25,2025-04-27 15:30:00,Liverpool FC,Tottenham Hotspur FC,2.51104,0.512812,6.0,24.307692307692307,24.307692307692307,6.0,13.0,5.0,5.0,13.0
2024/25,2025-05-01 18:30:00,Nottingham Forest FC,Brentford FC,0.670607,1.52054,12.1875,12.125,12.125,12.1875,8.0,5.0,5.0,8.0
2024/25,2025-05-02 19:00:00,Manchester City FC,Wolverhampton Wanderers FC,0.859463,0.622455,11.952380952380953,15.727272727272727,15.727272727272727,11.952380952380953,11.0,2.0,2.0,11.0
2024/25,2025-05-03 11:30:00,Aston Villa FC,Fulham FC,1.29013,0.702787,19.90909090909091,9.857142857142858,9.857142857142858,19.90909090909091,5.0,7.0,7.0,5.0
2024/25,2025-05-03 14:00:00,Everton FC,Ipswich Town FC,0.808481,1.14351,10.166666666666666,18.0,18.0,10.166666666666666,2.0,2.0,2.0,2.0
2024/25,2025-05-03 14:00:00,Leicester City FC,Southampton FC,1.60739,0.550774,12.478260869565217,16.736842105263158,16.736842105263158,12.478260869565217,2.0,2.0,2.0,2.0
2024/25,2025-05-03 16:30:00,Arsenal FC,AFC Bournemouth,2.05484,1.41783,12.777777777777779,8.75,8.75,12.777777777777779,10.0,3.0,3.0,10.0
2024/25,2025-05-04 13:00:00,West Ham United FC,Tottenham Hotspur FC,1.15166,0.847022,5.114285714285714,10.238095238095237,10.238095238095237,5.114285714285714,6.0,3.0,3.0,6.0
2024/25,2025-05-04 13:00:00,Brighton & Hove Albion FC,Newcastle United FC,0.687863,1.63777,13.777777777777779,9.55,9.55,13.777777777777779,1.0,12.0,12.0,1.0
2024/25,2025-05-04 13:00:00,Brentford FC,Manchester United FC,3.58737,1.13404,10.0,9.041666666666666,9.041666666666666,10.0,4.0,7.0,7.0,4.0
2024/25,2025-05-04 15:30:00,Chelsea FC,Liverpool FC,3.51944,1.4267,20.789473684210527,14.4,14.4,20.789473684210527,9.0,9.0,9.0,9.0
2024/25,2025-05-05 19:00:00,Crystal Palace FC,Nottingham Forest FC,2.34037,0.63684,11.529411764705882,9.0,9.0,11.529411764705882,10.0,5.0,5.0,10.0
2024/25,2025-05-10 14:00:00,Fulham FC,Everton FC,1.20869,1.32604,8.045454545454545,17.41176470588235,17.41176470588235,8.045454545454545,15.0,4.0,4.0,15.0
2024/25,2025-05-10 14:00:00,Ipswich Town FC,Brentford FC,0.717433,1.32077,23.22222222222222,11.142857142857142,11.142857142857142,23.22222222222222,3.0,9.0,9.0,3.0
2024/25,2025-05-10 14:00:00,Southampton FC,Manchester City FC,0.136995,1.58463,17.25,7.363636363636363,7.363636363636363,17.25,3.0,24.0,24.0,3.0
2024/25,2025-05-10 14:00:00,Wolverhampton Wanderers FC,Brighton & Hove Albion FC,0.73395,1.41254,13.2,11.033333333333333,11.033333333333333,13.2,7.0,5.0,5.0,7.0
2024/25,2025-05-10 16:30:00,AFC Bournemouth,Aston Villa FC,1.02272,1.12376,4.5,12.0,12.0,4.5,10.0,1.0,1.0,10.0
2024/25,2025-05-11 11:00:00,Newcastle United FC,Chelsea FC,1.6703,0.646426,14.0625,9.25,9.25,14.0625,17.0,6.0,6.0,17.0
2024/25,2025-05-11 13:15:00,Manchester United FC,West Ham United FC,2.31287,2.15985,15.857142857142858,14.823529411764707,14.823529411764707,15.857142857142858,9.0,2.0,2.0,9.0
2024/25,2025-05-11 13:15:00,Nottingham Forest FC,Leicester City FC,1.76909,1.22949,8.384615384615385,24.7,24.7,8.384615384615385,3.0,5.0,5.0,3.0
2024/25,2025-05-11 13:15:00,Tottenham Hotspur FC,Crystal Palace FC,0.806792,3.98546,9.518518518518519,9.954545454545455,9.954545454545455,9.518518518518519,2.0,10.0,10.0,2.0
2024/25,2025-05-11 15:30:00,Liverpool FC,Arsenal FC,2.74682,2.18795,12.047619047619047,9.772727272727273,9.772727272727273,12.047619047619047,10.0,11.0,11.0,10.0
2024/25,2025-05-16 18:30:00,Aston Villa FC,Tottenham Hotspur FC,1.69061,0.523016,9.5,26.25,26.25,9.5,19.0,2.0,2.0,19.0
2024/25,2025-05-16 19:15:00,Chelsea FC,Manchester United FC,1.29571,0.337632,12.375,8.916666666666666,8.916666666666666,12.375,5.0,5.0,5.0,5.0
2024/25,2025-05-18 11:00:00,Everton FC,Southampton FC,2.67793,1.05025,16.61904761904762,21.285714285714285,21.285714285714285,16.61904761904762,11.0,2.0,2.0,11.0
2024/25,2025-05-18 13:15:00,West Ham United FC,Nottingham Forest FC,0.850457,2.14756,6.7727272727272725,10.961538461538462,10.961538461538462,6.7727272727272725,5.0,9.0,9.0,5.0
2024/25,2025-05-18 14:00:00,Brentford FC,Fulham FC,2.43045,1.61741,11.857142857142858,15.909090909090908,15.909090909090908,11.857142857142858,4.0,6.0,6.0,4.0
2024/25,2025-05-18 14:00:00,Leicester City FC,Ipswich Town FC,0.788544,1.36957,9.321428571428571,12.708333333333334,12.708333333333334,9.321428571428571,6.0,4.0,4.0,6.0
2024/25,2025-05-18 15:30:00,Arsenal FC,Newcastle United FC,1.15958,2.24634,11.11111111111111,9.368421052631579,9.368421052631579,11.11111111111111,3.0,8.0,8.0,3.0
2024/25,2025-05-19 19:00:00,Brighton & Hove Albion FC,Liverpool FC,2.17789,3.065,15.45,13.0,13.0,15.45,20.0,13.0,13.0,20.0
2024/25,2025-05-20 19:00:00,Crystal Palace FC,Wolverhampton Wanderers FC,1.68451,1.42886,17.714285714285715,8.941176470588236,8.941176470588236,17.714285714285715,12.0,9.0,9.0,12.0
2024/25,2025-05-20 19:00:00,Manchester City FC,AFC Bournemouth,1.59779,0.962014,20.818181818181817,22.466666666666665,22.466666666666665,20.818181818181817,8.0,2.0,2.0,8.0
2024/25,2025-05-25 15:00:00,Nottingham Forest FC,Chelsea FC,1.58014,1.30874,11.38888888888889,14.117647058823529,14.117647058823529,11.38888888888889,3.0,1.0,1.0,3.0
2024/25,2025-05-25 15:00:00,Newcastle United FC,Everton FC,1.1591,1.07279,6.25,17.866666666666667,17.866666666666667,6.25,6.0,1.0,1.0,6.0
2024/25,2025-05-25 15:00:00,Manchester United FC,Aston Villa FC,2.96259,0.335222,5.107142857142857,26.90909090909091,26.90909090909091,5.107142857142857,24.0,5.0,5.0,24.0
2024/25,2025-05-25 15:00:00,Liverpool FC,Crystal Palace FC,1.92122,1.4144,6.346153846153846,25.416666666666668,25.416666666666668,6.346153846153846,9.0,3.0,3.0,9.0
2024/25,2025-05-25 15:00:00,Tottenham Hotspur FC,Brighton & Hove Albion FC,1.85265,3.11624,18.0625,6.615384615384615,6.615384615384615,18.0625,3.0,12.0,12.0,3.0
2024/25,2025-05-25 15:00:00,Southampton FC,Arsenal FC,0.598144,2.40711,17.3,7.357142857142857,7.357142857142857,17.3,4.0,11.0,11.0,4.0
2024/25,2025-05-25 15:00:00,Wolverhampton Wanderers FC,Brentford FC,1.10889,1.97196,13.45,7.44,7.44,13.45,7.0,7.0,7.0,7.0
2024/25,2025-05-25 15:00:00,AFC Bournemouth,Leicester City FC,2.72449,0.156702,4.647058823529412,9.28,9.28,4.647058823529412,16.0,3.0,3.0,16.0
2024/25,2025-05-25 15:00:00,Ipswich Town FC,West Ham United FC,0.893095,0.967379,14.607142857142858,8.115384615384615,8.115384615384615,14.607142857142858,6.0,7.0,7.0,6.0
2024/25,2025-05-25 15:00:00,Fulham FC,Manchester City FC,2.21797,2.45923,22.153846153846153,13.545454545454545,13.545454545454545,22.153846153846153,5.0,16.0,16.0,5.0
2025/26,2025-08-15 19:00:00,Liverpool FC,AFC Bournemouth,2.33007,1.57303,8.764705882352942,11.583333333333334,11.583333333333334,8.764705882352942,9.0,8.0,8.0,9.0
2025/26,2025-08-16 11:30:00,Aston Villa FC,Newcastle United FC,0.318601,1.40098,18.916666666666668,6.083333333333333,6.083333333333333,18.916666666666668,2.0,6.0,6.0,2.0
2025/26,2025-08-16 14:00:00,Brighton & Hove Albion FC,Fulham FC,1.44008,0.902883,8.928571428571429,16.22222222222222,16.22222222222222,8.928571428571429,5.0,6.0,6.0,5.0
2025/26,2025-08-16 14:00:00,Sunderland AFC,West Ham United FC,0.724368,0.558948,20.785714285714285,11.0,11.0,20.785714285714285,2.0,8.0,8.0,2.0
2025/26,2025-08-16 14:00:00,Tottenham Hotspur FC,Burnley FC,1.97858,0.734138,6.352941176470588,17.352941176470587,17.352941176470587,6.352941176470588,7.0,6.0,6.0,7.0
2025/26,2025-08-16 16:30:00,Wolverhampton Wanderers FC,Manchester City FC,0.519436,2.29903,12.10344827586207,11.8,11.8,12.10344827586207,4.0,8.0,8.0,4.0
2025/26,2025-08-17 13:00:00,Chelsea FC,Crystal Palace FC,1.36793,1.03414,5.869565217391305,17.63157894736842,17.63157894736842,5.869565217391305,7.0,2.0,2.0,7.0
2025/26,2025-08-17 13:00:00,Nottingham Forest FC,Brentford FC,1.7555,1.32516,11.142857142857142,9.823529411764707,9.823529411764707,11.142857142857142,6.0,3.0,3.0,6.0
2025/26,2025-08-17 15:30:00,Manchester United FC,Arsenal FC,1.37653,1.3304,7.904761904761905,11.26086956521739,11.26086956521739,7.904761904761905,7.0,3.0,3.0,7.0
2025/26,2025-08-18 19:00:00,Leeds United FC,Everton FC,2.3812,0.674338,15.6875,27.5,27.5,15.6875,5.0,2.0,2.0,5.0
2025/26,2025-08-22 19:00:00,West Ham United FC,Chelsea FC,0.978572,3.94997,26.307692307692307,11.947368421052632,11.947368421052632,26.307692307692307,6.0,5.0,5.0,6.0
2025/26,2025-08-23 11:30:00,Manchester City FC,Tottenham Hotspur FC,1.2475,1.28015,10.444444444444445,13.272727272727273,13.272727272727273,10.444444444444445,8.0,4.0,4.0,8.0
2025/26,2025-08-23 14:00:00,Brentford FC,Aston Villa FC,1.12964,0.976852,10.785714285714286,5.411764705882353,5.411764705882353,10.785714285714286,2.0,14.0,14.0,2.0
2025/26,2025-08-23 14:00:00,Burnley FC,Sunderland AFC,1.00381,1.12127,15.428571428571429,20.583333333333332,20.583333333333332,15.428571428571429,4.0,4.0,4.0,4.0
2025/26,2025-08-23 14:00:00,AFC Bournemouth,Wolverhampton Wanderers FC,1.78462,0.373367,5.88,10.428571428571429,10.428571428571429,5.88,6.0,3.0,3.0,6.0
2025/26,2025-08-23 16:30:00,Arsenal FC,Leeds United FC,2.73761,0.156761,7.954545454545454,27.866666666666667,27.866666666666667,7.954545454545454,5.0,1.0,1.0,5.0
2025/26,2025-08-24 13:00:00,Crystal Palace FC,Nottingham Forest FC,1.10188,1.32987,12.782608695652174,10.368421052631579,10.368421052631579,12.782608695652174,6.0,4.0,4.0,6.0
2025/26,2025-08-24 13:00:00,Everton FC,Brighton & Hove Albion FC,1.80116,2.08487,17.705882352941178,8.68421052631579,8.68421052631579,17.705882352941178,5.0,8.0,8.0,5.0
2025/26,2025-08-24 15:30:00,Fulham FC,Manchester United FC,1.65333,1.54603,9.909090909090908,10.88888888888889,10.88888888888889,9.909090909090908,11.0,11.0,11.0,11.0
2025/26,2025-08-25 19:00:00,Newcastle United FC,Liverpool FC,1.96342,0.646559,12.045454545454545,7.571428571428571,7.571428571428571,12.045454545454545,3.0,6.0,6.0,3.0
2025/26,2025-08-30 11:30:00,Chelsea FC,Fulham FC,2.4324,0.736228,9.32,10.851851851851851,10.851851851851851,9.32,4.0,9.0,9.0,4.0
2025/26,2025-08-30 14:00:00,Tottenham Hotspur FC,AFC Bournemouth,0.17067,2.1201,5.2,7.146341463414634,7.146341463414634,5.2,4.0,11.0,11.0,4.0
2025/26,2025-08-30 14:00:00,Wolverhampton Wanderers FC,Everton FC,0.943257,2.03791,5.851851851851852,11.961538461538462,11.961538461538462,5.851851851851852,5.0,11.0,11.0,5.0
2025/26,2025-08-30 14:00:00,Sunderland AFC,Brentford FC,1.57127,1.44604,5.184210526315789,21.545454545454547,21.545454545454547,5.184210526315789,2.0,4.0,4.0,2.0
2025/26,2025-08-30 14:00:00,Manchester United FC,Burnley FC,4.02237,1.32618,15.181818181818182,16.0,16.0,15.181818181818182,8.0,3.0,3.0,8.0
2025/26,2025-08-30 16:30:00,Leeds United FC,Newcastle United FC,0.6773,0.303635,14.863636363636363,11.238095238095237,11.238095238095237,14.863636363636363,5.0,5.0,5.0,5.0
2025/26,2025-08-31 13:00:00,Nottingham Forest FC,West Ham United FC,0.716018,2.236,9.846153846153847,21.46153846153846,21.46153846153846,9.846153846153847,6.0,5.0,5.0,6.0
2025/26,2025-08-31 13:00:00,Brighton & Hove Albion FC,Manchester City FC,2.20864,2.13418,11.814814814814815,11.933333333333334,11.933333333333334,11.814814814814815,4.0,9.0,9.0,4.0
2025/26,2025-08-31 15:30:00,Liverpool FC,Arsenal FC,0.481404,0.485679,15.066666666666666,12.869565217391305,12.869565217391305,15.066666666666666,4.0,5.0,5.0,4.0
2025/26,2025-08-31 18:00:00,Aston Villa FC,Crystal Palace FC,1.20586,2.59713,10.571428571428571,19.2,19.2,10.571428571428571,6.0,5.0,5.0,6.0
2025/26,2025-09-13 11:30:00,Arsenal FC,Nottingham Forest FC,2.8817,0.293681,10.95,14.55,14.55,10.95,10.0,1.0,1.0,10.0
2025/26,2025-09-13 14:00:00,Newcastle United FC,Wolverhampton Wanderers FC,1.19186,0.375942,10.5625,9.041666666666666,9.041666666666666,10.5625,12.0,3.0,3.0,12.0
2025/26,2025-09-13 14:00:00,AFC Bournemouth,Brighton & Hove Albion FC,1.44187,0.624923,10.833333333333334,8.695652173913043,8.695652173913043,10.833333333333334,5.0,3.0,3.0,5.0
2025/26,2025-09-13 14:00:00,Crystal Palace FC,Sunderland AFC,1.75805,0.354129,13.555555555555555,17.77777777777778,17.77777777777778,13.555555555555555,8.0,4.0,4.0,8.0
2025/26,2025-09-13 14:00:00,Everton FC,Aston Villa FC,1.8927,0.354327,7.074074074074074,8.368421052631579,8.368421052631579,7.074074074074074,10.0,3.0,3.0,10.0
2025/26,2025-09-13 14:00:00,Fulham FC,Leeds United FC,1.13979,0.830398,9.478260869565217,13.444444444444445,13.444444444444445,9.478260869565217,4.0,5.0,5.0,4.0
2025/26,2025-09-13 16:30:00,West Ham United FC,Tottenham Hotspur FC,0.793248,1.51402,17.555555555555557,10.857142857142858,10.857142857142858,17.555555555555557,2.0,8.0,8.0,2.0
2025/26,2025-09-13 19:00:00,Brentford FC,Chelsea FC,1.17533,0.755999,20.1875,5.206896551724138,5.206896551724138,20.1875,8.0,12.0,12.0,8.0
2025/26,2025-09-14 13:00:00,Burnley FC,Liverpool FC,0.168041,2.79492,11.090909090909092,4.142857142857143,4.142857142857143,11.090909090909092,0.0,17.0,17.0,0.0
2025/26,2025-09-14 15:30:00,Manchester City FC,Manchester United FC,1.99725,1.51915,19.214285714285715,9.23076923076923,9.23076923076923,19.214285714285715,8.0,8.0,8.0,8.0
2025/26,2025-09-20 11:30:00,Liverpool FC,Everton FC,1.06166,0.721371,5.884615384615385,11.304347826086957,11.304347826086957,5.884615384615385,12.0,9.0,9.0,12.0
2025/26,2025-09-20 14:00:00,West Ham United FC,Crystal Palace FC,0.466365,2.33565,8.565217391304348,23.818181818181817,23.818181818181817,8.565217391304348,5.0,7.0,7.0,5.0
2025/26,2025-09-20 14:00:00,Wolverhampton Wanderers FC,Leeds United FC,1.5661,0.456988,10.96,13.19047619047619,13.19047619047619,10.96,10.0,7.0,7.0,10.0
2025/26,2025-09-20 14:00:00,Brighton & Hove Albion FC,Tottenham Hotspur FC,1.40466,1.19181,11.48,4.84375,4.84375,11.48,4.0,14.0,14.0,4.0
2025/26,2025-09-20 14:00:00,Burnley FC,Nottingham Forest FC,1.14159,0.830779,18.88888888888889,9.095238095238095,9.095238095238095,18.88888888888889,4.0,10.0,10.0,4.0
2025/26,2025-09-20 16:30:00,Manchester United FC,Chelsea FC,1.34458,0.469843,12.961538461538462,13.142857142857142,13.142857142857142,12.961538461538462,4.0,5.0,5.0,4.0
2025/26,2025-09-20 19:00:00,Fulham FC,Brentford FC,1.52431,0.826556,19.846153846153847,13.476190476190476,13.476190476190476,19.846153846153847,5.0,3.0,3.0,5.0
2025/26,2025-09-21 13:00:00,AFC Bournemouth,Newcastle United FC,0.55066,0.153629,8.363636363636363,16.41176470588235,16.41176470588235,8.363636363636363,4.0,6.0,6.0,4.0
2025/26,2025-09-21 13:00:00,Sunderland AFC,Aston Villa FC,0.938312,0.939354,9.869565217391305,7.0,7.0,9.869565217391305,4.0,16.0,16.0,4.0
2025/26,2025-09-21 15:30:00,Arsenal FC,Manchester City FC,0.718575,1.1227,6.818181818181818,17.0,17.0,6.818181818181818,10.0,3.0,3.0,10.0
2025/26,2025-09-27 11:30:00,Brentford FC,Manchester United FC,2.78726,2.23609,11.72,12.125,12.125,11.72,6.0,1.0,1.0,6.0
2025/26,2025-09-27 14:00:00,Chelsea FC,Brighton & Hove Albion FC,2.02653,2.4751,8.526315789473685,9.172413793103448,9.172413793103448,8.526315789473685,4.0,8.0,8.0,4.0
2025/26,2025-09-27 14:00:00,Crystal Palace FC,Liverpool FC,3.53323,3.10176,24.375,8.571428571428571,8.571428571428571,24.375,12.0,5.0,5.0,12.0
2025/26,2025-09-27 14:00:00,Leeds United FC,AFC Bournemouth,2.04728,1.06033,10.076923076923077,8.4,8.4,10.076923076923077,3.0,9.0,9.0,3.0
2025/26,2025-09-27 14:00:00,Manchester City FC,Burnley FC,3.22133,0.509491,16.0,17.1875,17.1875,16.0,15.0,4.0,4.0,15.0
2025/26,2025-09-27 16:30:00,Nottingham Forest FC,Sunderland AFC,1.4203,1.94154,9.3,29.5,29.5,9.3,6.0,3.0,3.0,6.0
2025/26,2025-09-27 19:00:00,Tottenham Hotspur FC,Wolverhampton Wanderers FC,0.818711,1.15951,16.928571428571427,9.5,9.5,16.928571428571427,5.0,4.0,4.0,5.0
2025/26,2025-09-28 13:00:00,Aston Villa FC,Fulham FC,1.36575,0.952612,17.357142857142858,13.833333333333334,13.833333333333334,17.357142857142858,6.0,4.0,4.0,6.0
2025/26,2025-09-28 15:30:00,Newcastle United FC,Arsenal FC,0.739851,2.07048,16.466666666666665,7.25,7.25,16.466666666666665,4.0,13.0,13.0,4.0
2025/26,2025-09-29 19:00:00,Everton FC,West Ham United FC,0.909703,0.775766,12.764705882352942,13.5,13.5,12.764705882352942,12.0,7.0,7.0,12.0
2025/26,2025-10-03 19:00:00,AFC Bournemouth,Fulham FC,1.33458,0.84335,13.823529411764707,19.142857142857142,19.142857142857142,13.823529411764707,13.0,10.0,10.0,13.0
2025/26,2025-10-04 11:30:00,Leeds United FC,Tottenham Hotspur FC,1.48051,0.688198,10.833333333333334,15.0,15.0,10.833333333333334,6.0,4.0,4.0,6.0
2025/26,2025-10-04 14:00:00,Arsenal FC,West Ham United FC,3.0585,0.864549,4.212121212121212,25.076923076923077,25.076923076923077,4.212121212121212,17.0,3.0,3.0,17.0
2025/26,2025-10-04 14:00:00,Manchester United FC,Sunderland AFC,1.9298,0.807119,10.173913043478262,9.76,9.76,10.173913043478262,7.0,3.0,3.0,7.0
2025/26,2025-10-04 16:30:00,Chelsea FC,Liverpool FC,1.23721,2.05981,13.3,17.125,17.125,13.3,6.0,9.0,9.0,6.0
2025/26,2025-10-05 13:00:00,Aston Villa FC,Burnley FC,1.73572,0.502292,12.722222222222221,7.809523809523809,7.809523809523809,12.722222222222221,8.0,1.0,1.0,8.0
2025/26,2025-10-05 13:00:00,Everton FC,Crystal Palace FC,2.13876,2.17789,9.275862068965518,6.805555555555555,6.805555555555555,9.275862068965518,5.0,6.0,6.0,5.0
2025/26,2025-10-05 13:00:00,Newcastle United FC,Nottingham Forest FC,3.81662,0.337689,8.0,11.047619047619047,11.047619047619047,8.0,13.0,4.0,4.0,13.0
2025/26,2025-10-05 13:00:00,Wolverhampton Wanderers FC,Brighton & Hove Albion FC,0.369404,1.39158,13.571428571428571,9.818181818181818,9.818181818181818,13.571428571428571,2.0,2.0,2.0,2.0
2025/26,2025-10-05 15:30:00,Brentford FC,Manchester City FC,0.693758,1.09647,13.3,13.5,13.5,13.3,2.0,9.0,9.0,2.0
2025/26,2025-10-18 11:30:00,Nottingham Forest FC,Chelsea FC,2.0555,2.5583,14.842105263157896,8.482758620689655,8.482758620689655,14.842105263157896,9.0,6.0,6.0,9.0
2025/26,2025-10-18 14:00:00,Brighton & Hove Albion FC,Newcastle United FC,0.857104,1.28313,13.409090909090908,9.64,9.64,13.409090909090908,8.0,9.0,9.0,8.0
2025/26,2025-10-18 14:00:00,Burnley FC,Leeds United FC,0.509647,2.33152,15.80952380952381,7.809523809523809,7.809523809523809,15.80952380952381,2.0,8.0,8.0,2.0
2025/26,2025-10-18 14:00:00,Crystal Palace FC,AFC Bournemouth,4.56284,2.0471,7.84,8.11111111111111,8.11111111111111,7.84,14.0,6.0,6.0,14.0
2025/26,2025-10-18 14:00:00,Manchester City FC,Everton FC,2.4799,0.794622,8.722222222222221,16.692307692307693,16.692307692307693,8.722222222222221,15.0,4.0,4.0,15.0
2025/26,2025-10-18 14:00:00,Sunderland AFC,Wolverhampton Wanderers FC,1.02481,0.676323,36.42857142857143,5.233333333333333,5.233333333333333,36.42857142857143,6.0,11.0,11.0,6.0
2025/26,2025-10-18 16:30:00,Fulham FC,Arsenal FC,0.502332,2.07823,18.1875,30.0,30.0,18.1875,3.0,14.0,14.0,3.0
2025/26,2025-10-19 13:00:00,Tottenham Hotspur FC,Aston Villa FC,1.51461,0.352231,7.592592592592593,12.88888888888889,12.88888888888889,7.592592592592593,5.0,2.0,2.0,5.0
2025/26,2025-10-19 15:30:00,Liverpool FC,Manchester United FC,2.60972,2.53117,7.625,17.428571428571427,17.428571428571427,7.625,10.0,6.0,6.0,10.0
2025/26,2025-10-20 19:00:00,West Ham United FC,Brentford FC,0.260251,3.46635,14.777777777777779,12.466666666666667,12.466666666666667,14.777777777777779,4.0,11.0,11.0,4.0
2025/26,2025-10-24 19:00:00,Leeds United FC,West Ham United FC,2.2214,0.498653,10.814814814814815,9.576923076923077,9.576923076923077,10.814814814814815,1.0,4.0,4.0,1.0
2025/26,2025-10-25 14:00:00,Chelsea FC,Sunderland AFC,1.21332,1.5506,9.333333333333334,21.647058823529413,21.647058823529413,9.333333333333334,11.0,6.0,6.0,11.0
2025/26,2025-10-25 14:00:00,Newcastle United FC,Fulham FC,2.76806,1.52001,9.035714285714286,9.551724137931034,9.551724137931034,9.035714285714286,7.0,3.0,3.0,7.0
2025/26,2025-10-25 16:30:00,Manchester United FC,Brighton & Hove Albion FC,1.96231,0.947154,13.964285714285714,6.333333333333333,6.333333333333333,13.964285714285714,9.0,5.0,5.0,9.0
2025/26,2025-10-25 19:00:00,Brentford FC,Liverpool FC,3.27126,2.11838,14.0,6.2,6.2,14.0,5.0,10.0,10.0,5.0
2025/26,2025-10-26 13:00:00,AFC Bournemouth,Nottingham Forest FC,0.656601,0.305493,8.04,11.75,11.75,8.04,7.0,4.0,4.0,7.0
2025/26,2025-10-26 13:00:00,Arsenal FC,Crystal Palace FC,0.856175,0.350534,12.411764705882353,28.272727272727273,28.272727272727273,12.411764705882353,5.0,1.0,1.0,5.0
2025/26,2025-10-26 13:00:00,Aston Villa FC,Manchester City FC,0.843906,1.36914,22.363636363636363,10.25,10.25,22.363636363636363,8.0,11.0,11.0,8.0
2025/26,2025-10-26 13:00:00,Wolverhampton Wanderers FC,Burnley FC,2.58132,1.54544,8.875,14.555555555555555,14.555555555555555,8.875,10.0,5.0,5.0,10.0
2025/26,2025-10-26 15:30:00,Everton FC,Tottenham Hotspur FC,1.4032,2.09327,13.421052631578947,17.0,17.0,13.421052631578947,6.0,3.0,3.0,6.0
2025/26,2025-11-01 15:00:00,Brighton & Hove Albion FC,Leeds United FC,2.64127,0.35919,14.80952380952381,22.6,22.6,14.80952380952381,7.0,2.0,2.0,7.0
2025/26,2025-11-01 15:00:00,Burnley FC,Arsenal FC,0.679177,2.51649,15.55,12.157894736842104,12.157894736842104,15.55,3.0,9.0,9.0,3.0
2025/26,2025-11-01 15:00:00,Crystal Palace FC,Brentford FC,0.734558,0.820498,19.375,5.818181818181818,5.818181818181818,19.375,5.0,8.0,8.0,5.0
2025/26,2025-11-01 15:00:00,Fulham FC,Wolverhampton Wanderers FC,1.91207,0.209934,12.833333333333334,21.3125,21.3125,12.833333333333334,11.0,4.0,4.0,11.0
2025/26,2025-11-01 15:00:00,Nottingham Forest FC,Manchester United FC,1.55066,0.91622,13.695652173913043,9.470588235294118,9.470588235294118,13.695652173913043,7.0,5.0,5.0,7.0
2025/26,2025-11-01 17:30:00,Tottenham Hotspur FC,Chelsea FC,0.146954,3.34251,8.56,7.0,7.0,8.56,4.0,13.0,13.0,4.0
2025/26,2025-11-01 20:00:00,Liverpool FC,Aston Villa FC,1.47021,0.43502,10.95,16.0625,16.0625,10.95,12.0,6.0,6.0,12.0
2025/26,2025-11-02 14:00:00,West Ham United FC,Newcastle United FC,1.41383,0.523615,23.583333333333332,8.882352941176471,8.882352941176471,23.583333333333332,3.0,7.0,7.0,3.0
2025/26,2025-11-02 16:30:00,Manchester City FC,AFC Bournemouth,2.48999,0.899846,20.1875,11.217391304347826,11.217391304347826,20.1875,8.0,4.0,4.0,8.0
2025/26,2025-11-03 20:00:00,Sunderland AFC,Everton FC,1.18068,1.00741,8.238095238095237,23.153846153846153,23.153846153846153,8.238095238095237,7.0,5.0,5.0,7.0
2025/26,2025-11-08 12:30:00,Tottenham Hotspur FC,Manchester United FC,1.35532,0.820256,7.724137931034483,13.31578947368421,13.31578947368421,7.724137931034483,5.0,3.0,3.0,5.0
2025/26,2025-11-08 15:00:00,Everton FC,Fulham FC,2.30607,0.424478,15.176470588235293,9.9,9.9,15.176470588235293,5.0,7.0,7.0,5.0
2025/26,2025-11-08 15:00:00,West Ham United FC,Burnley FC,2.96728,1.87478,15.45,10.526315789473685,10.526315789473685,15.45,4.0,7.0,7.0,4.0
2025/26,2025-11-08 17:30:00,Sunderland AFC,Arsenal FC,1.20495,2.32943,13.466666666666667,9.4375,9.4375,13.466666666666667,7.0,11.0,11.0,7.0
2025/26,2025-11-08 20:00:00,Chelsea FC,Wolverhampton Wanderers FC,3.98342,0.111462,10.421052631578947,20.4,20.4,10.421052631578947,13.0,1.0,1.0,13.0
2025/26,2025-11-09 14:00:00,Aston Villa FC,AFC Bournemouth,1.88282,2.00992,5.793103448275862,6.814814814814815,6.814814814814815,5.793103448275862,10.0,6.0,6.0,10.0
2025/26,2025-11-09 14:00:00,Brentford FC,Newcastle United FC,2.73729,0.432277,12.0,11.105263157894736,11.105263157894736,12.0,7.0,2.0,2.0,7.0
2025/26,2025-11-09 14:00:00,Crystal Palace FC,Brighton & Hove Albion FC,0.839547,0.637037,11.76923076923077,10.0,10.0,11.76923076923077,10.0,7.0,7.0,10.0
2025/26,2025-11-09 14:00:00,Nottingham Forest FC,Leeds United FC,2.49097,0.419461,15.166666666666666,9.35,9.35,15.166666666666666,4.0,3.0,3.0,4.0
2025/26,2025-11-09 16:30:00,Manchester City FC,Liverpool FC,1.59542,1.0281,11.818181818181818,11.0,11.0,11.818181818181818,7.0,7.0,7.0,7.0
2025/26,2025-11-22 12:30:00,Burnley FC,Chelsea FC,0.660943,1.72093,14.115384615384615,13.157894736842104,13.157894736842104,14.115384615384615,6.0,11.0,11.0,6.0
2025/26,2025-11-22 15:00:00,AFC Bournemouth,West Ham United FC,3.48299,0.390782,2.303030303030303,21.727272727272727,21.727272727272727,2.303030303030303,9.0,3.0,3.0,9.0
2025/26,2025-11-22 15:00:00,Brighton & Hove Albion FC,Brentford FC,0.977488,2.19979,7.48,17.4,17.4,7.48,10.0,7.0,7.0,10.0
2025/26,2025-11-22 15:00:00,Fulham FC,Sunderland AFC,2.83729,0.222768,14.133333333333333,13.095238095238095,13.095238095238095,14.133333333333333,17.0,2.0,2.0,17.0
2025/26,2025-11-22 15:00:00,Liverpool FC,Nottingham Forest FC,1.79273,1.19459,4.681818181818182,23.153846153846153,23.153846153846153,4.681818181818182,11.0,6.0,6.0,11.0
2025/26,2025-11-22 15:00:00,Wolverhampton Wanderers FC,Crystal Palace FC,1.66409,1.44933,10.695652173913043,10.04,10.04,10.695652173913043,10.0,11.0,11.0,10.0
2025/26,2025-11-22 17:30:00,Newcastle United FC,Manchester City FC,2.40555,2.45648,11.681818181818182,7.722222222222222,7.722222222222222,11.681818181818182,4.0,16.0,16.0,4.0
2025/26,2025-11-23 14:00:00,Leeds United FC,Aston Villa FC,1.84668,1.35978,7.333333333333333,11.944444444444445,11.944444444444445,7.333333333333333,5.0,5.0,5.0,5.0
2025/26,2025-11-23 16:30:00,Arsenal FC,Tottenham Hotspur FC,2.27827,0.0300672,6.294117647058823,13.444444444444445,13.444444444444445,6.294117647058823,13.0,2.0,2.0,13.0
2025/26,2025-11-24 20:00:00,Manchester United FC,Everton FC,2.2737,0.155063,4.7727272727272725,28.666666666666668,28.666666666666668,4.7727272727272725,15.0,2.0,2.0,15.0
2025/26,2025-11-29 15:00:00,Brentford FC,Burnley FC,3.72106,0.874025,14.642857142857142,11.894736842105264,11.894736842105264,14.642857142857142,5.0,1.0,1.0,5.0
2025/26,2025-11-29 15:00:00,Manchester City FC,Leeds United FC,2.85292,1.75142,12.294117647058824,8.366666666666667,8.366666666666667,12.294117647058824,12.0,4.0,4.0,12.0
2025/26,2025-11-29 15:00:00,Sunderland AFC,AFC Bournemouth,1.16955,1.79274,9.9,7.722222222222222,7.722222222222222,9.9,9.0,9.0,9.0,9.0
2025/26,2025-11-29 17:30:00,Everton FC,Newcastle United FC,1.01125,2.45882,14.91304347826087,21.666666666666668,21.666666666666668,14.91304347826087,13.0,8.0,8.0,13.0
2025/26,2025-11-29 20:00:00,Tottenham Hotspur FC,Fulham FC,1.04396,0.494736,6.689655172413793,12.565217391304348,12.565217391304348,6.689655172413793,3.0,5.0,5.0,3.0
2025/26,2025-11-30 12:00:00,Crystal Palace FC,Manchester United FC,2.13561,1.47768,12.68421052631579,8.947368421052632,8.947368421052632,12.68421052631579,4.0,1.0,1.0,4.0
2025/26,2025-11-30 14:05:00,Aston Villa FC,Wolverhampton Wanderers FC,1.15486,0.692588,9.75,10.238095238095237,10.238095238095237,9.75,5.0,3.0,3.0,5.0
2025/26,2025-11-30 14:05:00,Nottingham Forest FC,Brighton & Hove Albion FC,0.960325,2.0572,13.173913043478262,9.88,9.88,13.173913043478262,11.0,8.0,8.0,11.0
2025/26,2025-11-30 14:05:00,West Ham United FC,Liverpool FC,0.364152,1.56793,13.826086956521738,8.478260869565217,8.478260869565217,13.826086956521738,4.0,9.0,9.0,4.0
2025/26,2025-11-30 16:30:00,Chelsea FC,Arsenal FC,0.791914,1.22828,11.55,7.75,7.75,11.55,2.0,7.0,7.0,2.0
2025/26,2025-12-02 19:30:00,AFC Bournemouth,Everton FC,0.635415,1.19573,11.285714285714286,11.708333333333334,11.708333333333334,11.285714285714286,7.0,5.0,5.0,7.0
2025/26,2025-12-02 19:30:00,Fulham FC,Manchester City FC,0.972635,1.96225,10.038461538461538,17.636363636363637,17.636363636363637,10.038461538461538,6.0,5.0,5.0,6.0
2025/26,2025-12-02 20:15:00,Newcastle United FC,Tottenham Hotspur FC,1.88558,1.05205,7.76,12.95,12.95,7.76,5.0,4.0,4.0,5.0
2025/26,2025-12-03 19:30:00,Arsenal FC,Brentford FC,2.63126,0.588716,6.925925925925926,15.61111111111111,15.61111111111111,6.925925925925926,4.0,3.0,3.0,4.0
2025/26,2025-12-03 19:30:00,Brighton & Hove Albion FC,Aston Villa FC,1.96298,3.15745,6.0,14.421052631578947,14.421052631578947,6.0,5.0,11.0,11.0,5.0
2025/26,2025-12-03 19:30:00,Burnley FC,Crystal Palace FC,1.16852,0.987797,9.76,24.785714285714285,24.785714285714285,9.76,9.0,4.0,4.0,9.0
2025/26,2025-12-03 19:30:00,Wolverhampton Wanderers FC,Nottingham Forest FC,1.02461,1.12389,9.173913043478262,13.421052631578947,13.421052631578947,9.173913043478262,2.0,7.0,7.0,2.0
2025/26,2025-12-03 20:15:00,Leeds United FC,Chelsea FC,2.2047,0.964018,23.88888888888889,5.714285714285714,5.714285714285714,23.88888888888889,3.0,8.0,8.0,3.0
2025/26,2025-12-03 20:15:00,Liverpool FC,Sunderland AFC,1.37633,0.712662,9.470588235294118,19.333333333333332,19.333333333333332,9.470588235294118,5.0,3.0,3.0,5.0
2025/26,2025-12-04 20:00:00,Manchester United FC,West Ham United FC,2.27674,1.36584,5.4,10.333333333333334,10.333333333333334,5.4,7.0,8.0,8.0,7.0
2025/26,2025-12-06 12:30:00,Aston Villa FC,Arsenal FC,2.71986,1.85965,13.470588235294118,9.636363636363637,9.636363636363637,13.470588235294118,11.0,9.0,9.0,11.0
2025/26,2025-12-06 15:00:00,AFC Bournemouth,Chelsea FC,1.41931,0.672602,11.076923076923077,8.15,8.15,11.076923076923077,6.0,4.0,4.0,6.0
2025/26,2025-12-06 15:00:00,Everton FC,Nottingham Forest FC,1.25348,0.31234,8.448275862068966,5.8076923076923075,5.8076923076923075,8.448275862068966,9.0,1.0,1.0,9.0
2025/26,2025-12-06 15:00:00,Manchester City FC,Sunderland AFC,2.41605,0.626486,16.785714285714285,13.19047619047619,13.19047619047619,16.785714285714285,7.0,1.0,1.0,7.0
2025/26,2025-12-06 15:00:00,Newcastle United FC,Burnley FC,1.80708,1.58375,7.166666666666667,22.846153846153847,22.846153846153847,7.166666666666667,13.0,2.0,2.0,13.0
2025/26,2025-12-06 15:00:00,Tottenham Hotspur FC,Brentford FC,2.42388,0.470563,8.458333333333334,11.166666666666666,11.166666666666666,8.458333333333334,8.0,8.0,8.0,8.0
2025/26,2025-12-06 17:30:00,Leeds United FC,Liverpool FC,1.79333,2.04805,15.0625,10.136363636363637,10.136363636363637,15.0625,4.0,5.0,5.0,4.0
2025/26,2025-12-07 14:00:00,Brighton & Hove Albion FC,West Ham United FC,2.10077,1.7064,6.045454545454546,17.733333333333334,17.733333333333334,6.045454545454546,8.0,3.0,3.0,8.0
2025/26,2025-12-07 16:30:00,Fulham FC,Crystal Palace FC,0.766771,1.71109,12.157894736842104,21.157894736842106,21.157894736842106,12.157894736842104,5.0,3.0,3.0,5.0
2025/26,2025-12-08 20:00:00,Wolverhampton Wanderers FC,Manchester United FC,0.262147,4.04708,8.054054054054054,4.583333333333333,4.583333333333333,8.054054054054054,6.0,10.0,10.0,6.0
2025/26,2025-12-13 15:00:00,Chelsea FC,Everton FC,2.64457,1.34,8.173913043478262,15.2,15.2,8.173913043478262,6.0,4.0,4.0,6.0
2025/26,2025-12-13 15:00:00,Liverpool FC,Brighton & Hove Albion FC,2.4127,1.69004,18.3125,9.866666666666667,9.866666666666667,18.3125,12.0,8.0,8.0,12.0
2025/26,2025-12-13 17:30:00,Burnley FC,Fulham FC,2.05486,1.65053,13.565217391304348,23.833333333333332,23.833333333333332,13.565217391304348,8.0,7.0,7.0,8.0
2025/26,2025-12-13 20:00:00,Arsenal FC,Wolverhampton Wanderers FC,1.61796,0.61997,9.416666666666666,15.2,15.2,9.416666666666666,12.0,3.0,3.0,12.0
2025/26,2025-12-14 14:00:00,Crystal Palace FC,Manchester City FC,1.30092,1.35317,13.37037037037037,13.0,13.0,13.37037037037037,8.0,3.0,3.0,8.0
2025/26,2025-12-14 14:00:00,Nottingham Forest FC,Tottenham Hotspur FC,2.32658,0.380246,8.36,7.884615384615385,7.884615384615385,8.36,1.0,4.0,4.0,1.0
2025/26,2025-12-14 14:00:00,Sunderland AFC,Newcastle United FC,0.630045,0.169329,11.652173913043478,10.4375,10.4375,11.652173913043478,5.0,4.0,4.0,5.0
2025/26,2025-12-14 14:00:00,West Ham United FC,Aston Villa FC,1.27701,0.595093,12.428571428571429,10.857142857142858,10.857142857142858,12.428571428571429,0.0,3.0,3.0,0.0
2025/26,2025-12-14 16:30:00,Brentford FC,Leeds United FC,0.697006,1.63409,8.65,18.3125,18.3125,8.65,6.0,9.0,9.0,6.0
2025/26,2025-12-15 20:00:00,Manchester United FC,AFC Bournemouth,3.21204,2.35196,6.055555555555555,13.538461538461538,13.538461538461538,6.055555555555555,18.0,12.0,12.0,18.0
2025/26,2025-12-20 12:30:00,Newcastle United FC,Chelsea FC,2.87863,1.0261,8.296296296296296,9.15,9.15,8.296296296296296,7.0,7.0,7.0,7.0
2025/26,2025-12-20 15:00:00,AFC Bournemouth,Burnley FC,1.81847,0.480528,5.5,10.590909090909092,10.590909090909092,5.5,12.0,3.0,3.0,12.0
2025/26,2025-12-20 15:00:00,Brighton & Hove Albion FC,Sunderland AFC,0.919272,1.31044,9.882352941176471,8.52,8.52,9.882352941176471,10.0,8.0,8.0,10.0
2025/26,2025-12-20 15:00:00,Manchester City FC,West Ham United FC,3.58188,1.02143,7.757575757575758,19.09090909090909,19.09090909090909,7.757575757575758,14.0,2.0,2.0,14.0
2025/26,2025-12-20 15:00:00,Wolverhampton Wanderers FC,Brentford FC,1.26823,1.56309,13.318181818181818,6.233333333333333,6.233333333333333,13.318181818181818,6.0,9.0,9.0,6.0
2025/26,2025-12-20 17:30:00,Tottenham Hotspur FC,Liverpool FC,1.34905,1.23164,17.8125,12.23076923076923,12.23076923076923,17.8125,2.0,10.0,10.0,2.0
2025/26,2025-12-20 20:00:00,Everton FC,Arsenal FC,0.213273,1.84723,24.11764705882353,13.857142857142858,13.857142857142858,24.11764705882353,0.0,13.0,13.0,0.0
2025/26,2025-12-20 20:00:00,Leeds United FC,Crystal Palace FC,2.90786,1.53058,10.473684210526315,8.758620689655173,8.758620689655173,10.473684210526315,7.0,5.0,5.0,7.0
2025/26,2025-12-21 16:30:00,Aston Villa FC,Manchester United FC,1.86917,1.30455,11.521739130434783,5.7894736842105265,5.7894736842105265,11.521739130434783,1.0,8.0,8.0,1.0
2025/26,2025-12-22 20:00:00,Fulham FC,Nottingham Forest FC,1.70568,0.486296,23.583333333333332,16.0,16.0,23.583333333333332,5.0,7.0,7.0,5.0
2025/26,2025-12-26 20:00:00,Manchester United FC,Newcastle United FC,0.940811,1.12998,16.5,7.708333333333333,7.708333333333333,16.5,1.0,9.0,9.0,1.0
2025/26,2025-12-27 12:30:00,Nottingham Forest FC,Manchester City FC,0.600141,1.46468,18.6875,6.476190476190476,6.476190476190476,18.6875,4.0,11.0,11.0,4.0
2025/26,2025-12-27 15:00:00,Arsenal FC,Brighton & Hove Albion FC,2.54318,0.710064,13.882352941176471,10.826086956521738,10.826086956521738,13.882352941176471,8.0,6.0,6.0,8.0
2025/26,2025-12-27 15:00:00,Brentford FC,AFC Bournemouth,2.8513,2.56183,8.3,6.866666666666666,6.866666666666666,8.3,9.0,5.0,5.0,9.0
2025/26,2025-12-27 15:00:00,Burnley FC,Everton FC,1.24948,1.25204,8.428571428571429,11.619047619047619,11.619047619047619,8.428571428571429,4.0,6.0,6.0,4.0
2025/26,2025-12-27 15:00:00,Liverpool FC,Wolverhampton Wanderers FC,1.56502,0.780664,7.434782608695652,13.409090909090908,13.409090909090908,7.434782608695652,12.0,2.0,2.0,12.0
2025/26,2025-12-27 15:00:00,West Ham United FC,Fulham FC,1.13719,1.11436,12.35,10.0,10.0,12.35,11.0,5.0,5.0,11.0
2025/26,2025-12-27 17:30:00,Chelsea FC,Aston Villa FC,1.97155,2.05918,4.794871794871795,40.57142857142857,40.57142857142857,4.794871794871795,11.0,6.0,6.0,11.0
2025/26,2025-12-28 14:00:00,Sunderland AFC,Leeds United FC,0.805957,2.60653,20.333333333333332,9.863636363636363,9.863636363636363,20.333333333333332,5.0,16.0,16.0,5.0
2025/26,2025-12-28 16:30:00,Crystal Palace FC,Tottenham Hotspur FC,0.929681,0.870768,7.260869565217392,33.111111111111114,33.111111111111114,7.260869565217392,16.0,6.0,6.0,16.0
2025/26,2025-12-30 19:30:00,Burnley FC,Newcastle United FC,1.32551,2.49248,12.26086956521739,11.5,11.5,12.26086956521739,11.0,7.0,7.0,11.0
2025/26,2025-12-30 19:30:00,Chelsea FC,AFC Bournemouth,2.33294,3.49142,4.958333333333333,15.8125,15.8125,4.958333333333333,10.0,8.0,8.0,10.0
2025/26,2025-12-30 19:30:00,Nottingham Forest FC,Everton FC,1.75445,1.69525,5.555555555555555,13.434782608695652,13.434782608695652,5.555555555555555,16.0,4.0,4.0,16.0
2025/26,2025-12-30 19:30:00,West Ham United FC,Brighton & Hove Albion FC,2.27644,3.08914,14.523809523809524,6.846153846153846,6.846153846153846,14.523809523809524,5.0,5.0,5.0,5.0
2025/26,2025-12-30 20:15:00,Arsenal FC,Aston Villa FC,4.41335,2.94195,8.451612903225806,21.375,21.375,8.451612903225806,8.0,4.0,4.0,8.0
2025/26,2025-12-30 20:15:00,Manchester United FC,Wolverhampton Wanderers FC,1.13306,1.21784,7.666666666666667,17.41176470588235,17.41176470588235,7.666666666666667,6.0,7.0,7.0,6.0
2025/26,2026-01-01 17:30:00,Crystal Palace FC,Fulham FC,2.35346,1.75434,25.76923076923077,8.12,8.12,25.76923076923077,10.0,9.0,9.0,10.0
2025/26,2026-01-01 17:30:00,Liverpool FC,Leeds United FC,1.67833,0.15936,6.521739130434782,17.5,17.5,6.521739130434782,10.0,1.0,1.0,10.0
2025/26,2026-01-01 20:00:00,Brentford FC,Tottenham Hotspur FC,0.556304,0.608309,7.607142857142857,18.9375,18.9375,7.607142857142857,3.0,7.0,7.0,3.0
2025/26,2026-01-01 20:00:00,Sunderland AFC,Manchester City FC,0.962141,2.44247,8.54054054054054,5.6923076923076925,5.6923076923076925,8.54054054054054,5.0,17.0,17.0,5.0
2025/26,2026-01-03 12:30:00,Aston Villa FC,Nottingham Forest FC,1.42988,0.8982,4.03030303030303,14.608695652173912,14.608695652173912,4.03030303030303,20.0,3.0,3.0,20.0
2025/26,2026-01-03 15:00:00,Wolverhampton Wanderers FC,West Ham United FC,2.23925,0.235678,28.0,5.21875,5.21875,28.0,2.0,6.0,6.0,2.0
2025/26,2026-01-03 15:00:00,Brighton & Hove Albion FC,Burnley FC,1.4717,0.254551,12.263157894736842,14.206896551724139,14.206896551724139,12.263157894736842,6.0,1.0,1.0,6.0
2025/26,2026-01-03 17:30:00,AFC Bournemouth,Arsenal FC,0.947846,1.28,15.625,7.954545454545454,7.954545454545454,15.625,4.0,9.0,9.0,4.0
2025/26,2026-01-04 12:30:00,Leeds United FC,Manchester United FC,0.970138,1.94781,8.82857142857143,10.5,10.5,8.82857142857143,11.0,8.0,8.0,11.0
2025/26,2026-01-04 15:00:00,Newcastle United FC,Crystal Palace FC,2.72764,1.27825,9.1875,9.266666666666667,9.266666666666667,9.1875,10.0,9.0,9.0,10.0
2025/26,2026-01-04 15:00:00,Tottenham Hotspur FC,Sunderland AFC,1.4175,0.467481,7.407407407407407,8.25,8.25,7.407407407407407,9.0,9.0,9.0,9.0
2025/26,2026-01-04 15:00:00,Everton FC,Brentford FC,1.00566,3.05179,11.0,9.2,9.2,11.0,5.0,5.0,5.0,5.0
2025/26,2026-01-04 15:00:00,Fulham FC,Liverpool FC,0.609182,1.7188,18.666666666666668,20.285714285714285,20.285714285714285,18.666666666666668,4.0,8.0,8.0,4.0
2025/26,2026-01-04 17:30:00,Manchester City FC,Chelsea FC,1.03049,2.03726,8.212121212121213,13.16,13.16,8.212121212121213,7.0,2.0,2.0,7.0
2025/26,2026-01-06 20:00:00,West Ham United FC,Nottingham Forest FC,1.73697,1.26683,9.947368421052632,12.0,12.0,9.947368421052632,7.0,8.0,8.0,7.0
2025/26,2026-01-07 19:30:00,Everton FC,Wolverhampton Wanderers FC,1.63321,0.71329,10.208333333333334,10.526315789473685,10.526315789473685,10.208333333333334,2.0,5.0,5.0,2.0
2025/26,2026-01-07 19:30:00,AFC Bournemouth,Tottenham Hotspur FC,1.19014,1.6261,9.071428571428571,9.222222222222221,9.222222222222221,9.071428571428571,4.0,8.0,8.0,4.0
2025/26,2026-01-07 19:30:00,Brentford FC,Sunderland AFC,3.86096,1.50644,14.1875,10.631578947368421,10.631578947368421,14.1875,13.0,5.0,5.0,13.0
2025/26,2026-01-07 19:30:00,Crystal Palace FC,Aston Villa FC,1.32505,2.07015,19.333333333333332,13.466666666666667,13.466666666666667,19.333333333333332,8.0,10.0,10.0,8.0
2025/26,2026-01-07 19:30:00,Fulham FC,Chelsea FC,1.06013,2.45107,10.592592592592593,12.608695652173912,12.608695652173912,10.592592592592593,15.0,5.0,5.0,15.0
2025/26,2026-01-07 19:30:00,Manchester City FC,Brighton & Hove Albion FC,2.95904,1.33162,9.592592592592593,12.4,12.4,9.592592592592593,13.0,1.0,1.0,13.0
2025/26,2026-01-07 20:15:00,Burnley FC,Manchester United FC,0.31971,2.52488,11.807692307692308,8.333333333333334,8.333333333333334,11.807692307692308,1.0,13.0,13.0,1.0
2025/26,2026-01-07 20:15:00,Newcastle United FC,Leeds United FC,2.43495,2.35318,8.15,10.933333333333334,10.933333333333334,8.15,8.0,5.0,5.0,8.0
2025/26,2026-01-08 20:00:00,Arsenal FC,Liverpool FC,0.701832,0.318642,13.380952380952381,19.181818181818183,19.181818181818183,13.380952380952381,10.0,0.0,0.0,10.0
2025/26,2026-01-17 12:30:00,Manchester United FC,Manchester City FC,3.07278,0.387015,15.85,6.571428571428571,6.571428571428571,15.85,4.0,11.0,11.0,4.0
2025/26,2026-01-17 15:00:00,Chelsea FC,Brentford FC,1.62263,1.47521,17.941176470588236,10.538461538461538,10.538461538461538,17.941176470588236,1.0,9.0,9.0,1.0
2025/26,2026-01-17 15:00:00,Leeds United FC,Fulham FC,2.16898,0.258796,17.157894736842106,11.8,11.8,17.157894736842106,5.0,4.0,4.0,5.0
2025/26,2026-01-17 15:00:00,Liverpool FC,Burnley FC,3.49045,0.546971,6.9411764705882355,16.58823529411765,16.58823529411765,6.9411764705882355,27.0,5.0,5.0,27.0
2025/26,2026-01-17 15:00:00,Sunderland AFC,Crystal Palace FC,1.84601,1.15169,8.157894736842104,12.15,12.15,8.157894736842104,2.0,2.0,2.0,2.0
2025/26,2026-01-17 15:00:00,Tottenham Hotspur FC,West Ham United FC,1.65292,2.76761,5.793103448275862,12.05,12.05,5.793103448275862,11.0,3.0,3.0,11.0
2025/26,2026-01-17 17:30:00,Nottingham Forest FC,Arsenal FC,0.318481,2.86323,31.555555555555557,6.3,6.3,31.555555555555557,5.0,12.0,12.0,5.0
2025/26,2026-01-18 14:00:00,Wolverhampton Wanderers FC,Newcastle United FC,0.390216,0.813313,25.0,7.6,7.6,25.0,5.0,7.0,7.0,5.0
2025/26,2026-01-18 16:30:00,Aston Villa FC,Everton FC,0.905393,0.745859,7.894736842105263,11.25,11.25,7.894736842105263,10.0,3.0,3.0,10.0
2025/26,2026-01-19 20:00:00,Brighton & Hove Albion FC,AFC Bournemouth,0.995777,1.69737,6.65,22.384615384615383,22.384615384615383,6.65,8.0,7.0,7.0,8.0
2025/26,2026-01-24 12:30:00,West Ham United FC,Sunderland AFC,2.18675,0.713838,13.944444444444445,8.590909090909092,8.590909090909092,13.944444444444445,5.0,1.0,1.0,5.0
2025/26,2026-01-24 15:00:00,Burnley FC,Tottenham Hotspur FC,1.54884,2.59093,11.724137931034482,7.518518518518518,7.518518518518518,11.724137931034482,5.0,4.0,4.0,5.0
2025/26,2026-01-24 15:00:00,Fulham FC,Brighton & Hove Albion FC,1.13243,1.94652,17.529411764705884,13.652173913043478,13.652173913043478,17.529411764705884,7.0,6.0,6.0,7.0
2025/26,2026-01-24 15:00:00,Manchester City FC,Wolverhampton Wanderers FC,1.0654,0.542683,5.923076923076923,20.61111111111111,20.61111111111111,5.923076923076923,10.0,2.0,2.0,10.0
2025/26,2026-01-24 17:30:00,AFC Bournemouth,Liverpool FC,3.31474,0.937335,34.0,9.875,9.875,34.0,7.0,18.0,18.0,7.0
2025/26,2026-01-25 14:00:00,Brentford FC,Nottingham Forest FC,2.00413,1.38958,5.3076923076923075,17.0,17.0,5.3076923076923075,13.0,3.0,3.0,13.0
2025/26,2026-01-25 14:00:00,Crystal Palace FC,Chelsea FC,2.41793,3.08817,17.416666666666668,9.307692307692308,9.307692307692308,17.416666666666668,5.0,4.0,4.0,5.0
2025/26,2026-01-25 14:00:00,Newcastle United FC,Aston Villa FC,1.95484,1.32143,6.545454545454546,11.291666666666666,11.291666666666666,6.545454545454546,4.0,6.0,6.0,4.0
2025/26,2026-01-25 16:30:00,Arsenal FC,Manchester United FC,1.42411,0.640902,8.608695652173912,12.058823529411764,12.058823529411764,8.608695652173912,12.0,1.0,1.0,12.0
2025/26,2026-01-26 20:00:00,Everton FC,Leeds United FC,0.889916,1.6766,12.777777777777779,10.272727272727273,10.272727272727273,12.777777777777779,6.0,7.0,7.0,6.0
2025/26,2026-01-31 15:00:00,Brighton & Hove Albion FC,Everton FC,1.42825,1.28126,7.333333333333333,16.555555555555557,16.555555555555557,7.333333333333333,9.0,7.0,7.0,9.0
2025/26,2026-01-31 15:00:00,Leeds United FC,Arsenal FC,0.17871,3.54427,9.590909090909092,12.210526315789474,12.210526315789474,9.590909090909092,1.0,6.0,6.0,1.0
2025/26,2026-01-31 15:00:00,Wolverhampton Wanderers FC,AFC Bournemouth,2.10353,1.59116,13.571428571428571,12.208333333333334,12.208333333333334,13.571428571428571,5.0,4.0,4.0,5.0
2025/26,2026-01-31 17:30:00,Chelsea FC,West Ham United FC,2.66133,1.72585,5.038461538461538,32.333333333333336,32.333333333333336,5.038461538461538,6.0,6.0,6.0,6.0
2025/26,2026-01-31 20:00:00,Liverpool FC,Newcastle United FC,3.09973,0.284319,10.052631578947368,17.083333333333332,17.083333333333332,10.052631578947368,11.0,6.0,6.0,11.0
2025/26,2026-02-01 14:00:00,Aston Villa FC,Brentford FC,2.15316,0.314916,8.625,18.23076923076923,18.23076923076923,8.625,20.0,2.0,2.0,20.0
2025/26,2026-02-01 14:00:00,Manchester United FC,Fulham FC,1.84362,1.71998,19.352941176470587,11.842105263157896,11.842105263157896,19.352941176470587,7.0,7.0,7.0,7.0
2025/26,2026-02-01 14:00:00,Nottingham Forest FC,Crystal Palace FC,0.987254,1.648,34.75,4.645161290322581,4.645161290322581,34.75,3.0,10.0,10.0,3.0
2025/26,2026-02-01 16:30:00,Tottenham Hotspur FC,Manchester City FC,1.49738,2.03614,11.633333333333333,9.6,9.6,11.633333333333333,10.0,7.0,7.0,10.0
2025/26,2026-02-02 20:00:00,Sunderland AFC,Burnley FC,1.8865,0.126371,19.666666666666668,10.695652173913043,10.695652173913043,19.666666666666668,7.0,2.0,2.0,7.0
2025/26,2026-02-06 20:00:00,Leeds United FC,Nottingham Forest FC,3.38179,1.6608,9.15,21.5,21.5,9.15,10.0,6.0,6.0,10.0
2025/26,2026-02-07 12:30:00,Manchester United FC,Tottenham Hotspur FC,2.16576,0.593404,8.954545454545455,20.2,20.2,8.954545454545455,18.0,8.0,8.0,18.0
2025/26,2026-02-07 15:00:00,AFC Bournemouth,Aston Villa FC,1.82646,0.646496,11.941176470588236,13.588235294117647,13.588235294117647,11.941176470588236,6.0,8.0,8.0,6.0
2025/26,2026-02-07 15:00:00,Arsenal FC,Sunderland AFC,1.19401,0.427225,9.076923076923077,13.714285714285714,13.714285714285714,9.076923076923077,9.0,1.0,1.0,9.0
2025/26,2026-02-07 15:00:00,Burnley FC,West Ham United FC,1.84644,1.1223,11.434782608695652,14.466666666666667,14.466666666666667,11.434782608695652,6.0,4.0,4.0,6.0
2025/26,2026-02-07 15:00:00,Fulham FC,Everton FC,2.20126,1.88778,12.823529411764707,12.727272727272727,12.727272727272727,12.823529411764707,11.0,6.0,6.0,11.0
2025/26,2026-02-07 15:00:00,Wolverhampton Wanderers FC,Chelsea FC,1.11372,3.76278,34.6,9.48,9.48,34.6,6.0,10.0,10.0,6.0
2025/26,2026-02-07 17:30:00,Newcastle United FC,Brentford FC,3.3215,1.65022,17.333333333333332,11.05,11.05,17.333333333333332,8.0,11.0,11.0,8.0
2025/26,2026-02-08 14:00:00,Brighton & Hove Albion FC,Crystal Palace FC,0.737798,0.928404,7.571428571428571,20.444444444444443,20.444444444444443,7.571428571428571,3.0,6.0,6.0,3.0
2025/26,2026-02-08 16:30:00,Liverpool FC,Manchester City FC,1.26652,2.41476,19.666666666666668,7.44,7.44,19.666666666666668,8.0,12.0,12.0,8.0
2025/26,2026-02-10 19:30:00,Chelsea FC,Leeds United FC,3.21176,1.28948,10.4,24.764705882352942,24.764705882352942,10.4,9.0,2.0,2.0,9.0
2025/26,2026-02-10 19:30:00,Everton FC,AFC Bournemouth,2.33114,1.4121,8.4,13.0,13.0,8.4,5.0,5.0,5.0,5.0
2025/26,2026-02-10 19:30:00,Tottenham Hotspur FC,Newcastle United FC,1.68925,2.46991,7.363636363636363,8.407407407407407,8.407407407407407,7.363636363636363,9.0,11.0,11.0,9.0
2025/26,2026-02-10 20:15:00,West Ham United FC,Manchester United FC,1.30746,0.735767,15.714285714285714,10.666666666666666,10.666666666666666,15.714285714285714,1.0,5.0,5.0,1.0
2025/26,2026-02-11 19:30:00,Aston Villa FC,Brighton & Hove Albion FC,0.576138,0.481306,16.142857142857142,8.379310344827585,8.379310344827585,16.142857142857142,10.0,5.0,5.0,10.0
2025/26,2026-02-11 19:30:00,Crystal Palace FC,Burnley FC,2.1276,0.691273,7.684210526315789,18.705882352941178,18.705882352941178,7.684210526315789,15.0,5.0,5.0,15.0
2025/26,2026-02-11 19:30:00,Manchester City FC,Fulham FC,1.67722,1.05283,14.571428571428571,17.476190476190474,17.476190476190474,14.571428571428571,5.0,3.0,3.0,5.0
2025/26,2026-02-11 19:30:00,Nottingham Forest FC,Wolverhampton Wanderers FC,3.69094,0.406959,7.181818181818182,9.916666666666666,9.916666666666666,7.181818181818182,13.0,2.0,2.0,13.0
2025/26,2026-02-11 20:15:00,Sunderland AFC,Liverpool FC,0.693794,3.08172,11.421052631578947,9.857142857142858,9.857142857142858,11.421052631578947,8.0,10.0,10.0,8.0
2025/26,2026-02-12 20:00:00,Brentford FC,Arsenal FC,1.81154,0.78418,9.523809523809524,8.090909090909092,8.090909090909092,9.523809523809524,5.0,9.0,9.0,5.0
2025/26,2026-02-18 20:00:00,Wolverhampton Wanderers FC,Arsenal FC,0.173119,2.01018,11.444444444444445,8.208333333333334,8.208333333333334,11.444444444444445,4.0,5.0,5.0,4.0
2025/26,2026-02-21 15:00:00,Aston Villa FC,Leeds United FC,1.25439,1.27855,5.333333333333333,9.88,9.88,5.333333333333333,11.0,3.0,3.0,11.0
2025/26,2026-02-21 15:00:00,Brentford FC,Brighton & Hove Albion FC,1.69023,1.37203,15.307692307692308,9.037037037037036,9.037037037037036,15.307692307692308,8.0,5.0,5.0,8.0
2025/26,2026-02-21 15:00:00,Chelsea FC,Burnley FC,2.51534,1.01255,7.681818181818182,15.631578947368421,15.631578947368421,7.681818181818182,12.0,4.0,4.0,12.0
2025/26,2026-02-21 17:30:00,West Ham United FC,AFC Bournemouth,2.34412,0.522731,12.454545454545455,7.6521739130434785,7.6521739130434785,12.454545454545455,8.0,3.0,3.0,8.0
2025/26,2026-02-21 20:00:00,Manchester City FC,Newcastle United FC,2.22648,0.507954,9.565217391304348,8.192307692307692,8.192307692307692,9.565217391304348,11.0,1.0,1.0,11.0
2025/26,2026-02-22 14:00:00,Crystal Palace FC,Wolverhampton Wanderers FC,2.03559,1.67749,6.05,10.0,10.0,6.05,4.0,5.0,5.0,4.0
2025/26,2026-02-22 14:00:00,Nottingham Forest FC,Liverpool FC,0.934768,2.39634,10.6,9.090909090909092,9.090909090909092,10.6,2.0,3.0,3.0,2.0
2025/26,2026-02-22 14:00:00,Sunderland AFC,Fulham FC,1.7609,2.16696,16.416666666666668,12.047619047619047,12.047619047619047,16.416666666666668,16.0,8.0,8.0,16.0
2025/26,2026-02-22 16:30:00,Tottenham Hotspur FC,Arsenal FC,0.383264,3.31701,7.464285714285714,5.733333333333333,5.733333333333333,7.464285714285714,0.0,9.0,9.0,0.0
2025/26,2026-02-23 20:00:00,Everton FC,Manchester United FC,0.560924,1.4547,10.958333333333334,13.833333333333334,13.833333333333334,10.958333333333334,6.0,5.0,5.0,6.0
2025/26,2026-02-27 20:00:00,Wolverhampton Wanderers FC,Aston Villa FC,1.50771,1.31328,17.105263157894736,5.333333333333333,5.333333333333333,17.105263157894736,1.0,7.0,7.0,1.0
2025/26,2026-02-28 12:30:00,AFC Bournemouth,Sunderland AFC,1.82434,1.07887,4.777777777777778,5.911764705882353,5.911764705882353,4.777777777777778,9.0,1.0,1.0,9.0
2025/26,2026-02-28 15:00:00,Burnley FC,Brentford FC,0.823824,2.44595,16.176470588235293,6.555555555555555,6.555555555555555,16.176470588235293,4.0,9.0,9.0,4.0
2025/26,2026-02-28 15:00:00,Liverpool FC,West Ham United FC,2.09939,1.3517,9.416666666666666,7.423076923076923,7.423076923076923,9.416666666666666,14.0,5.0,5.0,14.0
2025/26,2026-02-28 15:00:00,Newcastle United FC,Everton FC,1.11889,2.40731,4.866666666666666,16.0,16.0,4.866666666666666,13.0,4.0,4.0,13.0
2025/26,2026-02-28 17:30:00,Leeds United FC,Manchester City FC,1.37824,2.46834,15.35,17.0,17.0,15.35,4.0,6.0,6.0,4.0
2025/26,2026-03-01 14:00:00,Brighton & Hove Albion FC,Nottingham Forest FC,1.20107,0.83055,9.413793103448276,14.904761904761905,14.904761904761905,9.413793103448276,10.0,2.0,2.0,10.0
2025/26,2026-03-01 14:00:00,Fulham FC,Tottenham Hotspur FC,2.3207,0.952091,10.476190476190476,12.434782608695652,12.434782608695652,10.476190476190476,12.0,6.0,6.0,12.0
2025/26,2026-03-01 14:00:00,Manchester United FC,Crystal Palace FC,2.34609,0.384699,11.19047619047619,14.857142857142858,14.857142857142858,11.19047619047619,8.0,5.0,5.0,8.0
2025/26,2026-03-01 16:30:00,Arsenal FC,Chelsea FC,1.71598,1.35268,15.181818181818182,8.952380952380953,8.952380952380953,15.181818181818182,10.0,4.0,4.0,10.0
2025/26,2026-03-03 19:30:00,AFC Bournemouth,Brentford FC,2.3177,0.673328,10.416666666666666,8.363636363636363,8.363636363636363,10.416666666666666,12.0,4.0,4.0,12.0
2025/26,2026-03-03 19:30:00,Everton FC,Burnley FC,1.15845,0.762229,12.041666666666666,14.238095238095237,14.238095238095237,12.041666666666666,4.0,2.0,2.0,4.0
2025/26,2026-03-03 19:30:00,Leeds United FC,Sunderland AFC,0.888232,0.843856,3.962962962962963,15.476190476190476,15.476190476190476,3.962962962962963,7.0,1.0,1.0,7.0
2025/26,2026-03-03 20:15:00,Wolverhampton Wanderers FC,Liverpool FC,0.636033,2.17217,22.357142857142858,7.142857142857143,7.142857142857143,22.357142857142858,1.0,10.0,10.0,1.0
2025/26,2026-03-04 19:30:00,Aston Villa FC,Chelsea FC,1.06854,3.38883,22.88888888888889,12.666666666666666,12.666666666666666,22.88888888888889,6.0,12.0,12.0,6.0
2025/26,2026-03-04 19:30:00,Brighton & Hove Albion FC,Arsenal FC,0.919228,0.514803,7.125,12.142857142857142,12.142857142857142,7.125,6.0,3.0,3.0,6.0
2025/26,2026-03-04 19:30:00,Fulham FC,West Ham United FC,0.628123,1.49528,10.590909090909092,18.941176470588236,18.941176470588236,10.590909090909092,9.0,3.0,3.0,9.0
2025/26,2026-03-04 19:30:00,Manchester City FC,Nottingham Forest FC,2.72655,1.23642,10.631578947368421,27.583333333333332,27.583333333333332,10.631578947368421,14.0,3.0,3.0,14.0
2025/26,2026-03-04 20:15:00,Newcastle United FC,Manchester United FC,1.96637,1.80571,8.62962962962963,6.821428571428571,6.821428571428571,8.62962962962963,8.0,11.0,11.0,8.0
2025/26,2026-03-05 20:00:00,Tottenham Hotspur FC,Crystal Palace FC,1.29615,1.91515,13.857142857142858,10.529411764705882,10.529411764705882,13.857142857142858,3.0,9.0,9.0,3.0
2025/26,2026-03-14 15:00:00,Burnley FC,AFC Bournemouth,1.67695,2.36979,12.65,9.538461538461538,9.538461538461538,12.65,5.0,9.0,9.0,5.0
2025/26,2026-03-14 15:00:00,Sunderland AFC,Brighton & Hove Albion FC,0.659083,1.12832,20.076923076923077,8.68,8.68,20.076923076923077,9.0,12.0,12.0,9.0
2025/26,2026-03-14 17:30:00,Arsenal FC,Everton FC,1.90855,1.17847,7.782608695652174,15.666666666666666,15.666666666666666,7.782608695652174,10.0,1.0,1.0,10.0
2025/26,2026-03-14 17:30:00,Chelsea FC,Newcastle United FC,1.72508,1.03251,10.647058823529411,17.31578947368421,17.31578947368421,10.647058823529411,12.0,7.0,7.0,12.0
2025/26,2026-03-14 20:00:00,West Ham United FC,Manchester City FC,0.488982,1.9546,17.227272727272727,9.25,9.25,17.227272727272727,2.0,8.0,8.0,2.0
2025/26,2026-03-15 14:00:00,Crystal Palace FC,Leeds United FC,0.525205,1.13558,8.166666666666666,17.615384615384617,17.615384615384617,8.166666666666666,2.0,4.0,4.0,2.0
2025/26,2026-03-15 14:00:00,Manchester United FC,Aston Villa FC,1.67823,1.21071,9.727272727272727,17.333333333333332,17.333333333333332,9.727272727272727,5.0,10.0,10.0,5.0
2025/26,2026-03-15 14:00:00,Nottingham Forest FC,Fulham FC,0.821011,0.933988,21.53846153846154,12.25,12.25,21.53846153846154,3.0,3.0,3.0,3.0
2025/26,2026-03-15 16:30:00,Liverpool FC,Tottenham Hotspur FC,1.30076,1.15636,5.538461538461538,13.15,13.15,5.538461538461538,17.0,3.0,3.0,17.0
2025/26,2026-03-16 20:00:00,Brentford FC,Wolverhampton Wanderers FC,2.7966,1.80044,8.928571428571429,13.647058823529411,13.647058823529411,8.928571428571429,7.0,9.0,9.0,7.0
2025/26,2026-03-20 20:00:00,AFC Bournemouth,Manchester United FC,1.76664,1.74574,10.9,12.095238095238095,12.095238095238095,10.9,6.0,8.0,8.0,6.0
2025/26,2026-03-21 12:30:00,Brighton & Hove Albion FC,Liverpool FC,3.42956,0.956801,11.5,11.125,11.125,11.5,7.0,7.0,7.0,7.0
2025/26,2026-03-21 15:00:00,Fulham FC,Burnley FC,3.48438,1.92556,16.133333333333333,20.923076923076923,20.923076923076923,16.133333333333333,16.0,4.0,4.0,16.0
2025/26,2026-03-21 17:30:00,Everton FC,Chelsea FC,1.44532,1.35143,29.307692307692307,11.833333333333334,11.833333333333334,29.307692307692307,7.0,9.0,9.0,7.0
2025/26,2026-03-21 20:00:00,Leeds United FC,Brentford FC,0.417296,0.302221,8.818181818181818,12.166666666666666,12.166666666666666,8.818181818181818,9.0,2.0,2.0,9.0
2025/26,2026-03-22 12:00:00,Newcastle United FC,Sunderland AFC,1.26705,2.66657,6.235294117647059,11.045454545454545,11.045454545454545,6.235294117647059,3.0,10.0,10.0,3.0
2025/26,2026-03-22 14:15:00,Aston Villa FC,West Ham United FC,2.48528,0.760054,14.666666666666666,15.529411764705882,15.529411764705882,14.666666666666666,15.0,5.0,5.0,15.0
2025/26,2026-03-22 14:15:00,Tottenham Hotspur FC,Nottingham Forest FC,1.6189,1.54408,6.071428571428571,9.84,9.84,6.071428571428571,4.0,3.0,3.0,4.0
2025/26,2026-04-10 19:00:00,West Ham United FC,Wolverhampton Wanderers FC,2.54379,0.571967,13.55,9.333333333333334,9.333333333333334,13.55,7.0,4.0,4.0,7.0
2025/26,2026-04-11 11:30:00,Arsenal FC,AFC Bournemouth,3.16346,1.39461,9.304347826086957,8.0,8.0,9.304347826086957,5.0,5.0,5.0,5.0
2025/26,2026-04-11 14:00:00,Brentford FC,Everton FC,2.26302,1.57033,10.944444444444445,10.782608695652174,10.782608695652174,10.944444444444445,5.0,8.0,8.0,5.0
2025/26,2026-04-11 14:00:00,Burnley FC,Brighton & Hove Albion FC,0.812029,1.07182,18.3125,7.8,7.8,18.3125,3.0,11.0,11.0,3.0
2025/26,2026-04-11 16:30:00,Liverpool FC,Fulham FC,2.01499,1.42024,10.043478260869565,13.65,13.65,10.043478260869565,21.0,12.0,12.0,21.0
2025/26,2026-04-12 13:00:00,Nottingham Forest FC,Aston Villa FC,0.85045,1.36297,10.814814814814815,10.375,10.375,10.814814814814815,6.0,6.0,6.0,6.0
2025/26,2026-04-12 13:00:00,Sunderland AFC,Tottenham Hotspur FC,1.77584,1.01598,7.133333333333334,10.947368421052632,10.947368421052632,7.133333333333334,7.0,3.0,3.0,7.0
2025/26,2026-04-12 13:00:00,Crystal Palace FC,Newcastle United FC,3.13933,1.27299,10.172413793103448,10.833333333333334,10.833333333333334,10.172413793103448,4.0,3.0,3.0,4.0
2025/26,2026-04-12 15:30:00,Chelsea FC,Manchester City FC,1.22108,2.40839,25.846153846153847,8.592592592592593,8.592592592592593,25.846153846153847,2.0,15.0,15.0,2.0
2025/26,2026-04-13 19:00:00,Manchester United FC,Leeds United FC,1.36555,2.95118,10.391304347826088,12.714285714285714,12.714285714285714,10.391304347826088,11.0,8.0,8.0,11.0
2025/26,2026-04-18 11:30:00,Brentford FC,Fulham FC,2.33552,0.790707,13.35,13.277777777777779,13.277777777777779,13.35,4.0,12.0,12.0,4.0
2025/26,2026-04-18 14:00:00,Leeds United FC,Wolverhampton Wanderers FC,3.55804,0.568627,10.368421052631579,11.64,11.64,10.368421052631579,7.0,4.0,4.0,7.0
2025/26,2026-04-18 14:00:00,Newcastle United FC,AFC Bournemouth,1.61167,3.36662,8.0,10.523809523809524,10.523809523809524,8.0,8.0,7.0,7.0,8.0
2025/26,2026-04-18 16:30:00,Tottenham Hotspur FC,Brighton & Hove Albion FC,1.56052,1.1373,12.444444444444445,5.636363636363637,5.636363636363637,12.444444444444445,9.0,7.0,7.0,9.0
2025/26,2026-04-18 19:00:00,Chelsea FC,Manchester United FC,1.28109,0.436043,11.347826086956522,28.384615384615383,28.384615384615383,11.347826086956522,8.0,1.0,1.0,8.0
2025/26,2026-04-19 13:00:00,Aston Villa FC,Sunderland AFC,3.90223,1.56008,13.470588235294118,12.052631578947368,12.052631578947368,13.470588235294118,7.0,3.0,3.0,7.0
2025/26,2026-04-19 13:00:00,Everton FC,Liverpool FC,1.4784,1.38333,14.9,8.909090909090908,8.909090909090908,14.9,5.0,8.0,8.0,5.0
2025/26,2026-04-19 13:00:00,Nottingham Forest FC,Burnley FC,1.4425,0.601418,14.45,10.214285714285714,10.214285714285714,14.45,6.0,3.0,3.0,6.0
2025/26,2026-04-19 15:30:00,Manchester City FC,Arsenal FC,2.61528,2.28964,13.461538461538462,9.153846153846153,9.153846153846153,13.461538461538462,15.0,3.0,3.0,15.0
2025/26,2026-04-20 19:00:00,Crystal Palace FC,West Ham United FC,0.733442,0.622445,10.277777777777779,10.32,10.32,10.277777777777779,5.0,5.0,5.0,5.0
2025/26,2026-04-21 19:00:00,Brighton & Hove Albion FC,Chelsea FC,2.51784,0.297865,10.23076923076923,22.214285714285715,22.214285714285715,10.23076923076923,9.0,3.0,3.0,9.0
2025/26,2026-04-22 19:00:00,AFC Bournemouth,Leeds United FC,1.91355,1.21601,8.842105263157896,10.4,10.4,8.842105263157896,13.0,6.0,6.0,13.0
2025/26,2026-04-22 19:00:00,Burnley FC,Manchester City FC,0.973776,3.40888,16.05,10.454545454545455,10.454545454545455,16.05,5.0,19.0,19.0,5.0
2025/26,2026-04-24 19:00:00,Sunderland AFC,Nottingham Forest FC,0.614323,1.54208,5.409090909090909,10.65,10.65,5.409090909090909,13.0,3.0,3.0,13.0
2025/26,2026-04-25 11:30:00,Fulham FC,Aston Villa FC,1.24069,0.906156,9.277777777777779,8.894736842105264,8.894736842105264,9.277777777777779,5.0,4.0,4.0,5.0
2025/26,2026-04-25 14:00:00,Liverpool FC,Crystal Palace FC,1.45071,2.19912,15.235294117647058,15.444444444444445,15.444444444444445,15.235294117647058,6.0,6.0,6.0,6.0
2025/26,2026-04-25 14:00:00,West Ham United FC,Everton FC,1.8356,1.1144,9.653846153846153,11.941176470588236,11.941176470588236,9.653846153846153,7.0,9.0,9.0,7.0
2025/26,2026-04-25 14:00:00,Wolverhampton Wanderers FC,Tottenham Hotspur FC,0.762656,1.06403,13.5,4.857142857142857,4.857142857142857,13.5,0.0,4.0,4.0,0.0
2025/26,2026-04-25 16:30:00,Arsenal FC,Newcastle United FC,0.639189,0.868897,14.88888888888889,8.818181818181818,8.818181818181818,14.88888888888889,10.0,7.0,7.0,10.0
2025/26,2026-04-27 19:00:00,Manchester United FC,Brentford FC,1.84852,1.30383,13.0,9.958333333333334,9.958333333333334,13.0,8.0,10.0,10.0,8.0
2025/26,2026-05-01 20:00:00,Leeds United FC,Burnley FC,2.09546,0.434597,11.172413793103448,12.95,12.95,11.172413793103448,4.0,3.0,3.0,4.0
2025/26,2026-05-02 15:00:00,Brentford FC,West Ham United FC,2.27374,0.753895,9.333333333333334,7.818181818181818,7.818181818181818,9.333333333333334,7.0,2.0,2.0,7.0
2025/26,2026-05-02 15:00:00,Newcastle United FC,Brighton & Hove Albion FC,3.12933,1.87112,21.363636363636363,7.411764705882353,7.411764705882353,21.363636363636363,3.0,9.0,9.0,3.0
2025/26,2026-05-02 15:00:00,Wolverhampton Wanderers FC,Sunderland AFC,1.96131,0.923954,8.117647058823529,13.105263157894736,13.105263157894736,8.117647058823529,10.0,6.0,6.0,10.0
2025/26,2026-05-02 17:30:00,Arsenal FC,Fulham FC,4.09079,0.696714,14.5,13.681818181818182,13.681818181818182,14.5,14.0,3.0,3.0,14.0
2025/26,2026-05-03 14:00:00,AFC Bournemouth,Crystal Palace FC,2.29626,0.678329,10.318181818181818,9.904761904761905,9.904761904761905,10.318181818181818,6.0,10.0,10.0,6.0
2025/26,2026-05-03 15:30:00,Manchester United FC,Liverpool FC,2.55612,1.02814,12.391304347826088,9.7,9.7,12.391304347826088,7.0,5.0,5.0,7.0
2025/26,2026-05-03 19:00:00,Aston Villa FC,Tottenham Hotspur FC,0.609494,1.12225,9.5,11.6,11.6,9.5,0.0,3.0,3.0,0.0
2025/26,2026-05-04 15:00:00,Chelsea FC,Nottingham Forest FC,2.17132,2.31019,8.041666666666666,23.125,23.125,8.041666666666666,12.0,4.0,4.0,12.0
2025/26,2026-05-04 20:00:00,Everton FC,Manchester City FC,1.68558,1.41706,16.470588235294116,6.466666666666667,6.466666666666667,16.470588235294116,1.0,14.0,14.0,1.0
2025/26,2026-05-09 12:30:00,Liverpool FC,Chelsea FC,0.623191,0.597184,12.28,9.121212121212121,9.121212121212121,12.28,7.0,7.0,7.0,7.0
2025/26,2026-05-09 15:00:00,Brighton & Hove Albion FC,Wolverhampton Wanderers FC,2.22427,0.515647,4.275862068965517,25.571428571428573,25.571428571428573,4.275862068965517,9.0,2.0,2.0,9.0
2025/26,2026-05-09 15:00:00,Fulham FC,AFC Bournemouth,1.24334,0.998003,11.833333333333334,13.521739130434783,13.521739130434783,11.833333333333334,8.0,4.0,4.0,8.0
2025/26,2026-05-09 15:00:00,Sunderland AFC,Manchester United FC,1.2376,0.535981,13.555555555555555,12.761904761904763,12.761904761904763,13.555555555555555,13.0,7.0,7.0,13.0
2025/26,2026-05-09 17:30:00,Manchester City FC,Brentford FC,4.37429,0.670038,7.28,7.666666666666667,7.666666666666667,7.28,13.0,3.0,3.0,13.0
2025/26,2026-05-10 14:00:00,Burnley FC,Aston Villa FC,1.71234,1.75493,11.25,7.875,7.875,11.25,7.0,7.0,7.0,7.0
2025/26,2026-05-10 14:00:00,Crystal Palace FC,Everton FC,3.28826,2.10265,6.380952380952381,16.214285714285715,16.214285714285715,6.380952380952381,9.0,9.0,9.0,9.0
2025/26,2026-05-10 14:00:00,Nottingham Forest FC,Newcastle United FC,1.46434,1.65067,17.0,8.142857142857142,8.142857142857142,17.0,9.0,11.0,11.0,9.0
2025/26,2026-05-10 16:30:00,West Ham United FC,Arsenal FC,1.32011,1.42953,15.4375,6.0,6.0,15.4375,7.0,9.0,9.0,7.0
2025/26,2026-05-11 20:00:00,Tottenham Hotspur FC,Leeds United FC,1.49036,1.86976,6.1923076923076925,9.826086956521738,9.826086956521738,6.1923076923076925,4.0,4.0,4.0,4.0
2025/26,2026-05-13 20:00:00,Manchester City FC,Crystal Palace FC,1.95679,0.428862,7.833333333333333,28.083333333333332,28.083333333333332,7.833333333333333,17.0,2.0,2.0,17.0
2025/26,2026-05-15 20:00:00,Aston Villa FC,Liverpool FC,2.5252,1.55027,13.105263157894736,14.285714285714286,14.285714285714286,13.105263157894736,5.0,7.0,7.0,5.0
2025/26,2026-05-17 12:30:00,Manchester United FC,Nottingham Forest FC,4.28532,1.84418,10.04,13.833333333333334,13.833333333333334,10.04,14.0,11.0,11.0,14.0
2025/26,2026-05-17 15:00:00,Brentford FC,Crystal Palace FC,1.54564,1.82274,14.777777777777779,31.555555555555557,31.555555555555557,14.777777777777779,9.0,14.0,14.0,9.0
2025/26,2026-05-17 15:00:00,Everton FC,Sunderland AFC,1.32181,1.28383,14.5,12.75,12.75,14.5,3.0,2.0,2.0,3.0
2025/26,2026-05-17 15:00:00,Leeds United FC,Brighton & Hove Albion FC,0.747756,2.23238,21.0,7.866666666666666,7.866666666666666,21.0,2.0,16.0,16.0,2.0
2025/26,2026-05-17 15:00:00,Wolverhampton Wanderers FC,Fulham FC,1.49725,1.48412,12.444444444444445,6.7368421052631575,6.7368421052631575,12.444444444444445,4.0,14.0,14.0,4.0
2025/26,2026-05-17 17:30:00,Newcastle United FC,West Ham United FC,2.1336,0.957771,11.411764705882353,10.23076923076923,10.23076923076923,11.411764705882353,19.0,10.0,10.0,19.0
2025/26,2026-05-18 20:00:00,Arsenal FC,Burnley FC,1.22695,0.194884,12.4375,13.764705882352942,13.764705882352942,12.4375,20.0,2.0,2.0,20.0
2025/26,2026-05-19 19:30:00,AFC Bournemouth,Manchester City FC,1.71486,1.26917,10.655172413793103,21.90909090909091,21.90909090909091,10.655172413793103,9.0,12.0,12.0,9.0
2025/26,2026-05-19 20:15:00,Chelsea FC,Tottenham Hotspur FC,1.09262,2.15227,11.724137931034482,9.125,9.125,11.724137931034482,3.0,7.0,7.0,3.0
2025/26,2026-05-24 15:00:00,Brighton & Hove Albion FC,Manchester United FC,0.702398,2.32868,7.612903225806452,15.705882352941176,15.705882352941176,7.612903225806452,10.0,9.0,9.0,10.0
2025/26,2026-05-24 15:00:00,Burnley FC,Wolverhampton Wanderers FC,1.28476,2.8433,9.357142857142858,13.666666666666666,13.666666666666666,9.357142857142858,13.0,5.0,5.0,13.0
2025/26,2026-05-24 15:00:00,Crystal Palace FC,Arsenal FC,1.00492,3.90645,17.75,9.88888888888889,9.88888888888889,17.75,3.0,8.0,8.0,3.0
2025/26,2026-05-24 15:00:00,Fulham FC,Newcastle United FC,1.72878,0.24232,11.444444444444445,12.764705882352942,12.764705882352942,11.444444444444445,10.0,6.0,6.0,10.0
2025/26,2026-05-24 15:00:00,Liverpool FC,Brentford FC,2.99412,1.46082,11.705882352941176,12.222222222222221,12.222222222222221,11.705882352941176,11.0,5.0,5.0,11.0
2025/26,2026-05-24 15:00:00,Manchester City FC,Aston Villa FC,1.38085,2.4397,16.2,20.7,20.7,16.2,14.0,4.0,4.0,14.0
2025/26,2026-05-24 15:00:00,Nottingham Forest FC,AFC Bournemouth,2.05852,1.33684,17.916666666666668,8.0,8.0,17.916666666666668,3.0,8.0,8.0,3.0
2025/26,2026-05-24 15:00:00,Sunderland AFC,Chelsea FC,2.33109,0.920885,7.9375,17.272727272727273,17.272727272727273,7.9375,12.0,7.0,7.0,12.0
2025/26,2026-05-24 15:00:00,Tottenham Hotspur FC,Everton FC,1.40597,0.268476,7.5,7.793103448275862,7.793103448275862,7.5,2.0,3.0,3.0,2.0
2025/26,2026-05-24 15:00:00,West Ham United FC,Leeds United FC,2.73135,1.94969,16.470588235294116,5.133333333333334,5.133333333333334,16.470588235294116,6.0,6.0,6.0,6.0
2026/27,2026-08-21 19:00:00,Arsenal FC,Coventry City FC,1.85424,0.558336,9.647058823529411,27.25,27.25,9.647058823529411,18.0,2.0,2.0,18.0
2026/27,2026-08-22 11:30:00,Hull City AFC,Manchester United FC,1.49627,1.77874,20.571428571428573,10.357142857142858,10.357142857142858,20.571428571428573,1.0,11.0,11.0,1.0
2026/27,2026-08-22 14:00:00,Everton FC,Crystal Palace FC,1.45085,2.23095,22.466666666666665,7.107142857142857,7.107142857142857,22.466666666666665,10.0,6.0,6.0,10.0
2026/27,2026-08-22 14:00:00,Ipswich Town FC,Sunderland AFC,1.58452,1.17743,12.10344827586207,6.653846153846154,6.653846153846154,12.10344827586207,4.0,6.0,6.0,4.0
2026/27,2026-08-22 14:00:00,Nottingham Forest FC,Leeds United FC,0.656681,0.466247,9.421052631578947,6.28125,6.28125,9.421052631578947,6.0,2.0,2.0,6.0
2026/27,2026-08-22 16:30:00,Brentford FC,Tottenham Hotspur FC,4.04155,0.756284,8.161290322580646,7.884615384615385,7.884615384615385,8.161290322580646,13.0,7.0,7.0,13.0
2026/27,2026-08-23 13:00:00,Brighton & Hove Albion FC,Aston Villa FC,4.00327,0.275249,3.735294117647059,32.27272727272727,32.27272727272727,3.735294117647059,13.0,0.0,0.0,13.0
2026/27,2026-08-23 13:00:00,Manchester City FC,AFC Bournemouth,2.47444,0.707541,7.6,17.894736842105264,17.894736842105264,7.6,14.0,1.0,1.0,14.0
2026/27,2026-08-23 15:30:00,Newcastle United FC,Liverpool FC,1.59465,3.13133,8.772727272727273,5.689655172413793,5.689655172413793,8.772727272727273,3.0,4.0,4.0,3.0
2026/27,2026-08-24 19:00:00,Fulham FC,Chelsea FC,1.41707,2.58384,8.125,19.0,19.0,8.125,5.0,10.0,10.0,5.0
2026/27,2026-08-28 19:00:00,Crystal Palace FC,Manchester City FC,0.926624,2.56662,22.38095238095238,7.346153846153846,7.346153846153846,22.38095238095238,3.0,11.0,11.0,3.0
2026/27,2026-08-29 11:30:00,Liverpool FC,Nottingham Forest FC,1.27921,2.87937,3.9705882352941178,20.9375,20.9375,3.9705882352941178,4.0,6.0,6.0,4.0
2026/27,2026-08-29 14:00:00,Coventry City FC,Hull City AFC,1.18233,0.459726,8.733333333333333,16.65,16.65,8.733333333333333,4.0,3.0,3.0,4.0
2026/27,2026-08-29 14:00:00,AFC Bournemouth,Everton FC,2.25803,1.66352,6.7272727272727275,10.291666666666666,10.291666666666666,6.7272727272727275,10.0,4.0,4.0,10.0
2026/27,2026-08-29 16:30:00,Tottenham Hotspur FC,Newcastle United FC,1.12037,1.00952,9.909090909090908,19.285714285714285,19.285714285714285,9.909090909090908,7.0,8.0,8.0,7.0
2026/27,2026-08-30 13:00:00,Sunderland AFC,Fulham FC,1.56229,1.02405,15.55,7.964285714285714,7.964285714285714,15.55,5.0,6.0,6.0,5.0
2026/27,2026-08-30 13:00:00,Chelsea FC,Brighton & Hove Albion FC,3.8289,1.79173,27.333333333333332,4.333333333333333,4.333333333333333,27.333333333333332,13.0,5.0,5.0,13.0
2026/27,2026-08-30 13:00:00,Leeds United FC,Brentford FC,1.14993,1.61344,12.5625,6.9,6.9,12.5625,1.0,5.0,5.0,1.0
2026/27,2026-08-30 15:30:00,Manchester United FC,Ipswich Town FC,4.86612,1.80548,10.272727272727273,13.681818181818182,13.681818181818182,10.272727272727273,11.0,3.0,3.0,11.0
2026/27,2026-08-31 19:00:00,Aston Villa FC,Arsenal FC,0.281925,1.52441,18.75,9.941176470588236,9.941176470588236,18.75,5.0,8.0,8.0,5.0
2026/27,2026-09-04 19:00:00,Ipswich Town FC,Liverpool FC,0.597972,0.744139,14.95,12.904761904761905,12.904761904761905,14.95,5.0,6.0,6.0,5.0
2026/27,2026-09-05 11:30:00,Newcastle United FC,AFC Bournemouth,0.771636,1.63891,6.826086956521739,10.0,10.0,6.826086956521739,8.0,3.0,3.0,8.0
2026/27,2026-09-05 14:00:00,Manchester City FC,Coventry City FC,2.19038,1.49306,6.0,16.233333333333334,16.233333333333334,6.0,6.0,2.0,2.0,6.0
2026/27,2026-09-05 14:00:00,Nottingham Forest FC,Tottenham Hotspur FC,0.831692,1.48446,7.583333333333333,9.052631578947368,9.052631578947368,7.583333333333333,6.0,3.0,3.0,6.0
2026/27,2026-09-05 14:00:00,Fulham FC,Crystal Palace FC,2.88274,2.35981,13.8125,26.5,26.5,13.8125,24.0,4.0,4.0,24.0
2026/27,2026-09-05 14:00:00,Brentford FC,Sunderland AFC,1.58584,2.15489,8.173913043478262,7.625,7.625,8.173913043478262,5.0,13.0,13.0,5.0
2026/27,2026-09-05 14:00:00,Brighton & Hove Albion FC,Leeds United FC,2.22026,2.23407,4.346153846153846,12.818181818181818,12.818181818181818,4.346153846153846,6.0,8.0,8.0,6.0
2026/27,2026-09-05 16:30:00,Hull City AFC,Aston Villa FC,0.812385,1.63526,21.625,10.454545454545455,10.454545454545455,21.625,3.0,7.0,7.0,3.0
2026/27,2026-09-06 13:00:00,Everton FC,Manchester United FC,1.05629,0.872225,13.26086956521739,15.857142857142858,15.857142857142858,13.26086956521739,7.0,7.0,7.0,7.0
2026/27,2026-09-06 15:30:00,Arsenal FC,Chelsea FC,2.80555,0.430508,8.904761904761905,9.833333333333334,9.833333333333334,8.904761904761905,17.0,5.0,5.0,17.0
2026/27,2026-09-12 14:00:00,AFC Bournemouth,Brentford FC,2.54949,0.794238,5.793103448275862,8.814814814814815,8.814814814814815,5.793103448275862,12.0,8.0,8.0,12.0
2026/27,2026-09-12 14:00:00,Aston Villa FC,Nottingham Forest FC,1.08786,2.79451,12.1875,10.666666666666666,10.666666666666666,12.1875,8.0,9.0,9.0,8.0
2026/27,2026-09-12 14:00:00,Chelsea FC,Hull City AFC,1.21374,1.80363,10.76923076923077,14.35,14.35,10.76923076923077,12.0,2.0,2.0,12.0
2026/27,2026-09-12 14:00:00,Crystal Palace FC,Ipswich Town FC,0.937888,2.03423,14.5,7.571428571428571,7.571428571428571,14.5,9.0,11.0,11.0,9.0
2026/27,2026-09-12 14:00:00,Liverpool FC,Fulham FC,1.79832,0.922453,7.888888888888889,17.4,17.4,7.888888888888889,5.0,9.0,9.0,5.0
2026/27,2026-09-12 16:30:00,Tottenham Hotspur FC,Everton FC,0.736856,1.60056,6.7272727272727275,20.866666666666667,20.866666666666667,6.7272727272727275,7.0,8.0,8.0,7.0
2026/27,2026-09-12 19:00:00,Sunderland AFC,Arsenal FC,2.07033,1.98905,10.380952380952381,11.307692307692308,11.307692307692308,10.380952380952381,5.0,5.0,5.0,5.0
2026/27,2026-09-13 13:00:00,Coventry City FC,Brighton & Hove Albion FC,1.04812,2.76518,43.125,6.666666666666667,6.666666666666667,43.125,8.0,2.0,2.0,8.0
2026/27,2026-09-13 15:30:00,Manchester United FC,Manchester City FC,0.943406,1.14073,6.45945945945946,12.222222222222221,12.222222222222221,6.45945945945946,12.0,2.0,2.0,12.0
2026/27,2026-09-14 19:00:00,Leeds United FC,Newcastle United FC,2.2902,0.793165,9.12,10.192307692307692,10.192307692307692,9.12,9.0,5.0,5.0,9.0
