season,date,matchday,home_team,away_team,home_goals,away_goals
2016/17,2016-08-13 00:00:00+00:00,,Burnley FC,Swansea City AFC,0,1
2016/17,2016-08-13 00:00:00+00:00,,Southampton FC,Watford FC,1,1
2016/17,2016-08-13 00:00:00+00:00,,Middlesbrough FC,Stoke City FC,1,1
2016/17,2016-08-13 00:00:00+00:00,,Crystal Palace FC,West Bromwich Albion FC,0,1
2016/17,2016-08-13 00:00:00+00:00,,Hull City AFC,Leicester City FC,2,1
2016/17,2016-08-13 00:00:00+00:00,,Everton FC,Tottenham Hotspur FC,1,1
2016/17,2016-08-13 00:00:00+00:00,,Manchester City FC,Sunderland AFC,2,1
2016/17,2016-08-14 00:00:00+00:00,,Arsenal FC,Liverpool FC,3,4
2016/17,2016-08-14 00:00:00+00:00,,AFC Bournemouth,Manchester United FC,1,3
2016/17,2016-08-15 00:00:00+00:00,,Chelsea FC,West Ham United FC,2,1
2016/17,2016-08-19 00:00:00+00:00,,Manchester United FC,Southampton FC,2,0
2016/17,2016-08-20 00:00:00+00:00,,West Bromwich Albion FC,Everton FC,1,2
2016/17,2016-08-20 00:00:00+00:00,,Watford FC,Chelsea FC,1,2
2016/17,2016-08-20 00:00:00+00:00,,Tottenham Hotspur FC,Crystal Palace FC,1,0
2016/17,2016-08-20 00:00:00+00:00,,Swansea City AFC,Hull City AFC,0,2
2016/17,2016-08-20 00:00:00+00:00,,Stoke City FC,Manchester City FC,1,4
2016/17,2016-08-20 00:00:00+00:00,,Leicester City FC,Arsenal FC,0,0
2016/17,2016-08-20 00:00:00+00:00,,Burnley FC,Liverpool FC,2,0
2016/17,2016-08-21 00:00:00+00:00,,Sunderland AFC,Middlesbrough FC,1,2
2016/17,2016-08-21 00:00:00+00:00,,West Ham United FC,AFC Bournemouth,1,0
2016/17,2016-08-27 00:00:00+00:00,,Watford FC,Arsenal FC,1,3
2016/17,2016-08-27 00:00:00+00:00,,Southampton FC,Sunderland AFC,1,1
2016/17,2016-08-27 00:00:00+00:00,,Leicester City FC,Swansea City AFC,2,1
2016/17,2016-08-27 00:00:00+00:00,,Tottenham Hotspur FC,Liverpool FC,1,1
2016/17,2016-08-27 00:00:00+00:00,,Everton FC,Stoke City FC,1,0
2016/17,2016-08-27 00:00:00+00:00,,Crystal Palace FC,AFC Bournemouth,1,1
2016/17,2016-08-27 00:00:00+00:00,,Chelsea FC,Burnley FC,3,0
2016/17,2016-08-27 00:00:00+00:00,,Hull City AFC,Manchester United FC,0,1
2016/17,2016-08-28 00:00:00+00:00,,Manchester City FC,West Ham United FC,3,1
2016/17,2016-08-28 00:00:00+00:00,,West Bromwich Albion FC,Middlesbrough FC,0,0
2016/17,2016-09-10 00:00:00+00:00,,West Ham United FC,Watford FC,2,4
2016/17,2016-09-10 00:00:00+00:00,,Middlesbrough FC,Crystal Palace FC,1,2
2016/17,2016-09-10 00:00:00+00:00,,Manchester United FC,Manchester City FC,1,2
2016/17,2016-09-10 00:00:00+00:00,,Stoke City FC,Tottenham Hotspur FC,0,4
2016/17,2016-09-10 00:00:00+00:00,,Burnley FC,Hull City AFC,1,1
2016/17,2016-09-10 00:00:00+00:00,,AFC Bournemouth,West Bromwich Albion FC,1,0
2016/17,2016-09-10 00:00:00+00:00,,Arsenal FC,Southampton FC,2,1
2016/17,2016-09-10 00:00:00+00:00,,Liverpool FC,Leicester City FC,4,1
2016/17,2016-09-11 00:00:00+00:00,,Swansea City AFC,Chelsea FC,2,2
2016/17,2016-09-12 00:00:00+00:00,,Sunderland AFC,Everton FC,0,3
2016/17,2016-09-16 00:00:00+00:00,,Chelsea FC,Liverpool FC,1,2
2016/17,2016-09-17 00:00:00+00:00,,Everton FC,Middlesbrough FC,3,1
2016/17,2016-09-17 00:00:00+00:00,,Hull City AFC,Arsenal FC,1,4
2016/17,2016-09-17 00:00:00+00:00,,Leicester City FC,Burnley FC,3,0
2016/17,2016-09-17 00:00:00+00:00,,Manchester City FC,AFC Bournemouth,4,0
2016/17,2016-09-17 00:00:00+00:00,,West Bromwich Albion FC,West Ham United FC,4,2
2016/17,2016-09-18 00:00:00+00:00,,Watford FC,Manchester United FC,3,1
2016/17,2016-09-18 00:00:00+00:00,,Tottenham Hotspur FC,Sunderland AFC,1,0
2016/17,2016-09-18 00:00:00+00:00,,Southampton FC,Swansea City AFC,1,0
2016/17,2016-09-18 00:00:00+00:00,,Crystal Palace FC,Stoke City FC,4,1
2016/17,2016-09-24 00:00:00+00:00,,Arsenal FC,Chelsea FC,3,0
2016/17,2016-09-24 00:00:00+00:00,,AFC Bournemouth,Everton FC,1,0
2016/17,2016-09-24 00:00:00+00:00,,Liverpool FC,Hull City AFC,5,1
2016/17,2016-09-24 00:00:00+00:00,,Manchester United FC,Leicester City FC,4,1
2016/17,2016-09-24 00:00:00+00:00,,Middlesbrough FC,Tottenham Hotspur FC,1,2
2016/17,2016-09-24 00:00:00+00:00,,Stoke City FC,West Bromwich Albion FC,1,1
2016/17,2016-09-24 00:00:00+00:00,,Sunderland AFC,Crystal Palace FC,2,3
2016/17,2016-09-24 00:00:00+00:00,,Swansea City AFC,Manchester City FC,1,3
2016/17,2016-09-25 00:00:00+00:00,,West Ham United FC,Southampton FC,0,3
2016/17,2016-09-26 00:00:00+00:00,,Burnley FC,Watford FC,2,0
2016/17,2016-09-30 00:00:00+00:00,,Everton FC,Crystal Palace FC,1,1
2016/17,2016-10-01 00:00:00+00:00,,West Ham United FC,Middlesbrough FC,1,1
2016/17,2016-10-01 00:00:00+00:00,,Watford FC,AFC Bournemouth,2,2
2016/17,2016-10-01 00:00:00+00:00,,Hull City AFC,Chelsea FC,0,2
2016/17,2016-10-01 00:00:00+00:00,,Sunderland AFC,West Bromwich Albion FC,1,1
2016/17,2016-10-01 00:00:00+00:00,,Swansea City AFC,Liverpool FC,1,2
2016/17,2016-10-02 00:00:00+00:00,,Burnley FC,Arsenal FC,0,1
2016/17,2016-10-02 00:00:00+00:00,,Leicester City FC,Southampton FC,0,0
2016/17,2016-10-02 00:00:00+00:00,,Manchester United FC,Stoke City FC,1,1
2016/17,2016-10-02 00:00:00+00:00,,Tottenham Hotspur FC,Manchester City FC,2,0
2016/17,2016-10-15 00:00:00+00:00,,Stoke City FC,Sunderland AFC,2,0
2016/17,2016-10-15 00:00:00+00:00,,West Bromwich Albion FC,Tottenham Hotspur FC,1,1
2016/17,2016-10-15 00:00:00+00:00,,Manchester City FC,Everton FC,1,1
2016/17,2016-10-15 00:00:00+00:00,,Arsenal FC,Swansea City AFC,3,2
2016/17,2016-10-15 00:00:00+00:00,,Chelsea FC,Leicester City FC,3,0
2016/17,2016-10-15 00:00:00+00:00,,AFC Bournemouth,Hull City AFC,6,1
2016/17,2016-10-15 00:00:00+00:00,,Crystal Palace FC,West Ham United FC,0,1
2016/17,2016-10-16 00:00:00+00:00,,Middlesbrough FC,Watford FC,0,1
2016/17,2016-10-16 00:00:00+00:00,,Southampton FC,Burnley FC,3,1
2016/17,2016-10-17 00:00:00+00:00,,Liverpool FC,Manchester United FC,0,0
2016/17,2016-10-22 00:00:00+00:00,,West Ham United FC,Sunderland AFC,1,0
2016/17,2016-10-22 00:00:00+00:00,,Swansea City AFC,Watford FC,0,0
2016/17,2016-10-22 00:00:00+00:00,,Liverpool FC,West Bromwich Albion FC,2,1
2016/17,2016-10-22 00:00:00+00:00,,Hull City AFC,Stoke City FC,0,2
2016/17,2016-10-22 00:00:00+00:00,,Burnley FC,Everton FC,2,1
2016/17,2016-10-22 00:00:00+00:00,,AFC Bournemouth,Tottenham Hotspur FC,0,0
2016/17,2016-10-22 00:00:00+00:00,,Arsenal FC,Middlesbrough FC,0,0
2016/17,2016-10-22 00:00:00+00:00,,Leicester City FC,Crystal Palace FC,3,1
2016/17,2016-10-23 00:00:00+00:00,,Chelsea FC,Manchester United FC,4,0
2016/17,2016-10-23 00:00:00+00:00,,Manchester City FC,Southampton FC,1,1
2016/17,2016-10-29 00:00:00+00:00,,West Bromwich Albion FC,Manchester City FC,0,4
2016/17,2016-10-29 00:00:00+00:00,,Tottenham Hotspur FC,Leicester City FC,1,1
2016/17,2016-10-29 00:00:00+00:00,,Watford FC,Hull City AFC,1,0
2016/17,2016-10-29 00:00:00+00:00,,Middlesbrough FC,AFC Bournemouth,2,0
2016/17,2016-10-29 00:00:00+00:00,,Sunderland AFC,Arsenal FC,1,4
2016/17,2016-10-29 00:00:00+00:00,,Manchester United FC,Burnley FC,0,0
2016/17,2016-10-29 00:00:00+00:00,,Crystal Palace FC,Liverpool FC,2,4
2016/17,2016-10-30 00:00:00+00:00,,Everton FC,West Ham United FC,2,0
2016/17,2016-10-30 00:00:00+00:00,,Southampton FC,Chelsea FC,0,2
2016/17,2016-10-31 00:00:00+00:00,,Stoke City FC,Swansea City AFC,3,1
2016/17,2016-11-05 00:00:00+00:00,,AFC Bournemouth,Sunderland AFC,1,2
2016/17,2016-11-05 00:00:00+00:00,,Burnley FC,Crystal Palace FC,3,2
2016/17,2016-11-05 00:00:00+00:00,,Chelsea FC,Everton FC,5,0
2016/17,2016-11-05 00:00:00+00:00,,Manchester City FC,Middlesbrough FC,1,1
2016/17,2016-11-05 00:00:00+00:00,,West Ham United FC,Stoke City FC,1,1
2016/17,2016-11-06 00:00:00+00:00,,Arsenal FC,Tottenham Hotspur FC,1,1
2016/17,2016-11-06 00:00:00+00:00,,Hull City AFC,Southampton FC,2,1
2016/17,2016-11-06 00:00:00+00:00,,Leicester City FC,West Bromwich Albion FC,1,2
2016/17,2016-11-06 00:00:00+00:00,,Liverpool FC,Watford FC,6,1
2016/17,2016-11-06 00:00:00+00:00,,Swansea City AFC,Manchester United FC,1,3
2016/17,2016-11-19 00:00:00+00:00,,Watford FC,Leicester City FC,2,1
2016/17,2016-11-19 00:00:00+00:00,,Tottenham Hotspur FC,West Ham United FC,3,2
2016/17,2016-11-19 00:00:00+00:00,,Sunderland AFC,Hull City AFC,3,0
2016/17,2016-11-19 00:00:00+00:00,,Crystal Palace FC,Manchester City FC,1,2
2016/17,2016-11-19 00:00:00+00:00,,Southampton FC,Liverpool FC,0,0
2016/17,2016-11-19 00:00:00+00:00,,Manchester United FC,Arsenal FC,1,1
2016/17,2016-11-19 00:00:00+00:00,,Everton FC,Swansea City AFC,1,1
2016/17,2016-11-19 00:00:00+00:00,,Stoke City FC,AFC Bournemouth,0,1
2016/17,2016-11-20 00:00:00+00:00,,Middlesbrough FC,Chelsea FC,0,1
2016/17,2016-11-21 00:00:00+00:00,,West Bromwich Albion FC,Burnley FC,4,0
2016/17,2016-11-26 00:00:00+00:00,,Swansea City AFC,Crystal Palace FC,5,4
2016/17,2016-11-26 00:00:00+00:00,,Liverpool FC,Sunderland AFC,2,0
2016/17,2016-11-26 00:00:00+00:00,,Burnley FC,Manchester City FC,1,2
2016/17,2016-11-26 00:00:00+00:00,,Hull City AFC,West Bromwich Albion FC,1,1
2016/17,2016-11-26 00:00:00+00:00,,Chelsea FC,Tottenham Hotspur FC,2,1
2016/17,2016-11-26 00:00:00+00:00,,Leicester City FC,Middlesbrough FC,2,2
2016/17,2016-11-27 00:00:00+00:00,,Arsenal FC,AFC Bournemouth,3,1
2016/17,2016-11-27 00:00:00+00:00,,Manchester United FC,West Ham United FC,1,1
2016/17,2016-11-27 00:00:00+00:00,,Southampton FC,Everton FC,1,0
2016/17,2016-11-27 00:00:00+00:00,,Watford FC,Stoke City FC,0,1
2016/17,2016-12-03 00:00:00+00:00,,West Ham United FC,Arsenal FC,1,5
2016/17,2016-12-03 00:00:00+00:00,,West Bromwich Albion FC,Watford FC,3,1
2016/17,2016-12-03 00:00:00+00:00,,Tottenham Hotspur FC,Swansea City AFC,5,0
2016/17,2016-12-03 00:00:00+00:00,,Sunderland AFC,Leicester City FC,2,1
2016/17,2016-12-03 00:00:00+00:00,,Manchester City FC,Chelsea FC,1,3
2016/17,2016-12-03 00:00:00+00:00,,Crystal Palace FC,Southampton FC,3,0
2016/17,2016-12-03 00:00:00+00:00,,Stoke City FC,Burnley FC,2,0
2016/17,2016-12-04 00:00:00+00:00,,AFC Bournemouth,Liverpool FC,4,3
2016/17,2016-12-04 00:00:00+00:00,,Everton FC,Manchester United FC,1,1
2016/17,2016-12-05 00:00:00+00:00,,Middlesbrough FC,Hull City AFC,1,0
2016/17,2016-12-10 00:00:00+00:00,,Watford FC,Everton FC,3,2
2016/17,2016-12-10 00:00:00+00:00,,Leicester City FC,Manchester City FC,4,2
2016/17,2016-12-10 00:00:00+00:00,,Swansea City AFC,Sunderland AFC,3,0
2016/17,2016-12-10 00:00:00+00:00,,Burnley FC,AFC Bournemouth,3,2
2016/17,2016-12-10 00:00:00+00:00,,Arsenal FC,Stoke City FC,3,1
2016/17,2016-12-10 00:00:00+00:00,,Hull City AFC,Crystal Palace FC,3,3
2016/17,2016-12-11 00:00:00+00:00,,Chelsea FC,West Bromwich Albion FC,1,0
2016/17,2016-12-11 00:00:00+00:00,,Liverpool FC,West Ham United FC,2,2
2016/17,2016-12-11 00:00:00+00:00,,Manchester United FC,Tottenham Hotspur FC,1,0
2016/17,2016-12-11 00:00:00+00:00,,Southampton FC,Middlesbrough FC,1,0
2016/17,2016-12-13 00:00:00+00:00,,AFC Bournemouth,Leicester City FC,1,0
2016/17,2016-12-13 00:00:00+00:00,,Everton FC,Arsenal FC,2,1
2016/17,2016-12-14 00:00:00+00:00,,West Ham United FC,Burnley FC,1,0
2016/17,2016-12-14 00:00:00+00:00,,West Bromwich Albion FC,Swansea City AFC,3,1
2016/17,2016-12-14 00:00:00+00:00,,Tottenham Hotspur FC,Hull City AFC,3,0
2016/17,2016-12-14 00:00:00+00:00,,Stoke City FC,Southampton FC,0,0
2016/17,2016-12-14 00:00:00+00:00,,Middlesbrough FC,Liverpool FC,0,3
2016/17,2016-12-14 00:00:00+00:00,,Manchester City FC,Watford FC,2,0
2016/17,2016-12-14 00:00:00+00:00,,Crystal Palace FC,Manchester United FC,1,2
2016/17,2016-12-14 00:00:00+00:00,,Sunderland AFC,Chelsea FC,0,1
2016/17,2016-12-17 00:00:00+00:00,,Crystal Palace FC,Chelsea FC,0,1
2016/17,2016-12-17 00:00:00+00:00,,Middlesbrough FC,Swansea City AFC,3,0
2016/17,2016-12-17 00:00:00+00:00,,Stoke City FC,Leicester City FC,2,2
2016/17,2016-12-17 00:00:00+00:00,,Sunderland AFC,Watford FC,1,0
2016/17,2016-12-17 00:00:00+00:00,,West Bromwich Albion FC,Manchester United FC,0,2
2016/17,2016-12-17 00:00:00+00:00,,West Ham United FC,Hull City AFC,1,0
2016/17,2016-12-18 00:00:00+00:00,,Tottenham Hotspur FC,Burnley FC,2,1
2016/17,2016-12-18 00:00:00+00:00,,AFC Bournemouth,Southampton FC,1,3
2016/17,2016-12-18 00:00:00+00:00,,Manchester City FC,Arsenal FC,2,1
2016/17,2016-12-19 00:00:00+00:00,,Everton FC,Liverpool FC,0,1
2016/17,2016-12-26 00:00:00+00:00,,Arsenal FC,West Bromwich Albion FC,1,0
2016/17,2016-12-26 00:00:00+00:00,,Burnley FC,Middlesbrough FC,1,0
2016/17,2016-12-26 00:00:00+00:00,,Chelsea FC,AFC Bournemouth,3,0
2016/17,2016-12-26 00:00:00+00:00,,Hull City AFC,Manchester City FC,0,3
2016/17,2016-12-26 00:00:00+00:00,,Leicester City FC,Everton FC,0,2
2016/17,2016-12-26 00:00:00+00:00,,Manchester United FC,Sunderland AFC,3,1
2016/17,2016-12-26 00:00:00+00:00,,Swansea City AFC,West Ham United FC,1,4
2016/17,2016-12-26 00:00:00+00:00,,Watford FC,Crystal Palace FC,1,1
2016/17,2016-12-27 00:00:00+00:00,,Liverpool FC,Stoke City FC,4,1
2016/17,2016-12-28 00:00:00+00:00,,Southampton FC,Tottenham Hotspur FC,1,4
2016/17,2016-12-30 00:00:00+00:00,,Hull City AFC,Everton FC,2,2
2016/17,2016-12-31 00:00:00+00:00,,Burnley FC,Sunderland AFC,4,1
2016/17,2016-12-31 00:00:00+00:00,,Chelsea FC,Stoke City FC,4,2
2016/17,2016-12-31 00:00:00+00:00,,Leicester City FC,West Ham United FC,1,0
2016/17,2016-12-31 00:00:00+00:00,,Liverpool FC,Manchester City FC,1,0
2016/17,2016-12-31 00:00:00+00:00,,Manchester United FC,Middlesbrough FC,2,1
2016/17,2016-12-31 00:00:00+00:00,,Southampton FC,West Bromwich Albion FC,1,2
2016/17,2016-12-31 00:00:00+00:00,,Swansea City AFC,AFC Bournemouth,0,3
2016/17,2017-01-01 00:00:00+00:00,,Watford FC,Tottenham Hotspur FC,1,4
2016/17,2017-01-01 00:00:00+00:00,,Arsenal FC,Crystal Palace FC,2,0
2016/17,2017-01-02 00:00:00+00:00,,Everton FC,Southampton FC,3,0
2016/17,2017-01-02 00:00:00+00:00,,Manchester City FC,Burnley FC,2,1
2016/17,2017-01-02 00:00:00+00:00,,Middlesbrough FC,Leicester City FC,0,0
2016/17,2017-01-02 00:00:00+00:00,,Sunderland AFC,Liverpool FC,2,2
2016/17,2017-01-02 00:00:00+00:00,,West Bromwich Albion FC,Hull City AFC,3,1
2016/17,2017-01-02 00:00:00+00:00,,West Ham United FC,Manchester United FC,0,2
2016/17,2017-01-03 00:00:00+00:00,,Stoke City FC,Watford FC,2,0
2016/17,2017-01-03 00:00:00+00:00,,AFC Bournemouth,Arsenal FC,3,3
2016/17,2017-01-03 00:00:00+00:00,,Crystal Palace FC,Swansea City AFC,1,2
2016/17,2017-01-04 00:00:00+00:00,,Tottenham Hotspur FC,Chelsea FC,2,0
2016/17,2017-01-14 00:00:00+00:00,,Tottenham Hotspur FC,West Bromwich Albion FC,4,0
2016/17,2017-01-14 00:00:00+00:00,,Swansea City AFC,Arsenal FC,0,4
2016/17,2017-01-14 00:00:00+00:00,,Sunderland AFC,Stoke City FC,1,3
2016/17,2017-01-14 00:00:00+00:00,,Burnley FC,Southampton FC,1,0
2016/17,2017-01-14 00:00:00+00:00,,Hull City AFC,AFC Bournemouth,3,1
2016/17,2017-01-14 00:00:00+00:00,,Watford FC,Middlesbrough FC,0,0
2016/17,2017-01-14 00:00:00+00:00,,Leicester City FC,Chelsea FC,0,3
2016/17,2017-01-14 00:00:00+00:00,,West Ham United FC,Crystal Palace FC,3,0
2016/17,2017-01-15 00:00:00+00:00,,Everton FC,Manchester City FC,4,0
2016/17,2017-01-15 00:00:00+00:00,,Manchester United FC,Liverpool FC,1,1
2016/17,2017-01-21 00:00:00+00:00,,West Bromwich Albion FC,Sunderland AFC,2,0
2016/17,2017-01-21 00:00:00+00:00,,Stoke City FC,Manchester United FC,1,1
2016/17,2017-01-21 00:00:00+00:00,,Middlesbrough FC,West Ham United FC,1,3
2016/17,2017-01-21 00:00:00+00:00,,Manchester City FC,Tottenham Hotspur FC,2,2
2016/17,2017-01-21 00:00:00+00:00,,AFC Bournemouth,Watford FC,2,2
2016/17,2017-01-21 00:00:00+00:00,,Crystal Palace FC,Everton FC,0,1
2016/17,2017-01-21 00:00:00+00:00,,Liverpool FC,Swansea City AFC,2,3
2016/17,2017-01-22 00:00:00+00:00,,Arsenal FC,Burnley FC,2,1
2016/17,2017-01-22 00:00:00+00:00,,Chelsea FC,Hull City AFC,2,0
2016/17,2017-01-22 00:00:00+00:00,,Southampton FC,Leicester City FC,3,0
2016/17,2017-01-31 00:00:00+00:00,,Arsenal FC,Watford FC,1,2
2016/17,2017-01-31 00:00:00+00:00,,AFC Bournemouth,Crystal Palace FC,0,2
2016/17,2017-01-31 00:00:00+00:00,,Burnley FC,Leicester City FC,1,0
2016/17,2017-01-31 00:00:00+00:00,,Liverpool FC,Chelsea FC,1,1
2016/17,2017-01-31 00:00:00+00:00,,Middlesbrough FC,West Bromwich Albion FC,1,1
2016/17,2017-01-31 00:00:00+00:00,,Sunderland AFC,Tottenham Hotspur FC,0,0
2016/17,2017-01-31 00:00:00+00:00,,Swansea City AFC,Southampton FC,2,1
2016/17,2017-02-01 00:00:00+00:00,,Stoke City FC,Everton FC,1,1
2016/17,2017-02-01 00:00:00+00:00,,Manchester United FC,Hull City AFC,0,0
2016/17,2017-02-01 00:00:00+00:00,,West Ham United FC,Manchester City FC,0,4
2016/17,2017-02-04 00:00:00+00:00,,Watford FC,Burnley FC,2,1
2016/17,2017-02-04 00:00:00+00:00,,West Bromwich Albion FC,Stoke City FC,1,0
2016/17,2017-02-04 00:00:00+00:00,,Southampton FC,West Ham United FC,1,3
2016/17,2017-02-04 00:00:00+00:00,,Hull City AFC,Liverpool FC,2,0
2016/17,2017-02-04 00:00:00+00:00,,Tottenham Hotspur FC,Middlesbrough FC,1,0
2016/17,2017-02-04 00:00:00+00:00,,Crystal Palace FC,Sunderland AFC,0,4
2016/17,2017-02-04 00:00:00+00:00,,Everton FC,AFC Bournemouth,6,3
2016/17,2017-02-04 00:00:00+00:00,,Chelsea FC,Arsenal FC,3,1
2016/17,2017-02-05 00:00:00+00:00,,Leicester City FC,Manchester United FC,0,3
2016/17,2017-02-05 00:00:00+00:00,,Manchester City FC,Swansea City AFC,2,1
2016/17,2017-02-11 00:00:00+00:00,,Arsenal FC,Hull City AFC,2,0
2016/17,2017-02-11 00:00:00+00:00,,Liverpool FC,Tottenham Hotspur FC,2,0
2016/17,2017-02-11 00:00:00+00:00,,Manchester United FC,Watford FC,2,0
2016/17,2017-02-11 00:00:00+00:00,,Middlesbrough FC,Everton FC,0,0
2016/17,2017-02-11 00:00:00+00:00,,Stoke City FC,Crystal Palace FC,1,0
2016/17,2017-02-11 00:00:00+00:00,,Sunderland AFC,Southampton FC,0,4
2016/17,2017-02-11 00:00:00+00:00,,West Ham United FC,West Bromwich Albion FC,2,2
2016/17,2017-02-12 00:00:00+00:00,,Swansea City AFC,Leicester City FC,2,0
2016/17,2017-02-12 00:00:00+00:00,,Burnley FC,Chelsea FC,1,1
2016/17,2017-02-13 00:00:00+00:00,,AFC Bournemouth,Manchester City FC,0,2
2016/17,2017-02-25 00:00:00+00:00,,Chelsea FC,Swansea City AFC,3,1
2016/17,2017-02-25 00:00:00+00:00,,Crystal Palace FC,Middlesbrough FC,1,0
2016/17,2017-02-25 00:00:00+00:00,,Everton FC,Sunderland AFC,2,0
2016/17,2017-02-25 00:00:00+00:00,,Hull City AFC,Burnley FC,1,1
2016/17,2017-02-25 00:00:00+00:00,,Watford FC,West Ham United FC,1,1
2016/17,2017-02-25 00:00:00+00:00,,West Bromwich Albion FC,AFC Bournemouth,2,1
2016/17,2017-02-26 00:00:00+00:00,,Tottenham Hotspur FC,Stoke City FC,4,0
2016/17,2017-02-27 00:00:00+00:00,,Leicester City FC,Liverpool FC,3,1
2016/17,2017-03-04 00:00:00+00:00,,Watford FC,Southampton FC,3,4
2016/17,2017-03-04 00:00:00+00:00,,West Bromwich Albion FC,Crystal Palace FC,0,2
2016/17,2017-03-04 00:00:00+00:00,,Swansea City AFC,Burnley FC,3,2
2016/17,2017-03-04 00:00:00+00:00,,Stoke City FC,Middlesbrough FC,2,0
2016/17,2017-03-04 00:00:00+00:00,,Leicester City FC,Hull City AFC,3,1
2016/17,2017-03-04 00:00:00+00:00,,Liverpool FC,Arsenal FC,3,1
2016/17,2017-03-04 00:00:00+00:00,,Manchester United FC,AFC Bournemouth,1,1
2016/17,2017-03-05 00:00:00+00:00,,Sunderland AFC,Manchester City FC,0,2
2016/17,2017-03-05 00:00:00+00:00,,Tottenham Hotspur FC,Everton FC,3,2
2016/17,2017-03-06 00:00:00+00:00,,West Ham United FC,Chelsea FC,1,2
2016/17,2017-03-08 00:00:00+00:00,,Manchester City FC,Stoke City FC,0,0
2016/17,2017-03-11 00:00:00+00:00,,Hull City AFC,Swansea City AFC,2,1
2016/17,2017-03-11 00:00:00+00:00,,AFC Bournemouth,West Ham United FC,3,2
2016/17,2017-03-11 00:00:00+00:00,,Everton FC,West Bromwich Albion FC,3,0
2016/17,2017-03-12 00:00:00+00:00,,Liverpool FC,Burnley FC,2,1
2016/17,2017-03-18 00:00:00+00:00,,AFC Bournemouth,Swansea City AFC,2,0
2016/17,2017-03-18 00:00:00+00:00,,Crystal Palace FC,Watford FC,1,0
2016/17,2017-03-18 00:00:00+00:00,,Everton FC,Hull City AFC,4,0
2016/17,2017-03-18 00:00:00+00:00,,Stoke City FC,Chelsea FC,1,2
2016/17,2017-03-18 00:00:00+00:00,,Sunderland AFC,Burnley FC,0,0
2016/17,2017-03-18 00:00:00+00:00,,West Bromwich Albion FC,Arsenal FC,3,1
2016/17,2017-03-18 00:00:00+00:00,,West Ham United FC,Leicester City FC,2,3
2016/17,2017-03-19 00:00:00+00:00,,Manchester City FC,Liverpool FC,1,1
2016/17,2017-03-19 00:00:00+00:00,,Middlesbrough FC,Manchester United FC,1,3
2016/17,2017-03-19 00:00:00+00:00,,Tottenham Hotspur FC,Southampton FC,2,1
2016/17,2017-04-01 00:00:00+00:00,,Watford FC,Sunderland AFC,1,0
2016/17,2017-04-01 00:00:00+00:00,,Hull City AFC,West Ham United FC,2,1
2016/17,2017-04-01 00:00:00+00:00,,Southampton FC,AFC Bournemouth,0,0
2016/17,2017-04-01 00:00:00+00:00,,Manchester United FC,West Bromwich Albion FC,0,0
2016/17,2017-04-01 00:00:00+00:00,,Burnley FC,Tottenham Hotspur FC,0,2
2016/17,2017-04-01 00:00:00+00:00,,Leicester City FC,Stoke City FC,2,0
2016/17,2017-04-01 00:00:00+00:00,,Chelsea FC,Crystal Palace FC,1,2
2016/17,2017-04-01 00:00:00+00:00,,Liverpool FC,Everton FC,3,1
2016/17,2017-04-02 00:00:00+00:00,,Arsenal FC,Manchester City FC,2,2
2016/17,2017-04-02 00:00:00+00:00,,Swansea City AFC,Middlesbrough FC,0,0
2016/17,2017-04-04 00:00:00+00:00,,Burnley FC,Stoke City FC,1,0
2016/17,2017-04-04 00:00:00+00:00,,Leicester City FC,Sunderland AFC,2,0
2016/17,2017-04-04 00:00:00+00:00,,Manchester United FC,Everton FC,1,1
2016/17,2017-04-04 00:00:00+00:00,,Watford FC,West Bromwich Albion FC,2,0
2016/17,2017-04-05 00:00:00+00:00,,Swansea City AFC,Tottenham Hotspur FC,1,3
2016/17,2017-04-05 00:00:00+00:00,,Southampton FC,Crystal Palace FC,3,1
2016/17,2017-04-05 00:00:00+00:00,,Liverpool FC,AFC Bournemouth,2,2
2016/17,2017-04-05 00:00:00+00:00,,Hull City AFC,Middlesbrough FC,4,2
2016/17,2017-04-05 00:00:00+00:00,,Chelsea FC,Manchester City FC,2,1
2016/17,2017-04-05 00:00:00+00:00,,Arsenal FC,West Ham United FC,3,0
2016/17,2017-04-08 00:00:00+00:00,,AFC Bournemouth,Chelsea FC,1,3
2016/17,2017-04-08 00:00:00+00:00,,Manchester City FC,Hull City AFC,3,1
2016/17,2017-04-08 00:00:00+00:00,,Middlesbrough FC,Burnley FC,0,0
2016/17,2017-04-08 00:00:00+00:00,,Stoke City FC,Liverpool FC,1,2
2016/17,2017-04-08 00:00:00+00:00,,Tottenham Hotspur FC,Watford FC,4,0
2016/17,2017-04-08 00:00:00+00:00,,West Bromwich Albion FC,Southampton FC,0,1
2016/17,2017-04-08 00:00:00+00:00,,West Ham United FC,Swansea City AFC,1,0
2016/17,2017-04-09 00:00:00+00:00,,Sunderland AFC,Manchester United FC,0,3
2016/17,2017-04-09 00:00:00+00:00,,Everton FC,Leicester City FC,4,2
2016/17,2017-04-10 00:00:00+00:00,,Crystal Palace FC,Arsenal FC,3,0
2016/17,2017-04-15 00:00:00+00:00,,Crystal Palace FC,Leicester City FC,2,2
2016/17,2017-04-15 00:00:00+00:00,,Everton FC,Burnley FC,3,1
2016/17,2017-04-15 00:00:00+00:00,,Southampton FC,Manchester City FC,0,3
2016/17,2017-04-15 00:00:00+00:00,,Stoke City FC,Hull City AFC,3,1
2016/17,2017-04-15 00:00:00+00:00,,Sunderland AFC,West Ham United FC,2,2
2016/17,2017-04-15 00:00:00+00:00,,Tottenham Hotspur FC,AFC Bournemouth,4,0
2016/17,2017-04-15 00:00:00+00:00,,Watford FC,Swansea City AFC,1,0
2016/17,2017-04-16 00:00:00+00:00,,Manchester United FC,Chelsea FC,2,0
2016/17,2017-04-16 00:00:00+00:00,,West Bromwich Albion FC,Liverpool FC,0,1
2016/17,2017-04-17 00:00:00+00:00,,Middlesbrough FC,Arsenal FC,1,2
2016/17,2017-04-22 00:00:00+00:00,,AFC Bournemouth,Middlesbrough FC,4,0
2016/17,2017-04-22 00:00:00+00:00,,Hull City AFC,Watford FC,2,0
2016/17,2017-04-22 00:00:00+00:00,,Swansea City AFC,Stoke City FC,2,0
2016/17,2017-04-22 00:00:00+00:00,,West Ham United FC,Everton FC,0,0
2016/17,2017-04-23 00:00:00+00:00,,Burnley FC,Manchester United FC,0,2
2016/17,2017-04-23 00:00:00+00:00,,Liverpool FC,Crystal Palace FC,1,2
2016/17,2017-04-25 00:00:00+00:00,,Chelsea FC,Southampton FC,4,2
2016/17,2017-04-26 00:00:00+00:00,,Arsenal FC,Leicester City FC,1,0
2016/17,2017-04-26 00:00:00+00:00,,Crystal Palace FC,Tottenham Hotspur FC,0,1
2016/17,2017-04-26 00:00:00+00:00,,Middlesbrough FC,Sunderland AFC,1,0
2016/17,2017-04-27 00:00:00+00:00,,Manchester City FC,Manchester United FC,0,0
2016/17,2017-04-29 00:00:00+00:00,,Crystal Palace FC,Burnley FC,0,2
2016/17,2017-04-29 00:00:00+00:00,,Southampton FC,Hull City AFC,0,0
2016/17,2017-04-29 00:00:00+00:00,,Stoke City FC,West Ham United FC,0,0
2016/17,2017-04-29 00:00:00+00:00,,Sunderland AFC,AFC Bournemouth,0,1
2016/17,2017-04-29 00:00:00+00:00,,West Bromwich Albion FC,Leicester City FC,0,1
2016/17,2017-04-30 00:00:00+00:00,,Everton FC,Chelsea FC,0,3
2016/17,2017-04-30 00:00:00+00:00,,Manchester United FC,Swansea City AFC,1,1
2016/17,2017-04-30 00:00:00+00:00,,Middlesbrough FC,Manchester City FC,2,2
2016/17,2017-04-30 00:00:00+00:00,,Tottenham Hotspur FC,Arsenal FC,2,0
2016/17,2017-05-01 00:00:00+00:00,,Watford FC,Liverpool FC,0,1
2016/17,2017-05-05 00:00:00+00:00,,West Ham United FC,Tottenham Hotspur FC,1,0
2016/17,2017-05-06 00:00:00+00:00,,AFC Bournemouth,Stoke City FC,2,2
2016/17,2017-05-06 00:00:00+00:00,,Burnley FC,West Bromwich Albion FC,2,2
2016/17,2017-05-06 00:00:00+00:00,,Hull City AFC,Sunderland AFC,0,2
2016/17,2017-05-06 00:00:00+00:00,,Leicester City FC,Watford FC,3,0
2016/17,2017-05-06 00:00:00+00:00,,Manchester City FC,Crystal Palace FC,5,0
2016/17,2017-05-06 00:00:00+00:00,,Swansea City AFC,Everton FC,1,0
2016/17,2017-05-07 00:00:00+00:00,,Arsenal FC,Manchester United FC,2,0
2016/17,2017-05-07 00:00:00+00:00,,Liverpool FC,Southampton FC,0,0
2016/17,2017-05-08 00:00:00+00:00,,Chelsea FC,Middlesbrough FC,3,0
2016/17,2017-05-10 00:00:00+00:00,,Southampton FC,Arsenal FC,0,2
2016/17,2017-05-12 00:00:00+00:00,,West Bromwich Albion FC,Chelsea FC,0,1
2016/17,2017-05-12 00:00:00+00:00,,Everton FC,Watford FC,1,0
2016/17,2017-05-13 00:00:00+00:00,,AFC Bournemouth,Burnley FC,2,1
2016/17,2017-05-13 00:00:00+00:00,,Manchester City FC,Leicester City FC,2,1
2016/17,2017-05-13 00:00:00+00:00,,Middlesbrough FC,Southampton FC,1,2
2016/17,2017-05-13 00:00:00+00:00,,Stoke City FC,Arsenal FC,1,4
2016/17,2017-05-13 00:00:00+00:00,,Sunderland AFC,Swansea City AFC,0,2
2016/17,2017-05-14 00:00:00+00:00,,West Ham United FC,Liverpool FC,0,4
2016/17,2017-05-14 00:00:00+00:00,,Crystal Palace FC,Hull City AFC,4,0
2016/17,2017-05-14 00:00:00+00:00,,Tottenham Hotspur FC,Manchester United FC,2,1
2016/17,2017-05-15 00:00:00+00:00,,Chelsea FC,Watford FC,4,3
2016/17,2017-05-16 00:00:00+00:00,,Manchester City FC,West Bromwich Albion FC,3,1
2016/17,2017-05-16 00:00:00+00:00,,Arsenal FC,Sunderland AFC,2,0
2016/17,2017-05-17 00:00:00+00:00,,Southampton FC,Manchester United FC,0,0
2016/17,2017-05-18 00:00:00+00:00,,Leicester City FC,Tottenham Hotspur FC,1,6
2016/17,2017-05-21 00:00:00+00:00,,Liverpool FC,Middlesbrough FC,3,0
2016/17,2017-05-21 00:00:00+00:00,,Southampton FC,Stoke City FC,0,1
2016/17,2017-05-21 00:00:00+00:00,,Manchester United FC,Crystal Palace FC,2,0
2016/17,2017-05-21 00:00:00+00:00,,Leicester City FC,AFC Bournemouth,1,1
2016/17,2017-05-21 00:00:00+00:00,,Swansea City AFC,West Bromwich Albion FC,2,1
2016/17,2017-05-21 00:00:00+00:00,,Chelsea FC,Sunderland AFC,5,1
2016/17,2017-05-21 00:00:00+00:00,,Burnley FC,West Ham United FC,1,2
2016/17,2017-05-21 00:00:00+00:00,,Arsenal FC,Everton FC,3,1
2016/17,2017-05-21 00:00:00+00:00,,Hull City AFC,Tottenham Hotspur FC,1,7
2016/17,2017-05-21 00:00:00+00:00,,Watford FC,Manchester City FC,0,5
2017/18,2017-08-11 00:00:00+00:00,,Arsenal FC,Leicester City FC,4,3
2017/18,2017-08-12 00:00:00+00:00,,Brighton & Hove Albion FC,Manchester City FC,0,2
2017/18,2017-08-12 00:00:00+00:00,,Chelsea FC,Burnley FC,2,3
2017/18,2017-08-12 00:00:00+00:00,,Crystal Palace FC,Huddersfield Town AFC,0,3
2017/18,2017-08-12 00:00:00+00:00,,Everton FC,Stoke City FC,1,0
2017/18,2017-08-12 00:00:00+00:00,,Southampton FC,Swansea City AFC,0,0
2017/18,2017-08-12 00:00:00+00:00,,Watford FC,Liverpool FC,3,3
2017/18,2017-08-12 00:00:00+00:00,,West Bromwich Albion FC,AFC Bournemouth,1,0
2017/18,2017-08-13 00:00:00+00:00,,Manchester United FC,West Ham United FC,4,0
2017/18,2017-08-13 00:00:00+00:00,,Newcastle United FC,Tottenham Hotspur FC,0,2
2017/18,2017-08-19 00:00:00+00:00,,Swansea City AFC,Manchester United FC,0,4
2017/18,2017-08-19 00:00:00+00:00,,Stoke City FC,Arsenal FC,1,0
2017/18,2017-08-19 00:00:00+00:00,,Southampton FC,West Ham United FC,3,2
2017/18,2017-08-19 00:00:00+00:00,,Burnley FC,West Bromwich Albion FC,0,1
2017/18,2017-08-19 00:00:00+00:00,,Leicester City FC,Brighton & Hove Albion FC,2,0
2017/18,2017-08-19 00:00:00+00:00,,AFC Bournemouth,Watford FC,0,2
2017/18,2017-08-19 00:00:00+00:00,,Liverpool FC,Crystal Palace FC,1,0
2017/18,2017-08-20 00:00:00+00:00,,Huddersfield Town AFC,Newcastle United FC,1,0
2017/18,2017-08-20 00:00:00+00:00,,Tottenham Hotspur FC,Chelsea FC,1,2
2017/18,2017-08-21 00:00:00+00:00,,Manchester City FC,Everton FC,1,1
2017/18,2017-08-26 00:00:00+00:00,,Newcastle United FC,West Ham United FC,3,0
2017/18,2017-08-26 00:00:00+00:00,,Watford FC,Brighton & Hove Albion FC,0,0
2017/18,2017-08-26 00:00:00+00:00,,Manchester United FC,Leicester City FC,2,0
2017/18,2017-08-26 00:00:00+00:00,,Huddersfield Town AFC,Southampton FC,0,0
2017/18,2017-08-26 00:00:00+00:00,,Crystal Palace FC,Swansea City AFC,0,2
2017/18,2017-08-26 00:00:00+00:00,,AFC Bournemouth,Manchester City FC,1,2
2017/18,2017-08-27 00:00:00+00:00,,Chelsea FC,Everton FC,2,0
2017/18,2017-08-27 00:00:00+00:00,,Liverpool FC,Arsenal FC,4,0
2017/18,2017-08-27 00:00:00+00:00,,Tottenham Hotspur FC,Burnley FC,1,1
2017/18,2017-08-27 00:00:00+00:00,,West Bromwich Albion FC,Stoke City FC,1,1
2017/18,2017-09-09 00:00:00+00:00,,Stoke City FC,Manchester United FC,2,2
2017/18,2017-09-09 00:00:00+00:00,,Southampton FC,Watford FC,0,2
2017/18,2017-09-09 00:00:00+00:00,,Manchester City FC,Liverpool FC,5,0
2017/18,2017-09-09 00:00:00+00:00,,Leicester City FC,Chelsea FC,1,2
2017/18,2017-09-09 00:00:00+00:00,,Everton FC,Tottenham Hotspur FC,0,3
2017/18,2017-09-09 00:00:00+00:00,,Brighton & Hove Albion FC,West Bromwich Albion FC,3,1
2017/18,2017-09-09 00:00:00+00:00,,Arsenal FC,AFC Bournemouth,3,0
2017/18,2017-09-10 00:00:00+00:00,,Burnley FC,Crystal Palace FC,1,0
2017/18,2017-09-10 00:00:00+00:00,,Swansea City AFC,Newcastle United FC,0,1
2017/18,2017-09-11 00:00:00+00:00,,West Ham United FC,Huddersfield Town AFC,2,0
2017/18,2017-09-15 00:00:00+00:00,,AFC Bournemouth,Brighton & Hove Albion FC,2,1
2017/18,2017-09-16 00:00:00+00:00,,West Bromwich Albion FC,West Ham United FC,0,0
2017/18,2017-09-16 00:00:00+00:00,,Tottenham Hotspur FC,Swansea City AFC,0,0
2017/18,2017-09-16 00:00:00+00:00,,Newcastle United FC,Stoke City FC,2,1
2017/18,2017-09-16 00:00:00+00:00,,Watford FC,Manchester City FC,0,6
2017/18,2017-09-16 00:00:00+00:00,,Huddersfield Town AFC,Leicester City FC,1,1
2017/18,2017-09-16 00:00:00+00:00,,Crystal Palace FC,Southampton FC,0,1
2017/18,2017-09-16 00:00:00+00:00,,Liverpool FC,Burnley FC,1,1
2017/18,2017-09-17 00:00:00+00:00,,Chelsea FC,Arsenal FC,0,0
2017/18,2017-09-17 00:00:00+00:00,,Manchester United FC,Everton FC,4,0
2017/18,2017-09-23 00:00:00+00:00,,Stoke City FC,Chelsea FC,0,4
2017/18,2017-09-23 00:00:00+00:00,,Southampton FC,Manchester United FC,0,1
2017/18,2017-09-23 00:00:00+00:00,,Manchester City FC,Crystal Palace FC,5,0
2017/18,2017-09-23 00:00:00+00:00,,West Ham United FC,Tottenham Hotspur FC,2,3
2017/18,2017-09-23 00:00:00+00:00,,Everton FC,AFC Bournemouth,2,1
2017/18,2017-09-23 00:00:00+00:00,,Burnley FC,Huddersfield Town AFC,0,0
2017/18,2017-09-23 00:00:00+00:00,,Leicester City FC,Liverpool FC,2,3
2017/18,2017-09-23 00:00:00+00:00,,Swansea City AFC,Watford FC,1,2
2017/18,2017-09-24 00:00:00+00:00,,Brighton & Hove Albion FC,Newcastle United FC,1,0
2017/18,2017-09-25 00:00:00+00:00,,Arsenal FC,West Bromwich Albion FC,2,0
2017/18,2017-09-30 00:00:00+00:00,,West Ham United FC,Swansea City AFC,1,0
2017/18,2017-09-30 00:00:00+00:00,,AFC Bournemouth,Leicester City FC,0,0
2017/18,2017-09-30 00:00:00+00:00,,Chelsea FC,Manchester City FC,0,1
2017/18,2017-09-30 00:00:00+00:00,,Huddersfield Town AFC,Tottenham Hotspur FC,0,4
2017/18,2017-09-30 00:00:00+00:00,,Manchester United FC,Crystal Palace FC,4,0
2017/18,2017-09-30 00:00:00+00:00,,Stoke City FC,Southampton FC,2,1
2017/18,2017-09-30 00:00:00+00:00,,West Bromwich Albion FC,Watford FC,2,2
2017/18,2017-10-01 00:00:00+00:00,,Newcastle United FC,Liverpool FC,1,1
2017/18,2017-10-01 00:00:00+00:00,,Everton FC,Burnley FC,0,1
2017/18,2017-10-01 00:00:00+00:00,,Arsenal FC,Brighton & Hove Albion FC,2,0
2017/18,2017-10-14 00:00:00+00:00,,Burnley FC,West Ham United FC,1,1
2017/18,2017-10-14 00:00:00+00:00,,Crystal Palace FC,Chelsea FC,2,1
2017/18,2017-10-14 00:00:00+00:00,,Liverpool FC,Manchester United FC,0,0
2017/18,2017-10-14 00:00:00+00:00,,Manchester City FC,Stoke City FC,7,2
2017/18,2017-10-14 00:00:00+00:00,,Swansea City AFC,Huddersfield Town AFC,2,0
2017/18,2017-10-14 00:00:00+00:00,,Tottenham Hotspur FC,AFC Bournemouth,1,0
2017/18,2017-10-14 00:00:00+00:00,,Watford FC,Arsenal FC,2,1
2017/18,2017-10-15 00:00:00+00:00,,Brighton & Hove Albion FC,Everton FC,1,1
2017/18,2017-10-15 00:00:00+00:00,,Southampton FC,Newcastle United FC,2,2
2017/18,2017-10-16 00:00:00+00:00,,Leicester City FC,West Bromwich Albion FC,1,1
2017/18,2017-10-20 00:00:00+00:00,,West Ham United FC,Brighton & Hove Albion FC,0,3
2017/18,2017-10-21 00:00:00+00:00,,Chelsea FC,Watford FC,4,2
2017/18,2017-10-21 00:00:00+00:00,,Huddersfield Town AFC,Manchester United FC,2,1
2017/18,2017-10-21 00:00:00+00:00,,Manchester City FC,Burnley FC,3,0
2017/18,2017-10-21 00:00:00+00:00,,Newcastle United FC,Crystal Palace FC,1,0
2017/18,2017-10-21 00:00:00+00:00,,Southampton FC,West Bromwich Albion FC,1,0
2017/18,2017-10-21 00:00:00+00:00,,Stoke City FC,AFC Bournemouth,1,2
2017/18,2017-10-21 00:00:00+00:00,,Swansea City AFC,Leicester City FC,1,2
2017/18,2017-10-22 00:00:00+00:00,,Everton FC,Arsenal FC,2,5
2017/18,2017-10-22 00:00:00+00:00,,Tottenham Hotspur FC,Liverpool FC,4,1
2017/18,2017-10-28 00:00:00+00:00,,Watford FC,Stoke City FC,0,1
2017/18,2017-10-28 00:00:00+00:00,,West Bromwich Albion FC,Manchester City FC,2,3
2017/18,2017-10-28 00:00:00+00:00,,Manchester United FC,Tottenham Hotspur FC,1,0
2017/18,2017-10-28 00:00:00+00:00,,Crystal Palace FC,West Ham United FC,2,2
2017/18,2017-10-28 00:00:00+00:00,,Liverpool FC,Huddersfield Town AFC,3,0
2017/18,2017-10-28 00:00:00+00:00,,AFC Bournemouth,Chelsea FC,0,1
2017/18,2017-10-28 00:00:00+00:00,,Arsenal FC,Swansea City AFC,2,1
2017/18,2017-10-29 00:00:00+00:00,,Brighton & Hove Albion FC,Southampton FC,1,1
2017/18,2017-10-29 00:00:00+00:00,,Leicester City FC,Everton FC,2,0
2017/18,2017-10-30 00:00:00+00:00,,Burnley FC,Newcastle United FC,1,0
2017/18,2017-11-04 00:00:00+00:00,,West Ham United FC,Liverpool FC,1,4
2017/18,2017-11-04 00:00:00+00:00,,Swansea City AFC,Brighton & Hove Albion FC,0,1
2017/18,2017-11-04 00:00:00+00:00,,Stoke City FC,Leicester City FC,2,2
2017/18,2017-11-04 00:00:00+00:00,,Southampton FC,Burnley FC,0,1
2017/18,2017-11-04 00:00:00+00:00,,Newcastle United FC,AFC Bournemouth,0,1
2017/18,2017-11-04 00:00:00+00:00,,Huddersfield Town AFC,West Bromwich Albion FC,1,0
2017/18,2017-11-05 00:00:00+00:00,,Chelsea FC,Manchester United FC,1,0
2017/18,2017-11-05 00:00:00+00:00,,Everton FC,Watford FC,3,2
2017/18,2017-11-05 00:00:00+00:00,,Manchester City FC,Arsenal FC,3,1
2017/18,2017-11-05 00:00:00+00:00,,Tottenham Hotspur FC,Crystal Palace FC,1,0
2017/18,2017-11-18 00:00:00+00:00,,West Bromwich Albion FC,Chelsea FC,0,4
2017/18,2017-11-18 00:00:00+00:00,,Manchester United FC,Newcastle United FC,4,1
2017/18,2017-11-18 00:00:00+00:00,,Liverpool FC,Southampton FC,3,0
2017/18,2017-11-18 00:00:00+00:00,,Leicester City FC,Manchester City FC,0,2
2017/18,2017-11-18 00:00:00+00:00,,Burnley FC,Swansea City AFC,2,0
2017/18,2017-11-18 00:00:00+00:00,,AFC Bournemouth,Huddersfield Town AFC,4,0
2017/18,2017-11-18 00:00:00+00:00,,Arsenal FC,Tottenham Hotspur FC,2,0
2017/18,2017-11-18 00:00:00+00:00,,Crystal Palace FC,Everton FC,2,2
2017/18,2017-11-19 00:00:00+00:00,,Watford FC,West Ham United FC,2,0
2017/18,2017-11-20 00:00:00+00:00,,Brighton & Hove Albion FC,Stoke City FC,2,2
2017/18,2017-11-24 00:00:00+00:00,,West Ham United FC,Leicester City FC,1,1
2017/18,2017-11-25 00:00:00+00:00,,Manchester United FC,Brighton & Hove Albion FC,1,0
2017/18,2017-11-25 00:00:00+00:00,,Crystal Palace FC,Stoke City FC,2,1
2017/18,2017-11-25 00:00:00+00:00,,Liverpool FC,Chelsea FC,1,1
2017/18,2017-11-25 00:00:00+00:00,,Newcastle United FC,Watford FC,0,3
2017/18,2017-11-25 00:00:00+00:00,,Swansea City AFC,AFC Bournemouth,0,0
2017/18,2017-11-25 00:00:00+00:00,,Tottenham Hotspur FC,West Bromwich Albion FC,1,1
2017/18,2017-11-26 00:00:00+00:00,,Burnley FC,Arsenal FC,0,1
2017/18,2017-11-26 00:00:00+00:00,,Huddersfield Town AFC,Manchester City FC,1,2
2017/18,2017-11-26 00:00:00+00:00,,Southampton FC,Everton FC,4,1
2017/18,2017-11-28 00:00:00+00:00,,Brighton & Hove Albion FC,Crystal Palace FC,0,0
2017/18,2017-11-28 00:00:00+00:00,,Leicester City FC,Tottenham Hotspur FC,2,1
2017/18,2017-11-28 00:00:00+00:00,,West Bromwich Albion FC,Newcastle United FC,2,2
2017/18,2017-11-28 00:00:00+00:00,,Watford FC,Manchester United FC,2,4
2017/18,2017-11-29 00:00:00+00:00,,Manchester City FC,Southampton FC,2,1
2017/18,2017-11-29 00:00:00+00:00,,Stoke City FC,Liverpool FC,0,3
2017/18,2017-11-29 00:00:00+00:00,,Everton FC,West Ham United FC,4,0
2017/18,2017-11-29 00:00:00+00:00,,Chelsea FC,Swansea City AFC,1,0
2017/18,2017-11-29 00:00:00+00:00,,AFC Bournemouth,Burnley FC,1,2
2017/18,2017-11-29 00:00:00+00:00,,Arsenal FC,Huddersfield Town AFC,5,0
2017/18,2017-12-02 00:00:00+00:00,,West Bromwich Albion FC,Crystal Palace FC,0,0
2017/18,2017-12-02 00:00:00+00:00,,Stoke City FC,Swansea City AFC,2,1
2017/18,2017-12-02 00:00:00+00:00,,Leicester City FC,Burnley FC,1,0
2017/18,2017-12-02 00:00:00+00:00,,Everton FC,Huddersfield Town AFC,2,0
2017/18,2017-12-02 00:00:00+00:00,,Watford FC,Tottenham Hotspur FC,1,1
2017/18,2017-12-02 00:00:00+00:00,,Brighton & Hove Albion FC,Liverpool FC,1,5
2017/18,2017-12-02 00:00:00+00:00,,Arsenal FC,Manchester United FC,1,3
2017/18,2017-12-02 00:00:00+00:00,,Chelsea FC,Newcastle United FC,3,1
2017/18,2017-12-03 00:00:00+00:00,,AFC Bournemouth,Southampton FC,1,1
2017/18,2017-12-03 00:00:00+00:00,,Manchester City FC,West Ham United FC,2,1
2017/18,2017-12-09 00:00:00+00:00,,Tottenham Hotspur FC,Stoke City FC,5,1
2017/18,2017-12-09 00:00:00+00:00,,Burnley FC,Watford FC,1,0
2017/18,2017-12-09 00:00:00+00:00,,Crystal Palace FC,AFC Bournemouth,2,2
2017/18,2017-12-09 00:00:00+00:00,,Huddersfield Town AFC,Brighton & Hove Albion FC,2,0
2017/18,2017-12-09 00:00:00+00:00,,Newcastle United FC,Leicester City FC,2,3
2017/18,2017-12-09 00:00:00+00:00,,Swansea City AFC,West Bromwich Albion FC,1,0
2017/18,2017-12-09 00:00:00+00:00,,West Ham United FC,Chelsea FC,1,0
2017/18,2017-12-10 00:00:00+00:00,,Southampton FC,Arsenal FC,1,1
2017/18,2017-12-10 00:00:00+00:00,,Manchester United FC,Manchester City FC,1,2
2017/18,2017-12-10 00:00:00+00:00,,Liverpool FC,Everton FC,1,1
2017/18,2017-12-12 00:00:00+00:00,,Burnley FC,Stoke City FC,1,0
2017/18,2017-12-12 00:00:00+00:00,,Crystal Palace FC,Watford FC,2,1
2017/18,2017-12-12 00:00:00+00:00,,Huddersfield Town AFC,Chelsea FC,1,3
2017/18,2017-12-13 00:00:00+00:00,,West Ham United FC,Arsenal FC,0,0
2017/18,2017-12-13 00:00:00+00:00,,Tottenham Hotspur FC,Brighton & Hove Albion FC,2,0
2017/18,2017-12-13 00:00:00+00:00,,Southampton FC,Leicester City FC,1,4
2017/18,2017-12-13 00:00:00+00:00,,Swansea City AFC,Manchester City FC,0,4
2017/18,2017-12-13 00:00:00+00:00,,Manchester United FC,AFC Bournemouth,1,0
2017/18,2017-12-13 00:00:00+00:00,,Liverpool FC,West Bromwich Albion FC,0,0
2017/18,2017-12-13 00:00:00+00:00,,Newcastle United FC,Everton FC,0,1
2017/18,2017-12-16 00:00:00+00:00,,Watford FC,Huddersfield Town AFC,1,4
2017/18,2017-12-16 00:00:00+00:00,,Arsenal FC,Newcastle United FC,1,0
2017/18,2017-12-16 00:00:00+00:00,,Brighton & Hove Albion FC,Burnley FC,0,0
2017/18,2017-12-16 00:00:00+00:00,,Chelsea FC,Southampton FC,1,0
2017/18,2017-12-16 00:00:00+00:00,,Leicester City FC,Crystal Palace FC,0,3
2017/18,2017-12-16 00:00:00+00:00,,Manchester City FC,Tottenham Hotspur FC,4,1
2017/18,2017-12-16 00:00:00+00:00,,Stoke City FC,West Ham United FC,0,3
2017/18,2017-12-17 00:00:00+00:00,,West Bromwich Albion FC,Manchester United FC,1,2
2017/18,2017-12-17 00:00:00+00:00,,AFC Bournemouth,Liverpool FC,0,4
2017/18,2017-12-18 00:00:00+00:00,,Everton FC,Swansea City AFC,3,1
2017/18,2017-12-22 00:00:00+00:00,,Arsenal FC,Liverpool FC,3,3
2017/18,2017-12-23 00:00:00+00:00,,Southampton FC,Huddersfield Town AFC,1,1
2017/18,2017-12-23 00:00:00+00:00,,Stoke City FC,West Bromwich Albion FC,3,1
2017/18,2017-12-23 00:00:00+00:00,,Manchester City FC,AFC Bournemouth,4,0
2017/18,2017-12-23 00:00:00+00:00,,Leicester City FC,Manchester United FC,2,2
2017/18,2017-12-23 00:00:00+00:00,,Swansea City AFC,Crystal Palace FC,1,1
2017/18,2017-12-23 00:00:00+00:00,,Burnley FC,Tottenham Hotspur FC,0,3
2017/18,2017-12-23 00:00:00+00:00,,Everton FC,Chelsea FC,0,0
2017/18,2017-12-23 00:00:00+00:00,,West Ham United FC,Newcastle United FC,2,3
2017/18,2017-12-23 00:00:00+00:00,,Brighton & Hove Albion FC,Watford FC,1,0
2017/18,2017-12-26 00:00:00+00:00,,AFC Bournemouth,West Ham United FC,3,3
2017/18,2017-12-26 00:00:00+00:00,,West Bromwich Albion FC,Everton FC,0,0
2017/18,2017-12-26 00:00:00+00:00,,Watford FC,Leicester City FC,2,1
2017/18,2017-12-26 00:00:00+00:00,,Chelsea FC,Brighton & Hove Albion FC,2,0
2017/18,2017-12-26 00:00:00+00:00,,Manchester United FC,Burnley FC,2,2
2017/18,2017-12-26 00:00:00+00:00,,Liverpool FC,Swansea City AFC,5,0
2017/18,2017-12-26 00:00:00+00:00,,Huddersfield Town AFC,Stoke City FC,1,1
2017/18,2017-12-26 00:00:00+00:00,,Tottenham Hotspur FC,Southampton FC,5,2
2017/18,2017-12-27 00:00:00+00:00,,Newcastle United FC,Manchester City FC,0,1
2017/18,2017-12-28 00:00:00+00:00,,Crystal Palace FC,Arsenal FC,2,3
2017/18,2017-12-30 00:00:00+00:00,,Newcastle United FC,Brighton & Hove Albion FC,0,0
2017/18,2017-12-30 00:00:00+00:00,,Manchester United FC,Southampton FC,0,0
2017/18,2017-12-30 00:00:00+00:00,,Watford FC,Swansea City AFC,1,2
2017/18,2017-12-30 00:00:00+00:00,,Huddersfield Town AFC,Burnley FC,0,0
2017/18,2017-12-30 00:00:00+00:00,,Chelsea FC,Stoke City FC,5,0
2017/18,2017-12-30 00:00:00+00:00,,AFC Bournemouth,Everton FC,2,1
2017/18,2017-12-30 00:00:00+00:00,,Liverpool FC,Leicester City FC,2,1
2017/18,2017-12-31 00:00:00+00:00,,Crystal Palace FC,Manchester City FC,0,0
2017/18,2017-12-31 00:00:00+00:00,,West Bromwich Albion FC,Arsenal FC,1,1
2017/18,2018-01-01 00:00:00+00:00,,Brighton & Hove Albion FC,AFC Bournemouth,2,2
2017/18,2018-01-01 00:00:00+00:00,,Burnley FC,Liverpool FC,1,2
2017/18,2018-01-01 00:00:00+00:00,,Everton FC,Manchester United FC,0,2
2017/18,2018-01-01 00:00:00+00:00,,Leicester City FC,Huddersfield Town AFC,3,0
2017/18,2018-01-01 00:00:00+00:00,,Stoke City FC,Newcastle United FC,0,1
2017/18,2018-01-02 00:00:00+00:00,,West Ham United FC,West Bromwich Albion FC,2,1
2017/18,2018-01-02 00:00:00+00:00,,Manchester City FC,Watford FC,3,1
2017/18,2018-01-02 00:00:00+00:00,,Southampton FC,Crystal Palace FC,1,2
2017/18,2018-01-02 00:00:00+00:00,,Swansea City AFC,Tottenham Hotspur FC,0,2
2017/18,2018-01-03 00:00:00+00:00,,Arsenal FC,Chelsea FC,2,2
2017/18,2018-01-04 00:00:00+00:00,,Tottenham Hotspur FC,West Ham United FC,1,1
2017/18,2018-01-13 00:00:00+00:00,,Chelsea FC,Leicester City FC,0,0
2017/18,2018-01-13 00:00:00+00:00,,Crystal Palace FC,Burnley FC,1,0
2017/18,2018-01-13 00:00:00+00:00,,Huddersfield Town AFC,West Ham United FC,1,4
2017/18,2018-01-13 00:00:00+00:00,,Newcastle United FC,Swansea City AFC,1,1
2017/18,2018-01-13 00:00:00+00:00,,Tottenham Hotspur FC,Everton FC,4,0
2017/18,2018-01-13 00:00:00+00:00,,Watford FC,Southampton FC,2,2
2017/18,2018-01-13 00:00:00+00:00,,West Bromwich Albion FC,Brighton & Hove Albion FC,2,0
2017/18,2018-01-14 00:00:00+00:00,,AFC Bournemouth,Arsenal FC,2,1
2017/18,2018-01-14 00:00:00+00:00,,Liverpool FC,Manchester City FC,4,3
2017/18,2018-01-15 00:00:00+00:00,,Manchester United FC,Stoke City FC,3,0
2017/18,2018-01-20 00:00:00+00:00,,West Ham United FC,AFC Bournemouth,1,1
2017/18,2018-01-20 00:00:00+00:00,,Manchester City FC,Newcastle United FC,3,1
2017/18,2018-01-20 00:00:00+00:00,,Stoke City FC,Huddersfield Town AFC,2,0
2017/18,2018-01-20 00:00:00+00:00,,Everton FC,West Bromwich Albion FC,1,1
2017/18,2018-01-20 00:00:00+00:00,,Burnley FC,Manchester United FC,0,1
2017/18,2018-01-20 00:00:00+00:00,,Brighton & Hove Albion FC,Chelsea FC,0,4
2017/18,2018-01-20 00:00:00+00:00,,Arsenal FC,Crystal Palace FC,4,1
2017/18,2018-01-20 00:00:00+00:00,,Leicester City FC,Watford FC,2,0
2017/18,2018-01-21 00:00:00+00:00,,Southampton FC,Tottenham Hotspur FC,1,1
2017/18,2018-01-22 00:00:00+00:00,,Swansea City AFC,Liverpool FC,1,0
2017/18,2018-01-30 00:00:00+00:00,,West Ham United FC,Crystal Palace FC,1,1
2017/18,2018-01-30 00:00:00+00:00,,Swansea City AFC,Arsenal FC,3,1
2017/18,2018-01-30 00:00:00+00:00,,Huddersfield Town AFC,Liverpool FC,0,3
2017/18,2018-01-31 00:00:00+00:00,,Manchester City FC,West Bromwich Albion FC,3,0
2017/18,2018-01-31 00:00:00+00:00,,Newcastle United FC,Burnley FC,1,1
2017/18,2018-01-31 00:00:00+00:00,,Southampton FC,Brighton & Hove Albion FC,1,1
2017/18,2018-01-31 00:00:00+00:00,,Stoke City FC,Watford FC,0,0
2017/18,2018-01-31 00:00:00+00:00,,Tottenham Hotspur FC,Manchester United FC,2,0
2017/18,2018-01-31 00:00:00+00:00,,Chelsea FC,AFC Bournemouth,0,3
2017/18,2018-01-31 00:00:00+00:00,,Everton FC,Leicester City FC,2,1
2017/18,2018-02-03 00:00:00+00:00,,AFC Bournemouth,Stoke City FC,2,1
2017/18,2018-02-03 00:00:00+00:00,,Brighton & Hove Albion FC,West Ham United FC,3,1
2017/18,2018-02-03 00:00:00+00:00,,Burnley FC,Manchester City FC,1,1
2017/18,2018-02-03 00:00:00+00:00,,Leicester City FC,Swansea City AFC,1,1
2017/18,2018-02-03 00:00:00+00:00,,Manchester United FC,Huddersfield Town AFC,2,0
2017/18,2018-02-03 00:00:00+00:00,,West Bromwich Albion FC,Southampton FC,2,3
2017/18,2018-02-03 00:00:00+00:00,,Arsenal FC,Everton FC,5,1
2017/18,2018-02-04 00:00:00+00:00,,Liverpool FC,Tottenham Hotspur FC,2,2
2017/18,2018-02-04 00:00:00+00:00,,Crystal Palace FC,Newcastle United FC,1,1
2017/18,2018-02-05 00:00:00+00:00,,Watford FC,Chelsea FC,4,1
2017/18,2018-02-10 00:00:00+00:00,,Everton FC,Crystal Palace FC,3,1
2017/18,2018-02-10 00:00:00+00:00,,West Ham United FC,Watford FC,2,0
2017/18,2018-02-10 00:00:00+00:00,,Stoke City FC,Brighton & Hove Albion FC,1,1
2017/18,2018-02-10 00:00:00+00:00,,Swansea City AFC,Burnley FC,1,0
2017/18,2018-02-10 00:00:00+00:00,,Manchester City FC,Leicester City FC,5,1
2017/18,2018-02-10 00:00:00+00:00,,Tottenham Hotspur FC,Arsenal FC,1,0
2017/18,2018-02-11 00:00:00+00:00,,Huddersfield Town AFC,AFC Bournemouth,4,1
2017/18,2018-02-11 00:00:00+00:00,,Newcastle United FC,Manchester United FC,1,0
2017/18,2018-02-11 00:00:00+00:00,,Southampton FC,Liverpool FC,0,2
2017/18,2018-02-12 00:00:00+00:00,,Chelsea FC,West Bromwich Albion FC,3,0
2017/18,2018-02-24 00:00:00+00:00,,West Bromwich Albion FC,Huddersfield Town AFC,1,2
2017/18,2018-02-24 00:00:00+00:00,,Watford FC,Everton FC,1,0
2017/18,2018-02-24 00:00:00+00:00,,Leicester City FC,Stoke City FC,1,1
2017/18,2018-02-24 00:00:00+00:00,,Burnley FC,Southampton FC,1,1
2017/18,2018-02-24 00:00:00+00:00,,AFC Bournemouth,Newcastle United FC,2,2
2017/18,2018-02-24 00:00:00+00:00,,Liverpool FC,West Ham United FC,4,1
2017/18,2018-02-24 00:00:00+00:00,,Brighton & Hove Albion FC,Swansea City AFC,4,1
2017/18,2018-02-25 00:00:00+00:00,,Crystal Palace FC,Tottenham Hotspur FC,0,1
2017/18,2018-02-25 00:00:00+00:00,,Manchester United FC,Chelsea FC,2,1
2017/18,2018-03-01 00:00:00+00:00,,Arsenal FC,Manchester City FC,0,3
2017/18,2018-03-03 00:00:00+00:00,,Watford FC,West Bromwich Albion FC,1,0
2017/18,2018-03-03 00:00:00+00:00,,Tottenham Hotspur FC,Huddersfield Town AFC,2,0
2017/18,2018-03-03 00:00:00+00:00,,Liverpool FC,Newcastle United FC,2,0
2017/18,2018-03-03 00:00:00+00:00,,Southampton FC,Stoke City FC,0,0
2017/18,2018-03-03 00:00:00+00:00,,Swansea City AFC,West Ham United FC,4,1
2017/18,2018-03-03 00:00:00+00:00,,Leicester City FC,AFC Bournemouth,1,1
2017/18,2018-03-03 00:00:00+00:00,,Burnley FC,Everton FC,2,1
2017/18,2018-03-04 00:00:00+00:00,,Brighton & Hove Albion FC,Arsenal FC,2,1
2017/18,2018-03-04 00:00:00+00:00,,Manchester City FC,Chelsea FC,1,0
2017/18,2018-03-05 00:00:00+00:00,,Crystal Palace FC,Manchester United FC,2,3
2017/18,2018-03-10 00:00:00+00:00,,Chelsea FC,Crystal Palace FC,2,1
2017/18,2018-03-10 00:00:00+00:00,,Everton FC,Brighton & Hove Albion FC,2,0
2017/18,2018-03-10 00:00:00+00:00,,Huddersfield Town AFC,Swansea City AFC,0,0
2017/18,2018-03-10 00:00:00+00:00,,Manchester United FC,Liverpool FC,2,1
2017/18,2018-03-10 00:00:00+00:00,,Newcastle United FC,Southampton FC,3,0
2017/18,2018-03-10 00:00:00+00:00,,West Bromwich Albion FC,Leicester City FC,1,4
2017/18,2018-03-10 00:00:00+00:00,,West Ham United FC,Burnley FC,0,3
2017/18,2018-03-11 00:00:00+00:00,,AFC Bournemouth,Tottenham Hotspur FC,1,4
2017/18,2018-03-11 00:00:00+00:00,,Arsenal FC,Watford FC,3,0
2017/18,2018-03-12 00:00:00+00:00,,Stoke City FC,Manchester City FC,0,2
2017/18,2018-03-17 00:00:00+00:00,,AFC Bournemouth,West Bromwich Albion FC,2,1
2017/18,2018-03-17 00:00:00+00:00,,Huddersfield Town AFC,Crystal Palace FC,0,2
2017/18,2018-03-17 00:00:00+00:00,,Liverpool FC,Watford FC,5,0
2017/18,2018-03-17 00:00:00+00:00,,Stoke City FC,Everton FC,1,2
2017/18,2018-03-31 00:00:00+00:00,,West Bromwich Albion FC,Burnley FC,1,2
2017/18,2018-03-31 00:00:00+00:00,,Newcastle United FC,Huddersfield Town AFC,1,0
2017/18,2018-03-31 00:00:00+00:00,,West Ham United FC,Southampton FC,3,0
2017/18,2018-03-31 00:00:00+00:00,,Everton FC,Manchester City FC,1,3
2017/18,2018-03-31 00:00:00+00:00,,Manchester United FC,Swansea City AFC,2,0
2017/18,2018-03-31 00:00:00+00:00,,Watford FC,AFC Bournemouth,2,2
2017/18,2018-03-31 00:00:00+00:00,,Brighton & Hove Albion FC,Leicester City FC,0,2
2017/18,2018-03-31 00:00:00+00:00,,Crystal Palace FC,Liverpool FC,1,2
2017/18,2018-04-01 00:00:00+00:00,,Arsenal FC,Stoke City FC,3,0
2017/18,2018-04-01 00:00:00+00:00,,Chelsea FC,Tottenham Hotspur FC,1,3
2017/18,2018-04-07 00:00:00+00:00,,West Bromwich Albion FC,Swansea City AFC,1,1
2017/18,2018-04-07 00:00:00+00:00,,Stoke City FC,Tottenham Hotspur FC,1,2
2017/18,2018-04-07 00:00:00+00:00,,Watford FC,Burnley FC,1,2
2017/18,2018-04-07 00:00:00+00:00,,Leicester City FC,Newcastle United FC,1,2
2017/18,2018-04-07 00:00:00+00:00,,Everton FC,Liverpool FC,0,0
2017/18,2018-04-07 00:00:00+00:00,,Brighton & Hove Albion FC,Huddersfield Town AFC,1,1
2017/18,2018-04-07 00:00:00+00:00,,AFC Bournemouth,Crystal Palace FC,2,2
2017/18,2018-04-07 00:00:00+00:00,,Manchester City FC,Manchester United FC,2,3
2017/18,2018-04-08 00:00:00+00:00,,Chelsea FC,West Ham United FC,1,1
2017/18,2018-04-08 00:00:00+00:00,,Arsenal FC,Southampton FC,3,2
2017/18,2018-04-14 00:00:00+00:00,,Burnley FC,Leicester City FC,2,1
2017/18,2018-04-14 00:00:00+00:00,,Crystal Palace FC,Brighton & Hove Albion FC,3,2
2017/18,2018-04-14 00:00:00+00:00,,Huddersfield Town AFC,Watford FC,1,0
2017/18,2018-04-14 00:00:00+00:00,,Liverpool FC,AFC Bournemouth,3,0
2017/18,2018-04-14 00:00:00+00:00,,Southampton FC,Chelsea FC,2,3
2017/18,2018-04-14 00:00:00+00:00,,Swansea City AFC,Everton FC,1,1
2017/18,2018-04-14 00:00:00+00:00,,Tottenham Hotspur FC,Manchester City FC,1,3
2017/18,2018-04-15 00:00:00+00:00,,Newcastle United FC,Arsenal FC,2,1
2017/18,2018-04-15 00:00:00+00:00,,Manchester United FC,West Bromwich Albion FC,0,1
2017/18,2018-04-16 00:00:00+00:00,,West Ham United FC,Stoke City FC,1,1
2017/18,2018-04-17 00:00:00+00:00,,Brighton & Hove Albion FC,Tottenham Hotspur FC,1,1
2017/18,2018-04-18 00:00:00+00:00,,AFC Bournemouth,Manchester United FC,0,2
2017/18,2018-04-19 00:00:00+00:00,,Leicester City FC,Southampton FC,0,0
2017/18,2018-04-19 00:00:00+00:00,,Burnley FC,Chelsea FC,1,2
2017/18,2018-04-21 00:00:00+00:00,,West Bromwich Albion FC,Liverpool FC,2,2
2017/18,2018-04-21 00:00:00+00:00,,Watford FC,Crystal Palace FC,0,0
2017/18,2018-04-22 00:00:00+00:00,,Arsenal FC,West Ham United FC,4,1
2017/18,2018-04-22 00:00:00+00:00,,Manchester City FC,Swansea City AFC,5,0
2017/18,2018-04-22 00:00:00+00:00,,Stoke City FC,Burnley FC,1,1
2017/18,2018-04-23 00:00:00+00:00,,Everton FC,Newcastle United FC,1,0
2017/18,2018-04-28 00:00:00+00:00,,Swansea City AFC,Chelsea FC,0,1
2017/18,2018-04-28 00:00:00+00:00,,Newcastle United FC,West Bromwich Albion FC,0,1
2017/18,2018-04-28 00:00:00+00:00,,Southampton FC,AFC Bournemouth,2,1
2017/18,2018-04-28 00:00:00+00:00,,Crystal Palace FC,Leicester City FC,5,0
2017/18,2018-04-28 00:00:00+00:00,,Burnley FC,Brighton & Hove Albion FC,0,0
2017/18,2018-04-28 00:00:00+00:00,,Huddersfield Town AFC,Everton FC,0,2
2017/18,2018-04-28 00:00:00+00:00,,Liverpool FC,Stoke City FC,0,0
2017/18,2018-04-29 00:00:00+00:00,,Manchester United FC,Arsenal FC,2,1
2017/18,2018-04-29 00:00:00+00:00,,West Ham United FC,Manchester City FC,1,4
2017/18,2018-04-30 00:00:00+00:00,,Tottenham Hotspur FC,Watford FC,2,0
2017/18,2018-05-04 00:00:00+00:00,,Brighton & Hove Albion FC,Manchester United FC,1,0
2017/18,2018-05-05 00:00:00+00:00,,West Bromwich Albion FC,Tottenham Hotspur FC,1,0
2017/18,2018-05-05 00:00:00+00:00,,Watford FC,Newcastle United FC,2,1
2017/18,2018-05-05 00:00:00+00:00,,Stoke City FC,Crystal Palace FC,1,2
2017/18,2018-05-05 00:00:00+00:00,,AFC Bournemouth,Swansea City AFC,1,0
2017/18,2018-05-05 00:00:00+00:00,,Everton FC,Southampton FC,1,1
2017/18,2018-05-05 00:00:00+00:00,,Leicester City FC,West Ham United FC,0,2
2017/18,2018-05-06 00:00:00+00:00,,Manchester City FC,Huddersfield Town AFC,0,0
2017/18,2018-05-06 00:00:00+00:00,,Arsenal FC,Burnley FC,5,0
2017/18,2018-05-06 00:00:00+00:00,,Chelsea FC,Liverpool FC,1,0
2017/18,2018-05-08 00:00:00+00:00,,Swansea City AFC,Southampton FC,0,1
2017/18,2018-05-09 00:00:00+00:00,,Chelsea FC,Huddersfield Town AFC,1,1
2017/18,2018-05-09 00:00:00+00:00,,Leicester City FC,Arsenal FC,3,1
2017/18,2018-05-09 00:00:00+00:00,,Manchester City FC,Brighton & Hove Albion FC,3,1
2017/18,2018-05-09 00:00:00+00:00,,Tottenham Hotspur FC,Newcastle United FC,1,0
2017/18,2018-05-10 00:00:00+00:00,,West Ham United FC,Manchester United FC,0,0
2017/18,2018-05-13 00:00:00+00:00,,Tottenham Hotspur FC,Leicester City FC,5,4
2017/18,2018-05-13 00:00:00+00:00,,Swansea City AFC,Stoke City FC,1,2
2017/18,2018-05-13 00:00:00+00:00,,Southampton FC,Manchester City FC,0,1
2017/18,2018-05-13 00:00:00+00:00,,Crystal Palace FC,West Bromwich Albion FC,2,0
2017/18,2018-05-13 00:00:00+00:00,,Manchester United FC,Watford FC,1,0
2017/18,2018-05-13 00:00:00+00:00,,Liverpool FC,Brighton & Hove Albion FC,4,0
2017/18,2018-05-13 00:00:00+00:00,,Huddersfield Town AFC,Arsenal FC,0,1
2017/18,2018-05-13 00:00:00+00:00,,Newcastle United FC,Chelsea FC,3,0
2017/18,2018-05-13 00:00:00+00:00,,Burnley FC,AFC Bournemouth,1,2
2017/18,2018-05-13 00:00:00+00:00,,West Ham United FC,Everton FC,3,1
2018/19,2018-08-10 00:00:00+00:00,,Manchester United FC,Leicester City FC,2,1
2018/19,2018-08-11 00:00:00+00:00,,AFC Bournemouth,Cardiff City FC,2,0
2018/19,2018-08-11 00:00:00+00:00,,Fulham FC,Crystal Palace FC,0,2
2018/19,2018-08-11 00:00:00+00:00,,Huddersfield Town AFC,Chelsea FC,0,3
2018/19,2018-08-11 00:00:00+00:00,,Newcastle United FC,Tottenham Hotspur FC,1,2
2018/19,2018-08-11 00:00:00+00:00,,Watford FC,Brighton & Hove Albion FC,2,0
2018/19,2018-08-11 00:00:00+00:00,,Wolverhampton Wanderers FC,Everton FC,2,2
2018/19,2018-08-12 00:00:00+00:00,,Arsenal FC,Manchester City FC,0,2
2018/19,2018-08-12 00:00:00+00:00,,Liverpool FC,West Ham United FC,4,0
2018/19,2018-08-12 00:00:00+00:00,,Southampton FC,Burnley FC,0,0
2018/19,2018-08-18 00:00:00+00:00,,Tottenham Hotspur FC,Fulham FC,3,1
2018/19,2018-08-18 00:00:00+00:00,,West Ham United FC,AFC Bournemouth,1,2
2018/19,2018-08-18 00:00:00+00:00,,Cardiff City FC,Newcastle United FC,0,0
2018/19,2018-08-18 00:00:00+00:00,,Chelsea FC,Arsenal FC,3,2
2018/19,2018-08-18 00:00:00+00:00,,Everton FC,Southampton FC,2,1
2018/19,2018-08-18 00:00:00+00:00,,Leicester City FC,Wolverhampton Wanderers FC,2,0
2018/19,2018-08-19 00:00:00+00:00,,Burnley FC,Watford FC,1,3
2018/19,2018-08-19 00:00:00+00:00,,Manchester City FC,Huddersfield Town AFC,6,1
2018/19,2018-08-19 00:00:00+00:00,,Brighton & Hove Albion FC,Manchester United FC,3,2
2018/19,2018-08-20 00:00:00+00:00,,Crystal Palace FC,Liverpool FC,0,2
2018/19,2018-08-25 00:00:00+00:00,,Arsenal FC,West Ham United FC,3,1
2018/19,2018-08-25 00:00:00+00:00,,AFC Bournemouth,Everton FC,2,2
2018/19,2018-08-25 00:00:00+00:00,,Huddersfield Town AFC,Cardiff City FC,0,0
2018/19,2018-08-25 00:00:00+00:00,,Liverpool FC,Brighton & Hove Albion FC,1,0
2018/19,2018-08-25 00:00:00+00:00,,Southampton FC,Leicester City FC,1,2
2018/19,2018-08-25 00:00:00+00:00,,Wolverhampton Wanderers FC,Manchester City FC,1,1
2018/19,2018-08-26 00:00:00+00:00,,Newcastle United FC,Chelsea FC,1,2
2018/19,2018-08-26 00:00:00+00:00,,Watford FC,Crystal Palace FC,2,1
2018/19,2018-08-26 00:00:00+00:00,,Fulham FC,Burnley FC,4,2
2018/19,2018-08-27 00:00:00+00:00,,Manchester United FC,Tottenham Hotspur FC,0,3
2018/19,2018-09-01 00:00:00+00:00,,West Ham United FC,Wolverhampton Wanderers FC,0,1
2018/19,2018-09-01 00:00:00+00:00,,Manchester City FC,Newcastle United FC,2,1
2018/19,2018-09-01 00:00:00+00:00,,Brighton & Hove Albion FC,Fulham FC,2,2
2018/19,2018-09-01 00:00:00+00:00,,Chelsea FC,AFC Bournemouth,2,0
2018/19,2018-09-01 00:00:00+00:00,,Crystal Palace FC,Southampton FC,0,2
2018/19,2018-09-01 00:00:00+00:00,,Everton FC,Huddersfield Town AFC,1,1
2018/19,2018-09-01 00:00:00+00:00,,Leicester City FC,Liverpool FC,1,2
2018/19,2018-09-02 00:00:00+00:00,,Watford FC,Tottenham Hotspur FC,2,1
2018/19,2018-09-02 00:00:00+00:00,,Cardiff City FC,Arsenal FC,2,3
2018/19,2018-09-02 00:00:00+00:00,,Burnley FC,Manchester United FC,0,2
2018/19,2018-09-15 00:00:00+00:00,,Newcastle United FC,Arsenal FC,1,2
2018/19,2018-09-15 00:00:00+00:00,,Watford FC,Manchester United FC,1,2
2018/19,2018-09-15 00:00:00+00:00,,Tottenham Hotspur FC,Liverpool FC,1,2
2018/19,2018-09-15 00:00:00+00:00,,Manchester City FC,Fulham FC,3,0
2018/19,2018-09-15 00:00:00+00:00,,Chelsea FC,Cardiff City FC,4,1
2018/19,2018-09-15 00:00:00+00:00,,AFC Bournemouth,Leicester City FC,4,2
2018/19,2018-09-15 00:00:00+00:00,,Huddersfield Town AFC,Crystal Palace FC,0,1
2018/19,2018-09-16 00:00:00+00:00,,Everton FC,West Ham United FC,1,3
2018/19,2018-09-16 00:00:00+00:00,,Wolverhampton Wanderers FC,Burnley FC,1,0
2018/19,2018-09-17 00:00:00+00:00,,Southampton FC,Brighton & Hove Albion FC,2,2
2018/19,2018-09-22 00:00:00+00:00,,Cardiff City FC,Manchester City FC,0,5
2018/19,2018-09-22 00:00:00+00:00,,Brighton & Hove Albion FC,Tottenham Hotspur FC,1,2
2018/19,2018-09-22 00:00:00+00:00,,Burnley FC,AFC Bournemouth,4,0
2018/19,2018-09-22 00:00:00+00:00,,Crystal Palace FC,Newcastle United FC,0,0
2018/19,2018-09-22 00:00:00+00:00,,Fulham FC,Watford FC,1,1
2018/19,2018-09-22 00:00:00+00:00,,Leicester City FC,Huddersfield Town AFC,3,1
2018/19,2018-09-22 00:00:00+00:00,,Liverpool FC,Southampton FC,3,0
2018/19,2018-09-22 00:00:00+00:00,,Manchester United FC,Wolverhampton Wanderers FC,1,1
2018/19,2018-09-23 00:00:00+00:00,,West Ham United FC,Chelsea FC,0,0
2018/19,2018-09-23 00:00:00+00:00,,Arsenal FC,Everton FC,2,0
2018/19,2018-09-29 00:00:00+00:00,,Newcastle United FC,Leicester City FC,0,2
2018/19,2018-09-29 00:00:00+00:00,,Manchester City FC,Brighton & Hove Albion FC,2,0
2018/19,2018-09-29 00:00:00+00:00,,Wolverhampton Wanderers FC,Southampton FC,2,0
2018/19,2018-09-29 00:00:00+00:00,,West Ham United FC,Manchester United FC,3,1
2018/19,2018-09-29 00:00:00+00:00,,Huddersfield Town AFC,Tottenham Hotspur FC,0,2
2018/19,2018-09-29 00:00:00+00:00,,Chelsea FC,Liverpool FC,1,1
2018/19,2018-09-29 00:00:00+00:00,,Arsenal FC,Watford FC,2,0
2018/19,2018-09-29 00:00:00+00:00,,Everton FC,Fulham FC,3,0
2018/19,2018-09-30 00:00:00+00:00,,Cardiff City FC,Burnley FC,1,2
2018/19,2018-10-01 00:00:00+00:00,,AFC Bournemouth,Crystal Palace FC,2,1
2018/19,2018-10-05 00:00:00+00:00,,Brighton & Hove Albion FC,West Ham United FC,1,0
2018/19,2018-10-06 00:00:00+00:00,,Crystal Palace FC,Wolverhampton Wanderers FC,0,1
2018/19,2018-10-06 00:00:00+00:00,,Burnley FC,Huddersfield Town AFC,1,1
2018/19,2018-10-06 00:00:00+00:00,,Leicester City FC,Everton FC,1,2
2018/19,2018-10-06 00:00:00+00:00,,Manchester United FC,Newcastle United FC,3,2
2018/19,2018-10-06 00:00:00+00:00,,Tottenham Hotspur FC,Cardiff City FC,1,0
2018/19,2018-10-06 00:00:00+00:00,,Watford FC,AFC Bournemouth,0,4
2018/19,2018-10-07 00:00:00+00:00,,Liverpool FC,Manchester City FC,0,0
2018/19,2018-10-07 00:00:00+00:00,,Fulham FC,Arsenal FC,1,5
2018/19,2018-10-07 00:00:00+00:00,,Southampton FC,Chelsea FC,0,3
2018/19,2018-10-20 00:00:00+00:00,,Chelsea FC,Manchester United FC,2,2
2018/19,2018-10-20 00:00:00+00:00,,Huddersfield Town AFC,Liverpool FC,0,1
2018/19,2018-10-20 00:00:00+00:00,,Cardiff City FC,Fulham FC,4,2
2018/19,2018-10-20 00:00:00+00:00,,Manchester City FC,Burnley FC,5,0
2018/19,2018-10-20 00:00:00+00:00,,Wolverhampton Wanderers FC,Watford FC,0,2
2018/19,2018-10-20 00:00:00+00:00,,West Ham United FC,Tottenham Hotspur FC,0,1
2018/19,2018-10-20 00:00:00+00:00,,AFC Bournemouth,Southampton FC,0,0
2018/19,2018-10-20 00:00:00+00:00,,Newcastle United FC,Brighton & Hove Albion FC,0,1
2018/19,2018-10-21 00:00:00+00:00,,Everton FC,Crystal Palace FC,2,0
2018/19,2018-10-22 00:00:00+00:00,,Arsenal FC,Leicester City FC,3,1
2018/19,2018-10-27 00:00:00+00:00,,Watford FC,Huddersfield Town AFC,3,0
2018/19,2018-10-27 00:00:00+00:00,,Southampton FC,Newcastle United FC,0,0
2018/19,2018-10-27 00:00:00+00:00,,Liverpool FC,Cardiff City FC,4,1
2018/19,2018-10-27 00:00:00+00:00,,Leicester City FC,West Ham United FC,1,1
2018/19,2018-10-27 00:00:00+00:00,,Brighton & Hove Albion FC,Wolverhampton Wanderers FC,1,0
2018/19,2018-10-27 00:00:00+00:00,,Fulham FC,AFC Bournemouth,0,3
2018/19,2018-10-28 00:00:00+00:00,,Burnley FC,Chelsea FC,0,4
2018/19,2018-10-28 00:00:00+00:00,,Crystal Palace FC,Arsenal FC,2,2
2018/19,2018-10-28 00:00:00+00:00,,Manchester United FC,Everton FC,2,1
2018/19,2018-10-29 00:00:00+00:00,,Tottenham Hotspur FC,Manchester City FC,0,1
2018/19,2018-11-03 00:00:00+00:00,,Cardiff City FC,Leicester City FC,0,1
2018/19,2018-11-03 00:00:00+00:00,,Arsenal FC,Liverpool FC,1,1
2018/19,2018-11-03 00:00:00+00:00,,AFC Bournemouth,Manchester United FC,1,2
2018/19,2018-11-03 00:00:00+00:00,,Everton FC,Brighton & Hove Albion FC,3,1
2018/19,2018-11-03 00:00:00+00:00,,Newcastle United FC,Watford FC,1,0
2018/19,2018-11-03 00:00:00+00:00,,West Ham United FC,Burnley FC,4,2
2018/19,2018-11-03 00:00:00+00:00,,Wolverhampton Wanderers FC,Tottenham Hotspur FC,2,3
2018/19,2018-11-04 00:00:00+00:00,,Manchester City FC,Southampton FC,6,1
2018/19,2018-11-04 00:00:00+00:00,,Chelsea FC,Crystal Palace FC,3,1
2018/19,2018-11-05 00:00:00+00:00,,Huddersfield Town AFC,Fulham FC,1,0
2018/19,2018-11-10 00:00:00+00:00,,Huddersfield Town AFC,West Ham United FC,1,1
2018/19,2018-11-10 00:00:00+00:00,,Southampton FC,Watford FC,1,1
2018/19,2018-11-10 00:00:00+00:00,,Newcastle United FC,AFC Bournemouth,2,1
2018/19,2018-11-10 00:00:00+00:00,,Leicester City FC,Burnley FC,0,0
2018/19,2018-11-10 00:00:00+00:00,,Cardiff City FC,Brighton & Hove Albion FC,2,1
2018/19,2018-11-10 00:00:00+00:00,,Crystal Palace FC,Tottenham Hotspur FC,0,1
2018/19,2018-11-11 00:00:00+00:00,,Arsenal FC,Wolverhampton Wanderers FC,1,1
2018/19,2018-11-11 00:00:00+00:00,,Chelsea FC,Everton FC,0,0
2018/19,2018-11-11 00:00:00+00:00,,Liverpool FC,Fulham FC,2,0
2018/19,2018-11-11 00:00:00+00:00,,Manchester City FC,Manchester United FC,3,1
2018/19,2018-11-24 00:00:00+00:00,,Brighton & Hove Albion FC,Leicester City FC,1,1
2018/19,2018-11-24 00:00:00+00:00,,Everton FC,Cardiff City FC,1,0
2018/19,2018-11-24 00:00:00+00:00,,Fulham FC,Southampton FC,3,2
2018/19,2018-11-24 00:00:00+00:00,,Manchester United FC,Crystal Palace FC,0,0
2018/19,2018-11-24 00:00:00+00:00,,Tottenham Hotspur FC,Chelsea FC,3,1
2018/19,2018-11-24 00:00:00+00:00,,Watford FC,Liverpool FC,0,3
2018/19,2018-11-24 00:00:00+00:00,,West Ham United FC,Manchester City FC,0,4
2018/19,2018-11-25 00:00:00+00:00,,AFC Bournemouth,Arsenal FC,1,2
2018/19,2018-11-25 00:00:00+00:00,,Wolverhampton Wanderers FC,Huddersfield Town AFC,0,2
2018/19,2018-11-26 00:00:00+00:00,,Burnley FC,Newcastle United FC,1,2
2018/19,2018-11-30 00:00:00+00:00,,Cardiff City FC,Wolverhampton Wanderers FC,2,1
2018/19,2018-12-01 00:00:00+00:00,,Newcastle United FC,West Ham United FC,0,3
2018/19,2018-12-01 00:00:00+00:00,,Southampton FC,Manchester United FC,2,2
2018/19,2018-12-01 00:00:00+00:00,,Manchester City FC,AFC Bournemouth,3,1
2018/19,2018-12-01 00:00:00+00:00,,Leicester City FC,Watford FC,2,0
2018/19,2018-12-01 00:00:00+00:00,,Huddersfield Town AFC,Brighton & Hove Albion FC,1,2
2018/19,2018-12-01 00:00:00+00:00,,Crystal Palace FC,Burnley FC,2,0
2018/19,2018-12-02 00:00:00+00:00,,Arsenal FC,Tottenham Hotspur FC,4,2
2018/19,2018-12-02 00:00:00+00:00,,Chelsea FC,Fulham FC,2,0
2018/19,2018-12-02 00:00:00+00:00,,Liverpool FC,Everton FC,1,0
2018/19,2018-12-04 00:00:00+00:00,,West Ham United FC,Cardiff City FC,3,1
2018/19,2018-12-04 00:00:00+00:00,,Brighton & Hove Albion FC,Crystal Palace FC,3,1
2018/19,2018-12-04 00:00:00+00:00,,Watford FC,Manchester City FC,1,2
2018/19,2018-12-04 00:00:00+00:00,,AFC Bournemouth,Huddersfield Town AFC,2,1
2018/19,2018-12-05 00:00:00+00:00,,Burnley FC,Liverpool FC,1,3
2018/19,2018-12-05 00:00:00+00:00,,Everton FC,Newcastle United FC,1,1
2018/19,2018-12-05 00:00:00+00:00,,Fulham FC,Leicester City FC,1,1
2018/19,2018-12-05 00:00:00+00:00,,Manchester United FC,Arsenal FC,2,2
2018/19,2018-12-05 00:00:00+00:00,,Tottenham Hotspur FC,Southampton FC,3,1
2018/19,2018-12-05 00:00:00+00:00,,Wolverhampton Wanderers FC,Chelsea FC,2,1
2018/19,2018-12-08 00:00:00+00:00,,Manchester United FC,Fulham FC,4,1
2018/19,2018-12-08 00:00:00+00:00,,Leicester City FC,Tottenham Hotspur FC,0,2
2018/19,2018-12-08 00:00:00+00:00,,West Ham United FC,Crystal Palace FC,3,2
2018/19,2018-12-08 00:00:00+00:00,,Chelsea FC,Manchester City FC,2,0
2018/19,2018-12-08 00:00:00+00:00,,Cardiff City FC,Southampton FC,1,0
2018/19,2018-12-08 00:00:00+00:00,,AFC Bournemouth,Liverpool FC,0,4
2018/19,2018-12-08 00:00:00+00:00,,Arsenal FC,Huddersfield Town AFC,1,0
2018/19,2018-12-08 00:00:00+00:00,,Burnley FC,Brighton & Hove Albion FC,1,0
2018/19,2018-12-09 00:00:00+00:00,,Newcastle United FC,Wolverhampton Wanderers FC,1,2
2018/19,2018-12-10 00:00:00+00:00,,Everton FC,Watford FC,2,2
2018/19,2018-12-15 00:00:00+00:00,,Huddersfield Town AFC,Newcastle United FC,0,1
2018/19,2018-12-15 00:00:00+00:00,,Crystal Palace FC,Leicester City FC,1,0
2018/19,2018-12-15 00:00:00+00:00,,Fulham FC,West Ham United FC,0,2
2018/19,2018-12-15 00:00:00+00:00,,Manchester City FC,Everton FC,3,1
2018/19,2018-12-15 00:00:00+00:00,,Tottenham Hotspur FC,Burnley FC,1,0
2018/19,2018-12-15 00:00:00+00:00,,Watford FC,Cardiff City FC,3,2
2018/19,2018-12-15 00:00:00+00:00,,Wolverhampton Wanderers FC,AFC Bournemouth,2,0
2018/19,2018-12-16 00:00:00+00:00,,Southampton FC,Arsenal FC,3,2
2018/19,2018-12-16 00:00:00+00:00,,Brighton & Hove Albion FC,Chelsea FC,1,2
2018/19,2018-12-16 00:00:00+00:00,,Liverpool FC,Manchester United FC,3,1
2018/19,2018-12-21 00:00:00+00:00,,Wolverhampton Wanderers FC,Liverpool FC,0,2
2018/19,2018-12-22 00:00:00+00:00,,Chelsea FC,Leicester City FC,0,1
2018/19,2018-12-22 00:00:00+00:00,,Manchester City FC,Crystal Palace FC,2,3
2018/19,2018-12-22 00:00:00+00:00,,Huddersfield Town AFC,Southampton FC,1,3
2018/19,2018-12-22 00:00:00+00:00,,Cardiff City FC,Manchester United FC,1,5
2018/19,2018-12-22 00:00:00+00:00,,West Ham United FC,Watford FC,0,2
2018/19,2018-12-22 00:00:00+00:00,,Arsenal FC,Burnley FC,3,1
2018/19,2018-12-22 00:00:00+00:00,,Newcastle United FC,Fulham FC,0,0
2018/19,2018-12-22 00:00:00+00:00,,AFC Bournemouth,Brighton & Hove Albion FC,2,0
2018/19,2018-12-23 00:00:00+00:00,,Everton FC,Tottenham Hotspur FC,2,6
2018/19,2018-12-26 00:00:00+00:00,,Tottenham Hotspur FC,AFC Bournemouth,5,0
2018/19,2018-12-26 00:00:00+00:00,,Liverpool FC,Newcastle United FC,4,0
2018/19,2018-12-26 00:00:00+00:00,,Watford FC,Chelsea FC,1,2
2018/19,2018-12-26 00:00:00+00:00,,Manchester United FC,Huddersfield Town AFC,3,1
2018/19,2018-12-26 00:00:00+00:00,,Leicester City FC,Manchester City FC,2,1
2018/19,2018-12-26 00:00:00+00:00,,Fulham FC,Wolverhampton Wanderers FC,1,1
2018/19,2018-12-26 00:00:00+00:00,,Crystal Palace FC,Cardiff City FC,0,0
2018/19,2018-12-26 00:00:00+00:00,,Burnley FC,Everton FC,1,5
2018/19,2018-12-26 00:00:00+00:00,,Brighton & Hove Albion FC,Arsenal FC,1,1
2018/19,2018-12-27 00:00:00+00:00,,Southampton FC,West Ham United FC,1,2
2018/19,2018-12-29 00:00:00+00:00,,Watford FC,Newcastle United FC,1,1
2018/19,2018-12-29 00:00:00+00:00,,Tottenham Hotspur FC,Wolverhampton Wanderers FC,1,3
2018/19,2018-12-29 00:00:00+00:00,,Leicester City FC,Cardiff City FC,0,1
2018/19,2018-12-29 00:00:00+00:00,,Liverpool FC,Arsenal FC,5,1
2018/19,2018-12-29 00:00:00+00:00,,Brighton & Hove Albion FC,Everton FC,1,0
2018/19,2018-12-29 00:00:00+00:00,,Fulham FC,Huddersfield Town AFC,1,0
2018/19,2018-12-30 00:00:00+00:00,,Burnley FC,West Ham United FC,2,0
2018/19,2018-12-30 00:00:00+00:00,,Crystal Palace FC,Chelsea FC,0,1
2018/19,2018-12-30 00:00:00+00:00,,Manchester United FC,AFC Bournemouth,4,1
2018/19,2018-12-30 00:00:00+00:00,,Southampton FC,Manchester City FC,1,3
2018/19,2019-01-01 00:00:00+00:00,,Everton FC,Leicester City FC,0,1
2018/19,2019-01-01 00:00:00+00:00,,Arsenal FC,Fulham FC,4,1
2018/19,2019-01-01 00:00:00+00:00,,Cardiff City FC,Tottenham Hotspur FC,0,3
2018/19,2019-01-02 00:00:00+00:00,,West Ham United FC,Brighton & Hove Albion FC,2,2
2018/19,2019-01-02 00:00:00+00:00,,Wolverhampton Wanderers FC,Crystal Palace FC,0,2
2018/19,2019-01-02 00:00:00+00:00,,Newcastle United FC,Manchester United FC,0,2
2018/19,2019-01-02 00:00:00+00:00,,Huddersfield Town AFC,Burnley FC,1,2
2018/19,2019-01-02 00:00:00+00:00,,AFC Bournemouth,Watford FC,3,3
2018/19,2019-01-02 00:00:00+00:00,,Chelsea FC,Southampton FC,0,0
2018/19,2019-01-03 00:00:00+00:00,,Manchester City FC,Liverpool FC,2,1
2018/19,2019-01-12 00:00:00+00:00,,Leicester City FC,Southampton FC,1,2
2018/19,2019-01-12 00:00:00+00:00,,Brighton & Hove Albion FC,Liverpool FC,0,1
2018/19,2019-01-12 00:00:00+00:00,,Burnley FC,Fulham FC,2,1
2018/19,2019-01-12 00:00:00+00:00,,Cardiff City FC,Huddersfield Town AFC,0,0
2018/19,2019-01-12 00:00:00+00:00,,Chelsea FC,Newcastle United FC,2,1
2018/19,2019-01-12 00:00:00+00:00,,Crystal Palace FC,Watford FC,1,2
2018/19,2019-01-12 00:00:00+00:00,,West Ham United FC,Arsenal FC,1,0
2018/19,2019-01-13 00:00:00+00:00,,Everton FC,AFC Bournemouth,2,0
2018/19,2019-01-13 00:00:00+00:00,,Tottenham Hotspur FC,Manchester United FC,0,1
2018/19,2019-01-14 00:00:00+00:00,,Manchester City FC,Wolverhampton Wanderers FC,3,0
2018/19,2019-01-19 00:00:00+00:00,,Newcastle United FC,Cardiff City FC,3,0
2018/19,2019-01-19 00:00:00+00:00,,Manchester United FC,Brighton & Hove Albion FC,2,1
2018/19,2019-01-19 00:00:00+00:00,,Liverpool FC,Crystal Palace FC,4,3
2018/19,2019-01-19 00:00:00+00:00,,Southampton FC,Everton FC,2,1
2018/19,2019-01-19 00:00:00+00:00,,Arsenal FC,Chelsea FC,2,0
2018/19,2019-01-19 00:00:00+00:00,,Wolverhampton Wanderers FC,Leicester City FC,4,3
2018/19,2019-01-19 00:00:00+00:00,,AFC Bournemouth,West Ham United FC,2,0
2018/19,2019-01-19 00:00:00+00:00,,Watford FC,Burnley FC,0,0
2018/19,2019-01-20 00:00:00+00:00,,Huddersfield Town AFC,Manchester City FC,0,3
2018/19,2019-01-20 00:00:00+00:00,,Fulham FC,Tottenham Hotspur FC,1,2
2018/19,2019-01-29 00:00:00+00:00,,Arsenal FC,Cardiff City FC,2,1
2018/19,2019-01-29 00:00:00+00:00,,Fulham FC,Brighton & Hove Albion FC,4,2
2018/19,2019-01-29 00:00:00+00:00,,Huddersfield Town AFC,Everton FC,0,1
2018/19,2019-01-29 00:00:00+00:00,,Manchester United FC,Burnley FC,2,2
2018/19,2019-01-29 00:00:00+00:00,,Newcastle United FC,Manchester City FC,2,1
2018/19,2019-01-29 00:00:00+00:00,,Wolverhampton Wanderers FC,West Ham United FC,3,0
2018/19,2019-01-30 00:00:00+00:00,,Liverpool FC,Leicester City FC,1,1
2018/19,2019-01-30 00:00:00+00:00,,Tottenham Hotspur FC,Watford FC,2,1
2018/19,2019-01-30 00:00:00+00:00,,Southampton FC,Crystal Palace FC,1,1
2018/19,2019-01-30 00:00:00+00:00,,AFC Bournemouth,Chelsea FC,4,0
2018/19,2019-02-02 00:00:00+00:00,,Chelsea FC,Huddersfield Town AFC,5,0
2018/19,2019-02-02 00:00:00+00:00,,Everton FC,Wolverhampton Wanderers FC,1,3
2018/19,2019-02-02 00:00:00+00:00,,Brighton & Hove Albion FC,Watford FC,0,0
2018/19,2019-02-02 00:00:00+00:00,,Burnley FC,Southampton FC,1,1
2018/19,2019-02-02 00:00:00+00:00,,Cardiff City FC,AFC Bournemouth,2,0
2018/19,2019-02-02 00:00:00+00:00,,Tottenham Hotspur FC,Newcastle United FC,1,0
2018/19,2019-02-02 00:00:00+00:00,,Crystal Palace FC,Fulham FC,2,0
2018/19,2019-02-03 00:00:00+00:00,,Manchester City FC,Arsenal FC,3,1
2018/19,2019-02-03 00:00:00+00:00,,Leicester City FC,Manchester United FC,0,1
2018/19,2019-02-04 00:00:00+00:00,,West Ham United FC,Liverpool FC,1,1
2018/19,2019-02-06 00:00:00+00:00,,Everton FC,Manchester City FC,0,2
2018/19,2019-02-09 00:00:00+00:00,,Brighton & Hove Albion FC,Burnley FC,1,3
2018/19,2019-02-09 00:00:00+00:00,,Crystal Palace FC,West Ham United FC,1,1
2018/19,2019-02-09 00:00:00+00:00,,Fulham FC,Manchester United FC,0,3
2018/19,2019-02-09 00:00:00+00:00,,Huddersfield Town AFC,Arsenal FC,1,2
2018/19,2019-02-09 00:00:00+00:00,,Liverpool FC,AFC Bournemouth,3,0
2018/19,2019-02-09 00:00:00+00:00,,Southampton FC,Cardiff City FC,1,2
2018/19,2019-02-09 00:00:00+00:00,,Watford FC,Everton FC,1,0
2018/19,2019-02-10 00:00:00+00:00,,Manchester City FC,Chelsea FC,6,0
2018/19,2019-02-10 00:00:00+00:00,,Tottenham Hotspur FC,Leicester City FC,3,1
2018/19,2019-02-11 00:00:00+00:00,,Wolverhampton Wanderers FC,Newcastle United FC,1,1
2018/19,2019-02-22 00:00:00+00:00,,Cardiff City FC,Watford FC,1,5
2018/19,2019-02-22 00:00:00+00:00,,West Ham United FC,Fulham FC,3,1
2018/19,2019-02-23 00:00:00+00:00,,Newcastle United FC,Huddersfield Town AFC,2,0
2018/19,2019-02-23 00:00:00+00:00,,Leicester City FC,Crystal Palace FC,1,4
2018/19,2019-02-23 00:00:00+00:00,,AFC Bournemouth,Wolverhampton Wanderers FC,1,1
2018/19,2019-02-23 00:00:00+00:00,,Burnley FC,Tottenham Hotspur FC,2,1
2018/19,2019-02-24 00:00:00+00:00,,Manchester United FC,Liverpool FC,0,0
2018/19,2019-02-24 00:00:00+00:00,,Arsenal FC,Southampton FC,2,0
2018/19,2019-02-26 00:00:00+00:00,,Huddersfield Town AFC,Wolverhampton Wanderers FC,1,0
2018/19,2019-02-26 00:00:00+00:00,,Leicester City FC,Brighton & Hove Albion FC,2,1
2018/19,2019-02-26 00:00:00+00:00,,Newcastle United FC,Burnley FC,2,0
2018/19,2019-02-26 00:00:00+00:00,,Cardiff City FC,Everton FC,0,3
2018/19,2019-02-27 00:00:00+00:00,,Manchester City FC,West Ham United FC,1,0
2018/19,2019-02-27 00:00:00+00:00,,Southampton FC,Fulham FC,2,0
2018/19,2019-02-27 00:00:00+00:00,,Crystal Palace FC,Manchester United FC,1,3
2018/19,2019-02-27 00:00:00+00:00,,Liverpool FC,Watford FC,5,0
2018/19,2019-02-27 00:00:00+00:00,,Arsenal FC,AFC Bournemouth,5,1
2018/19,2019-02-27 00:00:00+00:00,,Chelsea FC,Tottenham Hotspur FC,2,0
2018/19,2019-03-02 00:00:00+00:00,,West Ham United FC,Newcastle United FC,2,0
2018/19,2019-03-02 00:00:00+00:00,,Tottenham Hotspur FC,Arsenal FC,1,1
2018/19,2019-03-02 00:00:00+00:00,,Manchester United FC,Southampton FC,3,2
2018/19,2019-03-02 00:00:00+00:00,,Burnley FC,Crystal Palace FC,1,3
2018/19,2019-03-02 00:00:00+00:00,,Wolverhampton Wanderers FC,Cardiff City FC,2,0
2018/19,2019-03-02 00:00:00+00:00,,AFC Bournemouth,Manchester City FC,0,1
2018/19,2019-03-02 00:00:00+00:00,,Brighton & Hove Albion FC,Huddersfield Town AFC,1,0
2018/19,2019-03-03 00:00:00+00:00,,Everton FC,Liverpool FC,0,0
2018/19,2019-03-03 00:00:00+00:00,,Fulham FC,Chelsea FC,1,2
2018/19,2019-03-03 00:00:00+00:00,,Watford FC,Leicester City FC,2,1
2018/19,2019-03-09 00:00:00+00:00,,Newcastle United FC,Everton FC,3,2
2018/19,2019-03-09 00:00:00+00:00,,Cardiff City FC,West Ham United FC,2,0
2018/19,2019-03-09 00:00:00+00:00,,Crystal Palace FC,Brighton & Hove Albion FC,1,2
2018/19,2019-03-09 00:00:00+00:00,,Huddersfield Town AFC,AFC Bournemouth,0,2
2018/19,2019-03-09 00:00:00+00:00,,Leicester City FC,Fulham FC,3,1
2018/19,2019-03-09 00:00:00+00:00,,Manchester City FC,Watford FC,3,1
2018/19,2019-03-09 00:00:00+00:00,,Southampton FC,Tottenham Hotspur FC,2,1
2018/19,2019-03-10 00:00:00+00:00,,Arsenal FC,Manchester United FC,2,0
2018/19,2019-03-10 00:00:00+00:00,,Liverpool FC,Burnley FC,4,2
2018/19,2019-03-10 00:00:00+00:00,,Chelsea FC,Wolverhampton Wanderers FC,1,1
2018/19,2019-03-16 00:00:00+00:00,,AFC Bournemouth,Newcastle United FC,2,2
2018/19,2019-03-16 00:00:00+00:00,,Burnley FC,Leicester City FC,1,2
2018/19,2019-03-16 00:00:00+00:00,,West Ham United FC,Huddersfield Town AFC,4,3
2018/19,2019-03-17 00:00:00+00:00,,Everton FC,Chelsea FC,2,0
2018/19,2019-03-17 00:00:00+00:00,,Fulham FC,Liverpool FC,1,2
2018/19,2019-03-30 00:00:00+00:00,,Leicester City FC,AFC Bournemouth,2,0
2018/19,2019-03-30 00:00:00+00:00,,West Ham United FC,Everton FC,0,2
2018/19,2019-03-30 00:00:00+00:00,,Manchester United FC,Watford FC,2,1
2018/19,2019-03-30 00:00:00+00:00,,Fulham FC,Manchester City FC,0,2
2018/19,2019-03-30 00:00:00+00:00,,Crystal Palace FC,Huddersfield Town AFC,2,0
2018/19,2019-03-30 00:00:00+00:00,,Burnley FC,Wolverhampton Wanderers FC,2,0
2018/19,2019-03-30 00:00:00+00:00,,Brighton & Hove Albion FC,Southampton FC,0,1
2018/19,2019-03-31 00:00:00+00:00,,Cardiff City FC,Chelsea FC,1,2
2018/19,2019-03-31 00:00:00+00:00,,Liverpool FC,Tottenham Hotspur FC,2,1
2018/19,2019-04-01 00:00:00+00:00,,Arsenal FC,Newcastle United FC,2,0
2018/19,2019-04-02 00:00:00+00:00,,Watford FC,Fulham FC,4,1
2018/19,2019-04-02 00:00:00+00:00,,Wolverhampton Wanderers FC,Manchester United FC,2,1
2018/19,2019-04-03 00:00:00+00:00,,Chelsea FC,Brighton & Hove Albion FC,3,0
2018/19,2019-04-03 00:00:00+00:00,,Manchester City FC,Cardiff City FC,2,0
2018/19,2019-04-03 00:00:00+00:00,,Tottenham Hotspur FC,Crystal Palace FC,2,0
2018/19,2019-04-05 00:00:00+00:00,,Southampton FC,Liverpool FC,1,3
2018/19,2019-04-06 00:00:00+00:00,,Huddersfield Town AFC,Leicester City FC,1,4
2018/19,2019-04-06 00:00:00+00:00,,AFC Bournemouth,Burnley FC,1,3
2018/19,2019-04-06 00:00:00+00:00,,Newcastle United FC,Crystal Palace FC,0,1
2018/19,2019-04-07 00:00:00+00:00,,Everton FC,Arsenal FC,1,0
2018/19,2019-04-08 00:00:00+00:00,,Chelsea FC,West Ham United FC,2,0
2018/19,2019-04-12 00:00:00+00:00,,Leicester City FC,Newcastle United FC,0,1
2018/19,2019-04-13 00:00:00+00:00,,Tottenham Hotspur FC,Huddersfield Town AFC,4,0
2018/19,2019-04-13 00:00:00+00:00,,Manchester United FC,West Ham United FC,2,1
2018/19,2019-04-13 00:00:00+00:00,,Fulham FC,Everton FC,2,0
2018/19,2019-04-13 00:00:00+00:00,,Southampton FC,Wolverhampton Wanderers FC,3,1
2018/19,2019-04-13 00:00:00+00:00,,Brighton & Hove Albion FC,AFC Bournemouth,0,5
2018/19,2019-04-13 00:00:00+00:00,,Burnley FC,Cardiff City FC,2,0
2018/19,2019-04-14 00:00:00+00:00,,Crystal Palace FC,Manchester City FC,1,3
2018/19,2019-04-14 00:00:00+00:00,,Liverpool FC,Chelsea FC,2,0
2018/19,2019-04-15 00:00:00+00:00,,Watford FC,Arsenal FC,0,1
2018/19,2019-04-16 00:00:00+00:00,,Brighton & Hove Albion FC,Cardiff City FC,0,2
2018/19,2019-04-20 00:00:00+00:00,,West Ham United FC,Leicester City FC,2,2
2018/19,2019-04-20 00:00:00+00:00,,Manchester City FC,Tottenham Hotspur FC,1,0
2018/19,2019-04-20 00:00:00+00:00,,Wolverhampton Wanderers FC,Brighton & Hove Albion FC,0,0
2018/19,2019-04-20 00:00:00+00:00,,AFC Bournemouth,Fulham FC,0,1
2018/19,2019-04-20 00:00:00+00:00,,Huddersfield Town AFC,Watford FC,1,2
2018/19,2019-04-20 00:00:00+00:00,,Newcastle United FC,Southampton FC,3,1
2018/19,2019-04-21 00:00:00+00:00,,Cardiff City FC,Liverpool FC,0,2
2018/19,2019-04-21 00:00:00+00:00,,Everton FC,Manchester United FC,4,0
2018/19,2019-04-21 00:00:00+00:00,,Arsenal FC,Crystal Palace FC,2,3
2018/19,2019-04-22 00:00:00+00:00,,Chelsea FC,Burnley FC,2,2
2018/19,2019-04-23 00:00:00+00:00,,Tottenham Hotspur FC,Brighton & Hove Albion FC,1,0
2018/19,2019-04-23 00:00:00+00:00,,Watford FC,Southampton FC,1,1
2018/19,2019-04-24 00:00:00+00:00,,Manchester United FC,Manchester City FC,0,2
2018/19,2019-04-24 00:00:00+00:00,,Wolverhampton Wanderers FC,Arsenal FC,3,1
2018/19,2019-04-26 00:00:00+00:00,,Liverpool FC,Huddersfield Town AFC,5,0
2018/19,2019-04-27 00:00:00+00:00,,Tottenham Hotspur FC,West Ham United FC,0,1
2018/19,2019-04-27 00:00:00+00:00,,Watford FC,Wolverhampton Wanderers FC,1,2
2018/19,2019-04-27 00:00:00+00:00,,Southampton FC,AFC Bournemouth,3,3
2018/19,2019-04-27 00:00:00+00:00,,Fulham FC,Cardiff City FC,1,0
2018/19,2019-04-27 00:00:00+00:00,,Brighton & Hove Albion FC,Newcastle United FC,1,1
2018/19,2019-04-27 00:00:00+00:00,,Crystal Palace FC,Everton FC,0,0
2018/19,2019-04-28 00:00:00+00:00,,Burnley FC,Manchester City FC,0,1
2018/19,2019-04-28 00:00:00+00:00,,Leicester City FC,Arsenal FC,3,0
2018/19,2019-04-28 00:00:00+00:00,,Manchester United FC,Chelsea FC,1,1
2018/19,2019-05-03 00:00:00+00:00,,Everton FC,Burnley FC,2,0
2018/19,2019-05-04 00:00:00+00:00,,Cardiff City FC,Crystal Palace FC,2,3
2018/19,2019-05-04 00:00:00+00:00,,Wolverhampton Wanderers FC,Fulham FC,1,0
2018/19,2019-05-04 00:00:00+00:00,,West Ham United FC,Southampton FC,3,0
2018/19,2019-05-04 00:00:00+00:00,,AFC Bournemouth,Tottenham Hotspur FC,1,0
2018/19,2019-05-04 00:00:00+00:00,,Newcastle United FC,Liverpool FC,2,3
2018/19,2019-05-05 00:00:00+00:00,,Huddersfield Town AFC,Manchester United FC,1,1
2018/19,2019-05-05 00:00:00+00:00,,Chelsea FC,Watford FC,3,0
2018/19,2019-05-05 00:00:00+00:00,,Arsenal FC,Brighton & Hove Albion FC,1,1
2018/19,2019-05-06 00:00:00+00:00,,Manchester City FC,Leicester City FC,1,0
2018/19,2019-05-12 00:00:00+00:00,,Southampton FC,Huddersfield Town AFC,1,1
2018/19,2019-05-12 00:00:00+00:00,,Manchester United FC,Cardiff City FC,0,2
2018/19,2019-05-12 00:00:00+00:00,,Crystal Palace FC,AFC Bournemouth,5,3
2018/19,2019-05-12 00:00:00+00:00,,Tottenham Hotspur FC,Everton FC,2,2
2018/19,2019-05-12 00:00:00+00:00,,Liverpool FC,Wolverhampton Wanderers FC,2,0
2018/19,2019-05-12 00:00:00+00:00,,Leicester City FC,Chelsea FC,0,0
2018/19,2019-05-12 00:00:00+00:00,,Watford FC,West Ham United FC,1,4
2018/19,2019-05-12 00:00:00+00:00,,Fulham FC,Newcastle United FC,0,4
2018/19,2019-05-12 00:00:00+00:00,,Burnley FC,Arsenal FC,1,3
2018/19,2019-05-12 00:00:00+00:00,,Brighton & Hove Albion FC,Manchester City FC,1,4
2019/20,2019-08-09 00:00:00+00:00,,Liverpool FC,Norwich City FC,4,1
2019/20,2019-08-10 00:00:00+00:00,,AFC Bournemouth,Sheffield United FC,1,1
2019/20,2019-08-10 00:00:00+00:00,,Tottenham Hotspur FC,Aston Villa FC,3,1
2019/20,2019-08-10 00:00:00+00:00,,Watford FC,Brighton & Hove Albion FC,0,3
2019/20,2019-08-10 00:00:00+00:00,,West Ham United FC,Manchester City FC,0,5
2019/20,2019-08-10 00:00:00+00:00,,Burnley FC,Southampton FC,3,0
2019/20,2019-08-10 00:00:00+00:00,,Crystal Palace FC,Everton FC,0,0
2019/20,2019-08-11 00:00:00+00:00,,Leicester City FC,Wolverhampton Wanderers FC,0,0
2019/20,2019-08-11 00:00:00+00:00,,Newcastle United FC,Arsenal FC,0,1
2019/20,2019-08-11 00:00:00+00:00,,Manchester United FC,Chelsea FC,4,0
2019/20,2019-08-17 00:00:00+00:00,,Manchester City FC,Tottenham Hotspur FC,2,2
2019/20,2019-08-17 00:00:00+00:00,,Southampton FC,Liverpool FC,1,2
2019/20,2019-08-17 00:00:00+00:00,,Norwich City FC,Newcastle United FC,3,1
2019/20,2019-08-17 00:00:00+00:00,,Brighton & Hove Albion FC,West Ham United FC,1,1
2019/20,2019-08-17 00:00:00+00:00,,Aston Villa FC,AFC Bournemouth,1,2
2019/20,2019-08-17 00:00:00+00:00,,Arsenal FC,Burnley FC,2,1
2019/20,2019-08-17 00:00:00+00:00,,Everton FC,Watford FC,1,0
2019/20,2019-08-18 00:00:00+00:00,,Sheffield United FC,Crystal Palace FC,1,0
2019/20,2019-08-18 00:00:00+00:00,,Chelsea FC,Leicester City FC,1,1
2019/20,2019-08-19 00:00:00+00:00,,Wolverhampton Wanderers FC,Manchester United FC,1,1
2019/20,2019-08-23 00:00:00+00:00,,Aston Villa FC,Everton FC,2,0
2019/20,2019-08-24 00:00:00+00:00,,Liverpool FC,Arsenal FC,3,1
2019/20,2019-08-24 00:00:00+00:00,,Watford FC,West Ham United FC,1,3
2019/20,2019-08-24 00:00:00+00:00,,Sheffield United FC,Leicester City FC,1,2
2019/20,2019-08-24 00:00:00+00:00,,Manchester United FC,Crystal Palace FC,1,2
2019/20,2019-08-24 00:00:00+00:00,,Brighton & Hove Albion FC,Southampton FC,0,2
2019/20,2019-08-24 00:00:00+00:00,,Norwich City FC,Chelsea FC,2,3
2019/20,2019-08-25 00:00:00+00:00,,AFC Bournemouth,Manchester City FC,1,3
2019/20,2019-08-25 00:00:00+00:00,,Tottenham Hotspur FC,Newcastle United FC,0,1
2019/20,2019-08-25 00:00:00+00:00,,Wolverhampton Wanderers FC,Burnley FC,1,1
2019/20,2019-08-31 00:00:00+00:00,,Burnley FC,Liverpool FC,0,3
2019/20,2019-08-31 00:00:00+00:00,,West Ham United FC,Norwich City FC,2,0
2019/20,2019-08-31 00:00:00+00:00,,Newcastle United FC,Watford FC,1,1
2019/20,2019-08-31 00:00:00+00:00,,Leicester City FC,AFC Bournemouth,3,1
2019/20,2019-08-31 00:00:00+00:00,,Crystal Palace FC,Aston Villa FC,1,0
2019/20,2019-08-31 00:00:00+00:00,,Chelsea FC,Sheffield United FC,2,2
2019/20,2019-08-31 00:00:00+00:00,,Southampton FC,Manchester United FC,1,1
2019/20,2019-08-31 00:00:00+00:00,,Manchester City FC,Brighton & Hove Albion FC,4,0
2019/20,2019-09-01 00:00:00+00:00,,Everton FC,Wolverhampton Wanderers FC,3,2
2019/20,2019-09-01 00:00:00+00:00,,Arsenal FC,Tottenham Hotspur FC,2,2
2019/20,2019-09-14 00:00:00+00:00,,Wolverhampton Wanderers FC,Chelsea FC,2,5
2019/20,2019-09-14 00:00:00+00:00,,Tottenham Hotspur FC,Crystal Palace FC,4,0
2019/20,2019-09-14 00:00:00+00:00,,Norwich City FC,Manchester City FC,3,2
2019/20,2019-09-14 00:00:00+00:00,,Manchester United FC,Leicester City FC,1,0
2019/20,2019-09-14 00:00:00+00:00,,Brighton & Hove Albion FC,Burnley FC,1,1
2019/20,2019-09-14 00:00:00+00:00,,Sheffield United FC,Southampton FC,0,1
2019/20,2019-09-14 00:00:00+00:00,,Liverpool FC,Newcastle United FC,3,1
2019/20,2019-09-15 00:00:00+00:00,,Watford FC,Arsenal FC,2,2
2019/20,2019-09-15 00:00:00+00:00,,AFC Bournemouth,Everton FC,3,1
2019/20,2019-09-16 00:00:00+00:00,,Aston Villa FC,West Ham United FC,0,0
2019/20,2019-09-20 00:00:00+00:00,,Southampton FC,AFC Bournemouth,1,3
2019/20,2019-09-21 00:00:00+00:00,,Leicester City FC,Tottenham Hotspur FC,2,1
2019/20,2019-09-21 00:00:00+00:00,,Burnley FC,Norwich City FC,2,0
2019/20,2019-09-21 00:00:00+00:00,,Everton FC,Sheffield United FC,0,2
2019/20,2019-09-21 00:00:00+00:00,,Manchester City FC,Watford FC,8,0
2019/20,2019-09-21 00:00:00+00:00,,Newcastle United FC,Brighton & Hove Albion FC,0,0
2019/20,2019-09-22 00:00:00+00:00,,Crystal Palace FC,Wolverhampton Wanderers FC,1,1
2019/20,2019-09-22 00:00:00+00:00,,West Ham United FC,Manchester United FC,2,0
2019/20,2019-09-22 00:00:00+00:00,,Arsenal FC,Aston Villa FC,3,2
2019/20,2019-09-22 00:00:00+00:00,,Chelsea FC,Liverpool FC,1,2
2019/20,2019-09-28 00:00:00+00:00,,Wolverhampton Wanderers FC,Watford FC,2,0
2019/20,2019-09-28 00:00:00+00:00,,Tottenham Hotspur FC,Southampton FC,2,1
2019/20,2019-09-28 00:00:00+00:00,,Crystal Palace FC,Norwich City FC,2,0
2019/20,2019-09-28 00:00:00+00:00,,Everton FC,Manchester City FC,1,3
2019/20,2019-09-28 00:00:00+00:00,,AFC Bournemouth,West Ham United FC,2,2
2019/20,2019-09-28 00:00:00+00:00,,Aston Villa FC,Burnley FC,2,2
2019/20,2019-09-28 00:00:00+00:00,,Chelsea FC,Brighton & Hove Albion FC,2,0
2019/20,2019-09-28 00:00:00+00:00,,Sheffield United FC,Liverpool FC,0,1
2019/20,2019-09-29 00:00:00+00:00,,Leicester City FC,Newcastle United FC,5,0
2019/20,2019-09-30 00:00:00+00:00,,Manchester United FC,Arsenal FC,1,1
2019/20,2019-10-05 00:00:00+00:00,,Burnley FC,Everton FC,1,0
2019/20,2019-10-05 00:00:00+00:00,,Liverpool FC,Leicester City FC,2,1
2019/20,2019-10-05 00:00:00+00:00,,Norwich City FC,Aston Villa FC,1,5
2019/20,2019-10-05 00:00:00+00:00,,Watford FC,Sheffield United FC,0,0
2019/20,2019-10-05 00:00:00+00:00,,West Ham United FC,Crystal Palace FC,1,2
2019/20,2019-10-05 00:00:00+00:00,,Brighton & Hove Albion FC,Tottenham Hotspur FC,3,0
2019/20,2019-10-06 00:00:00+00:00,,Newcastle United FC,Manchester United FC,1,0
2019/20,2019-10-06 00:00:00+00:00,,Manchester City FC,Wolverhampton Wanderers FC,0,2
2019/20,2019-10-06 00:00:00+00:00,,Arsenal FC,AFC Bournemouth,1,0
2019/20,2019-10-06 00:00:00+00:00,,Southampton FC,Chelsea FC,1,4
2019/20,2019-10-19 00:00:00+00:00,,Aston Villa FC,Brighton & Hove Albion FC,2,1
2019/20,2019-10-19 00:00:00+00:00,,AFC Bournemouth,Norwich City FC,0,0
2019/20,2019-10-19 00:00:00+00:00,,Chelsea FC,Newcastle United FC,1,0
2019/20,2019-10-19 00:00:00+00:00,,Leicester City FC,Burnley FC,2,1
2019/20,2019-10-19 00:00:00+00:00,,Tottenham Hotspur FC,Watford FC,1,1
2019/20,2019-10-19 00:00:00+00:00,,Wolverhampton Wanderers FC,Southampton FC,1,1
2019/20,2019-10-19 00:00:00+00:00,,Crystal Palace FC,Manchester City FC,0,2
2019/20,2019-10-19 00:00:00+00:00,,Everton FC,West Ham United FC,2,0
2019/20,2019-10-20 00:00:00+00:00,,Manchester United FC,Liverpool FC,1,1
2019/20,2019-10-21 00:00:00+00:00,,Sheffield United FC,Arsenal FC,1,0
2019/20,2019-10-25 00:00:00+00:00,,Southampton FC,Leicester City FC,0,9
2019/20,2019-10-26 00:00:00+00:00,,Brighton & Hove Albion FC,Everton FC,3,2
2019/20,2019-10-26 00:00:00+00:00,,Burnley FC,Chelsea FC,2,4
2019/20,2019-10-26 00:00:00+00:00,,Manchester City FC,Aston Villa FC,3,0
2019/20,2019-10-26 00:00:00+00:00,,Watford FC,AFC Bournemouth,0,0
2019/20,2019-10-26 00:00:00+00:00,,West Ham United FC,Sheffield United FC,1,1
2019/20,2019-10-27 00:00:00+00:00,,Newcastle United FC,Wolverhampton Wanderers FC,1,1
2019/20,2019-10-27 00:00:00+00:00,,Arsenal FC,Crystal Palace FC,2,2
2019/20,2019-10-27 00:00:00+00:00,,Liverpool FC,Tottenham Hotspur FC,2,1
2019/20,2019-10-27 00:00:00+00:00,,Norwich City FC,Manchester United FC,1,3
2019/20,2019-11-02 00:00:00+00:00,,Watford FC,Chelsea FC,1,2
2019/20,2019-11-02 00:00:00+00:00,,West Ham United FC,Newcastle United FC,2,3
2019/20,2019-11-02 00:00:00+00:00,,Sheffield United FC,Burnley FC,3,0
2019/20,2019-11-02 00:00:00+00:00,,Brighton & Hove Albion FC,Norwich City FC,2,0
2019/20,2019-11-02 00:00:00+00:00,,Aston Villa FC,Liverpool FC,1,2
2019/20,2019-11-02 00:00:00+00:00,,Arsenal FC,Wolverhampton Wanderers FC,1,1
2019/20,2019-11-02 00:00:00+00:00,,AFC Bournemouth,Manchester United FC,1,0
2019/20,2019-11-02 00:00:00+00:00,,Manchester City FC,Southampton FC,2,1
2019/20,2019-11-03 00:00:00+00:00,,Crystal Palace FC,Leicester City FC,0,2
2019/20,2019-11-03 00:00:00+00:00,,Everton FC,Tottenham Hotspur FC,1,1
2019/20,2019-11-08 00:00:00+00:00,,Norwich City FC,Watford FC,0,2
2019/20,2019-11-09 00:00:00+00:00,,Tottenham Hotspur FC,Sheffield United FC,1,1
2019/20,2019-11-09 00:00:00+00:00,,Leicester City FC,Arsenal FC,2,0
2019/20,2019-11-09 00:00:00+00:00,,Southampton FC,Everton FC,1,2
2019/20,2019-11-09 00:00:00+00:00,,Burnley FC,West Ham United FC,3,0
2019/20,2019-11-09 00:00:00+00:00,,Chelsea FC,Crystal Palace FC,2,0
2019/20,2019-11-09 00:00:00+00:00,,Newcastle United FC,AFC Bournemouth,2,1
2019/20,2019-11-10 00:00:00+00:00,,Manchester United FC,Brighton & Hove Albion FC,3,1
2019/20,2019-11-10 00:00:00+00:00,,Wolverhampton Wanderers FC,Aston Villa FC,2,1
2019/20,2019-11-10 00:00:00+00:00,,Liverpool FC,Manchester City FC,3,1
2019/20,2019-11-23 00:00:00+00:00,,Manchester City FC,Chelsea FC,2,1
2019/20,2019-11-23 00:00:00+00:00,,Watford FC,Burnley FC,0,3
2019/20,2019-11-23 00:00:00+00:00,,Crystal Palace FC,Liverpool FC,1,2
2019/20,2019-11-23 00:00:00+00:00,,Everton FC,Norwich City FC,0,2
2019/20,2019-11-23 00:00:00+00:00,,AFC Bournemouth,Wolverhampton Wanderers FC,1,2
2019/20,2019-11-23 00:00:00+00:00,,Arsenal FC,Southampton FC,2,2
2019/20,2019-11-23 00:00:00+00:00,,West Ham United FC,Tottenham Hotspur FC,2,3
2019/20,2019-11-23 00:00:00+00:00,,Brighton & Hove Albion FC,Leicester City FC,0,2
2019/20,2019-11-24 00:00:00+00:00,,Sheffield United FC,Manchester United FC,3,3
2019/20,2019-11-25 00:00:00+00:00,,Aston Villa FC,Newcastle United FC,2,0
2019/20,2019-11-30 00:00:00+00:00,,Newcastle United FC,Manchester City FC,2,2
2019/20,2019-11-30 00:00:00+00:00,,Burnley FC,Crystal Palace FC,0,2
2019/20,2019-11-30 00:00:00+00:00,,Chelsea FC,West Ham United FC,0,1
2019/20,2019-11-30 00:00:00+00:00,,Liverpool FC,Brighton & Hove Albion FC,2,1
2019/20,2019-11-30 00:00:00+00:00,,Tottenham Hotspur FC,AFC Bournemouth,3,2
2019/20,2019-11-30 00:00:00+00:00,,Southampton FC,Watford FC,2,1
2019/20,2019-12-01 00:00:00+00:00,,Manchester United FC,Aston Villa FC,2,2
2019/20,2019-12-01 00:00:00+00:00,,Wolverhampton Wanderers FC,Sheffield United FC,1,1
2019/20,2019-12-01 00:00:00+00:00,,Norwich City FC,Arsenal FC,2,2
2019/20,2019-12-01 00:00:00+00:00,,Leicester City FC,Everton FC,2,1
2019/20,2019-12-03 00:00:00+00:00,,Crystal Palace FC,AFC Bournemouth,1,0
2019/20,2019-12-03 00:00:00+00:00,,Burnley FC,Manchester City FC,1,4
2019/20,2019-12-04 00:00:00+00:00,,Chelsea FC,Aston Villa FC,2,1
2019/20,2019-12-04 00:00:00+00:00,,Leicester City FC,Watford FC,2,0
2019/20,2019-12-04 00:00:00+00:00,,Manchester United FC,Tottenham Hotspur FC,2,1
2019/20,2019-12-04 00:00:00+00:00,,Southampton FC,Norwich City FC,2,1
2019/20,2019-12-04 00:00:00+00:00,,Wolverhampton Wanderers FC,West Ham United FC,2,0
2019/20,2019-12-04 00:00:00+00:00,,Liverpool FC,Everton FC,5,2
2019/20,2019-12-05 00:00:00+00:00,,Sheffield United FC,Newcastle United FC,0,2
2019/20,2019-12-05 00:00:00+00:00,,Arsenal FC,Brighton & Hove Albion FC,1,2
2019/20,2019-12-07 00:00:00+00:00,,Manchester City FC,Manchester United FC,1,2
2019/20,2019-12-07 00:00:00+00:00,,Watford FC,Crystal Palace FC,0,0
2019/20,2019-12-07 00:00:00+00:00,,Everton FC,Chelsea FC,3,1
2019/20,2019-12-07 00:00:00+00:00,,AFC Bournemouth,Liverpool FC,0,3
2019/20,2019-12-07 00:00:00+00:00,,Tottenham Hotspur FC,Burnley FC,5,0
2019/20,2019-12-08 00:00:00+00:00,,Aston Villa FC,Leicester City FC,1,4
2019/20,2019-12-08 00:00:00+00:00,,Newcastle United FC,Southampton FC,2,1
2019/20,2019-12-08 00:00:00+00:00,,Norwich City FC,Sheffield United FC,1,2
2019/20,2019-12-08 00:00:00+00:00,,Brighton & Hove Albion FC,Wolverhampton Wanderers FC,2,2
2019/20,2019-12-09 00:00:00+00:00,,West Ham United FC,Arsenal FC,1,3
2019/20,2019-12-14 00:00:00+00:00,,Southampton FC,West Ham United FC,0,1
2019/20,2019-12-14 00:00:00+00:00,,Sheffield United FC,Aston Villa FC,2,0
2019/20,2019-12-14 00:00:00+00:00,,Burnley FC,Newcastle United FC,1,0
2019/20,2019-12-14 00:00:00+00:00,,Chelsea FC,AFC Bournemouth,0,1
2019/20,2019-12-14 00:00:00+00:00,,Liverpool FC,Watford FC,2,0
2019/20,2019-12-14 00:00:00+00:00,,Leicester City FC,Norwich City FC,1,1
2019/20,2019-12-15 00:00:00+00:00,,Manchester United FC,Everton FC,1,1
2019/20,2019-12-15 00:00:00+00:00,,Wolverhampton Wanderers FC,Tottenham Hotspur FC,1,2
2019/20,2019-12-15 00:00:00+00:00,,Arsenal FC,Manchester City FC,0,3
2019/20,2019-12-16 00:00:00+00:00,,Crystal Palace FC,Brighton & Hove Albion FC,1,1
2019/20,2019-12-21 00:00:00+00:00,,Manchester City FC,Leicester City FC,3,1
2019/20,2019-12-21 00:00:00+00:00,,Norwich City FC,Wolverhampton Wanderers FC,1,2
2019/20,2019-12-21 00:00:00+00:00,,Newcastle United FC,Crystal Palace FC,1,0
2019/20,2019-12-21 00:00:00+00:00,,Brighton & Hove Albion FC,Sheffield United FC,0,1
2019/20,2019-12-21 00:00:00+00:00,,Aston Villa FC,Southampton FC,1,3
2019/20,2019-12-21 00:00:00+00:00,,Everton FC,Arsenal FC,0,0
2019/20,2019-12-21 00:00:00+00:00,,AFC Bournemouth,Burnley FC,0,1
2019/20,2019-12-22 00:00:00+00:00,,Watford FC,Manchester United FC,2,0
2019/20,2019-12-22 00:00:00+00:00,,Tottenham Hotspur FC,Chelsea FC,0,2
2019/20,2019-12-26 00:00:00+00:00,,Tottenham Hotspur FC,Brighton & Hove Albion FC,2,1
2019/20,2019-12-26 00:00:00+00:00,,Aston Villa FC,Norwich City FC,1,0
2019/20,2019-12-26 00:00:00+00:00,,AFC Bournemouth,Arsenal FC,1,1
2019/20,2019-12-26 00:00:00+00:00,,Chelsea FC,Southampton FC,0,2
2019/20,2019-12-26 00:00:00+00:00,,Everton FC,Burnley FC,1,0
2019/20,2019-12-26 00:00:00+00:00,,Crystal Palace FC,West Ham United FC,2,1
2019/20,2019-12-26 00:00:00+00:00,,Leicester City FC,Liverpool FC,0,4
2019/20,2019-12-26 00:00:00+00:00,,Sheffield United FC,Watford FC,1,1
2019/20,2019-12-26 00:00:00+00:00,,Manchester United FC,Newcastle United FC,4,1
2019/20,2019-12-27 00:00:00+00:00,,Wolverhampton Wanderers FC,Manchester City FC,3,2
2019/20,2019-12-28 00:00:00+00:00,,Brighton & Hove Albion FC,AFC Bournemouth,2,0
2019/20,2019-12-28 00:00:00+00:00,,Newcastle United FC,Everton FC,1,2
2019/20,2019-12-28 00:00:00+00:00,,Southampton FC,Crystal Palace FC,1,1
2019/20,2019-12-28 00:00:00+00:00,,Watford FC,Aston Villa FC,3,0
2019/20,2019-12-28 00:00:00+00:00,,Norwich City FC,Tottenham Hotspur FC,2,2
2019/20,2019-12-28 00:00:00+00:00,,West Ham United FC,Leicester City FC,1,2
2019/20,2019-12-28 00:00:00+00:00,,Burnley FC,Manchester United FC,0,2
2019/20,2019-12-29 00:00:00+00:00,,Liverpool FC,Wolverhampton Wanderers FC,1,0
2019/20,2019-12-29 00:00:00+00:00,,Manchester City FC,Sheffield United FC,2,0
2019/20,2019-12-29 00:00:00+00:00,,Arsenal FC,Chelsea FC,1,2
2019/20,2020-01-01 00:00:00+00:00,,Arsenal FC,Manchester United FC,2,0
2019/20,2020-01-01 00:00:00+00:00,,Brighton & Hove Albion FC,Chelsea FC,1,1
2019/20,2020-01-01 00:00:00+00:00,,Burnley FC,Aston Villa FC,1,2
2019/20,2020-01-01 00:00:00+00:00,,Newcastle United FC,Leicester City FC,0,3
2019/20,2020-01-01 00:00:00+00:00,,Southampton FC,Tottenham Hotspur FC,1,0
2019/20,2020-01-01 00:00:00+00:00,,Watford FC,Wolverhampton Wanderers FC,2,1
2019/20,2020-01-01 00:00:00+00:00,,Manchester City FC,Everton FC,2,1
2019/20,2020-01-01 00:00:00+00:00,,Norwich City FC,Crystal Palace FC,1,1
2019/20,2020-01-01 00:00:00+00:00,,West Ham United FC,AFC Bournemouth,4,0
2019/20,2020-01-02 00:00:00+00:00,,Liverpool FC,Sheffield United FC,2,0
2019/20,2020-01-10 00:00:00+00:00,,Sheffield United FC,West Ham United FC,1,0
2019/20,2020-01-11 00:00:00+00:00,,Crystal Palace FC,Arsenal FC,1,1
2019/20,2020-01-11 00:00:00+00:00,,Chelsea FC,Burnley FC,3,0
2019/20,2020-01-11 00:00:00+00:00,,Everton FC,Brighton & Hove Albion FC,1,0
2019/20,2020-01-11 00:00:00+00:00,,Leicester City FC,Southampton FC,1,2
2019/20,2020-01-11 00:00:00+00:00,,Manchester United FC,Norwich City FC,4,0
2019/20,2020-01-11 00:00:00+00:00,,Wolverhampton Wanderers FC,Newcastle United FC,1,1
2019/20,2020-01-11 00:00:00+00:00,,Tottenham Hotspur FC,Liverpool FC,0,1
2019/20,2020-01-12 00:00:00+00:00,,AFC Bournemouth,Watford FC,0,3
2019/20,2020-01-12 00:00:00+00:00,,Aston Villa FC,Manchester City FC,1,6
2019/20,2020-01-18 00:00:00+00:00,,Newcastle United FC,Chelsea FC,1,0
2019/20,2020-01-18 00:00:00+00:00,,West Ham United FC,Everton FC,1,1
2019/20,2020-01-18 00:00:00+00:00,,Southampton FC,Wolverhampton Wanderers FC,2,3
2019/20,2020-01-18 00:00:00+00:00,,Norwich City FC,AFC Bournemouth,1,0
2019/20,2020-01-18 00:00:00+00:00,,Arsenal FC,Sheffield United FC,1,1
2019/20,2020-01-18 00:00:00+00:00,,Brighton & Hove Albion FC,Aston Villa FC,1,1
2019/20,2020-01-18 00:00:00+00:00,,Watford FC,Tottenham Hotspur FC,0,0
2019/20,2020-01-18 00:00:00+00:00,,Manchester City FC,Crystal Palace FC,2,2
2019/20,2020-01-19 00:00:00+00:00,,Burnley FC,Leicester City FC,2,1
2019/20,2020-01-19 00:00:00+00:00,,Liverpool FC,Manchester United FC,2,0
2019/20,2020-01-21 00:00:00+00:00,,Everton FC,Newcastle United FC,2,2
2019/20,2020-01-21 00:00:00+00:00,,Sheffield United FC,Manchester City FC,0,1
2019/20,2020-01-21 00:00:00+00:00,,Chelsea FC,Arsenal FC,2,2
2019/20,2020-01-21 00:00:00+00:00,,Crystal Palace FC,Southampton FC,0,2
2019/20,2020-01-21 00:00:00+00:00,,Aston Villa FC,Watford FC,2,1
2019/20,2020-01-21 00:00:00+00:00,,AFC Bournemouth,Brighton & Hove Albion FC,3,1
2019/20,2020-01-22 00:00:00+00:00,,Leicester City FC,West Ham United FC,4,1
2019/20,2020-01-22 00:00:00+00:00,,Tottenham Hotspur FC,Norwich City FC,2,1
2019/20,2020-01-22 00:00:00+00:00,,Manchester United FC,Burnley FC,0,2
2019/20,2020-01-23 00:00:00+00:00,,Wolverhampton Wanderers FC,Liverpool FC,1,2
2019/20,2020-01-29 00:00:00+00:00,,West Ham United FC,Liverpool FC,0,2
2019/20,2020-02-01 00:00:00+00:00,,Manchester United FC,Wolverhampton Wanderers FC,0,0
2019/20,2020-02-01 00:00:00+00:00,,West Ham United FC,Brighton & Hove Albion FC,3,3
2019/20,2020-02-01 00:00:00+00:00,,Watford FC,Everton FC,2,3
2019/20,2020-02-01 00:00:00+00:00,,Newcastle United FC,Norwich City FC,0,0
2019/20,2020-02-01 00:00:00+00:00,,Crystal Palace FC,Sheffield United FC,0,1
2019/20,2020-02-01 00:00:00+00:00,,AFC Bournemouth,Aston Villa FC,2,1
2019/20,2020-02-01 00:00:00+00:00,,Leicester City FC,Chelsea FC,2,2
2019/20,2020-02-01 00:00:00+00:00,,Liverpool FC,Southampton FC,4,0
2019/20,2020-02-02 00:00:00+00:00,,Burnley FC,Arsenal FC,0,0
2019/20,2020-02-02 00:00:00+00:00,,Tottenham Hotspur FC,Manchester City FC,2,0
2019/20,2020-02-08 00:00:00+00:00,,Everton FC,Crystal Palace FC,3,1
2019/20,2020-02-08 00:00:00+00:00,,Brighton & Hove Albion FC,Watford FC,1,1
2019/20,2020-02-09 00:00:00+00:00,,Sheffield United FC,AFC Bournemouth,2,1
2019/20,2020-02-14 00:00:00+00:00,,Wolverhampton Wanderers FC,Leicester City FC,0,0
2019/20,2020-02-15 00:00:00+00:00,,Norwich City FC,Liverpool FC,0,1
2019/20,2020-02-15 00:00:00+00:00,,Southampton FC,Burnley FC,1,2
2019/20,2020-02-16 00:00:00+00:00,,Aston Villa FC,Tottenham Hotspur FC,2,3
2019/20,2020-02-16 00:00:00+00:00,,Arsenal FC,Newcastle United FC,4,0
2019/20,2020-02-17 00:00:00+00:00,,Chelsea FC,Manchester United FC,0,2
2019/20,2020-02-19 00:00:00+00:00,,Manchester City FC,West Ham United FC,2,0
2019/20,2020-02-22 00:00:00+00:00,,Southampton FC,Aston Villa FC,2,0
2019/20,2020-02-22 00:00:00+00:00,,Sheffield United FC,Brighton & Hove Albion FC,1,1
2019/20,2020-02-22 00:00:00+00:00,,Leicester City FC,Manchester City FC,0,1
2019/20,2020-02-22 00:00:00+00:00,,Burnley FC,AFC Bournemouth,3,0
2019/20,2020-02-22 00:00:00+00:00,,Chelsea FC,Tottenham Hotspur FC,2,1
2019/20,2020-02-22 00:00:00+00:00,,Crystal Palace FC,Newcastle United FC,1,0
2019/20,2020-02-23 00:00:00+00:00,,Manchester United FC,Watford FC,3,0
2019/20,2020-02-23 00:00:00+00:00,,Wolverhampton Wanderers FC,Norwich City FC,3,0
2019/20,2020-02-23 00:00:00+00:00,,Arsenal FC,Everton FC,3,2
2019/20,2020-02-24 00:00:00+00:00,,Liverpool FC,West Ham United FC,3,2
2019/20,2020-02-28 00:00:00+00:00,,Norwich City FC,Leicester City FC,1,0
2019/20,2020-02-29 00:00:00+00:00,,Watford FC,Liverpool FC,3,0
2019/20,2020-02-29 00:00:00+00:00,,Brighton & Hove Albion FC,Crystal Palace FC,0,1
2019/20,2020-02-29 00:00:00+00:00,,AFC Bournemouth,Chelsea FC,2,2
2019/20,2020-02-29 00:00:00+00:00,,Newcastle United FC,Burnley FC,0,0
2019/20,2020-02-29 00:00:00+00:00,,West Ham United FC,Southampton FC,3,1
2019/20,2020-03-01 00:00:00+00:00,,Tottenham Hotspur FC,Wolverhampton Wanderers FC,2,3
2019/20,2020-03-01 00:00:00+00:00,,Everton FC,Manchester United FC,1,1
2019/20,2020-03-07 00:00:00+00:00,,Liverpool FC,AFC Bournemouth,2,1
2019/20,2020-03-07 00:00:00+00:00,,Arsenal FC,West Ham United FC,1,0
2019/20,2020-03-07 00:00:00+00:00,,Crystal Palace FC,Watford FC,1,0
2019/20,2020-03-07 00:00:00+00:00,,Sheffield United FC,Norwich City FC,1,0
2019/20,2020-03-07 00:00:00+00:00,,Southampton FC,Newcastle United FC,0,1
2019/20,2020-03-07 00:00:00+00:00,,Wolverhampton Wanderers FC,Brighton & Hove Albion FC,0,0
2019/20,2020-03-07 00:00:00+00:00,,Burnley FC,Tottenham Hotspur FC,1,1
2019/20,2020-03-08 00:00:00+00:00,,Chelsea FC,Everton FC,4,0
2019/20,2020-03-08 00:00:00+00:00,,Manchester United FC,Manchester City FC,2,0
2019/20,2020-03-09 00:00:00+00:00,,Leicester City FC,Aston Villa FC,4,0
2019/20,2020-06-17 00:00:00+00:00,,Manchester City FC,Arsenal FC,3,0
2019/20,2020-06-17 00:00:00+00:00,,Aston Villa FC,Sheffield United FC,0,0
2019/20,2020-06-19 00:00:00+00:00,,Norwich City FC,Southampton FC,0,3
2019/20,2020-06-19 00:00:00+00:00,,Tottenham Hotspur FC,Manchester United FC,1,1
2019/20,2020-06-20 00:00:00+00:00,,Watford FC,Leicester City FC,1,1
2019/20,2020-06-20 00:00:00+00:00,,Brighton & Hove Albion FC,Arsenal FC,2,1
2019/20,2020-06-20 00:00:00+00:00,,West Ham United FC,Wolverhampton Wanderers FC,0,2
2019/20,2020-06-20 00:00:00+00:00,,AFC Bournemouth,Crystal Palace FC,0,2
2019/20,2020-06-21 00:00:00+00:00,,Newcastle United FC,Sheffield United FC,3,0
2019/20,2020-06-21 00:00:00+00:00,,Aston Villa FC,Chelsea FC,1,2
2019/20,2020-06-21 00:00:00+00:00,,Everton FC,Liverpool FC,0,0
2019/20,2020-06-22 00:00:00+00:00,,Manchester City FC,Burnley FC,5,0
2019/20,2020-06-23 00:00:00+00:00,,Leicester City FC,Brighton & Hove Albion FC,0,0
2019/20,2020-06-23 00:00:00+00:00,,Tottenham Hotspur FC,West Ham United FC,2,0
2019/20,2020-06-24 00:00:00+00:00,,Manchester United FC,Sheffield United FC,3,0
2019/20,2020-06-24 00:00:00+00:00,,Newcastle United FC,Aston Villa FC,1,1
2019/20,2020-06-24 00:00:00+00:00,,Norwich City FC,Everton FC,0,1
2019/20,2020-06-24 00:00:00+00:00,,Wolverhampton Wanderers FC,AFC Bournemouth,1,0
2019/20,2020-06-24 00:00:00+00:00,,Liverpool FC,Crystal Palace FC,4,0
2019/20,2020-06-25 00:00:00+00:00,,Burnley FC,Watford FC,1,0
2019/20,2020-06-25 00:00:00+00:00,,Southampton FC,Arsenal FC,0,2
2019/20,2020-06-25 00:00:00+00:00,,Chelsea FC,Manchester City FC,2,1
2019/20,2020-06-27 00:00:00+00:00,,Aston Villa FC,Wolverhampton Wanderers FC,0,1
2019/20,2020-06-28 00:00:00+00:00,,Watford FC,Southampton FC,1,3
2019/20,2020-06-29 00:00:00+00:00,,Crystal Palace FC,Burnley FC,0,1
2019/20,2020-06-30 00:00:00+00:00,,Brighton & Hove Albion FC,Manchester United FC,0,3
2019/20,2020-07-01 00:00:00+00:00,,Arsenal FC,Norwich City FC,4,0
2019/20,2020-07-01 00:00:00+00:00,,AFC Bournemouth,Newcastle United FC,1,4
2019/20,2020-07-01 00:00:00+00:00,,Everton FC,Leicester City FC,2,1
2019/20,2020-07-01 00:00:00+00:00,,West Ham United FC,Chelsea FC,3,2
2019/20,2020-07-02 00:00:00+00:00,,Sheffield United FC,Tottenham Hotspur FC,3,1
2019/20,2020-07-02 00:00:00+00:00,,Manchester City FC,Liverpool FC,4,0
2019/20,2020-07-04 00:00:00+00:00,,Chelsea FC,Watford FC,3,0
2019/20,2020-07-04 00:00:00+00:00,,Manchester United FC,AFC Bournemouth,5,2
2019/20,2020-07-04 00:00:00+00:00,,Wolverhampton Wanderers FC,Arsenal FC,0,2
2019/20,2020-07-04 00:00:00+00:00,,Leicester City FC,Crystal Palace FC,3,0
2019/20,2020-07-04 00:00:00+00:00,,Norwich City FC,Brighton & Hove Albion FC,0,1
2019/20,2020-07-05 00:00:00+00:00,,Burnley FC,Sheffield United FC,1,1
2019/20,2020-07-05 00:00:00+00:00,,Newcastle United FC,West Ham United FC,2,2
2019/20,2020-07-05 00:00:00+00:00,,Liverpool FC,Aston Villa FC,2,0
2019/20,2020-07-05 00:00:00+00:00,,Southampton FC,Manchester City FC,1,0
2019/20,2020-07-06 00:00:00+00:00,,Tottenham Hotspur FC,Everton FC,1,0
2019/20,2020-07-07 00:00:00+00:00,,Crystal Palace FC,Chelsea FC,2,3
2019/20,2020-07-07 00:00:00+00:00,,Watford FC,Norwich City FC,2,1
2019/20,2020-07-07 00:00:00+00:00,,Arsenal FC,Leicester City FC,1,1
2019/20,2020-07-08 00:00:00+00:00,,Brighton & Hove Albion FC,Liverpool FC,1,3
2019/20,2020-07-08 00:00:00+00:00,,West Ham United FC,Burnley FC,0,1
2019/20,2020-07-08 00:00:00+00:00,,Sheffield United FC,Wolverhampton Wanderers FC,1,0
2019/20,2020-07-08 00:00:00+00:00,,Manchester City FC,Newcastle United FC,5,0
2019/20,2020-07-09 00:00:00+00:00,,AFC Bournemouth,Tottenham Hotspur FC,0,0
2019/20,2020-07-09 00:00:00+00:00,,Everton FC,Southampton FC,1,1
2019/20,2020-07-09 00:00:00+00:00,,Aston Villa FC,Manchester United FC,0,3
2019/20,2020-07-11 00:00:00+00:00,,Norwich City FC,West Ham United FC,0,4
2019/20,2020-07-11 00:00:00+00:00,,Watford FC,Newcastle United FC,2,1
2019/20,2020-07-11 00:00:00+00:00,,Liverpool FC,Burnley FC,1,1
2019/20,2020-07-11 00:00:00+00:00,,Sheffield United FC,Chelsea FC,3,0
2019/20,2020-07-11 00:00:00+00:00,,Brighton & Hove Albion FC,Manchester City FC,0,5
2019/20,2020-07-12 00:00:00+00:00,,AFC Bournemouth,Leicester City FC,4,1
2019/20,2020-07-12 00:00:00+00:00,,Aston Villa FC,Crystal Palace FC,2,0
2019/20,2020-07-12 00:00:00+00:00,,Wolverhampton Wanderers FC,Everton FC,3,0
2019/20,2020-07-12 00:00:00+00:00,,Tottenham Hotspur FC,Arsenal FC,2,1
2019/20,2020-07-13 00:00:00+00:00,,Manchester United FC,Southampton FC,2,2
2019/20,2020-07-14 00:00:00+00:00,,Chelsea FC,Norwich City FC,1,0
2019/20,2020-07-15 00:00:00+00:00,,Burnley FC,Wolverhampton Wanderers FC,1,1
2019/20,2020-07-15 00:00:00+00:00,,Manchester City FC,AFC Bournemouth,2,1
2019/20,2020-07-15 00:00:00+00:00,,Newcastle United FC,Tottenham Hotspur FC,1,3
2019/20,2020-07-15 00:00:00+00:00,,Arsenal FC,Liverpool FC,2,1
2019/20,2020-07-16 00:00:00+00:00,,Crystal Palace FC,Manchester United FC,0,2
2019/20,2020-07-16 00:00:00+00:00,,Southampton FC,Brighton & Hove Albion FC,1,1
2019/20,2020-07-16 00:00:00+00:00,,Leicester City FC,Sheffield United FC,2,0
2019/20,2020-07-16 00:00:00+00:00,,Everton FC,Aston Villa FC,1,1
2019/20,2020-07-17 00:00:00+00:00,,West Ham United FC,Watford FC,3,1
2019/20,2020-07-18 00:00:00+00:00,,Norwich City FC,Burnley FC,0,2
2019/20,2020-07-19 00:00:00+00:00,,AFC Bournemouth,Southampton FC,0,2
2019/20,2020-07-19 00:00:00+00:00,,Tottenham Hotspur FC,Leicester City FC,3,0
2019/20,2020-07-20 00:00:00+00:00,,Brighton & Hove Albion FC,Newcastle United FC,0,0
2019/20,2020-07-20 00:00:00+00:00,,Sheffield United FC,Everton FC,0,1
2019/20,2020-07-20 00:00:00+00:00,,Wolverhampton Wanderers FC,Crystal Palace FC,2,0
2019/20,2020-07-21 00:00:00+00:00,,Watford FC,Manchester City FC,0,4
2019/20,2020-07-21 00:00:00+00:00,,Aston Villa FC,Arsenal FC,1,0
2019/20,2020-07-22 00:00:00+00:00,,Liverpool FC,Chelsea FC,5,3
2019/20,2020-07-22 00:00:00+00:00,,Manchester United FC,West Ham United FC,1,1
2019/20,2020-07-26 00:00:00+00:00,,Newcastle United FC,Liverpool FC,1,3
2019/20,2020-07-26 00:00:00+00:00,,West Ham United FC,Aston Villa FC,1,1
2019/20,2020-07-26 00:00:00+00:00,,Leicester City FC,Manchester United FC,0,2
2019/20,2020-07-26 00:00:00+00:00,,Everton FC,AFC Bournemouth,1,3
2019/20,2020-07-26 00:00:00+00:00,,Crystal Palace FC,Tottenham Hotspur FC,1,1
2019/20,2020-07-26 00:00:00+00:00,,Chelsea FC,Wolverhampton Wanderers FC,2,0
2019/20,2020-07-26 00:00:00+00:00,,Burnley FC,Brighton & Hove Albion FC,1,2
2019/20,2020-07-26 00:00:00+00:00,,Arsenal FC,Watford FC,3,2
2019/20,2020-07-26 00:00:00+00:00,,Manchester City FC,Norwich City FC,5,0
2019/20,2020-07-26 00:00:00+00:00,,Southampton FC,Sheffield United FC,3,1
2020/21,2020-09-12 00:00:00+00:00,,West Ham United FC,Newcastle United FC,0,2
2020/21,2020-09-12 00:00:00+00:00,,Liverpool FC,Leeds United FC,4,3
2020/21,2020-09-12 00:00:00+00:00,,Crystal Palace FC,Southampton FC,1,0
2020/21,2020-09-12 00:00:00+00:00,,Fulham FC,Arsenal FC,0,3
2020/21,2020-09-13 00:00:00+00:00,,West Bromwich Albion FC,Leicester City FC,0,3
2020/21,2020-09-13 00:00:00+00:00,,Tottenham Hotspur FC,Everton FC,0,1
2020/21,2020-09-14 00:00:00+00:00,,Sheffield United FC,Wolverhampton Wanderers FC,0,2
2020/21,2020-09-14 00:00:00+00:00,,Brighton & Hove Albion FC,Chelsea FC,1,3
2020/21,2020-09-19 00:00:00+00:00,,Everton FC,West Bromwich Albion FC,5,2
2020/21,2020-09-19 00:00:00+00:00,,Arsenal FC,West Ham United FC,2,1
2020/21,2020-09-19 00:00:00+00:00,,Manchester United FC,Crystal Palace FC,1,3
2020/21,2020-09-19 00:00:00+00:00,,Leeds United FC,Fulham FC,4,3
2020/21,2020-09-20 00:00:00+00:00,,Chelsea FC,Liverpool FC,0,2
2020/21,2020-09-20 00:00:00+00:00,,Newcastle United FC,Brighton & Hove Albion FC,0,3
2020/21,2020-09-20 00:00:00+00:00,,Southampton FC,Tottenham Hotspur FC,2,5
2020/21,2020-09-20 00:00:00+00:00,,Leicester City FC,Burnley FC,4,2
2020/21,2020-09-21 00:00:00+00:00,,Aston Villa FC,Sheffield United FC,1,0
2020/21,2020-09-21 00:00:00+00:00,,Wolverhampton Wanderers FC,Manchester City FC,1,3
2020/21,2020-09-26 00:00:00+00:00,,Burnley FC,Southampton FC,0,1
2020/21,2020-09-26 00:00:00+00:00,,West Bromwich Albion FC,Chelsea FC,3,3
2020/21,2020-09-26 00:00:00+00:00,,Crystal Palace FC,Everton FC,1,2
2020/21,2020-09-26 00:00:00+00:00,,Brighton & Hove Albion FC,Manchester United FC,2,3
2020/21,2020-09-27 00:00:00+00:00,,Tottenham Hotspur FC,Newcastle United FC,1,1
2020/21,2020-09-27 00:00:00+00:00,,Sheffield United FC,Leeds United FC,0,1
2020/21,2020-09-27 00:00:00+00:00,,Manchester City FC,Leicester City FC,2,5
2020/21,2020-09-27 00:00:00+00:00,,West Ham United FC,Wolverhampton Wanderers FC,4,0
2020/21,2020-09-28 00:00:00+00:00,,Fulham FC,Aston Villa FC,0,3
2020/21,2020-09-28 00:00:00+00:00,,Liverpool FC,Arsenal FC,3,1
2020/21,2020-10-03 00:00:00+00:00,,Leeds United FC,Manchester City FC,1,1
2020/21,2020-10-03 00:00:00+00:00,,Everton FC,Brighton & Hove Albion FC,4,2
2020/21,2020-10-03 00:00:00+00:00,,Chelsea FC,Crystal Palace FC,4,0
2020/21,2020-10-03 00:00:00+00:00,,Newcastle United FC,Burnley FC,3,1
2020/21,2020-10-04 00:00:00+00:00,,Wolverhampton Wanderers FC,Fulham FC,1,0
2020/21,2020-10-04 00:00:00+00:00,,Arsenal FC,Sheffield United FC,2,1
2020/21,2020-10-04 00:00:00+00:00,,Southampton FC,West Bromwich Albion FC,2,0
2020/21,2020-10-04 00:00:00+00:00,,Leicester City FC,West Ham United FC,0,3
2020/21,2020-10-04 00:00:00+00:00,,Aston Villa FC,Liverpool FC,7,2
2020/21,2020-10-04 00:00:00+00:00,,Manchester United FC,Tottenham Hotspur FC,1,6
2020/21,2020-10-17 00:00:00+00:00,,Newcastle United FC,Manchester United FC,1,4
2020/21,2020-10-17 00:00:00+00:00,,Manchester City FC,Arsenal FC,1,0
2020/21,2020-10-17 00:00:00+00:00,,Chelsea FC,Southampton FC,3,3
2020/21,2020-10-17 00:00:00+00:00,,Everton FC,Liverpool FC,2,2
2020/21,2020-10-18 00:00:00+00:00,,Sheffield United FC,Fulham FC,1,1
2020/21,2020-10-18 00:00:00+00:00,,Leicester City FC,Aston Villa FC,0,1
2020/21,2020-10-18 00:00:00+00:00,,Crystal Palace FC,Brighton & Hove Albion FC,1,1
2020/21,2020-10-18 00:00:00+00:00,,Tottenham Hotspur FC,West Ham United FC,3,3
2020/21,2020-10-19 00:00:00+00:00,,West Bromwich Albion FC,Burnley FC,0,0
2020/21,2020-10-19 00:00:00+00:00,,Leeds United FC,Wolverhampton Wanderers FC,0,1
2020/21,2020-10-23 00:00:00+00:00,,Aston Villa FC,Leeds United FC,0,3
2020/21,2020-10-24 00:00:00+00:00,,Liverpool FC,Sheffield United FC,2,1
2020/21,2020-10-24 00:00:00+00:00,,Manchester United FC,Chelsea FC,0,0
2020/21,2020-10-24 00:00:00+00:00,,West Ham United FC,Manchester City FC,1,1
2020/21,2020-10-24 00:00:00+00:00,,Fulham FC,Crystal Palace FC,1,2
2020/21,2020-10-25 00:00:00+00:00,,Arsenal FC,Leicester City FC,0,1
2020/21,2020-10-25 00:00:00+00:00,,Southampton FC,Everton FC,2,0
2020/21,2020-10-25 00:00:00+00:00,,Wolverhampton Wanderers FC,Newcastle United FC,1,1
2020/21,2020-10-26 00:00:00+00:00,,Brighton & Hove Albion FC,West Bromwich Albion FC,1,1
2020/21,2020-10-26 00:00:00+00:00,,Burnley FC,Tottenham Hotspur FC,0,1
2020/21,2020-10-30 00:00:00+00:00,,Wolverhampton Wanderers FC,Crystal Palace FC,2,0
2020/21,2020-10-31 00:00:00+00:00,,Liverpool FC,West Ham United FC,2,1
2020/21,2020-10-31 00:00:00+00:00,,Sheffield United FC,Manchester City FC,0,1
2020/21,2020-10-31 00:00:00+00:00,,Burnley FC,Chelsea FC,0,3
2020/21,2020-11-01 00:00:00+00:00,,Tottenham Hotspur FC,Brighton & Hove Albion FC,2,1
2020/21,2020-11-01 00:00:00+00:00,,Aston Villa FC,Southampton FC,3,4
2020/21,2020-11-01 00:00:00+00:00,,Newcastle United FC,Everton FC,2,1
2020/21,2020-11-01 00:00:00+00:00,,Manchester United FC,Arsenal FC,0,1
2020/21,2020-11-02 00:00:00+00:00,,Fulham FC,West Bromwich Albion FC,2,0
2020/21,2020-11-02 00:00:00+00:00,,Leeds United FC,Leicester City FC,1,4
2020/21,2020-11-06 00:00:00+00:00,,Brighton & Hove Albion FC,Burnley FC,0,0
2020/21,2020-11-06 00:00:00+00:00,,Southampton FC,Newcastle United FC,2,0
2020/21,2020-11-07 00:00:00+00:00,,Chelsea FC,Sheffield United FC,4,1
2020/21,2020-11-07 00:00:00+00:00,,Crystal Palace FC,Leeds United FC,4,1
2020/21,2020-11-07 00:00:00+00:00,,Everton FC,Manchester United FC,1,3
2020/21,2020-11-07 00:00:00+00:00,,West Ham United FC,Fulham FC,1,0
2020/21,2020-11-08 00:00:00+00:00,,Arsenal FC,Aston Villa FC,0,3
2020/21,2020-11-08 00:00:00+00:00,,Manchester City FC,Liverpool FC,1,1
2020/21,2020-11-08 00:00:00+00:00,,Leicester City FC,Wolverhampton Wanderers FC,1,0
2020/21,2020-11-08 00:00:00+00:00,,West Bromwich Albion FC,Tottenham Hotspur FC,0,1
2020/21,2020-11-21 00:00:00+00:00,,Manchester United FC,West Bromwich Albion FC,1,0
2020/21,2020-11-21 00:00:00+00:00,,Tottenham Hotspur FC,Manchester City FC,2,0
2020/21,2020-11-21 00:00:00+00:00,,Aston Villa FC,Brighton & Hove Albion FC,1,2
2020/21,2020-11-21 00:00:00+00:00,,Newcastle United FC,Chelsea FC,0,2
2020/21,2020-11-22 00:00:00+00:00,,Sheffield United FC,West Ham United FC,0,1
2020/21,2020-11-22 00:00:00+00:00,,Fulham FC,Everton FC,2,3
2020/21,2020-11-22 00:00:00+00:00,,Leeds United FC,Arsenal FC,0,0
2020/21,2020-11-22 00:00:00+00:00,,Liverpool FC,Leicester City FC,3,0
2020/21,2020-11-23 00:00:00+00:00,,Burnley FC,Crystal Palace FC,1,0
2020/21,2020-11-23 00:00:00+00:00,,Wolverhampton Wanderers FC,Southampton FC,1,1
2020/21,2020-11-27 00:00:00+00:00,,Crystal Palace FC,Newcastle United FC,0,2
2020/21,2020-11-28 00:00:00+00:00,,West Bromwich Albion FC,Sheffield United FC,1,0
2020/21,2020-11-28 00:00:00+00:00,,Manchester City FC,Burnley FC,5,0
2020/21,2020-11-28 00:00:00+00:00,,Brighton & Hove Albion FC,Liverpool FC,1,1
2020/21,2020-11-28 00:00:00+00:00,,Everton FC,Leeds United FC,0,1
2020/21,2020-11-29 00:00:00+00:00,,Arsenal FC,Wolverhampton Wanderers FC,1,2
2020/21,2020-11-29 00:00:00+00:00,,Southampton FC,Manchester United FC,2,3
2020/21,2020-11-29 00:00:00+00:00,,Chelsea FC,Tottenham Hotspur FC,0,0
2020/21,2020-11-30 00:00:00+00:00,,Leicester City FC,Fulham FC,1,2
2020/21,2020-11-30 00:00:00+00:00,,West Ham United FC,Aston Villa FC,2,1
2020/21,2020-12-05 00:00:00+00:00,,West Ham United FC,Manchester United FC,1,3
2020/21,2020-12-05 00:00:00+00:00,,Burnley FC,Everton FC,1,1
2020/21,2020-12-05 00:00:00+00:00,,Manchester City FC,Fulham FC,2,0
2020/21,2020-12-05 00:00:00+00:00,,Chelsea FC,Leeds United FC,3,1
2020/21,2020-12-06 00:00:00+00:00,,Tottenham Hotspur FC,Arsenal FC,2,0
2020/21,2020-12-06 00:00:00+00:00,,West Bromwich Albion FC,Crystal Palace FC,1,5
2020/21,2020-12-06 00:00:00+00:00,,Sheffield United FC,Leicester City FC,1,2
2020/21,2020-12-06 00:00:00+00:00,,Liverpool FC,Wolverhampton Wanderers FC,4,0
2020/21,2020-12-07 00:00:00+00:00,,Brighton & Hove Albion FC,Southampton FC,1,2
2020/21,2020-12-11 00:00:00+00:00,,Leeds United FC,West Ham United FC,1,2
2020/21,2020-12-12 00:00:00+00:00,,Everton FC,Chelsea FC,1,0
2020/21,2020-12-12 00:00:00+00:00,,Manchester United FC,Manchester City FC,0,0
2020/21,2020-12-12 00:00:00+00:00,,Newcastle United FC,West Bromwich Albion FC,2,1
2020/21,2020-12-12 00:00:00+00:00,,Wolverhampton Wanderers FC,Aston Villa FC,0,1
2020/21,2020-12-13 00:00:00+00:00,,Leicester City FC,Brighton & Hove Albion FC,3,0
2020/21,2020-12-13 00:00:00+00:00,,Arsenal FC,Burnley FC,0,1
2020/21,2020-12-13 00:00:00+00:00,,Fulham FC,Liverpool FC,1,1
2020/21,2020-12-13 00:00:00+00:00,,Southampton FC,Sheffield United FC,3,0
2020/21,2020-12-13 00:00:00+00:00,,Crystal Palace FC,Tottenham Hotspur FC,1,1
2020/21,2020-12-15 00:00:00+00:00,,Manchester City FC,West Bromwich Albion FC,1,1
2020/21,2020-12-15 00:00:00+00:00,,Wolverhampton Wanderers FC,Chelsea FC,2,1
2020/21,2020-12-16 00:00:00+00:00,,Fulham FC,Brighton & Hove Albion FC,0,0
2020/21,2020-12-16 00:00:00+00:00,,West Ham United FC,Crystal Palace FC,1,1
2020/21,2020-12-16 00:00:00+00:00,,Leeds United FC,Newcastle United FC,5,2
2020/21,2020-12-16 00:00:00+00:00,,Arsenal FC,Southampton FC,1,1
2020/21,2020-12-16 00:00:00+00:00,,Liverpool FC,Tottenham Hotspur FC,2,1
2020/21,2020-12-16 00:00:00+00:00,,Leicester City FC,Everton FC,0,2
2020/21,2020-12-17 00:00:00+00:00,,Aston Villa FC,Burnley FC,0,0
2020/21,2020-12-17 00:00:00+00:00,,Sheffield United FC,Manchester United FC,2,3
2020/21,2020-12-19 00:00:00+00:00,,Newcastle United FC,Fulham FC,1,1
2020/21,2020-12-19 00:00:00+00:00,,Everton FC,Arsenal FC,2,1
2020/21,2020-12-19 00:00:00+00:00,,Southampton FC,Manchester City FC,0,1
2020/21,2020-12-19 00:00:00+00:00,,Crystal Palace FC,Liverpool FC,0,7
2020/21,2020-12-20 00:00:00+00:00,,West Bromwich Albion FC,Aston Villa FC,0,3
2020/21,2020-12-20 00:00:00+00:00,,Brighton & Hove Albion FC,Sheffield United FC,1,1
2020/21,2020-12-20 00:00:00+00:00,,Tottenham Hotspur FC,Leicester City FC,0,2
2020/21,2020-12-20 00:00:00+00:00,,Manchester United FC,Leeds United FC,6,2
2020/21,2020-12-21 00:00:00+00:00,,Chelsea FC,West Ham United FC,3,0
2020/21,2020-12-21 00:00:00+00:00,,Burnley FC,Wolverhampton Wanderers FC,2,1
2020/21,2020-12-26 00:00:00+00:00,,Sheffield United FC,Everton FC,0,1
2020/21,2020-12-26 00:00:00+00:00,,Manchester City FC,Newcastle United FC,2,0
2020/21,2020-12-26 00:00:00+00:00,,Fulham FC,Southampton FC,0,0
2020/21,2020-12-26 00:00:00+00:00,,Aston Villa FC,Crystal Palace FC,3,0
2020/21,2020-12-26 00:00:00+00:00,,Leicester City FC,Manchester United FC,2,2
2020/21,2020-12-26 00:00:00+00:00,,Arsenal FC,Chelsea FC,3,1
2020/21,2020-12-27 00:00:00+00:00,,West Ham United FC,Brighton & Hove Albion FC,2,2
2020/21,2020-12-27 00:00:00+00:00,,Liverpool FC,West Bromwich Albion FC,1,1
2020/21,2020-12-27 00:00:00+00:00,,Wolverhampton Wanderers FC,Tottenham Hotspur FC,1,1
2020/21,2020-12-27 00:00:00+00:00,,Leeds United FC,Burnley FC,1,0
2020/21,2020-12-28 00:00:00+00:00,,Crystal Palace FC,Leicester City FC,1,1
2020/21,2020-12-28 00:00:00+00:00,,Chelsea FC,Aston Villa FC,1,1
2020/21,2020-12-29 00:00:00+00:00,,Brighton & Hove Albion FC,Arsenal FC,0,1
2020/21,2020-12-29 00:00:00+00:00,,Burnley FC,Sheffield United FC,1,0
2020/21,2020-12-29 00:00:00+00:00,,Southampton FC,West Ham United FC,0,0
2020/21,2020-12-29 00:00:00+00:00,,West Bromwich Albion FC,Leeds United FC,0,5
2020/21,2020-12-29 00:00:00+00:00,,Manchester United FC,Wolverhampton Wanderers FC,1,0
2020/21,2020-12-30 00:00:00+00:00,,Newcastle United FC,Liverpool FC,0,0
2020/21,2021-01-01 00:00:00+00:00,,Everton FC,West Ham United FC,0,1
2020/21,2021-01-01 00:00:00+00:00,,Manchester United FC,Aston Villa FC,2,1
2020/21,2021-01-02 00:00:00+00:00,,Tottenham Hotspur FC,Leeds United FC,3,0
2020/21,2021-01-02 00:00:00+00:00,,Crystal Palace FC,Sheffield United FC,2,0
2020/21,2021-01-02 00:00:00+00:00,,Brighton & Hove Albion FC,Wolverhampton Wanderers FC,3,3
2020/21,2021-01-02 00:00:00+00:00,,West Bromwich Albion FC,Arsenal FC,0,4
2020/21,2021-01-03 00:00:00+00:00,,Newcastle United FC,Leicester City FC,1,2
2020/21,2021-01-03 00:00:00+00:00,,Chelsea FC,Manchester City FC,1,3
2020/21,2021-01-04 00:00:00+00:00,,Southampton FC,Liverpool FC,1,0
2020/21,2021-01-12 00:00:00+00:00,,Burnley FC,Manchester United FC,0,1
2020/21,2021-01-12 00:00:00+00:00,,Wolverhampton Wanderers FC,Everton FC,1,2
2020/21,2021-01-12 00:00:00+00:00,,Sheffield United FC,Newcastle United FC,1,0
2020/21,2021-01-13 00:00:00+00:00,,Manchester City FC,Brighton & Hove Albion FC,1,0
2020/21,2021-01-13 00:00:00+00:00,,Tottenham Hotspur FC,Fulham FC,1,1
2020/21,2021-01-14 00:00:00+00:00,,Arsenal FC,Crystal Palace FC,0,0
2020/21,2021-01-16 00:00:00+00:00,,Wolverhampton Wanderers FC,West Bromwich Albion FC,2,3
2020/21,2021-01-16 00:00:00+00:00,,Leeds United FC,Brighton & Hove Albion FC,0,1
2020/21,2021-01-16 00:00:00+00:00,,West Ham United FC,Burnley FC,1,0
2020/21,2021-01-16 00:00:00+00:00,,Fulham FC,Chelsea FC,0,1
2020/21,2021-01-16 00:00:00+00:00,,Leicester City FC,Southampton FC,2,0
2020/21,2021-01-17 00:00:00+00:00,,Sheffield United FC,Tottenham Hotspur FC,1,3
2020/21,2021-01-17 00:00:00+00:00,,Manchester City FC,Crystal Palace FC,4,0
2020/21,2021-01-17 00:00:00+00:00,,Liverpool FC,Manchester United FC,0,0
2020/21,2021-01-18 00:00:00+00:00,,Arsenal FC,Newcastle United FC,3,0
2020/21,2021-01-19 00:00:00+00:00,,Leicester City FC,Chelsea FC,2,0
2020/21,2021-01-19 00:00:00+00:00,,West Ham United FC,West Bromwich Albion FC,2,1
2020/21,2021-01-20 00:00:00+00:00,,Fulham FC,Manchester United FC,1,2
2020/21,2021-01-20 00:00:00+00:00,,Manchester City FC,Aston Villa FC,2,0
2020/21,2021-01-21 00:00:00+00:00,,Liverpool FC,Burnley FC,0,1
2020/21,2021-01-23 00:00:00+00:00,,Aston Villa FC,Newcastle United FC,2,0
2020/21,2021-01-26 00:00:00+00:00,,West Bromwich Albion FC,Manchester City FC,0,5
2020/21,2021-01-26 00:00:00+00:00,,Crystal Palace FC,West Ham United FC,2,3
2020/21,2021-01-26 00:00:00+00:00,,Newcastle United FC,Leeds United FC,1,2
2020/21,2021-01-26 00:00:00+00:00,,Southampton FC,Arsenal FC,1,3
2020/21,2021-01-27 00:00:00+00:00,,Everton FC,Leicester City FC,1,1
2020/21,2021-01-27 00:00:00+00:00,,Burnley FC,Aston Villa FC,3,2
2020/21,2021-01-27 00:00:00+00:00,,Chelsea FC,Wolverhampton Wanderers FC,0,0
2020/21,2021-01-27 00:00:00+00:00,,Brighton & Hove Albion FC,Fulham FC,0,0
2020/21,2021-01-27 00:00:00+00:00,,Manchester United FC,Sheffield United FC,1,2
2020/21,2021-01-28 00:00:00+00:00,,Tottenham Hotspur FC,Liverpool FC,1,3
2020/21,2021-01-30 00:00:00+00:00,,Southampton FC,Aston Villa FC,0,1
2020/21,2021-01-30 00:00:00+00:00,,West Bromwich Albion FC,Fulham FC,2,2
2020/21,2021-01-30 00:00:00+00:00,,Manchester City FC,Sheffield United FC,1,0
2020/21,2021-01-30 00:00:00+00:00,,Crystal Palace FC,Wolverhampton Wanderers FC,1,0
2020/21,2021-01-30 00:00:00+00:00,,Everton FC,Newcastle United FC,0,2
2020/21,2021-01-30 00:00:00+00:00,,Arsenal FC,Manchester United FC,0,0
2020/21,2021-01-31 00:00:00+00:00,,Leicester City FC,Leeds United FC,1,3
2020/21,2021-01-31 00:00:00+00:00,,Chelsea FC,Burnley FC,2,0
2020/21,2021-01-31 00:00:00+00:00,,West Ham United FC,Liverpool FC,1,3
2020/21,2021-01-31 00:00:00+00:00,,Brighton & Hove Albion FC,Tottenham Hotspur FC,1,0
2020/21,2021-02-02 00:00:00+00:00,,Manchester United FC,Southampton FC,9,0
2020/21,2021-02-02 00:00:00+00:00,,Wolverhampton Wanderers FC,Arsenal FC,2,1
2020/21,2021-02-02 00:00:00+00:00,,Sheffield United FC,West Bromwich Albion FC,2,1
2020/21,2021-02-02 00:00:00+00:00,,Newcastle United FC,Crystal Palace FC,1,2
2020/21,2021-02-03 00:00:00+00:00,,Aston Villa FC,West Ham United FC,1,3
2020/21,2021-02-03 00:00:00+00:00,,Leeds United FC,Everton FC,1,2
2020/21,2021-02-03 00:00:00+00:00,,Fulham FC,Leicester City FC,0,2
2020/21,2021-02-03 00:00:00+00:00,,Burnley FC,Manchester City FC,0,2
2020/21,2021-02-03 00:00:00+00:00,,Liverpool FC,Brighton & Hove Albion FC,0,1
2020/21,2021-02-04 00:00:00+00:00,,Tottenham Hotspur FC,Chelsea FC,0,1
2020/21,2021-02-06 00:00:00+00:00,,Fulham FC,West Ham United FC,0,0
2020/21,2021-02-06 00:00:00+00:00,,Burnley FC,Brighton & Hove Albion FC,1,1
2020/21,2021-02-06 00:00:00+00:00,,Aston Villa FC,Arsenal FC,1,0
2020/21,2021-02-06 00:00:00+00:00,,Manchester United FC,Everton FC,3,3
2020/21,2021-02-06 00:00:00+00:00,,Newcastle United FC,Southampton FC,3,2
2020/21,2021-02-07 00:00:00+00:00,,Tottenham Hotspur FC,West Bromwich Albion FC,2,0
2020/21,2021-02-07 00:00:00+00:00,,Wolverhampton Wanderers FC,Leicester City FC,0,0
2020/21,2021-02-07 00:00:00+00:00,,Sheffield United FC,Chelsea FC,1,2
2020/21,2021-02-07 00:00:00+00:00,,Liverpool FC,Manchester City FC,1,4
2020/21,2021-02-08 00:00:00+00:00,,Leeds United FC,Crystal Palace FC,2,0
2020/21,2021-02-13 00:00:00+00:00,,Brighton & Hove Albion FC,Aston Villa FC,0,0
2020/21,2021-02-13 00:00:00+00:00,,Manchester City FC,Tottenham Hotspur FC,3,0
2020/21,2021-02-13 00:00:00+00:00,,Crystal Palace FC,Burnley FC,0,3
2020/21,2021-02-13 00:00:00+00:00,,Leicester City FC,Liverpool FC,3,1
2020/21,2021-02-14 00:00:00+00:00,,Arsenal FC,Leeds United FC,4,2
2020/21,2021-02-14 00:00:00+00:00,,Everton FC,Fulham FC,0,2
2020/21,2021-02-14 00:00:00+00:00,,Southampton FC,Wolverhampton Wanderers FC,1,2
2020/21,2021-02-14 00:00:00+00:00,,West Bromwich Albion FC,Manchester United FC,1,1
2020/21,2021-02-15 00:00:00+00:00,,West Ham United FC,Sheffield United FC,3,0
2020/21,2021-02-15 00:00:00+00:00,,Chelsea FC,Newcastle United FC,2,0
2020/21,2021-02-17 00:00:00+00:00,,Everton FC,Manchester City FC,1,3
2020/21,2021-02-17 00:00:00+00:00,,Burnley FC,Fulham FC,1,1
2020/21,2021-02-19 00:00:00+00:00,,Wolverhampton Wanderers FC,Leeds United FC,1,0
2020/21,2021-02-20 00:00:00+00:00,,Liverpool FC,Everton FC,0,2
2020/21,2021-02-20 00:00:00+00:00,,Burnley FC,West Bromwich Albion FC,0,0
2020/21,2021-02-20 00:00:00+00:00,,Southampton FC,Chelsea FC,1,1
2020/21,2021-02-20 00:00:00+00:00,,Fulham FC,Sheffield United FC,1,0
2020/21,2021-02-21 00:00:00+00:00,,West Ham United FC,Tottenham Hotspur FC,2,1
2020/21,2021-02-21 00:00:00+00:00,,Aston Villa FC,Leicester City FC,1,2
2020/21,2021-02-21 00:00:00+00:00,,Arsenal FC,Manchester City FC,0,1
2020/21,2021-02-21 00:00:00+00:00,,Manchester United FC,Newcastle United FC,3,1
2020/21,2021-02-22 00:00:00+00:00,,Brighton & Hove Albion FC,Crystal Palace FC,1,2
2020/21,2021-02-23 00:00:00+00:00,,Leeds United FC,Southampton FC,3,0
2020/21,2021-02-27 00:00:00+00:00,,Manchester City FC,West Ham United FC,2,1
2020/21,2021-02-27 00:00:00+00:00,,West Bromwich Albion FC,Brighton & Hove Albion FC,1,0
2020/21,2021-02-27 00:00:00+00:00,,Leeds United FC,Aston Villa FC,0,1
2020/21,2021-02-27 00:00:00+00:00,,Newcastle United FC,Wolverhampton Wanderers FC,1,1
2020/21,2021-02-28 00:00:00+00:00,,Sheffield United FC,Liverpool FC,0,2
2020/21,2021-02-28 00:00:00+00:00,,Leicester City FC,Arsenal FC,1,3
2020/21,2021-02-28 00:00:00+00:00,,Tottenham Hotspur FC,Burnley FC,4,0
2020/21,2021-02-28 00:00:00+00:00,,Chelsea FC,Manchester United FC,0,0
2020/21,2021-02-28 00:00:00+00:00,,Crystal Palace FC,Fulham FC,0,0
2020/21,2021-03-01 00:00:00+00:00,,Everton FC,Southampton FC,1,0
2020/21,2021-03-02 00:00:00+00:00,,Manchester City FC,Wolverhampton Wanderers FC,4,1
2020/21,2021-03-03 00:00:00+00:00,,Burnley FC,Leicester City FC,1,1
2020/21,2021-03-03 00:00:00+00:00,,Sheffield United FC,Aston Villa FC,1,0
2020/21,2021-03-03 00:00:00+00:00,,Crystal Palace FC,Manchester United FC,0,0
2020/21,2021-03-04 00:00:00+00:00,,West Bromwich Albion FC,Everton FC,0,1
2020/21,2021-03-04 00:00:00+00:00,,Liverpool FC,Chelsea FC,0,1
2020/21,2021-03-04 00:00:00+00:00,,Fulham FC,Tottenham Hotspur FC,0,1
2020/21,2021-03-06 00:00:00+00:00,,Burnley FC,Arsenal FC,1,1
2020/21,2021-03-06 00:00:00+00:00,,Sheffield United FC,Southampton FC,0,2
2020/21,2021-03-06 00:00:00+00:00,,Aston Villa FC,Wolverhampton Wanderers FC,0,0
2020/21,2021-03-06 00:00:00+00:00,,Brighton & Hove Albion FC,Leicester City FC,1,2
2020/21,2021-03-07 00:00:00+00:00,,West Bromwich Albion FC,Newcastle United FC,0,0
2020/21,2021-03-07 00:00:00+00:00,,Liverpool FC,Fulham FC,0,1
2020/21,2021-03-07 00:00:00+00:00,,Manchester City FC,Manchester United FC,0,2
2020/21,2021-03-07 00:00:00+00:00,,Tottenham Hotspur FC,Crystal Palace FC,4,1
2020/21,2021-03-08 00:00:00+00:00,,West Ham United FC,Leeds United FC,2,0
2020/21,2021-03-08 00:00:00+00:00,,Chelsea FC,Everton FC,2,0
2020/21,2021-03-10 00:00:00+00:00,,Manchester City FC,Southampton FC,5,2
2020/21,2021-03-12 00:00:00+00:00,,Newcastle United FC,Aston Villa FC,1,1
2020/21,2021-03-13 00:00:00+00:00,,Fulham FC,Manchester City FC,0,3
2020/21,2021-03-13 00:00:00+00:00,,Everton FC,Burnley FC,1,2
2020/21,2021-03-13 00:00:00+00:00,,Leeds United FC,Chelsea FC,0,0
2020/21,2021-03-13 00:00:00+00:00,,Crystal Palace FC,West Bromwich Albion FC,1,0
2020/21,2021-03-14 00:00:00+00:00,,Leicester City FC,Sheffield United FC,5,0
2020/21,2021-03-14 00:00:00+00:00,,Arsenal FC,Tottenham Hotspur FC,2,1
2020/21,2021-03-14 00:00:00+00:00,,Manchester United FC,West Ham United FC,1,0
2020/21,2021-03-14 00:00:00+00:00,,Southampton FC,Brighton & Hove Albion FC,1,2
2020/21,2021-03-15 00:00:00+00:00,,Wolverhampton Wanderers FC,Liverpool FC,0,1
2020/21,2021-03-19 00:00:00+00:00,,Fulham FC,Leeds United FC,1,2
2020/21,2021-03-20 00:00:00+00:00,,Brighton & Hove Albion FC,Newcastle United FC,3,0
2020/21,2021-03-21 00:00:00+00:00,,West Ham United FC,Arsenal FC,3,3
2020/21,2021-03-21 00:00:00+00:00,,Aston Villa FC,Tottenham Hotspur FC,0,2
2020/21,2021-04-03 00:00:00+00:00,,Chelsea FC,West Bromwich Albion FC,2,5
2020/21,2021-04-03 00:00:00+00:00,,Leeds United FC,Sheffield United FC,2,1
2020/21,2021-04-03 00:00:00+00:00,,Leicester City FC,Manchester City FC,0,2
2020/21,2021-04-03 00:00:00+00:00,,Arsenal FC,Liverpool FC,0,3
2020/21,2021-04-04 00:00:00+00:00,,Southampton FC,Burnley FC,3,2
2020/21,2021-04-04 00:00:00+00:00,,Manchester United FC,Brighton & Hove Albion FC,2,1
2020/21,2021-04-04 00:00:00+00:00,,Aston Villa FC,Fulham FC,3,1
2020/21,2021-04-04 00:00:00+00:00,,Newcastle United FC,Tottenham Hotspur FC,2,2
2020/21,2021-04-05 00:00:00+00:00,,Everton FC,Crystal Palace FC,1,1
2020/21,2021-04-05 00:00:00+00:00,,Wolverhampton Wanderers FC,West Ham United FC,2,3
2020/21,2021-04-09 00:00:00+00:00,,Fulham FC,Wolverhampton Wanderers FC,0,1
2020/21,2021-04-10 00:00:00+00:00,,Liverpool FC,Aston Villa FC,2,1
2020/21,2021-04-10 00:00:00+00:00,,Manchester City FC,Leeds United FC,1,2
2020/21,2021-04-10 00:00:00+00:00,,Crystal Palace FC,Chelsea FC,1,4
2020/21,2021-04-11 00:00:00+00:00,,Sheffield United FC,Arsenal FC,0,3
2020/21,2021-04-11 00:00:00+00:00,,Tottenham Hotspur FC,Manchester United FC,1,3
2020/21,2021-04-11 00:00:00+00:00,,West Ham United FC,Leicester City FC,3,2
2020/21,2021-04-11 00:00:00+00:00,,Burnley FC,Newcastle United FC,1,2
2020/21,2021-04-12 00:00:00+00:00,,Brighton & Hove Albion FC,Everton FC,0,0
2020/21,2021-04-12 00:00:00+00:00,,West Bromwich Albion FC,Southampton FC,3,0
2020/21,2021-04-16 00:00:00+00:00,,Everton FC,Tottenham Hotspur FC,2,2
2020/21,2021-04-17 00:00:00+00:00,,Newcastle United FC,West Ham United FC,3,2
2020/21,2021-04-17 00:00:00+00:00,,Wolverhampton Wanderers FC,Sheffield United FC,1,0
2020/21,2021-04-18 00:00:00+00:00,,Manchester United FC,Burnley FC,3,1
2020/21,2021-04-18 00:00:00+00:00,,Arsenal FC,Fulham FC,1,1
2020/21,2021-04-19 00:00:00+00:00,,Leeds United FC,Liverpool FC,1,1
2020/21,2021-04-20 00:00:00+00:00,,Chelsea FC,Brighton & Hove Albion FC,0,0
2020/21,2021-04-21 00:00:00+00:00,,Aston Villa FC,Manchester City FC,1,2
2020/21,2021-04-21 00:00:00+00:00,,Tottenham Hotspur FC,Southampton FC,2,1
2020/21,2021-04-22 00:00:00+00:00,,Leicester City FC,West Bromwich Albion FC,3,0
2020/21,2021-04-23 00:00:00+00:00,,Arsenal FC,Everton FC,0,1
2020/21,2021-04-24 00:00:00+00:00,,West Ham United FC,Chelsea FC,0,1
2020/21,2021-04-24 00:00:00+00:00,,Sheffield United FC,Brighton & Hove Albion FC,1,0
2020/21,2021-04-24 00:00:00+00:00,,Liverpool FC,Newcastle United FC,1,1
2020/21,2021-04-25 00:00:00+00:00,,Aston Villa FC,West Bromwich Albion FC,2,2
2020/21,2021-04-25 00:00:00+00:00,,Leeds United FC,Manchester United FC,0,0
2020/21,2021-04-25 00:00:00+00:00,,Wolverhampton Wanderers FC,Burnley FC,0,4
2020/21,2021-04-26 00:00:00+00:00,,Leicester City FC,Crystal Palace FC,2,1
2020/21,2021-04-30 00:00:00+00:00,,Southampton FC,Leicester City FC,1,1
2020/21,2021-05-01 00:00:00+00:00,,Brighton & Hove Albion FC,Leeds United FC,2,0
2020/21,2021-05-01 00:00:00+00:00,,Chelsea FC,Fulham FC,2,0
2020/21,2021-05-01 00:00:00+00:00,,Everton FC,Aston Villa FC,1,2
2020/21,2021-05-01 00:00:00+00:00,,Crystal Palace FC,Manchester City FC,0,2
2020/21,2021-05-02 00:00:00+00:00,,Newcastle United FC,Arsenal FC,0,2
2020/21,2021-05-02 00:00:00+00:00,,Tottenham Hotspur FC,Sheffield United FC,4,0
2020/21,2021-05-03 00:00:00+00:00,,West Bromwich Albion FC,Wolverhampton Wanderers FC,1,1
2020/21,2021-05-03 00:00:00+00:00,,Burnley FC,West Ham United FC,1,2
2020/21,2021-05-07 00:00:00+00:00,,Leicester City FC,Newcastle United FC,2,4
2020/21,2021-05-08 00:00:00+00:00,,Manchester City FC,Chelsea FC,1,2
2020/21,2021-05-08 00:00:00+00:00,,Leeds United FC,Tottenham Hotspur FC,3,1
2020/21,2021-05-08 00:00:00+00:00,,Sheffield United FC,Crystal Palace FC,0,2
2020/21,2021-05-08 00:00:00+00:00,,Liverpool FC,Southampton FC,2,0
2020/21,2021-05-09 00:00:00+00:00,,Wolverhampton Wanderers FC,Brighton & Hove Albion FC,2,1
2020/21,2021-05-09 00:00:00+00:00,,Aston Villa FC,Manchester United FC,1,3
2020/21,2021-05-09 00:00:00+00:00,,West Ham United FC,Everton FC,0,1
2020/21,2021-05-09 00:00:00+00:00,,Arsenal FC,West Bromwich Albion FC,3,1
2020/21,2021-05-10 00:00:00+00:00,,Fulham FC,Burnley FC,0,2
2020/21,2021-05-11 00:00:00+00:00,,Manchester United FC,Leicester City FC,1,2
2020/21,2021-05-11 00:00:00+00:00,,Southampton FC,Crystal Palace FC,3,1
2020/21,2021-05-12 00:00:00+00:00,,Chelsea FC,Arsenal FC,0,1
2020/21,2021-05-13 00:00:00+00:00,,Manchester United FC,Liverpool FC,2,4
2020/21,2021-05-13 00:00:00+00:00,,Aston Villa FC,Everton FC,0,0
2020/21,2021-05-14 00:00:00+00:00,,Newcastle United FC,Manchester City FC,3,4
2020/21,2021-05-15 00:00:00+00:00,,Burnley FC,Leeds United FC,0,4
2020/21,2021-05-15 00:00:00+00:00,,Southampton FC,Fulham FC,3,1
2020/21,2021-05-15 00:00:00+00:00,,Brighton & Hove Albion FC,West Ham United FC,1,1
2020/21,2021-05-16 00:00:00+00:00,,Crystal Palace FC,Aston Villa FC,3,2
2020/21,2021-05-16 00:00:00+00:00,,Tottenham Hotspur FC,Wolverhampton Wanderers FC,2,0
2020/21,2021-05-16 00:00:00+00:00,,West Bromwich Albion FC,Liverpool FC,1,2
2020/21,2021-05-16 00:00:00+00:00,,Everton FC,Sheffield United FC,0,1
2020/21,2021-05-18 00:00:00+00:00,,Manchester United FC,Fulham FC,1,1
2020/21,2021-05-18 00:00:00+00:00,,Chelsea FC,Leicester City FC,2,1
2020/21,2021-05-18 00:00:00+00:00,,Brighton & Hove Albion FC,Manchester City FC,3,2
2020/21,2021-05-18 00:00:00+00:00,,Southampton FC,Leeds United FC,0,2
2020/21,2021-05-19 00:00:00+00:00,,West Bromwich Albion FC,West Ham United FC,1,3
2020/21,2021-05-19 00:00:00+00:00,,Crystal Palace FC,Arsenal FC,1,3
2020/21,2021-05-19 00:00:00+00:00,,Tottenham Hotspur FC,Aston Villa FC,1,2
2020/21,2021-05-19 00:00:00+00:00,,Everton FC,Wolverhampton Wanderers FC,1,0
2020/21,2021-05-19 00:00:00+00:00,,Burnley FC,Liverpool FC,0,3
2020/21,2021-05-19 00:00:00+00:00,,Newcastle United FC,Sheffield United FC,1,0
2020/21,2021-05-23 00:00:00+00:00,,West Ham United FC,Southampton FC,3,0
2020/21,2021-05-23 00:00:00+00:00,,Wolverhampton Wanderers FC,Manchester United FC,1,2
2020/21,2021-05-23 00:00:00+00:00,,Sheffield United FC,Burnley FC,1,0
2020/21,2021-05-23 00:00:00+00:00,,Manchester City FC,Everton FC,5,0
2020/21,2021-05-23 00:00:00+00:00,,Liverpool FC,Crystal Palace FC,2,0
2020/21,2021-05-23 00:00:00+00:00,,Leicester City FC,Tottenham Hotspur FC,2,4
2020/21,2021-05-23 00:00:00+00:00,,Leeds United FC,West Bromwich Albion FC,3,1
2020/21,2021-05-23 00:00:00+00:00,,Fulham FC,Newcastle United FC,0,2
2020/21,2021-05-23 00:00:00+00:00,,Aston Villa FC,Chelsea FC,2,1
2020/21,2021-05-23 00:00:00+00:00,,Arsenal FC,Brighton & Hove Albion FC,2,0
2021/22,2021-08-13 00:00:00+00:00,,Brentford FC,Arsenal FC,2,0
2021/22,2021-08-14 00:00:00+00:00,,Norwich City FC,Liverpool FC,0,3
2021/22,2021-08-14 00:00:00+00:00,,Watford FC,Aston Villa FC,3,2
2021/22,2021-08-14 00:00:00+00:00,,Leicester City FC,Wolverhampton Wanderers FC,1,0
2021/22,2021-08-14 00:00:00+00:00,,Manchester United FC,Leeds United FC,5,1
2021/22,2021-08-14 00:00:00+00:00,,Chelsea FC,Crystal Palace FC,3,0
2021/22,2021-08-14 00:00:00+00:00,,Burnley FC,Brighton & Hove Albion FC,1,2
2021/22,2021-08-14 00:00:00+00:00,,Everton FC,Southampton FC,3,1
2021/22,2021-08-15 00:00:00+00:00,,Newcastle United FC,West Ham United FC,2,4
2021/22,2021-08-15 00:00:00+00:00,,Tottenham Hotspur FC,Manchester City FC,1,0
2021/22,2021-08-21 00:00:00+00:00,,Manchester City FC,Norwich City FC,5,0
2021/22,2021-08-21 00:00:00+00:00,,Brighton & Hove Albion FC,Watford FC,2,0
2021/22,2021-08-21 00:00:00+00:00,,Leeds United FC,Everton FC,2,2
2021/22,2021-08-21 00:00:00+00:00,,Aston Villa FC,Newcastle United FC,2,0
2021/22,2021-08-21 00:00:00+00:00,,Liverpool FC,Burnley FC,2,0
2021/22,2021-08-21 00:00:00+00:00,,Crystal Palace FC,Brentford FC,0,0
2021/22,2021-08-22 00:00:00+00:00,,Southampton FC,Manchester United FC,1,1
2021/22,2021-08-22 00:00:00+00:00,,Wolverhampton Wanderers FC,Tottenham Hotspur FC,0,1
2021/22,2021-08-22 00:00:00+00:00,,Arsenal FC,Chelsea FC,0,2
2021/22,2021-08-23 00:00:00+00:00,,West Ham United FC,Leicester City FC,4,1
2021/22,2021-08-28 00:00:00+00:00,,Newcastle United FC,Southampton FC,2,2
2021/22,2021-08-28 00:00:00+00:00,,Manchester City FC,Arsenal FC,5,0
2021/22,2021-08-28 00:00:00+00:00,,Aston Villa FC,Brentford FC,1,1
2021/22,2021-08-28 00:00:00+00:00,,Brighton & Hove Albion FC,Everton FC,0,2
2021/22,2021-08-28 00:00:00+00:00,,Norwich City FC,Leicester City FC,1,2
2021/22,2021-08-28 00:00:00+00:00,,West Ham United FC,Crystal Palace FC,2,2
2021/22,2021-08-28 00:00:00+00:00,,Liverpool FC,Chelsea FC,1,1
2021/22,2021-08-29 00:00:00+00:00,,Burnley FC,Leeds United FC,1,1
2021/22,2021-08-29 00:00:00+00:00,,Tottenham Hotspur FC,Watford FC,1,0
2021/22,2021-08-29 00:00:00+00:00,,Wolverhampton Wanderers FC,Manchester United FC,0,1
2021/22,2021-09-11 00:00:00+00:00,,Southampton FC,West Ham United FC,0,0
2021/22,2021-09-11 00:00:00+00:00,,Chelsea FC,Aston Villa FC,3,0
2021/22,2021-09-11 00:00:00+00:00,,Manchester United FC,Newcastle United FC,4,1
2021/22,2021-09-11 00:00:00+00:00,,Watford FC,Wolverhampton Wanderers FC,0,2
2021/22,2021-09-11 00:00:00+00:00,,Brentford FC,Brighton & Hove Albion FC,0,1
2021/22,2021-09-11 00:00:00+00:00,,Arsenal FC,Norwich City FC,1,0
2021/22,2021-09-11 00:00:00+00:00,,Leicester City FC,Manchester City FC,0,1
2021/22,2021-09-11 00:00:00+00:00,,Crystal Palace FC,Tottenham Hotspur FC,3,0
2021/22,2021-09-12 00:00:00+00:00,,Leeds United FC,Liverpool FC,0,3
2021/22,2021-09-13 00:00:00+00:00,,Everton FC,Burnley FC,3,1
2021/22,2021-09-17 00:00:00+00:00,,Newcastle United FC,Leeds United FC,1,1
2021/22,2021-09-18 00:00:00+00:00,,Aston Villa FC,Everton FC,3,0
2021/22,2021-09-18 00:00:00+00:00,,Manchester City FC,Southampton FC,0,0
2021/22,2021-09-18 00:00:00+00:00,,Norwich City FC,Watford FC,1,3
2021/22,2021-09-18 00:00:00+00:00,,Burnley FC,Arsenal FC,0,1
2021/22,2021-09-18 00:00:00+00:00,,Wolverhampton Wanderers FC,Brentford FC,0,2
2021/22,2021-09-18 00:00:00+00:00,,Liverpool FC,Crystal Palace FC,3,0
2021/22,2021-09-19 00:00:00+00:00,,Brighton & Hove Albion FC,Leicester City FC,2,1
2021/22,2021-09-19 00:00:00+00:00,,West Ham United FC,Manchester United FC,1,2
2021/22,2021-09-19 00:00:00+00:00,,Tottenham Hotspur FC,Chelsea FC,0,3
2021/22,2021-09-25 00:00:00+00:00,,Watford FC,Newcastle United FC,1,1
2021/22,2021-09-25 00:00:00+00:00,,Chelsea FC,Manchester City FC,0,1
2021/22,2021-09-25 00:00:00+00:00,,Manchester United FC,Aston Villa FC,0,1
2021/22,2021-09-25 00:00:00+00:00,,Everton FC,Norwich City FC,2,0
2021/22,2021-09-25 00:00:00+00:00,,Leeds United FC,West Ham United FC,1,2
2021/22,2021-09-25 00:00:00+00:00,,Leicester City FC,Burnley FC,2,2
2021/22,2021-09-25 00:00:00+00:00,,Brentford FC,Liverpool FC,3,3
2021/22,2021-09-26 00:00:00+00:00,,Arsenal FC,Tottenham Hotspur FC,3,1
2021/22,2021-09-26 00:00:00+00:00,,Southampton FC,Wolverhampton Wanderers FC,0,1
2021/22,2021-09-27 00:00:00+00:00,,Crystal Palace FC,Brighton & Hove Albion FC,1,1
2021/22,2021-10-02 00:00:00+00:00,,Manchester United FC,Everton FC,1,1
2021/22,2021-10-02 00:00:00+00:00,,Burnley FC,Norwich City FC,0,0
2021/22,2021-10-02 00:00:00+00:00,,Chelsea FC,Southampton FC,3,1
2021/22,2021-10-02 00:00:00+00:00,,Leeds United FC,Watford FC,1,0
2021/22,2021-10-02 00:00:00+00:00,,Wolverhampton Wanderers FC,Newcastle United FC,2,1
2021/22,2021-10-02 00:00:00+00:00,,Brighton & Hove Albion FC,Arsenal FC,0,0
2021/22,2021-10-03 00:00:00+00:00,,Liverpool FC,Manchester City FC,2,2
2021/22,2021-10-03 00:00:00+00:00,,Crystal Palace FC,Leicester City FC,2,2
2021/22,2021-10-03 00:00:00+00:00,,Tottenham Hotspur FC,Aston Villa FC,2,1
2021/22,2021-10-03 00:00:00+00:00,,West Ham United FC,Brentford FC,1,2
2021/22,2021-10-16 00:00:00+00:00,,Brentford FC,Chelsea FC,0,1
2021/22,2021-10-16 00:00:00+00:00,,Southampton FC,Leeds United FC,1,0
2021/22,2021-10-16 00:00:00+00:00,,Norwich City FC,Brighton & Hove Albion FC,0,0
2021/22,2021-10-16 00:00:00+00:00,,Watford FC,Liverpool FC,0,5
2021/22,2021-10-16 00:00:00+00:00,,Leicester City FC,Manchester United FC,4,2
2021/22,2021-10-16 00:00:00+00:00,,Aston Villa FC,Wolverhampton Wanderers FC,2,3
2021/22,2021-10-16 00:00:00+00:00,,Manchester City FC,Burnley FC,2,0
2021/22,2021-10-17 00:00:00+00:00,,Everton FC,West Ham United FC,0,1
2021/22,2021-10-17 00:00:00+00:00,,Newcastle United FC,Tottenham Hotspur FC,2,3
2021/22,2021-10-18 00:00:00+00:00,,Arsenal FC,Crystal Palace FC,2,2
2021/22,2021-10-22 00:00:00+00:00,,Arsenal FC,Aston Villa FC,3,1
2021/22,2021-10-23 00:00:00+00:00,,Brighton & Hove Albion FC,Manchester City FC,1,4
2021/22,2021-10-23 00:00:00+00:00,,Leeds United FC,Wolverhampton Wanderers FC,1,1
2021/22,2021-10-23 00:00:00+00:00,,Southampton FC,Burnley FC,2,2
2021/22,2021-10-23 00:00:00+00:00,,Crystal Palace FC,Newcastle United FC,1,1
2021/22,2021-10-23 00:00:00+00:00,,Chelsea FC,Norwich City FC,7,0
2021/22,2021-10-23 00:00:00+00:00,,Everton FC,Watford FC,2,5
2021/22,2021-10-24 00:00:00+00:00,,Brentford FC,Leicester City FC,1,2
2021/22,2021-10-24 00:00:00+00:00,,West Ham United FC,Tottenham Hotspur FC,1,0
2021/22,2021-10-24 00:00:00+00:00,,Manchester United FC,Liverpool FC,0,5
2021/22,2021-10-30 00:00:00+00:00,,Newcastle United FC,Chelsea FC,0,3
2021/22,2021-10-30 00:00:00+00:00,,Manchester City FC,Crystal Palace FC,0,2
2021/22,2021-10-30 00:00:00+00:00,,Tottenham Hotspur FC,Manchester United FC,0,3
2021/22,2021-10-30 00:00:00+00:00,,Burnley FC,Brentford FC,3,1
2021/22,2021-10-30 00:00:00+00:00,,Leicester City FC,Arsenal FC,0,2
2021/22,2021-10-30 00:00:00+00:00,,Liverpool FC,Brighton & Hove Albion FC,2,2
2021/22,2021-10-30 00:00:00+00:00,,Watford FC,Southampton FC,0,1
2021/22,2021-10-31 00:00:00+00:00,,Norwich City FC,Leeds United FC,1,2
2021/22,2021-10-31 00:00:00+00:00,,Aston Villa FC,West Ham United FC,1,4
2021/22,2021-11-01 00:00:00+00:00,,Wolverhampton Wanderers FC,Everton FC,2,1
2021/22,2021-11-05 00:00:00+00:00,,Southampton FC,Aston Villa FC,1,0
2021/22,2021-11-06 00:00:00+00:00,,Brighton & Hove Albion FC,Newcastle United FC,1,1
2021/22,2021-11-06 00:00:00+00:00,,Manchester United FC,Manchester City FC,0,2
2021/22,2021-11-06 00:00:00+00:00,,Brentford FC,Norwich City FC,1,2
2021/22,2021-11-06 00:00:00+00:00,,Chelsea FC,Burnley FC,1,1
2021/22,2021-11-06 00:00:00+00:00,,Crystal Palace FC,Wolverhampton Wanderers FC,2,0
2021/22,2021-11-07 00:00:00+00:00,,West Ham United FC,Liverpool FC,3,2
2021/22,2021-11-07 00:00:00+00:00,,Leeds United FC,Leicester City FC,1,1
2021/22,2021-11-07 00:00:00+00:00,,Arsenal FC,Watford FC,1,0
2021/22,2021-11-07 00:00:00+00:00,,Everton FC,Tottenham Hotspur FC,0,0
2021/22,2021-11-20 00:00:00+00:00,,Leicester City FC,Chelsea FC,0,3
2021/22,2021-11-20 00:00:00+00:00,,Aston Villa FC,Brighton & Hove Albion FC,2,0
2021/22,2021-11-20 00:00:00+00:00,,Burnley FC,Crystal Palace FC,3,3
2021/22,2021-11-20 00:00:00+00:00,,Newcastle United FC,Brentford FC,3,3
2021/22,2021-11-20 00:00:00+00:00,,Norwich City FC,Southampton FC,2,1
2021/22,2021-11-20 00:00:00+00:00,,Watford FC,Manchester United FC,4,1
2021/22,2021-11-20 00:00:00+00:00,,Wolverhampton Wanderers FC,West Ham United FC,1,0
2021/22,2021-11-20 00:00:00+00:00,,Liverpool FC,Arsenal FC,4,0
2021/22,2021-11-21 00:00:00+00:00,,Manchester City FC,Everton FC,3,0
2021/22,2021-11-21 00:00:00+00:00,,Tottenham Hotspur FC,Leeds United FC,2,1
2021/22,2021-11-27 00:00:00+00:00,,Brighton & Hove Albion FC,Leeds United FC,0,0
2021/22,2021-11-27 00:00:00+00:00,,Norwich City FC,Wolverhampton Wanderers FC,0,0
2021/22,2021-11-27 00:00:00+00:00,,Arsenal FC,Newcastle United FC,2,0
2021/22,2021-11-27 00:00:00+00:00,,Crystal Palace FC,Aston Villa FC,1,2
2021/22,2021-11-27 00:00:00+00:00,,Liverpool FC,Southampton FC,4,0
2021/22,2021-11-28 00:00:00+00:00,,Brentford FC,Everton FC,1,0
2021/22,2021-11-28 00:00:00+00:00,,Leicester City FC,Watford FC,4,2
2021/22,2021-11-28 00:00:00+00:00,,Manchester City FC,West Ham United FC,2,1
2021/22,2021-11-28 00:00:00+00:00,,Chelsea FC,Manchester United FC,1,1
2021/22,2021-11-30 00:00:00+00:00,,Newcastle United FC,Norwich City FC,1,1
2021/22,2021-11-30 00:00:00+00:00,,Leeds United FC,Crystal Palace FC,1,0
2021/22,2021-12-01 00:00:00+00:00,,Everton FC,Liverpool FC,1,4
2021/22,2021-12-01 00:00:00+00:00,,Aston Villa FC,Manchester City FC,1,2
2021/22,2021-12-01 00:00:00+00:00,,Wolverhampton Wanderers FC,Burnley FC,0,0
2021/22,2021-12-01 00:00:00+00:00,,Watford FC,Chelsea FC,1,2
2021/22,2021-12-01 00:00:00+00:00,,Southampton FC,Leicester City FC,2,2
2021/22,2021-12-01 00:00:00+00:00,,West Ham United FC,Brighton & Hove Albion FC,1,1
2021/22,2021-12-02 00:00:00+00:00,,Tottenham Hotspur FC,Brentford FC,2,0
2021/22,2021-12-02 00:00:00+00:00,,Manchester United FC,Arsenal FC,3,2
2021/22,2021-12-04 00:00:00+00:00,,West Ham United FC,Chelsea FC,3,2
2021/22,2021-12-04 00:00:00+00:00,,Newcastle United FC,Burnley FC,1,0
2021/22,2021-12-04 00:00:00+00:00,,Southampton FC,Brighton & Hove Albion FC,1,1
2021/22,2021-12-04 00:00:00+00:00,,Wolverhampton Wanderers FC,Liverpool FC,0,1
2021/22,2021-12-04 00:00:00+00:00,,Watford FC,Manchester City FC,1,3
2021/22,2021-12-05 00:00:00+00:00,,Aston Villa FC,Leicester City FC,2,1
2021/22,2021-12-05 00:00:00+00:00,,Tottenham Hotspur FC,Norwich City FC,3,0
2021/22,2021-12-05 00:00:00+00:00,,Manchester United FC,Crystal Palace FC,1,0
2021/22,2021-12-05 00:00:00+00:00,,Leeds United FC,Brentford FC,2,2
2021/22,2021-12-06 00:00:00+00:00,,Everton FC,Arsenal FC,2,1
2021/22,2021-12-10 00:00:00+00:00,,Brentford FC,Watford FC,2,1
2021/22,2021-12-11 00:00:00+00:00,,Manchester City FC,Wolverhampton Wanderers FC,1,0
2021/22,2021-12-11 00:00:00+00:00,,Arsenal FC,Southampton FC,3,0
2021/22,2021-12-11 00:00:00+00:00,,Chelsea FC,Leeds United FC,3,2
2021/22,2021-12-11 00:00:00+00:00,,Liverpool FC,Aston Villa FC,1,0
2021/22,2021-12-11 00:00:00+00:00,,Norwich City FC,Manchester United FC,0,1
2021/22,2021-12-12 00:00:00+00:00,,Leicester City FC,Newcastle United FC,4,0
2021/22,2021-12-12 00:00:00+00:00,,Crystal Palace FC,Everton FC,3,1
2021/22,2021-12-12 00:00:00+00:00,,Burnley FC,West Ham United FC,0,0
2021/22,2021-12-14 00:00:00+00:00,,Norwich City FC,Aston Villa FC,0,2
2021/22,2021-12-14 00:00:00+00:00,,Manchester City FC,Leeds United FC,7,0
2021/22,2021-12-15 00:00:00+00:00,,Brighton & Hove Albion FC,Wolverhampton Wanderers FC,0,1
2021/22,2021-12-15 00:00:00+00:00,,Crystal Palace FC,Southampton FC,2,2
2021/22,2021-12-15 00:00:00+00:00,,Arsenal FC,West Ham United FC,2,0
2021/22,2021-12-16 00:00:00+00:00,,Chelsea FC,Everton FC,1,1
2021/22,2021-12-16 00:00:00+00:00,,Liverpool FC,Newcastle United FC,3,1
2021/22,2021-12-18 00:00:00+00:00,,Leeds United FC,Arsenal FC,1,4
2021/22,2021-12-19 00:00:00+00:00,,Tottenham Hotspur FC,Liverpool FC,2,2
2021/22,2021-12-19 00:00:00+00:00,,Newcastle United FC,Manchester City FC,0,4
2021/22,2021-12-19 00:00:00+00:00,,Wolverhampton Wanderers FC,Chelsea FC,0,0
2021/22,2021-12-26 00:00:00+00:00,,Manchester City FC,Leicester City FC,6,3
2021/22,2021-12-26 00:00:00+00:00,,Norwich City FC,Arsenal FC,0,5
2021/22,2021-12-26 00:00:00+00:00,,Tottenham Hotspur FC,Crystal Palace FC,3,0
2021/22,2021-12-26 00:00:00+00:00,,West Ham United FC,Southampton FC,2,3
2021/22,2021-12-26 00:00:00+00:00,,Aston Villa FC,Chelsea FC,1,3
2021/22,2021-12-26 00:00:00+00:00,,Brighton & Hove Albion FC,Brentford FC,2,0
2021/22,2021-12-27 00:00:00+00:00,,Newcastle United FC,Manchester United FC,1,1
2021/22,2021-12-28 00:00:00+00:00,,Watford FC,West Ham United FC,1,4
2021/22,2021-12-28 00:00:00+00:00,,Leicester City FC,Liverpool FC,1,0
2021/22,2021-12-28 00:00:00+00:00,,Crystal Palace FC,Norwich City FC,3,0
2021/22,2021-12-28 00:00:00+00:00,,Southampton FC,Tottenham Hotspur FC,1,1
2021/22,2021-12-29 00:00:00+00:00,,Brentford FC,Manchester City FC,0,1
2021/22,2021-12-29 00:00:00+00:00,,Chelsea FC,Brighton & Hove Albion FC,1,1
2021/22,2021-12-30 00:00:00+00:00,,Manchester United FC,Burnley FC,3,1
2021/22,2022-01-01 00:00:00+00:00,,Watford FC,Tottenham Hotspur FC,0,1
2021/22,2022-01-01 00:00:00+00:00,,Arsenal FC,Manchester City FC,1,2
2021/22,2022-01-01 00:00:00+00:00,,Crystal Palace FC,West Ham United FC,2,3
2021/22,2022-01-02 00:00:00+00:00,,Brentford FC,Aston Villa FC,2,1
2021/22,2022-01-02 00:00:00+00:00,,Everton FC,Brighton & Hove Albion FC,2,3
2021/22,2022-01-02 00:00:00+00:00,,Chelsea FC,Liverpool FC,2,2
2021/22,2022-01-02 00:00:00+00:00,,Leeds United FC,Burnley FC,3,1
2021/22,2022-01-03 00:00:00+00:00,,Manchester United FC,Wolverhampton Wanderers FC,0,1
2021/22,2022-01-11 00:00:00+00:00,,Southampton FC,Brentford FC,4,1
2021/22,2022-01-12 00:00:00+00:00,,West Ham United FC,Norwich City FC,2,0
2021/22,2022-01-14 00:00:00+00:00,,Brighton & Hove Albion FC,Crystal Palace FC,1,1
2021/22,2022-01-15 00:00:00+00:00,,Norwich City FC,Everton FC,2,1
2021/22,2022-01-15 00:00:00+00:00,,Wolverhampton Wanderers FC,Southampton FC,3,1
2021/22,2022-01-15 00:00:00+00:00,,Aston Villa FC,Manchester United FC,2,2
2021/22,2022-01-15 00:00:00+00:00,,Manchester City FC,Chelsea FC,1,0
2021/22,2022-01-15 00:00:00+00:00,,Newcastle United FC,Watford FC,1,1
2021/22,2022-01-16 00:00:00+00:00,,Liverpool FC,Brentford FC,3,0
2021/22,2022-01-16 00:00:00+00:00,,West Ham United FC,Leeds United FC,2,3
2021/22,2022-01-18 00:00:00+00:00,,Brighton & Hove Albion FC,Chelsea FC,1,1
2021/22,2022-01-19 00:00:00+00:00,,Brentford FC,Manchester United FC,1,3
2021/22,2022-01-19 00:00:00+00:00,,Leicester City FC,Tottenham Hotspur FC,2,3
2021/22,2022-01-21 00:00:00+00:00,,Watford FC,Norwich City FC,0,3
2021/22,2022-01-22 00:00:00+00:00,,Everton FC,Aston Villa FC,0,1
2021/22,2022-01-22 00:00:00+00:00,,Brentford FC,Wolverhampton Wanderers FC,1,2
2021/22,2022-01-22 00:00:00+00:00,,Leeds United FC,Newcastle United FC,0,1
2021/22,2022-01-22 00:00:00+00:00,,Manchester United FC,West Ham United FC,1,0
2021/22,2022-01-22 00:00:00+00:00,,Southampton FC,Manchester City FC,1,1
2021/22,2022-01-23 00:00:00+00:00,,Chelsea FC,Tottenham Hotspur FC,2,0
2021/22,2022-01-23 00:00:00+00:00,,Arsenal FC,Burnley FC,0,0
2021/22,2022-01-23 00:00:00+00:00,,Crystal Palace FC,Liverpool FC,1,3
2021/22,2022-01-23 00:00:00+00:00,,Leicester City FC,Brighton & Hove Albion FC,1,1
2021/22,2022-02-05 00:00:00+00:00,,Burnley FC,Watford FC,0,0
2021/22,2022-02-08 00:00:00+00:00,,West Ham United FC,Watford FC,1,0
2021/22,2022-02-08 00:00:00+00:00,,Burnley FC,Manchester United FC,1,1
2021/22,2022-02-08 00:00:00+00:00,,Newcastle United FC,Everton FC,3,1
2021/22,2022-02-09 00:00:00+00:00,,Manchester City FC,Brentford FC,2,0
2021/22,2022-02-09 00:00:00+00:00,,Norwich City FC,Crystal Palace FC,1,1
2021/22,2022-02-09 00:00:00+00:00,,Tottenham Hotspur FC,Southampton FC,2,3
2021/22,2022-02-09 00:00:00+00:00,,Aston Villa FC,Leeds United FC,3,3
2021/22,2022-02-10 00:00:00+00:00,,Wolverhampton Wanderers FC,Arsenal FC,0,1
2021/22,2022-02-10 00:00:00+00:00,,Liverpool FC,Leicester City FC,2,0
2021/22,2022-02-12 00:00:00+00:00,,Everton FC,Leeds United FC,3,0
2021/22,2022-02-12 00:00:00+00:00,,Watford FC,Brighton & Hove Albion FC,0,2
2021/22,2022-02-12 00:00:00+00:00,,Norwich City FC,Manchester City FC,0,4
2021/22,2022-02-12 00:00:00+00:00,,Manchester United FC,Southampton FC,1,1
2021/22,2022-02-12 00:00:00+00:00,,Brentford FC,Crystal Palace FC,0,0
2021/22,2022-02-13 00:00:00+00:00,,Burnley FC,Liverpool FC,0,1
2021/22,2022-02-13 00:00:00+00:00,,Newcastle United FC,Aston Villa FC,1,0
2021/22,2022-02-13 00:00:00+00:00,,Tottenham Hotspur FC,Wolverhampton Wanderers FC,0,2
2021/22,2022-02-13 00:00:00+00:00,,Leicester City FC,West Ham United FC,2,2
2021/22,2022-02-15 00:00:00+00:00,,Manchester United FC,Brighton & Hove Albion FC,2,0
2021/22,2022-02-19 00:00:00+00:00,,Aston Villa FC,Watford FC,0,1
2021/22,2022-02-19 00:00:00+00:00,,Arsenal FC,Brentford FC,2,1
2021/22,2022-02-19 00:00:00+00:00,,Manchester City FC,Tottenham Hotspur FC,2,3
2021/22,2022-02-19 00:00:00+00:00,,Southampton FC,Everton FC,2,0
2021/22,2022-02-19 00:00:00+00:00,,West Ham United FC,Newcastle United FC,1,1
2021/22,2022-02-19 00:00:00+00:00,,Crystal Palace FC,Chelsea FC,0,1
2021/22,2022-02-19 00:00:00+00:00,,Liverpool FC,Norwich City FC,3,1
2021/22,2022-02-19 00:00:00+00:00,,Brighton & Hove Albion FC,Burnley FC,0,3
2021/22,2022-02-20 00:00:00+00:00,,Leeds United FC,Manchester United FC,2,4
2021/22,2022-02-20 00:00:00+00:00,,Wolverhampton Wanderers FC,Leicester City FC,2,1
2021/22,2022-02-23 00:00:00+00:00,,Liverpool FC,Leeds United FC,6,0
2021/22,2022-02-23 00:00:00+00:00,,Burnley FC,Tottenham Hotspur FC,1,0
2021/22,2022-02-23 00:00:00+00:00,,Watford FC,Crystal Palace FC,1,4
2021/22,2022-02-24 00:00:00+00:00,,Arsenal FC,Wolverhampton Wanderers FC,2,1
2021/22,2022-02-25 00:00:00+00:00,,Southampton FC,Norwich City FC,2,0
2021/22,2022-02-26 00:00:00+00:00,,Brentford FC,Newcastle United FC,0,2
2021/22,2022-02-26 00:00:00+00:00,,Crystal Palace FC,Burnley FC,1,1
2021/22,2022-02-26 00:00:00+00:00,,Manchester United FC,Watford FC,0,0
2021/22,2022-02-26 00:00:00+00:00,,Brighton & Hove Albion FC,Aston Villa FC,0,2
2021/22,2022-02-26 00:00:00+00:00,,Everton FC,Manchester City FC,0,1
2021/22,2022-02-26 00:00:00+00:00,,Leeds United FC,Tottenham Hotspur FC,0,4
2021/22,2022-02-27 00:00:00+00:00,,West Ham United FC,Wolverhampton Wanderers FC,1,0
2021/22,2022-03-01 00:00:00+00:00,,Burnley FC,Leicester City FC,0,2
2021/22,2022-03-05 00:00:00+00:00,,Burnley FC,Chelsea FC,0,4
2021/22,2022-03-05 00:00:00+00:00,,Newcastle United FC,Brighton & Hove Albion FC,2,1
2021/22,2022-03-05 00:00:00+00:00,,Norwich City FC,Brentford FC,1,3
2021/22,2022-03-05 00:00:00+00:00,,Wolverhampton Wanderers FC,Crystal Palace FC,0,2
2021/22,2022-03-05 00:00:00+00:00,,Liverpool FC,West Ham United FC,1,0
2021/22,2022-03-05 00:00:00+00:00,,Aston Villa FC,Southampton FC,4,0
2021/22,2022-03-05 00:00:00+00:00,,Leicester City FC,Leeds United FC,1,0
2021/22,2022-03-06 00:00:00+00:00,,Watford FC,Arsenal FC,2,3
2021/22,2022-03-06 00:00:00+00:00,,Manchester City FC,Manchester United FC,4,1
2021/22,2022-03-07 00:00:00+00:00,,Tottenham Hotspur FC,Everton FC,5,0
2021/22,2022-03-10 00:00:00+00:00,,Leeds United FC,Aston Villa FC,0,3
2021/22,2022-03-10 00:00:00+00:00,,Norwich City FC,Chelsea FC,1,3
2021/22,2022-03-10 00:00:00+00:00,,Southampton FC,Newcastle United FC,1,2
2021/22,2022-03-10 00:00:00+00:00,,Wolverhampton Wanderers FC,Watford FC,4,0
2021/22,2022-03-12 00:00:00+00:00,,Brighton & Hove Albion FC,Liverpool FC,0,2
2021/22,2022-03-12 00:00:00+00:00,,Brentford FC,Burnley FC,2,0
2021/22,2022-03-12 00:00:00+00:00,,Manchester United FC,Tottenham Hotspur FC,3,2
2021/22,2022-03-13 00:00:00+00:00,,West Ham United FC,Aston Villa FC,2,1
2021/22,2022-03-13 00:00:00+00:00,,Arsenal FC,Leicester City FC,2,0
2021/22,2022-03-13 00:00:00+00:00,,Leeds United FC,Norwich City FC,2,1
2021/22,2022-03-13 00:00:00+00:00,,Southampton FC,Watford FC,1,2
2021/22,2022-03-13 00:00:00+00:00,,Everton FC,Wolverhampton Wanderers FC,0,1
2021/22,2022-03-13 00:00:00+00:00,,Chelsea FC,Newcastle United FC,1,0
2021/22,2022-03-14 00:00:00+00:00,,Crystal Palace FC,Manchester City FC,0,0
2021/22,2022-03-16 00:00:00+00:00,,Brighton & Hove Albion FC,Tottenham Hotspur FC,0,2
2021/22,2022-03-16 00:00:00+00:00,,Arsenal FC,Liverpool FC,0,2
2021/22,2022-03-17 00:00:00+00:00,,Everton FC,Newcastle United FC,1,0
2021/22,2022-03-18 00:00:00+00:00,,Wolverhampton Wanderers FC,Leeds United FC,2,3
2021/22,2022-03-19 00:00:00+00:00,,Aston Villa FC,Arsenal FC,0,1
2021/22,2022-03-20 00:00:00+00:00,,Leicester City FC,Brentford FC,2,1
2021/22,2022-03-20 00:00:00+00:00,,Tottenham Hotspur FC,West Ham United FC,3,1
2021/22,2022-04-02 00:00:00+00:00,,Manchester United FC,Leicester City FC,1,1
2021/22,2022-04-02 00:00:00+00:00,,Chelsea FC,Brentford FC,1,4
2021/22,2022-04-02 00:00:00+00:00,,Wolverhampton Wanderers FC,Aston Villa FC,2,1
2021/22,2022-04-02 00:00:00+00:00,,Brighton & Hove Albion FC,Norwich City FC,0,0
2021/22,2022-04-02 00:00:00+00:00,,Liverpool FC,Watford FC,2,0
2021/22,2022-04-02 00:00:00+00:00,,Burnley FC,Manchester City FC,0,2
2021/22,2022-04-02 00:00:00+00:00,,Leeds United FC,Southampton FC,1,1
2021/22,2022-04-03 00:00:00+00:00,,West Ham United FC,Everton FC,2,1
2021/22,2022-04-03 00:00:00+00:00,,Tottenham Hotspur FC,Newcastle United FC,5,1
2021/22,2022-04-04 00:00:00+00:00,,Crystal Palace FC,Arsenal FC,3,0
2021/22,2022-04-06 00:00:00+00:00,,Burnley FC,Everton FC,3,2
2021/22,2022-04-08 00:00:00+00:00,,Newcastle United FC,Wolverhampton Wanderers FC,1,0
2021/22,2022-04-09 00:00:00+00:00,,Watford FC,Leeds United FC,0,3
2021/22,2022-04-09 00:00:00+00:00,,Aston Villa FC,Tottenham Hotspur FC,0,4
2021/22,2022-04-09 00:00:00+00:00,,Southampton FC,Chelsea FC,0,6
2021/22,2022-04-09 00:00:00+00:00,,Everton FC,Manchester United FC,1,0
2021/22,2022-04-09 00:00:00+00:00,,Arsenal FC,Brighton & Hove Albion FC,1,2
2021/22,2022-04-10 00:00:00+00:00,,Brentford FC,West Ham United FC,2,0
2021/22,2022-04-10 00:00:00+00:00,,Leicester City FC,Crystal Palace FC,2,1
2021/22,2022-04-10 00:00:00+00:00,,Norwich City FC,Burnley FC,2,0
2021/22,2022-04-10 00:00:00+00:00,,Manchester City FC,Liverpool FC,2,2
2021/22,2022-04-16 00:00:00+00:00,,Tottenham Hotspur FC,Brighton & Hove Albion FC,0,1
2021/22,2022-04-16 00:00:00+00:00,,Manchester United FC,Norwich City FC,3,2
2021/22,2022-04-16 00:00:00+00:00,,Southampton FC,Arsenal FC,1,0
2021/22,2022-04-16 00:00:00+00:00,,Watford FC,Brentford FC,1,2
2021/22,2022-04-17 00:00:00+00:00,,Newcastle United FC,Leicester City FC,2,1
2021/22,2022-04-17 00:00:00+00:00,,West Ham United FC,Burnley FC,1,1
2021/22,2022-04-19 00:00:00+00:00,,Liverpool FC,Manchester United FC,4,0
2021/22,2022-04-20 00:00:00+00:00,,Chelsea FC,Arsenal FC,2,4
2021/22,2022-04-20 00:00:00+00:00,,Everton FC,Leicester City FC,1,1
2021/22,2022-04-20 00:00:00+00:00,,Newcastle United FC,Crystal Palace FC,1,0
2021/22,2022-04-20 00:00:00+00:00,,Manchester City FC,Brighton & Hove Albion FC,3,0
2021/22,2022-04-21 00:00:00+00:00,,Burnley FC,Southampton FC,2,0
2021/22,2022-04-23 00:00:00+00:00,,Norwich City FC,Newcastle United FC,0,3
2021/22,2022-04-23 00:00:00+00:00,,Brentford FC,Tottenham Hotspur FC,0,0
2021/22,2022-04-23 00:00:00+00:00,,Leicester City FC,Aston Villa FC,0,0
2021/22,2022-04-23 00:00:00+00:00,,Manchester City FC,Watford FC,5,1
2021/22,2022-04-23 00:00:00+00:00,,Arsenal FC,Manchester United FC,3,1
2021/22,2022-04-24 00:00:00+00:00,,Liverpool FC,Everton FC,2,0
2021/22,2022-04-24 00:00:00+00:00,,Chelsea FC,West Ham United FC,1,0
2021/22,2022-04-24 00:00:00+00:00,,Brighton & Hove Albion FC,Southampton FC,2,2
2021/22,2022-04-24 00:00:00+00:00,,Burnley FC,Wolverhampton Wanderers FC,1,0
2021/22,2022-04-25 00:00:00+00:00,,Crystal Palace FC,Leeds United FC,0,0
2021/22,2022-04-28 00:00:00+00:00,,Manchester United FC,Chelsea FC,1,1
2021/22,2022-04-30 00:00:00+00:00,,Newcastle United FC,Liverpool FC,0,1
2021/22,2022-04-30 00:00:00+00:00,,Aston Villa FC,Norwich City FC,2,0
2021/22,2022-04-30 00:00:00+00:00,,Southampton FC,Crystal Palace FC,1,2
2021/22,2022-04-30 00:00:00+00:00,,Watford FC,Burnley FC,1,2
2021/22,2022-04-30 00:00:00+00:00,,Wolverhampton Wanderers FC,Brighton & Hove Albion FC,0,3
2021/22,2022-04-30 00:00:00+00:00,,Leeds United FC,Manchester City FC,0,4
2021/22,2022-05-01 00:00:00+00:00,,West Ham United FC,Arsenal FC,1,2
2021/22,2022-05-01 00:00:00+00:00,,Tottenham Hotspur FC,Leicester City FC,3,1
2021/22,2022-05-01 00:00:00+00:00,,Everton FC,Chelsea FC,1,0
2021/22,2022-05-02 00:00:00+00:00,,Manchester United FC,Brentford FC,3,0
2021/22,2022-05-07 00:00:00+00:00,,Brentford FC,Southampton FC,3,0
2021/22,2022-05-07 00:00:00+00:00,,Burnley FC,Aston Villa FC,1,3
2021/22,2022-05-07 00:00:00+00:00,,Chelsea FC,Wolverhampton Wanderers FC,2,2
2021/22,2022-05-07 00:00:00+00:00,,Crystal Palace FC,Watford FC,1,0
2021/22,2022-05-07 00:00:00+00:00,,Brighton & Hove Albion FC,Manchester United FC,4,0
2021/22,2022-05-07 00:00:00+00:00,,Liverpool FC,Tottenham Hotspur FC,1,1
2021/22,2022-05-08 00:00:00+00:00,,Norwich City FC,West Ham United FC,0,4
2021/22,2022-05-08 00:00:00+00:00,,Manchester City FC,Newcastle United FC,5,0
2021/22,2022-05-08 00:00:00+00:00,,Arsenal FC,Leeds United FC,2,1
2021/22,2022-05-08 00:00:00+00:00,,Leicester City FC,Everton FC,1,2
2021/22,2022-05-10 00:00:00+00:00,,Aston Villa FC,Liverpool FC,1,2
2021/22,2022-05-11 00:00:00+00:00,,Leeds United FC,Chelsea FC,0,3
2021/22,2022-05-11 00:00:00+00:00,,Leicester City FC,Norwich City FC,3,0
2021/22,2022-05-11 00:00:00+00:00,,Watford FC,Everton FC,0,0
2021/22,2022-05-11 00:00:00+00:00,,Wolverhampton Wanderers FC,Manchester City FC,1,5
2021/22,2022-05-12 00:00:00+00:00,,Tottenham Hotspur FC,Arsenal FC,3,0
2021/22,2022-05-15 00:00:00+00:00,,Everton FC,Brentford FC,2,3
2021/22,2022-05-15 00:00:00+00:00,,Wolverhampton Wanderers FC,Norwich City FC,1,1
2021/22,2022-05-15 00:00:00+00:00,,West Ham United FC,Manchester City FC,2,2
2021/22,2022-05-15 00:00:00+00:00,,Leeds United FC,Brighton & Hove Albion FC,1,1
2021/22,2022-05-15 00:00:00+00:00,,Aston Villa FC,Crystal Palace FC,1,1
2021/22,2022-05-15 00:00:00+00:00,,Tottenham Hotspur FC,Burnley FC,1,0
2021/22,2022-05-15 00:00:00+00:00,,Watford FC,Leicester City FC,1,5
2021/22,2022-05-16 00:00:00+00:00,,Newcastle United FC,Arsenal FC,2,0
2021/22,2022-05-17 00:00:00+00:00,,Southampton FC,Liverpool FC,1,2
2021/22,2022-05-19 00:00:00+00:00,,Everton FC,Crystal Palace FC,3,2
2021/22,2022-05-19 00:00:00+00:00,,Aston Villa FC,Burnley FC,1,1
2021/22,2022-05-19 00:00:00+00:00,,Chelsea FC,Leicester City FC,1,1
2021/22,2022-05-22 00:00:00+00:00,,Arsenal FC,Everton FC,5,1
2021/22,2022-05-22 00:00:00+00:00,,Brentford FC,Leeds United FC,1,2
2021/22,2022-05-22 00:00:00+00:00,,Brighton & Hove Albion FC,West Ham United FC,3,1
2021/22,2022-05-22 00:00:00+00:00,,Burnley FC,Newcastle United FC,1,2
2021/22,2022-05-22 00:00:00+00:00,,Crystal Palace FC,Manchester United FC,1,0
2021/22,2022-05-22 00:00:00+00:00,,Norwich City FC,Tottenham Hotspur FC,0,5
2021/22,2022-05-22 00:00:00+00:00,,Manchester City FC,Aston Villa FC,3,2
2021/22,2022-05-22 00:00:00+00:00,,Chelsea FC,Watford FC,2,1
2021/22,2022-05-22 00:00:00+00:00,,Leicester City FC,Southampton FC,4,1
2021/22,2022-05-22 00:00:00+00:00,,Liverpool FC,Wolverhampton Wanderers FC,3,1
2022/23,2022-08-05 00:00:00+00:00,,Crystal Palace FC,Arsenal FC,0,2
2022/23,2022-08-06 00:00:00+00:00,,Fulham FC,Liverpool FC,2,2
2022/23,2022-08-06 00:00:00+00:00,,AFC Bournemouth,Aston Villa FC,2,0
2022/23,2022-08-06 00:00:00+00:00,,Leeds United FC,Wolverhampton Wanderers FC,2,1
2022/23,2022-08-06 00:00:00+00:00,,Newcastle United FC,Nottingham Forest FC,2,0
2022/23,2022-08-06 00:00:00+00:00,,Tottenham Hotspur FC,Southampton FC,4,1
2022/23,2022-08-06 00:00:00+00:00,,Everton FC,Chelsea FC,0,1
2022/23,2022-08-07 00:00:00+00:00,,West Ham United FC,Manchester City FC,0,2
2022/23,2022-08-07 00:00:00+00:00,,Leicester City FC,Brentford FC,2,2
2022/23,2022-08-07 00:00:00+00:00,,Manchester United FC,Brighton & Hove Albion FC,1,2
2022/23,2022-08-13 00:00:00+00:00,,Aston Villa FC,Everton FC,2,1
2022/23,2022-08-13 00:00:00+00:00,,Arsenal FC,Leicester City FC,4,2
2022/23,2022-08-13 00:00:00+00:00,,Brighton & Hove Albion FC,Newcastle United FC,0,0
2022/23,2022-08-13 00:00:00+00:00,,Manchester City FC,AFC Bournemouth,4,0
2022/23,2022-08-13 00:00:00+00:00,,Southampton FC,Leeds United FC,2,2
2022/23,2022-08-13 00:00:00+00:00,,Wolverhampton Wanderers FC,Fulham FC,0,0
2022/23,2022-08-13 00:00:00+00:00,,Brentford FC,Manchester United FC,4,0
2022/23,2022-08-14 00:00:00+00:00,,Chelsea FC,Tottenham Hotspur FC,2,2
2022/23,2022-08-14 00:00:00+00:00,,Nottingham Forest FC,West Ham United FC,1,0
2022/23,2022-08-15 00:00:00+00:00,,Liverpool FC,Crystal Palace FC,1,1
2022/23,2022-08-20 00:00:00+00:00,,AFC Bournemouth,Arsenal FC,0,3
2022/23,2022-08-20 00:00:00+00:00,,Leicester City FC,Southampton FC,1,2
2022/23,2022-08-20 00:00:00+00:00,,Tottenham Hotspur FC,Wolverhampton Wanderers FC,1,0
2022/23,2022-08-20 00:00:00+00:00,,Everton FC,Nottingham Forest FC,1,1
2022/23,2022-08-20 00:00:00+00:00,,Crystal Palace FC,Aston Villa FC,3,1
2022/23,2022-08-20 00:00:00+00:00,,Fulham FC,Brentford FC,3,2
2022/23,2022-08-21 00:00:00+00:00,,Leeds United FC,Chelsea FC,3,0
2022/23,2022-08-21 00:00:00+00:00,,West Ham United FC,Brighton & Hove Albion FC,0,2
2022/23,2022-08-21 00:00:00+00:00,,Newcastle United FC,Manchester City FC,3,3
2022/23,2022-08-22 00:00:00+00:00,,Manchester United FC,Liverpool FC,2,1
2022/23,2022-08-27 00:00:00+00:00,,Arsenal FC,Fulham FC,2,1
2022/23,2022-08-27 00:00:00+00:00,,Manchester City FC,Crystal Palace FC,4,2
2022/23,2022-08-27 00:00:00+00:00,,Liverpool FC,AFC Bournemouth,9,0
2022/23,2022-08-27 00:00:00+00:00,,Brighton & Hove Albion FC,Leeds United FC,1,0
2022/23,2022-08-27 00:00:00+00:00,,Brentford FC,Everton FC,1,1
2022/23,2022-08-27 00:00:00+00:00,,Chelsea FC,Leicester City FC,2,1
2022/23,2022-08-27 00:00:00+00:00,,Southampton FC,Manchester United FC,0,1
2022/23,2022-08-28 00:00:00+00:00,,Aston Villa FC,West Ham United FC,0,1
2022/23,2022-08-28 00:00:00+00:00,,Wolverhampton Wanderers FC,Newcastle United FC,1,1
2022/23,2022-08-28 00:00:00+00:00,,Nottingham Forest FC,Tottenham Hotspur FC,0,2
2022/23,2022-08-30 00:00:00+00:00,,Leeds United FC,Everton FC,1,1
2022/23,2022-08-30 00:00:00+00:00,,Southampton FC,Chelsea FC,2,1
2022/23,2022-08-30 00:00:00+00:00,,Crystal Palace FC,Brentford FC,1,1
2022/23,2022-08-30 00:00:00+00:00,,Fulham FC,Brighton & Hove Albion FC,2,1
2022/23,2022-08-31 00:00:00+00:00,,AFC Bournemouth,Wolverhampton Wanderers FC,0,0
2022/23,2022-08-31 00:00:00+00:00,,Manchester City FC,Nottingham Forest FC,6,0
2022/23,2022-08-31 00:00:00+00:00,,West Ham United FC,Tottenham Hotspur FC,1,1
2022/23,2022-08-31 00:00:00+00:00,,Liverpool FC,Newcastle United FC,2,1
2022/23,2022-08-31 00:00:00+00:00,,Arsenal FC,Aston Villa FC,2,1
2022/23,2022-09-01 00:00:00+00:00,,Leicester City FC,Manchester United FC,0,1
2022/23,2022-09-03 00:00:00+00:00,,Aston Villa FC,Manchester City FC,1,1
2022/23,2022-09-03 00:00:00+00:00,,Wolverhampton Wanderers FC,Southampton FC,1,0
2022/23,2022-09-03 00:00:00+00:00,,Tottenham Hotspur FC,Fulham FC,2,1
2022/23,2022-09-03 00:00:00+00:00,,Chelsea FC,West Ham United FC,2,1
2022/23,2022-09-03 00:00:00+00:00,,Brentford FC,Leeds United FC,5,2
2022/23,2022-09-03 00:00:00+00:00,,Everton FC,Liverpool FC,0,0
2022/23,2022-09-03 00:00:00+00:00,,Newcastle United FC,Crystal Palace FC,0,0
2022/23,2022-09-03 00:00:00+00:00,,Nottingham Forest FC,AFC Bournemouth,2,3
2022/23,2022-09-04 00:00:00+00:00,,Brighton & Hove Albion FC,Leicester City FC,5,2
2022/23,2022-09-04 00:00:00+00:00,,Manchester United FC,Arsenal FC,3,1
2022/23,2022-09-16 00:00:00+00:00,,Aston Villa FC,Southampton FC,1,0
2022/23,2022-09-16 00:00:00+00:00,,Nottingham Forest FC,Fulham FC,2,3
2022/23,2022-09-17 00:00:00+00:00,,Tottenham Hotspur FC,Leicester City FC,6,2
2022/23,2022-09-17 00:00:00+00:00,,Wolverhampton Wanderers FC,Manchester City FC,0,3
2022/23,2022-09-17 00:00:00+00:00,,Newcastle United FC,AFC Bournemouth,1,1
2022/23,2022-09-18 00:00:00+00:00,,Everton FC,West Ham United FC,1,0
2022/23,2022-09-18 00:00:00+00:00,,Brentford FC,Arsenal FC,0,3
2022/23,2022-10-01 00:00:00+00:00,,Arsenal FC,Tottenham Hotspur FC,3,1
2022/23,2022-10-01 00:00:00+00:00,,AFC Bournemouth,Brentford FC,0,0
2022/23,2022-10-01 00:00:00+00:00,,Crystal Palace FC,Chelsea FC,1,2
2022/23,2022-10-01 00:00:00+00:00,,Fulham FC,Newcastle United FC,1,4
2022/23,2022-10-01 00:00:00+00:00,,Liverpool FC,Brighton & Hove Albion FC,3,3
2022/23,2022-10-01 00:00:00+00:00,,Southampton FC,Everton FC,1,2
2022/23,2022-10-01 00:00:00+00:00,,West Ham United FC,Wolverhampton Wanderers FC,2,0
2022/23,2022-10-02 00:00:00+00:00,,Manchester City FC,Manchester United FC,6,3
2022/23,2022-10-02 00:00:00+00:00,,Leeds United FC,Aston Villa FC,0,0
2022/23,2022-10-03 00:00:00+00:00,,Leicester City FC,Nottingham Forest FC,4,0
2022/23,2022-10-08 00:00:00+00:00,,Brighton & Hove Albion FC,Tottenham Hotspur FC,0,1
2022/23,2022-10-08 00:00:00+00:00,,Newcastle United FC,Brentford FC,5,1
2022/23,2022-10-08 00:00:00+00:00,,Chelsea FC,Wolverhampton Wanderers FC,3,0
2022/23,2022-10-08 00:00:00+00:00,,AFC Bournemouth,Leicester City FC,2,1
2022/23,2022-10-08 00:00:00+00:00,,Manchester City FC,Southampton FC,4,0
2022/23,2022-10-09 00:00:00+00:00,,Crystal Palace FC,Leeds United FC,2,1
2022/23,2022-10-09 00:00:00+00:00,,West Ham United FC,Fulham FC,3,1
2022/23,2022-10-09 00:00:00+00:00,,Arsenal FC,Liverpool FC,3,2
2022/23,2022-10-09 00:00:00+00:00,,Everton FC,Manchester United FC,1,2
2022/23,2022-10-10 00:00:00+00:00,,Nottingham Forest FC,Aston Villa FC,1,1
2022/23,2022-10-14 00:00:00+00:00,,Brentford FC,Brighton & Hove Albion FC,2,0
2022/23,2022-10-15 00:00:00+00:00,,Tottenham Hotspur FC,Everton FC,2,0
2022/23,2022-10-15 00:00:00+00:00,,Fulham FC,AFC Bournemouth,2,2
2022/23,2022-10-15 00:00:00+00:00,,Leicester City FC,Crystal Palace FC,0,0
2022/23,2022-10-15 00:00:00+00:00,,Wolverhampton Wanderers FC,Nottingham Forest FC,1,0
2022/23,2022-10-16 00:00:00+00:00,,Liverpool FC,Manchester City FC,1,0
2022/23,2022-10-16 00:00:00+00:00,,Aston Villa FC,Chelsea FC,0,2
2022/23,2022-10-16 00:00:00+00:00,,Manchester United FC,Newcastle United FC,0,0
2022/23,2022-10-16 00:00:00+00:00,,Southampton FC,West Ham United FC,1,1
2022/23,2022-10-16 00:00:00+00:00,,Leeds United FC,Arsenal FC,0,1
2022/23,2022-10-18 00:00:00+00:00,,Brighton & Hove Albion FC,Nottingham Forest FC,0,0
2022/23,2022-10-18 00:00:00+00:00,,Crystal Palace FC,Wolverhampton Wanderers FC,2,1
2022/23,2022-10-19 00:00:00+00:00,,AFC Bournemouth,Southampton FC,0,1
2022/23,2022-10-19 00:00:00+00:00,,Brentford FC,Chelsea FC,0,0
2022/23,2022-10-19 00:00:00+00:00,,Liverpool FC,West Ham United FC,1,0
2022/23,2022-10-19 00:00:00+00:00,,Newcastle United FC,Everton FC,1,0
2022/23,2022-10-19 00:00:00+00:00,,Manchester United FC,Tottenham Hotspur FC,2,0
2022/23,2022-10-20 00:00:00+00:00,,Fulham FC,Aston Villa FC,3,0
2022/23,2022-10-20 00:00:00+00:00,,Leicester City FC,Leeds United FC,2,0
2022/23,2022-10-22 00:00:00+00:00,,Chelsea FC,Manchester United FC,1,1
2022/23,2022-10-22 00:00:00+00:00,,Everton FC,Crystal Palace FC,3,0
2022/23,2022-10-22 00:00:00+00:00,,Nottingham Forest FC,Liverpool FC,1,0
2022/23,2022-10-22 00:00:00+00:00,,Manchester City FC,Brighton & Hove Albion FC,3,1
2022/23,2022-10-23 00:00:00+00:00,,Aston Villa FC,Brentford FC,4,0
2022/23,2022-10-23 00:00:00+00:00,,Leeds United FC,Fulham FC,2,3
2022/23,2022-10-23 00:00:00+00:00,,Southampton FC,Arsenal FC,1,1
2022/23,2022-10-23 00:00:00+00:00,,Wolverhampton Wanderers FC,Leicester City FC,0,4
2022/23,2022-10-23 00:00:00+00:00,,Tottenham Hotspur FC,Newcastle United FC,1,2
2022/23,2022-10-24 00:00:00+00:00,,West Ham United FC,AFC Bournemouth,2,0
2022/23,2022-10-29 00:00:00+00:00,,Liverpool FC,Leeds United FC,1,2
2022/23,2022-10-29 00:00:00+00:00,,Fulham FC,Everton FC,0,0
2022/23,2022-10-29 00:00:00+00:00,,Newcastle United FC,Aston Villa FC,4,0
2022/23,2022-10-29 00:00:00+00:00,,Brighton & Hove Albion FC,Chelsea FC,4,1
2022/23,2022-10-29 00:00:00+00:00,,Brentford FC,Wolverhampton Wanderers FC,1,1
2022/23,2022-10-29 00:00:00+00:00,,Leicester City FC,Manchester City FC,0,1
2022/23,2022-10-29 00:00:00+00:00,,Crystal Palace FC,Southampton FC,1,0
2022/23,2022-10-29 00:00:00+00:00,,AFC Bournemouth,Tottenham Hotspur FC,2,3
2022/23,2022-10-30 00:00:00+00:00,,Arsenal FC,Nottingham Forest FC,5,0
2022/23,2022-10-30 00:00:00+00:00,,Manchester United FC,West Ham United FC,1,0
2022/23,2022-11-05 00:00:00+00:00,,Leeds United FC,AFC Bournemouth,4,3
2022/23,2022-11-05 00:00:00+00:00,,Manchester City FC,Fulham FC,2,1
2022/23,2022-11-05 00:00:00+00:00,,Nottingham Forest FC,Brentford FC,2,2
2022/23,2022-11-05 00:00:00+00:00,,Wolverhampton Wanderers FC,Brighton & Hove Albion FC,2,3
2022/23,2022-11-05 00:00:00+00:00,,Everton FC,Leicester City FC,0,2
2022/23,2022-11-06 00:00:00+00:00,,Chelsea FC,Arsenal FC,0,1
2022/23,2022-11-06 00:00:00+00:00,,Aston Villa FC,Manchester United FC,3,1
2022/23,2022-11-06 00:00:00+00:00,,Southampton FC,Newcastle United FC,1,4
2022/23,2022-11-06 00:00:00+00:00,,West Ham United FC,Crystal Palace FC,1,2
2022/23,2022-11-06 00:00:00+00:00,,Tottenham Hotspur FC,Liverpool FC,1,2
2022/23,2022-11-12 00:00:00+00:00,,Wolverhampton Wanderers FC,Arsenal FC,0,2
2022/23,2022-11-12 00:00:00+00:00,,West Ham United FC,Leicester City FC,0,2
2022/23,2022-11-12 00:00:00+00:00,,Newcastle United FC,Chelsea FC,1,0
2022/23,2022-11-12 00:00:00+00:00,,Liverpool FC,Southampton FC,3,1
2022/23,2022-11-12 00:00:00+00:00,,Nottingham Forest FC,Crystal Palace FC,1,0
2022/23,2022-11-12 00:00:00+00:00,,Tottenham Hotspur FC,Leeds United FC,4,3
2022/23,2022-11-12 00:00:00+00:00,,Manchester City FC,Brentford FC,1,2
2022/23,2022-11-12 00:00:00+00:00,,AFC Bournemouth,Everton FC,3,0
2022/23,2022-11-13 00:00:00+00:00,,Brighton & Hove Albion FC,Aston Villa FC,1,2
2022/23,2022-11-13 00:00:00+00:00,,Fulham FC,Manchester United FC,1,2
2022/23,2022-12-26 00:00:00+00:00,,Crystal Palace FC,Fulham FC,0,3
2022/23,2022-12-26 00:00:00+00:00,,Everton FC,Wolverhampton Wanderers FC,1,2
2022/23,2022-12-26 00:00:00+00:00,,Leicester City FC,Newcastle United FC,0,3
2022/23,2022-12-26 00:00:00+00:00,,Southampton FC,Brighton & Hove Albion FC,1,3
2022/23,2022-12-26 00:00:00+00:00,,Aston Villa FC,Liverpool FC,1,3
2022/23,2022-12-26 00:00:00+00:00,,Arsenal FC,West Ham United FC,3,1
2022/23,2022-12-26 00:00:00+00:00,,Brentford FC,Tottenham Hotspur FC,2,2
2022/23,2022-12-27 00:00:00+00:00,,Manchester United FC,Nottingham Forest FC,3,0
2022/23,2022-12-27 00:00:00+00:00,,Chelsea FC,AFC Bournemouth,2,0
2022/23,2022-12-28 00:00:00+00:00,,Leeds United FC,Manchester City FC,1,3
2022/23,2022-12-30 00:00:00+00:00,,Liverpool FC,Leicester City FC,2,1
2022/23,2022-12-30 00:00:00+00:00,,West Ham United FC,Brentford FC,0,2
2022/23,2022-12-31 00:00:00+00:00,,Wolverhampton Wanderers FC,Manchester United FC,0,1
2022/23,2022-12-31 00:00:00+00:00,,AFC Bournemouth,Crystal Palace FC,0,2
2022/23,2022-12-31 00:00:00+00:00,,Fulham FC,Southampton FC,2,1
2022/23,2022-12-31 00:00:00+00:00,,Manchester City FC,Everton FC,1,1
2022/23,2022-12-31 00:00:00+00:00,,Newcastle United FC,Leeds United FC,0,0
2022/23,2022-12-31 00:00:00+00:00,,Brighton & Hove Albion FC,Arsenal FC,2,4
2022/23,2023-01-01 00:00:00+00:00,,Tottenham Hotspur FC,Aston Villa FC,0,2
2022/23,2023-01-01 00:00:00+00:00,,Nottingham Forest FC,Chelsea FC,1,1
2022/23,2023-01-02 00:00:00+00:00,,Brentford FC,Liverpool FC,3,1
2022/23,2023-01-03 00:00:00+00:00,,Manchester United FC,AFC Bournemouth,3,0
2022/23,2023-01-03 00:00:00+00:00,,Arsenal FC,Newcastle United FC,0,0
2022/23,2023-01-03 00:00:00+00:00,,Everton FC,Brighton & Hove Albion FC,1,4
2022/23,2023-01-03 00:00:00+00:00,,Leicester City FC,Fulham FC,0,1
2022/23,2023-01-04 00:00:00+00:00,,Southampton FC,Nottingham Forest FC,0,1
2022/23,2023-01-04 00:00:00+00:00,,Leeds United FC,West Ham United FC,2,2
2022/23,2023-01-04 00:00:00+00:00,,Aston Villa FC,Wolverhampton Wanderers FC,1,1
2022/23,2023-01-04 00:00:00+00:00,,Crystal Palace FC,Tottenham Hotspur FC,0,4
2022/23,2023-01-05 00:00:00+00:00,,Chelsea FC,Manchester City FC,0,1
2022/23,2023-01-12 00:00:00+00:00,,Fulham FC,Chelsea FC,2,1
2022/23,2023-01-13 00:00:00+00:00,,Aston Villa FC,Leeds United FC,2,1
2022/23,2023-01-14 00:00:00+00:00,,Everton FC,Southampton FC,1,2
2022/23,2023-01-14 00:00:00+00:00,,Nottingham Forest FC,Leicester City FC,2,0
2022/23,2023-01-14 00:00:00+00:00,,Wolverhampton Wanderers FC,West Ham United FC,1,0
2022/23,2023-01-14 00:00:00+00:00,,Brentford FC,AFC Bournemouth,2,0
2022/23,2023-01-14 00:00:00+00:00,,Manchester United FC,Manchester City FC,2,1
2022/23,2023-01-14 00:00:00+00:00,,Brighton & Hove Albion FC,Liverpool FC,3,0
2022/23,2023-01-15 00:00:00+00:00,,Chelsea FC,Crystal Palace FC,1,0
2022/23,2023-01-15 00:00:00+00:00,,Newcastle United FC,Fulham FC,1,0
2022/23,2023-01-15 00:00:00+00:00,,Tottenham Hotspur FC,Arsenal FC,0,2
2022/23,2023-01-18 00:00:00+00:00,,Crystal Palace FC,Manchester United FC,1,1
2022/23,2023-01-19 00:00:00+00:00,,Manchester City FC,Tottenham Hotspur FC,4,2
2022/23,2023-01-21 00:00:00+00:00,,Liverpool FC,Chelsea FC,0,0
2022/23,2023-01-21 00:00:00+00:00,,AFC Bournemouth,Nottingham Forest FC,1,1
2022/23,2023-01-21 00:00:00+00:00,,Leicester City FC,Brighton & Hove Albion FC,2,2
2022/23,2023-01-21 00:00:00+00:00,,Southampton FC,Aston Villa FC,0,1
2022/23,2023-01-21 00:00:00+00:00,,West Ham United FC,Everton FC,2,0
2022/23,2023-01-21 00:00:00+00:00,,Crystal Palace FC,Newcastle United FC,0,0
2022/23,2023-01-22 00:00:00+00:00,,Leeds United FC,Brentford FC,0,0
2022/23,2023-01-22 00:00:00+00:00,,Manchester City FC,Wolverhampton Wanderers FC,3,0
2022/23,2023-01-22 00:00:00+00:00,,Arsenal FC,Manchester United FC,3,2
2022/23,2023-01-23 00:00:00+00:00,,Fulham FC,Tottenham Hotspur FC,0,1
2022/23,2023-02-03 00:00:00+00:00,,Chelsea FC,Fulham FC,0,0
2022/23,2023-02-04 00:00:00+00:00,,Newcastle United FC,West Ham United FC,1,1
2022/23,2023-02-04 00:00:00+00:00,,Wolverhampton Wanderers FC,Liverpool FC,3,0
2022/23,2023-02-04 00:00:00+00:00,,Manchester United FC,Crystal Palace FC,2,1
2022/23,2023-02-04 00:00:00+00:00,,Everton FC,Arsenal FC,1,0
2022/23,2023-02-04 00:00:00+00:00,,Brentford FC,Southampton FC,3,0
2022/23,2023-02-04 00:00:00+00:00,,Aston Villa FC,Leicester City FC,2,4
2022/23,2023-02-04 00:00:00+00:00,,Brighton & Hove Albion FC,AFC Bournemouth,1,0
2022/23,2023-02-05 00:00:00+00:00,,Nottingham Forest FC,Leeds United FC,1,0
2022/23,2023-02-05 00:00:00+00:00,,Tottenham Hotspur FC,Manchester City FC,1,0
2022/23,2023-02-08 00:00:00+00:00,,Manchester United FC,Leeds United FC,2,2
2022/23,2023-02-11 00:00:00+00:00,,Southampton FC,Wolverhampton Wanderers FC,1,2
2022/23,2023-02-11 00:00:00+00:00,,AFC Bournemouth,Newcastle United FC,1,1
2022/23,2023-02-11 00:00:00+00:00,,Leicester City FC,Tottenham Hotspur FC,4,1
2022/23,2023-02-11 00:00:00+00:00,,Arsenal FC,Brentford FC,1,1
2022/23,2023-02-11 00:00:00+00:00,,Crystal Palace FC,Brighton & Hove Albion FC,1,1
2022/23,2023-02-11 00:00:00+00:00,,West Ham United FC,Chelsea FC,1,1
2022/23,2023-02-11 00:00:00+00:00,,Fulham FC,Nottingham Forest FC,2,0
2022/23,2023-02-12 00:00:00+00:00,,Leeds United FC,Manchester United FC,0,2
2022/23,2023-02-12 00:00:00+00:00,,Manchester City FC,Aston Villa FC,3,1
2022/23,2023-02-13 00:00:00+00:00,,Liverpool FC,Everton FC,2,0
2022/23,2023-02-15 00:00:00+00:00,,Arsenal FC,Manchester City FC,1,3
2022/23,2023-02-18 00:00:00+00:00,,Newcastle United FC,Liverpool FC,0,2
2022/23,2023-02-18 00:00:00+00:00,,Wolverhampton Wanderers FC,AFC Bournemouth,0,1
2022/23,2023-02-18 00:00:00+00:00,,Nottingham Forest FC,Manchester City FC,1,1
2022/23,2023-02-18 00:00:00+00:00,,Everton FC,Leeds United FC,1,0
2022/23,2023-02-18 00:00:00+00:00,,Chelsea FC,Southampton FC,0,1
2022/23,2023-02-18 00:00:00+00:00,,Brentford FC,Crystal Palace FC,1,1
2022/23,2023-02-18 00:00:00+00:00,,Aston Villa FC,Arsenal FC,2,4
2022/23,2023-02-18 00:00:00+00:00,,Brighton & Hove Albion FC,Fulham FC,0,1
2022/23,2023-02-19 00:00:00+00:00,,Manchester United FC,Leicester City FC,3,0
2022/23,2023-02-19 00:00:00+00:00,,Tottenham Hotspur FC,West Ham United FC,2,0
2022/23,2023-02-24 00:00:00+00:00,,Fulham FC,Wolverhampton Wanderers FC,1,1
2022/23,2023-02-25 00:00:00+00:00,,AFC Bournemouth,Manchester City FC,1,4
2022/23,2023-02-25 00:00:00+00:00,,Crystal Palace FC,Liverpool FC,0,0
2022/23,2023-02-25 00:00:00+00:00,,West Ham United FC,Nottingham Forest FC,4,0
2022/23,2023-02-25 00:00:00+00:00,,Leicester City FC,Arsenal FC,0,1
2022/23,2023-02-25 00:00:00+00:00,,Leeds United FC,Southampton FC,1,0
2022/23,2023-02-25 00:00:00+00:00,,Everton FC,Aston Villa FC,0,2
2022/23,2023-02-26 00:00:00+00:00,,Tottenham Hotspur FC,Chelsea FC,2,0
2022/23,2023-03-01 00:00:00+00:00,,Arsenal FC,Everton FC,4,0
2022/23,2023-03-01 00:00:00+00:00,,Liverpool FC,Wolverhampton Wanderers FC,2,0
2022/23,2023-03-04 00:00:00+00:00,,Wolverhampton Wanderers FC,Tottenham Hotspur FC,1,0
2022/23,2023-03-04 00:00:00+00:00,,Chelsea FC,Leeds United FC,1,0
2022/23,2023-03-04 00:00:00+00:00,,Brighton & Hove Albion FC,West Ham United FC,4,0
2022/23,2023-03-04 00:00:00+00:00,,Southampton FC,Leicester City FC,1,0
2022/23,2023-03-04 00:00:00+00:00,,Arsenal FC,AFC Bournemouth,3,2
2022/23,2023-03-04 00:00:00+00:00,,Manchester City FC,Newcastle United FC,2,0
2022/23,2023-03-04 00:00:00+00:00,,Aston Villa FC,Crystal Palace FC,1,0
2022/23,2023-03-05 00:00:00+00:00,,Nottingham Forest FC,Everton FC,2,2
2022/23,2023-03-05 00:00:00+00:00,,Liverpool FC,Manchester United FC,7,0
2022/23,2023-03-06 00:00:00+00:00,,Brentford FC,Fulham FC,3,2
2022/23,2023-03-11 00:00:00+00:00,,AFC Bournemouth,Liverpool FC,1,0
2022/23,2023-03-11 00:00:00+00:00,,Everton FC,Brentford FC,1,0
2022/23,2023-03-11 00:00:00+00:00,,Leeds United FC,Brighton & Hove Albion FC,2,2
2022/23,2023-03-11 00:00:00+00:00,,Leicester City FC,Chelsea FC,1,3
2022/23,2023-03-11 00:00:00+00:00,,Tottenham Hotspur FC,Nottingham Forest FC,3,1
2022/23,2023-03-11 00:00:00+00:00,,Crystal Palace FC,Manchester City FC,0,1
2022/23,2023-03-12 00:00:00+00:00,,Newcastle United FC,Wolverhampton Wanderers FC,2,1
2022/23,2023-03-12 00:00:00+00:00,,West Ham United FC,Aston Villa FC,1,1
2022/23,2023-03-12 00:00:00+00:00,,Manchester United FC,Southampton FC,0,0
2022/23,2023-03-12 00:00:00+00:00,,Fulham FC,Arsenal FC,0,3
2022/23,2023-03-15 00:00:00+00:00,,Brighton & Hove Albion FC,Crystal Palace FC,1,0
2022/23,2023-03-15 00:00:00+00:00,,Southampton FC,Brentford FC,0,2
2022/23,2023-03-17 00:00:00+00:00,,Nottingham Forest FC,Newcastle United FC,1,2
2022/23,2023-03-18 00:00:00+00:00,,Aston Villa FC,AFC Bournemouth,3,0
2022/23,2023-03-18 00:00:00+00:00,,Brentford FC,Leicester City FC,1,1
2022/23,2023-03-18 00:00:00+00:00,,Southampton FC,Tottenham Hotspur FC,3,3
2022/23,2023-03-18 00:00:00+00:00,,Wolverhampton Wanderers FC,Leeds United FC,2,4
2022/23,2023-03-18 00:00:00+00:00,,Chelsea FC,Everton FC,2,2
2022/23,2023-03-19 00:00:00+00:00,,Arsenal FC,Crystal Palace FC,4,1
2022/23,2023-04-01 00:00:00+00:00,,Chelsea FC,Aston Villa FC,0,2
2022/23,2023-04-01 00:00:00+00:00,,Nottingham Forest FC,Wolverhampton Wanderers FC,1,1
2022/23,2023-04-01 00:00:00+00:00,,Crystal Palace FC,Leicester City FC,2,1
2022/23,2023-04-01 00:00:00+00:00,,Manchester City FC,Liverpool FC,4,1
2022/23,2023-04-01 00:00:00+00:00,,AFC Bournemouth,Fulham FC,2,1
2022/23,2023-04-01 00:00:00+00:00,,Arsenal FC,Leeds United FC,4,1
2022/23,2023-04-01 00:00:00+00:00,,Brighton & Hove Albion FC,Brentford FC,3,3
2022/23,2023-04-02 00:00:00+00:00,,West Ham United FC,Southampton FC,1,0
2022/23,2023-04-02 00:00:00+00:00,,Newcastle United FC,Manchester United FC,2,0
2022/23,2023-04-03 00:00:00+00:00,,Everton FC,Tottenham Hotspur FC,1,1
2022/23,2023-04-04 00:00:00+00:00,,Chelsea FC,Liverpool FC,0,0
2022/23,2023-04-04 00:00:00+00:00,,Leicester City FC,Aston Villa FC,1,2
2022/23,2023-04-04 00:00:00+00:00,,Leeds United FC,Nottingham Forest FC,2,1
2022/23,2023-04-04 00:00:00+00:00,,AFC Bournemouth,Brighton & Hove Albion FC,0,2
2022/23,2023-04-05 00:00:00+00:00,,Manchester United FC,Brentford FC,1,0
2022/23,2023-04-05 00:00:00+00:00,,West Ham United FC,Newcastle United FC,1,5
2022/23,2023-04-08 00:00:00+00:00,,Wolverhampton Wanderers FC,Chelsea FC,1,0
2022/23,2023-04-08 00:00:00+00:00,,Tottenham Hotspur FC,Brighton & Hove Albion FC,2,1
2022/23,2023-04-08 00:00:00+00:00,,Leicester City FC,AFC Bournemouth,0,1
2022/23,2023-04-08 00:00:00+00:00,,Southampton FC,Manchester City FC,1,4
2022/23,2023-04-08 00:00:00+00:00,,Brentford FC,Newcastle United FC,1,2
2022/23,2023-04-08 00:00:00+00:00,,Aston Villa FC,Nottingham Forest FC,2,0
2022/23,2023-04-08 00:00:00+00:00,,Manchester United FC,Everton FC,2,0
2022/23,2023-04-08 00:00:00+00:00,,Fulham FC,West Ham United FC,0,1
2022/23,2023-04-09 00:00:00+00:00,,Leeds United FC,Crystal Palace FC,1,5
2022/23,2023-04-09 00:00:00+00:00,,Liverpool FC,Arsenal FC,2,2
2022/23,2023-04-15 00:00:00+00:00,,Aston Villa FC,Newcastle United FC,3,0
2022/23,2023-04-15 00:00:00+00:00,,Chelsea FC,Brighton & Hove Albion FC,1,2
2022/23,2023-04-15 00:00:00+00:00,,Everton FC,Fulham FC,1,3
2022/23,2023-04-15 00:00:00+00:00,,Southampton FC,Crystal Palace FC,0,2
2022/23,2023-04-15 00:00:00+00:00,,Tottenham Hotspur FC,AFC Bournemouth,2,3
2022/23,2023-04-15 00:00:00+00:00,,Wolverhampton Wanderers FC,Brentford FC,2,0
2022/23,2023-04-15 00:00:00+00:00,,Manchester City FC,Leicester City FC,3,1
2022/23,2023-04-16 00:00:00+00:00,,West Ham United FC,Arsenal FC,2,2
2022/23,2023-04-16 00:00:00+00:00,,Nottingham Forest FC,Manchester United FC,0,2
2022/23,2023-04-17 00:00:00+00:00,,Leeds United FC,Liverpool FC,1,6
2022/23,2023-04-21 00:00:00+00:00,,Arsenal FC,Southampton FC,3,3
2022/23,2023-04-22 00:00:00+00:00,,Fulham FC,Leeds United FC,2,1
2022/23,2023-04-22 00:00:00+00:00,,Brentford FC,Aston Villa FC,1,1
2022/23,2023-04-22 00:00:00+00:00,,Crystal Palace FC,Everton FC,0,0
2022/23,2023-04-22 00:00:00+00:00,,Leicester City FC,Wolverhampton Wanderers FC,2,1
2022/23,2023-04-22 00:00:00+00:00,,Liverpool FC,Nottingham Forest FC,3,2
2022/23,2023-04-23 00:00:00+00:00,,AFC Bournemouth,West Ham United FC,0,4
2022/23,2023-04-23 00:00:00+00:00,,Newcastle United FC,Tottenham Hotspur FC,6,1
2022/23,2023-04-25 00:00:00+00:00,,Wolverhampton Wanderers FC,Crystal Palace FC,2,0
2022/23,2023-04-25 00:00:00+00:00,,Aston Villa FC,Fulham FC,1,0
2022/23,2023-04-25 00:00:00+00:00,,Leeds United FC,Leicester City FC,1,1
2022/23,2023-04-26 00:00:00+00:00,,Manchester City FC,Arsenal FC,4,1
2022/23,2023-04-26 00:00:00+00:00,,West Ham United FC,Liverpool FC,1,2
2022/23,2023-04-26 00:00:00+00:00,,Nottingham Forest FC,Brighton & Hove Albion FC,3,1
2022/23,2023-04-26 00:00:00+00:00,,Chelsea FC,Brentford FC,0,2
2022/23,2023-04-27 00:00:00+00:00,,Everton FC,Newcastle United FC,1,4
2022/23,2023-04-27 00:00:00+00:00,,Southampton FC,AFC Bournemouth,0,1
2022/23,2023-04-27 00:00:00+00:00,,Tottenham Hotspur FC,Manchester United FC,2,2
2022/23,2023-04-29 00:00:00+00:00,,Crystal Palace FC,West Ham United FC,4,3
2022/23,2023-04-29 00:00:00+00:00,,Brighton & Hove Albion FC,Wolverhampton Wanderers FC,6,0
2022/23,2023-04-29 00:00:00+00:00,,Brentford FC,Nottingham Forest FC,2,1
2022/23,2023-04-30 00:00:00+00:00,,Newcastle United FC,Southampton FC,3,1
2022/23,2023-04-30 00:00:00+00:00,,Liverpool FC,Tottenham Hotspur FC,4,3
2022/23,2023-04-30 00:00:00+00:00,,Manchester United FC,Aston Villa FC,1,0
2022/23,2023-04-30 00:00:00+00:00,,AFC Bournemouth,Leeds United FC,4,1
2022/23,2023-04-30 00:00:00+00:00,,Fulham FC,Manchester City FC,1,2
2022/23,2023-05-01 00:00:00+00:00,,Leicester City FC,Everton FC,2,2
2022/23,2023-05-02 00:00:00+00:00,,Arsenal FC,Chelsea FC,3,1
2022/23,2023-05-03 00:00:00+00:00,,Liverpool FC,Fulham FC,1,0
2022/23,2023-05-03 00:00:00+00:00,,Manchester City FC,West Ham United FC,3,0
2022/23,2023-05-04 00:00:00+00:00,,Brighton & Hove Albion FC,Manchester United FC,1,0
2022/23,2023-05-06 00:00:00+00:00,,Liverpool FC,Brentford FC,1,0
2022/23,2023-05-06 00:00:00+00:00,,Wolverhampton Wanderers FC,Aston Villa FC,1,0
2022/23,2023-05-06 00:00:00+00:00,,AFC Bournemouth,Chelsea FC,1,3
2022/23,2023-05-06 00:00:00+00:00,,Manchester City FC,Leeds United FC,2,1
2022/23,2023-05-06 00:00:00+00:00,,Tottenham Hotspur FC,Crystal Palace FC,1,0
2022/23,2023-05-07 00:00:00+00:00,,Newcastle United FC,Arsenal FC,0,2
2022/23,2023-05-07 00:00:00+00:00,,West Ham United FC,Manchester United FC,1,0
2022/23,2023-05-08 00:00:00+00:00,,Fulham FC,Leicester City FC,5,3
2022/23,2023-05-08 00:00:00+00:00,,Brighton & Hove Albion FC,Everton FC,1,5
2022/23,2023-05-08 00:00:00+00:00,,Nottingham Forest FC,Southampton FC,4,3
2022/23,2023-05-13 00:00:00+00:00,,Crystal Palace FC,AFC Bournemouth,2,0
2022/23,2023-05-13 00:00:00+00:00,,Southampton FC,Fulham FC,0,2
2022/23,2023-05-13 00:00:00+00:00,,Manchester United FC,Wolverhampton Wanderers FC,2,0
2022/23,2023-05-13 00:00:00+00:00,,Chelsea FC,Nottingham Forest FC,2,2
2022/23,2023-05-13 00:00:00+00:00,,Leeds United FC,Newcastle United FC,2,2
2022/23,2023-05-13 00:00:00+00:00,,Aston Villa FC,Tottenham Hotspur FC,2,1
2022/23,2023-05-14 00:00:00+00:00,,Brentford FC,West Ham United FC,2,0
2022/23,2023-05-14 00:00:00+00:00,,Everton FC,Manchester City FC,0,3
2022/23,2023-05-14 00:00:00+00:00,,Arsenal FC,Brighton & Hove Albion FC,0,3
2022/23,2023-05-15 00:00:00+00:00,,Leicester City FC,Liverpool FC,0,3
2022/23,2023-05-18 00:00:00+00:00,,Newcastle United FC,Brighton & Hove Albion FC,4,1
2022/23,2023-05-20 00:00:00+00:00,,Nottingham Forest FC,Arsenal FC,1,0
2022/23,2023-05-20 00:00:00+00:00,,Wolverhampton Wanderers FC,Everton FC,1,1
2022/23,2023-05-20 00:00:00+00:00,,Liverpool FC,Aston Villa FC,1,1
2022/23,2023-05-20 00:00:00+00:00,,AFC Bournemouth,Manchester United FC,0,1
2022/23,2023-05-20 00:00:00+00:00,,Tottenham Hotspur FC,Brentford FC,1,3
2022/23,2023-05-20 00:00:00+00:00,,Fulham FC,Crystal Palace FC,2,2
2022/23,2023-05-21 00:00:00+00:00,,West Ham United FC,Leeds United FC,3,1
2022/23,2023-05-21 00:00:00+00:00,,Brighton & Hove Albion FC,Southampton FC,3,1
2022/23,2023-05-21 00:00:00+00:00,,Manchester City FC,Chelsea FC,1,0
2022/23,2023-05-22 00:00:00+00:00,,Newcastle United FC,Leicester City FC,0,0
2022/23,2023-05-24 00:00:00+00:00,,Brighton & Hove Albion FC,Manchester City FC,1,1
2022/23,2023-05-25 00:00:00+00:00,,Manchester United FC,Chelsea FC,4,1
2022/23,2023-05-28 00:00:00+00:00,,Leeds United FC,Tottenham Hotspur FC,1,4
2022/23,2023-05-28 00:00:00+00:00,,Everton FC,AFC Bournemouth,1,0
2022/23,2023-05-28 00:00:00+00:00,,Crystal Palace FC,Nottingham Forest FC,1,1
2022/23,2023-05-28 00:00:00+00:00,,Chelsea FC,Newcastle United FC,1,1
2022/23,2023-05-28 00:00:00+00:00,,Brentford FC,Manchester City FC,1,0
2022/23,2023-05-28 00:00:00+00:00,,Aston Villa FC,Brighton & Hove Albion FC,2,1
2022/23,2023-05-28 00:00:00+00:00,,Leicester City FC,West Ham United FC,2,1
2022/23,2023-05-28 00:00:00+00:00,,Arsenal FC,Wolverhampton Wanderers FC,5,0
2022/23,2023-05-28 00:00:00+00:00,,Southampton FC,Liverpool FC,4,4
2022/23,2023-05-28 00:00:00+00:00,,Manchester United FC,Fulham FC,2,1
2023/24,2023-08-11 19:00:00+00:00,1,Burnley FC,Manchester City FC,0,3
2023/24,2023-08-12 12:00:00+00:00,1,Arsenal FC,Nottingham Forest FC,2,1
2023/24,2023-08-12 14:00:00+00:00,1,Sheffield United FC,Crystal Palace FC,0,1
2023/24,2023-08-12 14:00:00+00:00,1,AFC Bournemouth,West Ham United FC,1,1
2023/24,2023-08-12 14:00:00+00:00,1,Brighton & Hove Albion FC,Luton Town FC,4,1
2023/24,2023-08-12 14:00:00+00:00,1,Everton FC,Fulham FC,0,1
2023/24,2023-08-12 16:30:00+00:00,1,Newcastle United FC,Aston Villa FC,5,1
2023/24,2023-08-13 13:00:00+00:00,1,Brentford FC,Tottenham Hotspur FC,2,2
2023/24,2023-08-13 15:30:00+00:00,1,Chelsea FC,Liverpool FC,1,1
2023/24,2023-08-14 19:00:00+00:00,1,Manchester United FC,Wolverhampton Wanderers FC,1,0
2023/24,2023-08-18 18:45:00+00:00,2,Nottingham Forest FC,Sheffield United FC,2,1
2023/24,2023-08-19 14:00:00+00:00,2,Fulham FC,Brentford FC,0,3
2023/24,2023-08-19 14:00:00+00:00,2,Liverpool FC,AFC Bournemouth,3,1
2023/24,2023-08-19 14:00:00+00:00,2,Wolverhampton Wanderers FC,Brighton & Hove Albion FC,1,4
2023/24,2023-08-19 16:30:00+00:00,2,Tottenham Hotspur FC,Manchester United FC,2,0
2023/24,2023-08-19 19:00:00+00:00,2,Manchester City FC,Newcastle United FC,1,0
2023/24,2023-08-20 13:00:00+00:00,2,Aston Villa FC,Everton FC,4,0
2023/24,2023-08-20 15:30:00+00:00,2,West Ham United FC,Chelsea FC,3,1
2023/24,2023-08-21 19:00:00+00:00,2,Crystal Palace FC,Arsenal FC,0,1
2023/24,2023-08-25 19:00:00+00:00,3,Chelsea FC,Luton Town FC,3,0
2023/24,2023-08-26 11:30:00+00:00,3,AFC Bournemouth,Tottenham Hotspur FC,0,2
2023/24,2023-08-26 14:00:00+00:00,3,Brentford FC,Crystal Palace FC,1,1
2023/24,2023-08-26 14:00:00+00:00,3,Manchester United FC,Nottingham Forest FC,3,2
2023/24,2023-08-26 14:00:00+00:00,3,Arsenal FC,Fulham FC,2,2
2023/24,2023-08-26 14:00:00+00:00,3,Everton FC,Wolverhampton Wanderers FC,0,1
2023/24,2023-08-26 16:30:00+00:00,3,Brighton & Hove Albion FC,West Ham United FC,1,3
2023/24,2023-08-27 13:00:00+00:00,3,Sheffield United FC,Manchester City FC,1,2
2023/24,2023-08-27 13:00:00+00:00,3,Burnley FC,Aston Villa FC,1,3
2023/24,2023-08-27 15:30:00+00:00,3,Newcastle United FC,Liverpool FC,1,2
2023/24,2023-09-01 19:00:00+00:00,4,Luton Town FC,West Ham United FC,1,2
2023/24,2023-09-02 11:30:00+00:00,4,Sheffield United FC,Everton FC,2,2
2023/24,2023-09-02 14:00:00+00:00,4,Brentford FC,AFC Bournemouth,2,2
2023/24,2023-09-02 14:00:00+00:00,4,Burnley FC,Tottenham Hotspur FC,2,5
2023/24,2023-09-02 14:00:00+00:00,4,Chelsea FC,Nottingham Forest FC,0,1
2023/24,2023-09-02 14:00:00+00:00,4,Manchester City FC,Fulham FC,5,1
2023/24,2023-09-02 16:30:00+00:00,4,Brighton & Hove Albion FC,Newcastle United FC,3,1
2023/24,2023-09-03 13:00:00+00:00,4,Liverpool FC,Aston Villa FC,3,0
2023/24,2023-09-03 13:00:00+00:00,4,Crystal Palace FC,Wolverhampton Wanderers FC,3,2
2023/24,2023-09-03 15:30:00+00:00,4,Arsenal FC,Manchester United FC,3,1
2023/24,2023-09-16 11:30:00+00:00,5,Wolverhampton Wanderers FC,Liverpool FC,1,3
2023/24,2023-09-16 14:00:00+00:00,5,Aston Villa FC,Crystal Palace FC,3,1
2023/24,2023-09-16 14:00:00+00:00,5,Fulham FC,Luton Town FC,1,0
2023/24,2023-09-16 14:00:00+00:00,5,Manchester United FC,Brighton & Hove Albion FC,1,3
2023/24,2023-09-16 14:00:00+00:00,5,Tottenham Hotspur FC,Sheffield United FC,2,1
2023/24,2023-09-16 14:00:00+00:00,5,West Ham United FC,Manchester City FC,1,3
2023/24,2023-09-16 16:30:00+00:00,5,Newcastle United FC,Brentford FC,1,0
2023/24,2023-09-17 13:00:00+00:00,5,AFC Bournemouth,Chelsea FC,0,0
2023/24,2023-09-17 15:30:00+00:00,5,Everton FC,Arsenal FC,0,1
2023/24,2023-09-18 18:45:00+00:00,5,Nottingham Forest FC,Burnley FC,1,1
2023/24,2023-09-23 14:00:00+00:00,6,Crystal Palace FC,Fulham FC,0,0
2023/24,2023-09-23 14:00:00+00:00,6,Luton Town FC,Wolverhampton Wanderers FC,1,1
2023/24,2023-09-23 14:00:00+00:00,6,Manchester City FC,Nottingham Forest FC,2,0
2023/24,2023-09-23 16:30:00+00:00,6,Brentford FC,Everton FC,1,3
2023/24,2023-09-23 19:00:00+00:00,6,Burnley FC,Manchester United FC,0,1
2023/24,2023-09-24 13:00:00+00:00,6,Liverpool FC,West Ham United FC,3,1
2023/24,2023-09-24 13:00:00+00:00,6,Chelsea FC,Aston Villa FC,0,1
2023/24,2023-09-24 13:00:00+00:00,6,Arsenal FC,Tottenham Hotspur FC,2,2
2023/24,2023-09-24 13:00:00+00:00,6,Brighton & Hove Albion FC,AFC Bournemouth,3,1
2023/24,2023-09-24 15:30:00+00:00,6,Sheffield United FC,Newcastle United FC,0,8
2023/24,2023-09-30 11:30:00+00:00,7,Aston Villa FC,Brighton & Hove Albion FC,6,1
2023/24,2023-09-30 14:00:00+00:00,7,AFC Bournemouth,Arsenal FC,0,4
2023/24,2023-09-30 14:00:00+00:00,7,Everton FC,Luton Town FC,1,2
2023/24,2023-09-30 14:00:00+00:00,7,Manchester United FC,Crystal Palace FC,0,1
2023/24,2023-09-30 14:00:00+00:00,7,Newcastle United FC,Burnley FC,2,0
2023/24,2023-09-30 14:00:00+00:00,7,West Ham United FC,Sheffield United FC,2,0
2023/24,2023-09-30 14:00:00+00:00,7,Wolverhampton Wanderers FC,Manchester City FC,2,1
2023/24,2023-09-30 16:30:00+00:00,7,Tottenham Hotspur FC,Liverpool FC,2,1
2023/24,2023-10-01 13:00:00+00:00,7,Nottingham Forest FC,Brentford FC,1,1
2023/24,2023-10-02 19:00:00+00:00,7,Fulham FC,Chelsea FC,0,2
2023/24,2023-10-03 18:30:00+00:00,2,Luton Town FC,Burnley FC,1,2
2023/24,2023-10-07 11:30:00+00:00,8,Luton Town FC,Tottenham Hotspur FC,0,1
2023/24,2023-10-07 14:00:00+00:00,8,Fulham FC,Sheffield United FC,3,1
2023/24,2023-10-07 14:00:00+00:00,8,Manchester United FC,Brentford FC,2,1
2023/24,2023-10-07 14:00:00+00:00,8,Burnley FC,Chelsea FC,1,4
2023/24,2023-10-07 14:00:00+00:00,8,Everton FC,AFC Bournemouth,3,0
2023/24,2023-10-07 16:30:00+00:00,8,Crystal Palace FC,Nottingham Forest FC,0,0
2023/24,2023-10-08 13:00:00+00:00,8,Wolverhampton Wanderers FC,Aston Villa FC,1,1
2023/24,2023-10-08 13:00:00+00:00,8,Brighton & Hove Albion FC,Liverpool FC,2,2
2023/24,2023-10-08 13:00:00+00:00,8,West Ham United FC,Newcastle United FC,2,2
2023/24,2023-10-08 15:30:00+00:00,8,Arsenal FC,Manchester City FC,1,0
2023/24,2023-10-21 11:30:00+00:00,9,Liverpool FC,Everton FC,2,0
2023/24,2023-10-21 14:00:00+00:00,9,AFC Bournemouth,Wolverhampton Wanderers FC,1,2
2023/24,2023-10-21 14:00:00+00:00,9,Brentford FC,Burnley FC,3,0
2023/24,2023-10-21 14:00:00+00:00,9,Manchester City FC,Brighton & Hove Albion FC,2,1
2023/24,2023-10-21 14:00:00+00:00,9,Newcastle United FC,Crystal Palace FC,4,0
2023/24,2023-10-21 14:00:00+00:00,9,Nottingham Forest FC,Luton Town FC,2,2
2023/24,2023-10-21 16:30:00+00:00,9,Chelsea FC,Arsenal FC,2,2
2023/24,2023-10-21 19:00:00+00:00,9,Sheffield United FC,Manchester United FC,1,2
2023/24,2023-10-22 15:30:00+00:00,9,Aston Villa FC,West Ham United FC,4,1
2023/24,2023-10-23 19:00:00+00:00,9,Tottenham Hotspur FC,Fulham FC,2,0
2023/24,2023-10-27 19:00:00+00:00,10,Crystal Palace FC,Tottenham Hotspur FC,1,2
2023/24,2023-10-28 11:30:00+00:00,10,Chelsea FC,Brentford FC,0,2
2023/24,2023-10-28 14:00:00+00:00,10,Arsenal FC,Sheffield United FC,5,0
2023/24,2023-10-28 14:00:00+00:00,10,AFC Bournemouth,Burnley FC,2,1
2023/24,2023-10-28 16:30:00+00:00,10,Wolverhampton Wanderers FC,Newcastle United FC,2,2
2023/24,2023-10-29 13:00:00+00:00,10,West Ham United FC,Everton FC,0,1
2023/24,2023-10-29 14:00:00+00:00,10,Aston Villa FC,Luton Town FC,3,1
2023/24,2023-10-29 14:00:00+00:00,10,Brighton & Hove Albion FC,Fulham FC,1,1
2023/24,2023-10-29 14:00:00+00:00,10,Liverpool FC,Nottingham Forest FC,3,0
2023/24,2023-10-29 15:30:00+00:00,10,Manchester United FC,Manchester City FC,0,3
2023/24,2023-11-04 12:30:00+00:00,11,Fulham FC,Manchester United FC,0,1
2023/24,2023-11-04 15:00:00+00:00,11,Brentford FC,West Ham United FC,3,2
2023/24,2023-11-04 15:00:00+00:00,11,Burnley FC,Crystal Palace FC,0,2
2023/24,2023-11-04 15:00:00+00:00,11,Everton FC,Brighton & Hove Albion FC,1,1
2023/24,2023-11-04 15:00:00+00:00,11,Manchester City FC,AFC Bournemouth,6,1
2023/24,2023-11-04 15:00:00+00:00,11,Sheffield United FC,Wolverhampton Wanderers FC,2,1
2023/24,2023-11-04 17:30:00+00:00,11,Newcastle United FC,Arsenal FC,1,0
2023/24,2023-11-05 14:00:00+00:00,11,Nottingham Forest FC,Aston Villa FC,2,0
2023/24,2023-11-05 16:30:00+00:00,11,Luton Town FC,Liverpool FC,1,1
2023/24,2023-11-06 20:00:00+00:00,11,Tottenham Hotspur FC,Chelsea FC,1,4
2023/24,2023-11-11 12:30:00+00:00,12,Wolverhampton Wanderers FC,Tottenham Hotspur FC,2,1
2023/24,2023-11-11 15:00:00+00:00,12,Crystal Palace FC,Everton FC,2,3
2023/24,2023-11-11 15:00:00+00:00,12,Manchester United FC,Luton Town FC,1,0
2023/24,2023-11-11 15:00:00+00:00,12,Arsenal FC,Burnley FC,3,1
2023/24,2023-11-11 17:30:00+00:00,12,AFC Bournemouth,Newcastle United FC,2,0
2023/24,2023-11-12 14:00:00+00:00,12,Aston Villa FC,Fulham FC,3,1
2023/24,2023-11-12 14:00:00+00:00,12,Brighton & Hove Albion FC,Sheffield United FC,1,1
2023/24,2023-11-12 14:00:00+00:00,12,Liverpool FC,Brentford FC,3,0
2023/24,2023-11-12 14:00:00+00:00,12,West Ham United FC,Nottingham Forest FC,3,2
2023/24,2023-11-12 16:30:00+00:00,12,Chelsea FC,Manchester City FC,4,4
2023/24,2023-11-25 12:30:00+00:00,13,Manchester City FC,Liverpool FC,1,1
2023/24,2023-11-25 15:00:00+00:00,13,Burnley FC,West Ham United FC,1,2
2023/24,2023-11-25 15:00:00+00:00,13,Luton Town FC,Crystal Palace FC,2,1
2023/24,2023-11-25 15:00:00+00:00,13,Newcastle United FC,Chelsea FC,4,1
2023/24,2023-11-25 15:00:00+00:00,13,Nottingham Forest FC,Brighton & Hove Albion FC,2,3
2023/24,2023-11-25 15:00:00+00:00,13,Sheffield United FC,AFC Bournemouth,1,3
2023/24,2023-11-25 17:30:00+00:00,13,Brentford FC,Arsenal FC,0,1
2023/24,2023-11-26 14:00:00+00:00,13,Tottenham Hotspur FC,Aston Villa FC,1,2
2023/24,2023-11-26 16:30:00+00:00,13,Everton FC,Manchester United FC,0,3
2023/24,2023-11-27 20:00:00+00:00,13,Fulham FC,Wolverhampton Wanderers FC,3,2
2023/24,2023-12-02 15:00:00+00:00,14,Arsenal FC,Wolverhampton Wanderers FC,2,1
2023/24,2023-12-02 15:00:00+00:00,14,Brentford FC,Luton Town FC,3,1
2023/24,2023-12-02 15:00:00+00:00,14,Burnley FC,Sheffield United FC,5,0
2023/24,2023-12-02 17:30:00+00:00,14,Nottingham Forest FC,Everton FC,0,1
2023/24,2023-12-02 20:00:00+00:00,14,Newcastle United FC,Manchester United FC,1,0
2023/24,2023-12-03 14:00:00+00:00,14,AFC Bournemouth,Aston Villa FC,2,2
2023/24,2023-12-03 14:00:00+00:00,14,Chelsea FC,Brighton & Hove Albion FC,3,2
2023/24,2023-12-03 14:00:00+00:00,14,Liverpool FC,Fulham FC,4,3
2023/24,2023-12-03 14:00:00+00:00,14,West Ham United FC,Crystal Palace FC,1,1
2023/24,2023-12-03 16:30:00+00:00,14,Manchester City FC,Tottenham Hotspur FC,3,3
2023/24,2023-12-05 19:30:00+00:00,15,Wolverhampton Wanderers FC,Burnley FC,1,0
2023/24,2023-12-05 20:15:00+00:00,15,Luton Town FC,Arsenal FC,3,4
2023/24,2023-12-06 19:30:00+00:00,15,Crystal Palace FC,AFC Bournemouth,0,2
2023/24,2023-12-06 19:30:00+00:00,15,Sheffield United FC,Liverpool FC,0,2
2023/24,2023-12-06 19:30:00+00:00,15,Brighton & Hove Albion FC,Brentford FC,2,1
2023/24,2023-12-06 19:30:00+00:00,15,Fulham FC,Nottingham Forest FC,5,0
2023/24,2023-12-06 20:15:00+00:00,15,Manchester United FC,Chelsea FC,2,1
2023/24,2023-12-06 20:15:00+00:00,15,Aston Villa FC,Manchester City FC,1,0
2023/24,2023-12-07 19:30:00+00:00,15,Everton FC,Newcastle United FC,3,0
2023/24,2023-12-07 20:15:00+00:00,15,Tottenham Hotspur FC,West Ham United FC,1,2
2023/24,2023-12-09 12:30:00+00:00,16,Crystal Palace FC,Liverpool FC,1,2
2023/24,2023-12-09 15:00:00+00:00,16,Brighton & Hove Albion FC,Burnley FC,1,1
2023/24,2023-12-09 15:00:00+00:00,16,Manchester United FC,AFC Bournemouth,0,3
2023/24,2023-12-09 15:00:00+00:00,16,Sheffield United FC,Brentford FC,1,0
2023/24,2023-12-09 15:00:00+00:00,16,Wolverhampton Wanderers FC,Nottingham Forest FC,1,1
2023/24,2023-12-09 17:30:00+00:00,16,Aston Villa FC,Arsenal FC,1,0
2023/24,2023-12-10 14:00:00+00:00,16,Everton FC,Chelsea FC,2,0
2023/24,2023-12-10 14:00:00+00:00,16,Fulham FC,West Ham United FC,5,0
2023/24,2023-12-10 14:00:00+00:00,16,Luton Town FC,Manchester City FC,1,2
2023/24,2023-12-10 16:30:00+00:00,16,Tottenham Hotspur FC,Newcastle United FC,4,1
2023/24,2023-12-15 20:00:00+00:00,17,Nottingham Forest FC,Tottenham Hotspur FC,0,2
2023/24,2023-12-16 15:00:00+00:00,17,Newcastle United FC,Fulham FC,3,0
2023/24,2023-12-16 15:00:00+00:00,17,Chelsea FC,Sheffield United FC,2,0
2023/24,2023-12-16 15:00:00+00:00,17,Manchester City FC,Crystal Palace FC,2,2
2023/24,2023-12-16 17:30:00+00:00,17,Burnley FC,Everton FC,0,2
2023/24,2023-12-17 14:00:00+00:00,17,Arsenal FC,Brighton & Hove Albion FC,2,0
2023/24,2023-12-17 14:00:00+00:00,17,Brentford FC,Aston Villa FC,1,2
2023/24,2023-12-17 14:00:00+00:00,17,West Ham United FC,Wolverhampton Wanderers FC,3,0
2023/24,2023-12-17 16:30:00+00:00,17,Liverpool FC,Manchester United FC,0,0
2023/24,2023-12-21 20:00:00+00:00,18,Crystal Palace FC,Brighton & Hove Albion FC,1,1
2023/24,2023-12-22 20:00:00+00:00,18,Aston Villa FC,Sheffield United FC,1,1
2023/24,2023-12-23 12:30:00+00:00,18,West Ham United FC,Manchester United FC,2,0
2023/24,2023-12-23 15:00:00+00:00,18,Luton Town FC,Newcastle United FC,1,0
2023/24,2023-12-23 15:00:00+00:00,18,Nottingham Forest FC,AFC Bournemouth,2,3
2023/24,2023-12-23 15:00:00+00:00,18,Tottenham Hotspur FC,Everton FC,2,1
2023/24,2023-12-23 15:00:00+00:00,18,Fulham FC,Burnley FC,0,2
2023/24,2023-12-23 17:30:00+00:00,18,Liverpool FC,Arsenal FC,1,1
2023/24,2023-12-24 13:00:00+00:00,18,Wolverhampton Wanderers FC,Chelsea FC,2,1
2023/24,2023-12-26 12:30:00+00:00,19,Newcastle United FC,Nottingham Forest FC,1,3
2023/24,2023-12-26 15:00:00+00:00,19,Sheffield United FC,Luton Town FC,2,3
2023/24,2023-12-26 15:00:00+00:00,19,AFC Bournemouth,Fulham FC,3,0
2023/24,2023-12-26 17:30:00+00:00,19,Burnley FC,Liverpool FC,0,2
2023/24,2023-12-26 20:00:00+00:00,19,Manchester United FC,Aston Villa FC,3,2
2023/24,2023-12-27 19:30:00+00:00,19,Brentford FC,Wolverhampton Wanderers FC,1,4
2023/24,2023-12-27 19:30:00+00:00,19,Chelsea FC,Crystal Palace FC,2,1
2023/24,2023-12-27 20:15:00+00:00,19,Everton FC,Manchester City FC,1,3
2023/24,2023-12-28 19:30:00+00:00,19,Brighton & Hove Albion FC,Tottenham Hotspur FC,4,2
2023/24,2023-12-28 20:15:00+00:00,19,Arsenal FC,West Ham United FC,0,2
2023/24,2023-12-30 12:30:00+00:00,20,Luton Town FC,Chelsea FC,2,3
2023/24,2023-12-30 15:00:00+00:00,20,Aston Villa FC,Burnley FC,3,2
2023/24,2023-12-30 15:00:00+00:00,20,Crystal Palace FC,Brentford FC,3,1
2023/24,2023-12-30 15:00:00+00:00,20,Manchester City FC,Sheffield United FC,2,0
2023/24,2023-12-30 15:00:00+00:00,20,Wolverhampton Wanderers FC,Everton FC,3,0
2023/24,2023-12-30 17:30:00+00:00,20,Nottingham Forest FC,Manchester United FC,2,1
2023/24,2023-12-31 14:00:00+00:00,20,Fulham FC,Arsenal FC,2,1
2023/24,2023-12-31 14:00:00+00:00,20,Tottenham Hotspur FC,AFC Bournemouth,3,1
2023/24,2024-01-01 20:00:00+00:00,20,Liverpool FC,Newcastle United FC,4,2
2023/24,2024-01-02 19:30:00+00:00,20,West Ham United FC,Brighton & Hove Albion FC,0,0
2023/24,2024-01-12 19:45:00+00:00,21,Burnley FC,Luton Town FC,1,1
2023/24,2024-01-13 12:30:00+00:00,21,Chelsea FC,Fulham FC,1,0
2023/24,2024-01-13 17:30:00+00:00,21,Newcastle United FC,Manchester City FC,2,3
2023/24,2024-01-14 14:00:00+00:00,21,Everton FC,Aston Villa FC,0,0
2023/24,2024-01-14 16:30:00+00:00,21,Manchester United FC,Tottenham Hotspur FC,2,2
2023/24,2024-01-20 12:30:00+00:00,21,Arsenal FC,Crystal Palace FC,5,0
2023/24,2024-01-20 17:30:00+00:00,21,Brentford FC,Nottingham Forest FC,3,2
2023/24,2024-01-21 14:00:00+00:00,21,Sheffield United FC,West Ham United FC,2,2
2023/24,2024-01-21 16:30:00+00:00,21,AFC Bournemouth,Liverpool FC,0,4
2023/24,2024-01-22 19:45:00+00:00,21,Brighton & Hove Albion FC,Wolverhampton Wanderers FC,0,0
2023/24,2024-01-30 19:30:00+00:00,22,Nottingham Forest FC,Arsenal FC,1,2
2023/24,2024-01-30 19:45:00+00:00,22,Luton Town FC,Brighton & Hove Albion FC,4,0
2023/24,2024-01-30 19:45:00+00:00,22,Fulham FC,Everton FC,0,0
2023/24,2024-01-30 20:00:00+00:00,22,Crystal Palace FC,Sheffield United FC,3,2
2023/24,2024-01-30 20:15:00+00:00,22,Aston Villa FC,Newcastle United FC,1,3
2023/24,2024-01-31 19:30:00+00:00,22,Tottenham Hotspur FC,Brentford FC,3,2
2023/24,2024-01-31 19:30:00+00:00,22,Manchester City FC,Burnley FC,3,1
2023/24,2024-01-31 20:15:00+00:00,22,Liverpool FC,Chelsea FC,4,1
2023/24,2024-02-01 19:30:00+00:00,22,West Ham United FC,AFC Bournemouth,1,1
2023/24,2024-02-01 20:15:00+00:00,22,Wolverhampton Wanderers FC,Manchester United FC,3,4
2023/24,2024-02-03 12:30:00+00:00,23,Everton FC,Tottenham Hotspur FC,2,2
2023/24,2024-02-03 15:00:00+00:00,23,Brighton & Hove Albion FC,Crystal Palace FC,4,1
2023/24,2024-02-03 15:00:00+00:00,23,Burnley FC,Fulham FC,2,2
2023/24,2024-02-03 15:00:00+00:00,23,Newcastle United FC,Luton Town FC,4,4
2023/24,2024-02-03 17:30:00+00:00,23,Sheffield United FC,Aston Villa FC,0,5
2023/24,2024-02-04 14:00:00+00:00,23,AFC Bournemouth,Nottingham Forest FC,1,1
2023/24,2024-02-04 14:00:00+00:00,23,Chelsea FC,Wolverhampton Wanderers FC,2,4
2023/24,2024-02-04 14:00:00+00:00,23,Manchester United FC,West Ham United FC,3,0
2023/24,2024-02-04 16:30:00+00:00,23,Arsenal FC,Liverpool FC,3,1
2023/24,2024-02-05 20:00:00+00:00,23,Brentford FC,Manchester City FC,1,3
2023/24,2024-02-10 12:30:00+00:00,24,Manchester City FC,Everton FC,2,0
2023/24,2024-02-10 15:00:00+00:00,24,Fulham FC,AFC Bournemouth,3,1
2023/24,2024-02-10 15:00:00+00:00,24,Liverpool FC,Burnley FC,3,1
2023/24,2024-02-10 15:00:00+00:00,24,Luton Town FC,Sheffield United FC,1,3
2023/24,2024-02-10 15:00:00+00:00,24,Tottenham Hotspur FC,Brighton & Hove Albion FC,2,1
2023/24,2024-02-10 15:00:00+00:00,24,Wolverhampton Wanderers FC,Brentford FC,0,2
2023/24,2024-02-10 17:30:00+00:00,24,Nottingham Forest FC,Newcastle United FC,2,3
2023/24,2024-02-11 14:00:00+00:00,24,West Ham United FC,Arsenal FC,0,6
2023/24,2024-02-11 16:30:00+00:00,24,Aston Villa FC,Manchester United FC,1,2
2023/24,2024-02-12 20:00:00+00:00,24,Crystal Palace FC,Chelsea FC,1,3
2023/24,2024-02-17 12:30:00+00:00,25,Brentford FC,Liverpool FC,1,4
2023/24,2024-02-17 15:00:00+00:00,25,Burnley FC,Arsenal FC,0,5
2023/24,2024-02-17 15:00:00+00:00,25,Fulham FC,Aston Villa FC,1,2
2023/24,2024-02-17 15:00:00+00:00,25,Newcastle United FC,AFC Bournemouth,2,2
2023/24,2024-02-17 15:00:00+00:00,25,Nottingham Forest FC,West Ham United FC,2,0
2023/24,2024-02-17 15:00:00+00:00,25,Tottenham Hotspur FC,Wolverhampton Wanderers FC,1,2
2023/24,2024-02-17 17:30:00+00:00,25,Manchester City FC,Chelsea FC,1,1
2023/24,2024-02-18 14:00:00+00:00,25,Sheffield United FC,Brighton & Hove Albion FC,0,5
2023/24,2024-02-18 16:30:00+00:00,25,Luton Town FC,Manchester United FC,1,2
2023/24,2024-02-19 20:00:00+00:00,25,Everton FC,Crystal Palace FC,1,1
2023/24,2024-02-20 19:30:00+00:00,18,Manchester City FC,Brentford FC,1,0
2023/24,2024-02-21 19:30:00+00:00,26,Liverpool FC,Luton Town FC,4,1
2023/24,2024-02-24 15:00:00+00:00,26,Manchester United FC,Fulham FC,1,2
2023/24,2024-02-24 15:00:00+00:00,26,Brighton & Hove Albion FC,Everton FC,1,1
2023/24,2024-02-24 15:00:00+00:00,26,Aston Villa FC,Nottingham Forest FC,4,2
2023/24,2024-02-24 15:00:00+00:00,26,Crystal Palace FC,Burnley FC,3,0
2023/24,2024-02-24 17:30:00+00:00,26,AFC Bournemouth,Manchester City FC,0,1
2023/24,2024-02-24 20:00:00+00:00,26,Arsenal FC,Newcastle United FC,4,1
2023/24,2024-02-25 13:30:00+00:00,26,Wolverhampton Wanderers FC,Sheffield United FC,1,0
2023/24,2024-02-26 20:00:00+00:00,26,West Ham United FC,Brentford FC,4,2
2023/24,2024-03-02 15:00:00+00:00,27,Tottenham Hotspur FC,Crystal Palace FC,3,1
2023/24,2024-03-02 15:00:00+00:00,27,Nottingham Forest FC,Liverpool FC,0,1
2023/24,2024-03-02 15:00:00+00:00,27,Newcastle United FC,Wolverhampton Wanderers FC,3,0
2023/24,2024-03-02 15:00:00+00:00,27,Everton FC,West Ham United FC,1,3
2023/24,2024-03-02 15:00:00+00:00,27,Brentford FC,Chelsea FC,2,2
2023/24,2024-03-02 15:00:00+00:00,27,Fulham FC,Brighton & Hove Albion FC,3,0
2023/24,2024-03-02 17:30:00+00:00,27,Luton Town FC,Aston Villa FC,2,3
2023/24,2024-03-03 13:00:00+00:00,27,Burnley FC,AFC Bournemouth,0,2
2023/24,2024-03-03 15:30:00+00:00,27,Manchester City FC,Manchester United FC,3,1
2023/24,2024-03-04 20:00:00+00:00,27,Sheffield United FC,Arsenal FC,0,6
2023/24,2024-03-09 12:30:00+00:00,28,Manchester United FC,Everton FC,2,0
2023/24,2024-03-09 15:00:00+00:00,28,Wolverhampton Wanderers FC,Fulham FC,2,1
2023/24,2024-03-09 15:00:00+00:00,28,AFC Bournemouth,Sheffield United FC,2,2
2023/24,2024-03-09 15:00:00+00:00,28,Crystal Palace FC,Luton Town FC,1,1
2023/24,2024-03-09 17:30:00+00:00,28,Arsenal FC,Brentford FC,2,1
2023/24,2024-03-10 13:00:00+00:00,28,Aston Villa FC,Tottenham Hotspur FC,0,4
2023/24,2024-03-10 14:00:00+00:00,28,Brighton & Hove Albion FC,Nottingham Forest FC,1,0
2023/24,2024-03-10 14:00:00+00:00,28,West Ham United FC,Burnley FC,2,2
2023/24,2024-03-10 15:45:00+00:00,28,Liverpool FC,Manchester City FC,1,1
2023/24,2024-03-11 20:00:00+00:00,28,Chelsea FC,Newcastle United FC,3,2
2023/24,2024-03-13 19:30:00+00:00,17,AFC Bournemouth,Luton Town FC,4,3
2023/24,2024-03-16 15:00:00+00:00,29,Burnley FC,Brentford FC,2,1
2023/24,2024-03-16 15:00:00+00:00,29,Luton Town FC,Nottingham Forest FC,1,1
2023/24,2024-03-16 17:30:00+00:00,29,Fulham FC,Tottenham Hotspur FC,3,0
2023/24,2024-03-17 14:00:00+00:00,29,West Ham United FC,Aston Villa FC,1,1
2023/24,2024-03-30 12:30:00+00:00,30,Newcastle United FC,West Ham United FC,4,3
2023/24,2024-03-30 15:00:00+00:00,30,Tottenham Hotspur FC,Luton Town FC,2,1
2023/24,2024-03-30 15:00:00+00:00,30,Sheffield United FC,Fulham FC,3,3
2023/24,2024-03-30 15:00:00+00:00,30,Chelsea FC,Burnley FC,2,2
2023/24,2024-03-30 15:00:00+00:00,30,AFC Bournemouth,Everton FC,2,1
2023/24,2024-03-30 15:00:00+00:00,30,Nottingham Forest FC,Crystal Palace FC,1,1
2023/24,2024-03-30 17:30:00+00:00,30,Aston Villa FC,Wolverhampton Wanderers FC,2,0
2023/24,2024-03-30 20:00:00+00:00,30,Brentford FC,Manchester United FC,1,1
2023/24,2024-03-31 13:00:00+00:00,30,Liverpool FC,Brighton & Hove Albion FC,2,1
2023/24,2024-03-31 15:30:00+00:00,30,Manchester City FC,Arsenal FC,0,0
2023/24,2024-04-02 18:30:00+00:00,31,Nottingham Forest FC,Fulham FC,3,1
2023/24,2024-04-02 18:30:00+00:00,31,Newcastle United FC,Everton FC,1,1
2023/24,2024-04-02 18:45:00+00:00,31,AFC Bournemouth,Crystal Palace FC,1,0
2023/24,2024-04-02 18:45:00+00:00,31,Burnley FC,Wolverhampton Wanderers FC,1,1
2023/24,2024-04-02 19:15:00+00:00,31,West Ham United FC,Tottenham Hotspur FC,1,1
2023/24,2024-04-03 18:30:00+00:00,31,Arsenal FC,Luton Town FC,2,0
2023/24,2024-04-03 18:30:00+00:00,31,Brentford FC,Brighton & Hove Albion FC,0,0
2023/24,2024-04-03 19:15:00+00:00,31,Manchester City FC,Aston Villa FC,4,1
2023/24,2024-04-04 18:30:00+00:00,31,Liverpool FC,Sheffield United FC,3,1
2023/24,2024-04-04 19:15:00+00:00,31,Chelsea FC,Manchester United FC,4,3
2023/24,2024-04-06 11:30:00+00:00,32,Crystal Palace FC,Manchester City FC,2,4
2023/24,2024-04-06 14:00:00+00:00,32,Fulham FC,Newcastle United FC,0,1
2023/24,2024-04-06 14:00:00+00:00,32,Wolverhampton Wanderers FC,West Ham United FC,1,2
2023/24,2024-04-06 14:00:00+00:00,32,Luton Town FC,AFC Bournemouth,2,1
2023/24,2024-04-06 14:00:00+00:00,32,Aston Villa FC,Brentford FC,3,3
2023/24,2024-04-06 14:00:00+00:00,32,Everton FC,Burnley FC,1,0
2023/24,2024-04-06 16:30:00+00:00,32,Brighton & Hove Albion FC,Arsenal FC,0,3
2023/24,2024-04-07 14:30:00+00:00,32,Manchester United FC,Liverpool FC,2,2
2023/24,2024-04-07 16:30:00+00:00,32,Sheffield United FC,Chelsea FC,2,2
2023/24,2024-04-07 17:00:00+00:00,32,Tottenham Hotspur FC,Nottingham Forest FC,3,1
2023/24,2024-04-13 11:30:00+00:00,33,Newcastle United FC,Tottenham Hotspur FC,4,0
2023/24,2024-04-13 14:00:00+00:00,33,Nottingham Forest FC,Wolverhampton Wanderers FC,2,2
2023/24,2024-04-13 14:00:00+00:00,33,Manchester City FC,Luton Town FC,5,1
2023/24,2024-04-13 14:00:00+00:00,33,Brentford FC,Sheffield United FC,2,0
2023/24,2024-04-13 14:00:00+00:00,33,Burnley FC,Brighton & Hove Albion FC,1,1
2023/24,2024-04-13 16:30:00+00:00,33,AFC Bournemouth,Manchester United FC,2,2
2023/24,2024-04-14 13:00:00+00:00,33,Liverpool FC,Crystal Palace FC,0,1
2023/24,2024-04-14 13:00:00+00:00,33,West Ham United FC,Fulham FC,0,2
2023/24,2024-04-14 15:30:00+00:00,33,Arsenal FC,Aston Villa FC,0,2
2023/24,2024-04-15 19:00:00+00:00,33,Chelsea FC,Everton FC,6,0
2023/24,2024-04-20 14:00:00+00:00,34,Luton Town FC,Brentford FC,1,5
2023/24,2024-04-20 14:00:00+00:00,34,Sheffield United FC,Burnley FC,1,4
2023/24,2024-04-20 18:30:00+00:00,34,Wolverhampton Wanderers FC,Arsenal FC,0,2
2023/24,2024-04-21 12:30:00+00:00,34,Everton FC,Nottingham Forest FC,2,0
2023/24,2024-04-21 14:00:00+00:00,34,Aston Villa FC,AFC Bournemouth,3,1
2023/24,2024-04-21 14:00:00+00:00,34,Crystal Palace FC,West Ham United FC,5,2
2023/24,2024-04-21 15:30:00+00:00,34,Fulham FC,Liverpool FC,1,3
2023/24,2024-04-23 19:00:00+00:00,29,Arsenal FC,Chelsea FC,5,0
2023/24,2024-04-24 18:45:00+00:00,29,Wolverhampton Wanderers FC,AFC Bournemouth,0,1
2023/24,2024-04-24 19:00:00+00:00,29,Crystal Palace FC,Newcastle United FC,2,0
2023/24,2024-04-24 19:00:00+00:00,29,Everton FC,Liverpool FC,2,0
2023/24,2024-04-24 19:00:00+00:00,29,Manchester United FC,Sheffield United FC,4,2
2023/24,2024-04-25 19:00:00+00:00,29,Brighton & Hove Albion FC,Manchester City FC,0,4
2023/24,2024-04-27 11:30:00+00:00,35,West Ham United FC,Liverpool FC,2,2
2023/24,2024-04-27 14:00:00+00:00,35,Fulham FC,Crystal Palace FC,1,1
2023/24,2024-04-27 14:00:00+00:00,35,Manchester United FC,Burnley FC,1,1
2023/24,2024-04-27 14:00:00+00:00,35,Newcastle United FC,Sheffield United FC,5,1
2023/24,2024-04-27 14:00:00+00:00,35,Wolverhampton Wanderers FC,Luton Town FC,2,1
2023/24,2024-04-27 16:30:00+00:00,35,Everton FC,Brentford FC,1,0
2023/24,2024-04-27 19:00:00+00:00,35,Aston Villa FC,Chelsea FC,2,2
2023/24,2024-04-28 13:00:00+00:00,35,AFC Bournemouth,Brighton & Hove Albion FC,3,0
2023/24,2024-04-28 13:00:00+00:00,35,Tottenham Hotspur FC,Arsenal FC,2,3
2023/24,2024-04-28 15:30:00+00:00,35,Nottingham Forest FC,Manchester City FC,0,2
2023/24,2024-05-02 18:30:00+00:00,26,Chelsea FC,Tottenham Hotspur FC,2,0
2023/24,2024-05-03 19:00:00+00:00,36,Luton Town FC,Everton FC,1,1
2023/24,2024-05-04 11:30:00+00:00,36,Arsenal FC,AFC Bournemouth,3,0
2023/24,2024-05-04 14:00:00+00:00,36,Brentford FC,Fulham FC,0,0
2023/24,2024-05-04 14:00:00+00:00,36,Burnley FC,Newcastle United FC,1,4
2023/24,2024-05-04 14:00:00+00:00,36,Sheffield United FC,Nottingham Forest FC,1,3
2023/24,2024-05-04 16:30:00+00:00,36,Manchester City FC,Wolverhampton Wanderers FC,5,1
2023/24,2024-05-05 13:00:00+00:00,36,Brighton & Hove Albion FC,Aston Villa FC,1,0
2023/24,2024-05-05 13:00:00+00:00,36,Chelsea FC,West Ham United FC,5,0
2023/24,2024-05-05 15:30:00+00:00,36,Liverpool FC,Tottenham Hotspur FC,4,2
2023/24,2024-05-06 19:00:00+00:00,36,Crystal Palace FC,Manchester United FC,4,0
2023/24,2024-05-11 11:30:00+00:00,37,Fulham FC,Manchester City FC,0,4
2023/24,2024-05-11 14:00:00+00:00,37,Wolverhampton Wanderers FC,Crystal Palace FC,1,3
2023/24,2024-05-11 14:00:00+00:00,37,West Ham United FC,Luton Town FC,3,1
2023/24,2024-05-11 14:00:00+00:00,37,Everton FC,Sheffield United FC,1,0
2023/24,2024-05-11 14:00:00+00:00,37,Newcastle United FC,Brighton & Hove Albion FC,1,1
2023/24,2024-05-11 14:00:00+00:00,37,Tottenham Hotspur FC,Burnley FC,2,1
2023/24,2024-05-11 14:00:00+00:00,37,AFC Bournemouth,Brentford FC,1,2
2023/24,2024-05-11 16:30:00+00:00,37,Nottingham Forest FC,Chelsea FC,2,3
2023/24,2024-05-12 15:30:00+00:00,37,Manchester United FC,Arsenal FC,0,1
2023/24,2024-05-13 19:00:00+00:00,37,Aston Villa FC,Liverpool FC,3,3
2023/24,2024-05-14 19:00:00+00:00,34,Tottenham Hotspur FC,Manchester City FC,0,2
2023/24,2024-05-15 18:45:00+00:00,34,Brighton & Hove Albion FC,Chelsea FC,1,2
2023/24,2024-05-15 19:00:00+00:00,34,Manchester United FC,Newcastle United FC,3,2
2023/24,2024-05-19 15:00:00+00:00,38,Sheffield United FC,Tottenham Hotspur FC,0,3
2023/24,2024-05-19 15:00:00+00:00,38,Luton Town FC,Fulham FC,2,4
2023/24,2024-05-19 15:00:00+00:00,38,Liverpool FC,Wolverhampton Wanderers FC,2,0
2023/24,2024-05-19 15:00:00+00:00,38,Crystal Palace FC,Aston Villa FC,5,0
2023/24,2024-05-19 15:00:00+00:00,38,Manchester City FC,West Ham United FC,3,1
2023/24,2024-05-19 15:00:00+00:00,38,Burnley FC,Nottingham Forest FC,1,2
2023/24,2024-05-19 15:00:00+00:00,38,Brighton & Hove Albion FC,Manchester United FC,0,2
2023/24,2024-05-19 15:00:00+00:00,38,Brentford FC,Newcastle United FC,2,4
2023/24,2024-05-19 15:00:00+00:00,38,Arsenal FC,Everton FC,2,1
2023/24,2024-05-19 15:00:00+00:00,38,Chelsea FC,AFC Bournemouth,2,1
2024/25,2024-08-16 19:00:00+00:00,1,Manchester United FC,Fulham FC,1,0
2024/25,2024-08-17 11:30:00+00:00,1,Ipswich Town FC,Liverpool FC,0,2
2024/25,2024-08-17 14:00:00+00:00,1,Nottingham Forest FC,AFC Bournemouth,1,1
2024/25,2024-08-17 14:00:00+00:00,1,Newcastle United FC,Southampton FC,1,0
2024/25,2024-08-17 14:00:00+00:00,1,Arsenal FC,Wolverhampton Wanderers FC,2,0
2024/25,2024-08-17 14:00:00+00:00,1,Everton FC,Brighton & Hove Albion FC,0,3
2024/25,2024-08-17 16:30:00+00:00,1,West Ham United FC,Aston Villa FC,1,2
2024/25,2024-08-18 13:00:00+00:00,1,Brentford FC,Crystal Palace FC,2,1
2024/25,2024-08-18 15:30:00+00:00,1,Chelsea FC,Manchester City FC,0,2
2024/25,2024-08-19 19:00:00+00:00,1,Leicester City FC,Tottenham Hotspur FC,1,1
2024/25,2024-08-24 11:30:00+00:00,2,Brighton & Hove Albion FC,Manchester United FC,2,1
2024/25,2024-08-24 14:00:00+00:00,2,Southampton FC,Nottingham Forest FC,0,1
2024/25,2024-08-24 14:00:00+00:00,2,Tottenham Hotspur FC,Everton FC,4,0
2024/25,2024-08-24 14:00:00+00:00,2,Fulham FC,Leicester City FC,2,1
2024/25,2024-08-24 14:00:00+00:00,2,Manchester City FC,Ipswich Town FC,4,1
2024/25,2024-08-24 14:00:00+00:00,2,Crystal Palace FC,West Ham United FC,0,2
2024/25,2024-08-24 16:30:00+00:00,2,Aston Villa FC,Arsenal FC,0,2
2024/25,2024-08-25 13:00:00+00:00,2,Wolverhampton Wanderers FC,Chelsea FC,2,6
2024/25,2024-08-25 13:00:00+00:00,2,AFC Bournemouth,Newcastle United FC,1,1
2024/25,2024-08-25 15:30:00+00:00,2,Liverpool FC,Brentford FC,2,0
2024/25,2024-08-31 11:30:00+00:00,3,Arsenal FC,Brighton & Hove Albion FC,1,1
2024/25,2024-08-31 14:00:00+00:00,3,Brentford FC,Southampton FC,3,1
2024/25,2024-08-31 14:00:00+00:00,3,Everton FC,AFC Bournemouth,2,3
2024/25,2024-08-31 14:00:00+00:00,3,Ipswich Town FC,Fulham FC,1,1
2024/25,2024-08-31 14:00:00+00:00,3,Leicester City FC,Aston Villa FC,1,2
2024/25,2024-08-31 14:00:00+00:00,3,Nottingham Forest FC,Wolverhampton Wanderers FC,1,1
2024/25,2024-08-31 16:30:00+00:00,3,West Ham United FC,Manchester City FC,1,3
2024/25,2024-09-01 12:30:00+00:00,3,Chelsea FC,Crystal Palace FC,1,1
2024/25,2024-09-01 12:30:00+00:00,3,Newcastle United FC,Tottenham Hotspur FC,2,1
2024/25,2024-09-01 15:00:00+00:00,3,Manchester United FC,Liverpool FC,0,3
2024/25,2024-09-14 11:30:00+00:00,4,Southampton FC,Manchester United FC,0,3
2024/25,2024-09-14 14:00:00+00:00,4,Manchester City FC,Brentford FC,2,1
2024/25,2024-09-14 14:00:00+00:00,4,Liverpool FC,Nottingham Forest FC,0,1
2024/25,2024-09-14 14:00:00+00:00,4,Fulham FC,West Ham United FC,1,1
2024/25,2024-09-14 14:00:00+00:00,4,Crystal Palace FC,Leicester City FC,2,2
2024/25,2024-09-14 14:00:00+00:00,4,Brighton & Hove Albion FC,Ipswich Town FC,0,0
2024/25,2024-09-14 16:30:00+00:00,4,Aston Villa FC,Everton FC,3,2
2024/25,2024-09-14 19:00:00+00:00,4,AFC Bournemouth,Chelsea FC,0,1
2024/25,2024-09-15 13:00:00+00:00,4,Tottenham Hotspur FC,Arsenal FC,0,1
2024/25,2024-09-15 15:30:00+00:00,4,Wolverhampton Wanderers FC,Newcastle United FC,1,2
2024/25,2024-09-21 11:30:00+00:00,5,West Ham United FC,Chelsea FC,0,3
2024/25,2024-09-21 14:00:00+00:00,5,Aston Villa FC,Wolverhampton Wanderers FC,3,1
2024/25,2024-09-21 14:00:00+00:00,5,Fulham FC,Newcastle United FC,3,1
2024/25,2024-09-21 14:00:00+00:00,5,Leicester City FC,Everton FC,1,1
2024/25,2024-09-21 14:00:00+00:00,5,Liverpool FC,AFC Bournemouth,3,0
2024/25,2024-09-21 14:00:00+00:00,5,Southampton FC,Ipswich Town FC,1,1
2024/25,2024-09-21 14:00:00+00:00,5,Tottenham Hotspur FC,Brentford FC,3,1
2024/25,2024-09-21 16:30:00+00:00,5,Crystal Palace FC,Manchester United FC,0,0
2024/25,2024-09-22 13:00:00+00:00,5,Brighton & Hove Albion FC,Nottingham Forest FC,2,2
2024/25,2024-09-22 15:30:00+00:00,5,Manchester City FC,Arsenal FC,2,2
2024/25,2024-09-28 11:30:00+00:00,6,Newcastle United FC,Manchester City FC,1,1
2024/25,2024-09-28 14:00:00+00:00,6,Brentford FC,West Ham United FC,1,1
2024/25,2024-09-28 14:00:00+00:00,6,Chelsea FC,Brighton & Hove Albion FC,4,2
2024/25,2024-09-28 14:00:00+00:00,6,Everton FC,Crystal Palace FC,2,1
2024/25,2024-09-28 14:00:00+00:00,6,Nottingham Forest FC,Fulham FC,0,1
2024/25,2024-09-28 14:00:00+00:00,6,Arsenal FC,Leicester City FC,4,2
2024/25,2024-09-28 16:30:00+00:00,6,Wolverhampton Wanderers FC,Liverpool FC,1,2
2024/25,2024-09-29 13:00:00+00:00,6,Ipswich Town FC,Aston Villa FC,2,2
2024/25,2024-09-29 15:30:00+00:00,6,Manchester United FC,Tottenham Hotspur FC,0,3
2024/25,2024-09-30 19:00:00+00:00,6,AFC Bournemouth,Southampton FC,3,1
2024/25,2024-10-05 11:30:00+00:00,7,Crystal Palace FC,Liverpool FC,0,1
2024/25,2024-10-05 14:00:00+00:00,7,Arsenal FC,Southampton FC,3,1
2024/25,2024-10-05 14:00:00+00:00,7,Brentford FC,Wolverhampton Wanderers FC,5,3
2024/25,2024-10-05 14:00:00+00:00,7,Leicester City FC,AFC Bournemouth,1,0
2024/25,2024-10-05 14:00:00+00:00,7,Manchester City FC,Fulham FC,3,2
2024/25,2024-10-05 14:00:00+00:00,7,West Ham United FC,Ipswich Town FC,4,1
2024/25,2024-10-05 16:30:00+00:00,7,Everton FC,Newcastle United FC,0,0
2024/25,2024-10-06 13:00:00+00:00,7,Aston Villa FC,Manchester United FC,0,0
2024/25,2024-10-06 13:00:00+00:00,7,Chelsea FC,Nottingham Forest FC,1,1
2024/25,2024-10-06 15:30:00+00:00,7,Brighton & Hove Albion FC,Tottenham Hotspur FC,3,2
2024/25,2024-10-19 11:30:00+00:00,8,Tottenham Hotspur FC,West Ham United FC,4,1
2024/25,2024-10-19 14:00:00+00:00,8,Fulham FC,Aston Villa FC,1,3
2024/25,2024-10-19 14:00:00+00:00,8,Ipswich Town FC,Everton FC,0,2
2024/25,2024-10-19 14:00:00+00:00,8,Manchester United FC,Brentford FC,2,1
2024/25,2024-10-19 14:00:00+00:00,8,Newcastle United FC,Brighton & Hove Albion FC,0,1
2024/25,2024-10-19 14:00:00+00:00,8,Southampton FC,Leicester City FC,2,3
2024/25,2024-10-19 16:30:00+00:00,8,AFC Bournemouth,Arsenal FC,2,0
2024/25,2024-10-20 13:00:00+00:00,8,Wolverhampton Wanderers FC,Manchester City FC,1,2
2024/25,2024-10-20 15:30:00+00:00,8,Liverpool FC,Chelsea FC,2,1
2024/25,2024-10-21 19:00:00+00:00,8,Nottingham Forest FC,Crystal Palace FC,1,0
2024/25,2024-10-25 19:00:00+00:00,9,Leicester City FC,Nottingham Forest FC,1,3
2024/25,2024-10-26 14:00:00+00:00,9,Brighton & Hove Albion FC,Wolverhampton Wanderers FC,2,2
2024/25,2024-10-26 14:00:00+00:00,9,Manchester City FC,Southampton FC,1,0
2024/25,2024-10-26 14:00:00+00:00,9,Brentford FC,Ipswich Town FC,4,3
2024/25,2024-10-26 14:00:00+00:00,9,Aston Villa FC,AFC Bournemouth,1,1
2024/25,2024-10-26 16:30:00+00:00,9,Everton FC,Fulham FC,1,1
2024/25,2024-10-27 14:00:00+00:00,9,Crystal Palace FC,Tottenham Hotspur FC,1,0
2024/25,2024-10-27 14:00:00+00:00,9,West Ham United FC,Manchester United FC,2,1
2024/25,2024-10-27 14:00:00+00:00,9,Chelsea FC,Newcastle United FC,2,1
2024/25,2024-10-27 16:30:00+00:00,9,Arsenal FC,Liverpool FC,2,2
2024/25,2024-11-02 12:30:00+00:00,10,Newcastle United FC,Arsenal FC,1,0
2024/25,2024-11-02 15:00:00+00:00,10,AFC Bournemouth,Manchester City FC,2,1
2024/25,2024-11-02 15:00:00+00:00,10,Liverpool FC,Brighton & Hove Albion FC,2,1
2024/25,2024-11-02 15:00:00+00:00,10,Nottingham Forest FC,West Ham United FC,3,0
2024/25,2024-11-02 15:00:00+00:00,10,Southampton FC,Everton FC,1,0
2024/25,2024-11-02 15:00:00+00:00,10,Ipswich Town FC,Leicester City FC,1,1
2024/25,2024-11-02 17:30:00+00:00,10,Wolverhampton Wanderers FC,Crystal Palace FC,2,2
2024/25,2024-11-03 14:00:00+00:00,10,Tottenham Hotspur FC,Aston Villa FC,4,1
2024/25,2024-11-03 16:30:00+00:00,10,Manchester United FC,Chelsea FC,1,1
2024/25,2024-11-04 20:00:00+00:00,10,Fulham FC,Brentford FC,2,1
2024/25,2024-11-09 15:00:00+00:00,11,Wolverhampton Wanderers FC,Southampton FC,2,0
2024/25,2024-11-09 15:00:00+00:00,11,Crystal Palace FC,Fulham FC,0,2
2024/25,2024-11-09 15:00:00+00:00,11,Brentford FC,AFC Bournemouth,3,2
2024/25,2024-11-09 15:00:00+00:00,11,West Ham United FC,Everton FC,0,0
2024/25,2024-11-09 17:30:00+00:00,11,Brighton & Hove Albion FC,Manchester City FC,2,1
2024/25,2024-11-09 20:00:00+00:00,11,Liverpool FC,Aston Villa FC,2,0
2024/25,2024-11-10 14:00:00+00:00,11,Manchester United FC,Leicester City FC,3,0
2024/25,2024-11-10 14:00:00+00:00,11,Nottingham Forest FC,Newcastle United FC,1,3
2024/25,2024-11-10 14:00:00+00:00,11,Tottenham Hotspur FC,Ipswich Town FC,1,2
2024/25,2024-11-10 16:30:00+00:00,11,Chelsea FC,Arsenal FC,1,1
2024/25,2024-11-23 12:30:00+00:00,12,Leicester City FC,Chelsea FC,1,2
2024/25,2024-11-23 15:00:00+00:00,12,Fulham FC,Wolverhampton Wanderers FC,1,4
2024/25,2024-11-23 15:00:00+00:00,12,Everton FC,Brentford FC,0,0
2024/25,2024-11-23 15:00:00+00:00,12,AFC Bournemouth,Brighton & Hove Albion FC,1,2
2024/25,2024-11-23 15:00:00+00:00,12,Arsenal FC,Nottingham Forest FC,3,0
2024/25,2024-11-23 15:00:00+00:00,12,Aston Villa FC,Crystal Palace FC,2,2
2024/25,2024-11-23 17:30:00+00:00,12,Manchester City FC,Tottenham Hotspur FC,0,4
2024/25,2024-11-24 14:00:00+00:00,12,Southampton FC,Liverpool FC,2,3
2024/25,2024-11-24 16:30:00+00:00,12,Ipswich Town FC,Manchester United FC,1,1
2024/25,2024-11-25 20:00:00+00:00,12,Newcastle United FC,West Ham United FC,0,2
2024/25,2024-11-29 20:00:00+00:00,13,Brighton & Hove Albion FC,Southampton FC,1,1
2024/25,2024-11-30 15:00:00+00:00,13,Wolverhampton Wanderers FC,AFC Bournemouth,2,4
2024/25,2024-11-30 15:00:00+00:00,13,Brentford FC,Leicester City FC,4,1
2024/25,2024-11-30 15:00:00+00:00,13,Crystal Palace FC,Newcastle United FC,1,1
2024/25,2024-11-30 15:00:00+00:00,13,Nottingham Forest FC,Ipswich Town FC,1,0
2024/25,2024-11-30 17:30:00+00:00,13,West Ham United FC,Arsenal FC,2,5
2024/25,2024-12-01 13:30:00+00:00,13,Chelsea FC,Aston Villa FC,3,0
2024/25,2024-12-01 13:30:00+00:00,13,Manchester United FC,Everton FC,4,0
2024/25,2024-12-01 13:30:00+00:00,13,Tottenham Hotspur FC,Fulham FC,1,1
2024/25,2024-12-01 16:00:00+00:00,13,Liverpool FC,Manchester City FC,2,0
2024/25,2024-12-03 19:30:00+00:00,14,Ipswich Town FC,Crystal Palace FC,0,1
2024/25,2024-12-03 20:15:00+00:00,14,Leicester City FC,West Ham United FC,3,1
2024/25,2024-12-04 19:30:00+00:00,14,Everton FC,Wolverhampton Wanderers FC,4,0
2024/25,2024-12-04 19:30:00+00:00,14,Manchester City FC,Nottingham Forest FC,3,0
2024/25,2024-12-04 19:30:00+00:00,14,Newcastle United FC,Liverpool FC,3,3
2024/25,2024-12-04 19:30:00+00:00,14,Southampton FC,Chelsea FC,1,5
2024/25,2024-12-04 20:15:00+00:00,14,Arsenal FC,Manchester United FC,2,0
2024/25,2024-12-04 20:15:00+00:00,14,Aston Villa FC,Brentford FC,3,1
2024/25,2024-12-05 19:30:00+00:00,14,Fulham FC,Brighton & Hove Albion FC,3,1
2024/25,2024-12-05 20:15:00+00:00,14,AFC Bournemouth,Tottenham Hotspur FC,1,0
2024/25,2024-12-07 15:00:00+00:00,15,Aston Villa FC,Southampton FC,1,0
2024/25,2024-12-07 15:00:00+00:00,15,Brentford FC,Newcastle United FC,4,2
2024/25,2024-12-07 15:00:00+00:00,15,Crystal Palace FC,Manchester City FC,2,2
2024/25,2024-12-07 17:30:00+00:00,15,Manchester United FC,Nottingham Forest FC,2,3
2024/25,2024-12-08 14:00:00+00:00,15,Fulham FC,Arsenal FC,1,1
2024/25,2024-12-08 14:00:00+00:00,15,Ipswich Town FC,AFC Bournemouth,1,2
2024/25,2024-12-08 14:00:00+00:00,15,Leicester City FC,Brighton & Hove Albion FC,2,2
2024/25,2024-12-08 16:30:00+00:00,15,Tottenham Hotspur FC,Chelsea FC,3,4
2024/25,2024-12-09 20:00:00+00:00,15,West Ham United FC,Wolverhampton Wanderers FC,2,1
2024/25,2024-12-14 15:00:00+00:00,16,Arsenal FC,Everton FC,0,0
2024/25,2024-12-14 15:00:00+00:00,16,Liverpool FC,Fulham FC,2,2
2024/25,2024-12-14 15:00:00+00:00,16,Newcastle United FC,Leicester City FC,4,0
2024/25,2024-12-14 15:00:00+00:00,16,Wolverhampton Wanderers FC,Ipswich Town FC,1,2
2024/25,2024-12-14 17:30:00+00:00,16,Nottingham Forest FC,Aston Villa FC,2,1
2024/25,2024-12-15 14:00:00+00:00,16,Brighton & Hove Albion FC,Crystal Palace FC,1,3
2024/25,2024-12-15 16:30:00+00:00,16,Manchester City FC,Manchester United FC,1,2
2024/25,2024-12-15 19:00:00+00:00,16,Southampton FC,Tottenham Hotspur FC,0,5
2024/25,2024-12-15 19:00:00+00:00,16,Chelsea FC,Brentford FC,2,1
2024/25,2024-12-16 20:00:00+00:00,16,AFC Bournemouth,West Ham United FC,1,1
2024/25,2024-12-21 12:30:00+00:00,17,Aston Villa FC,Manchester City FC,2,1
2024/25,2024-12-21 15:00:00+00:00,17,Brentford FC,Nottingham Forest FC,0,2
2024/25,2024-12-21 15:00:00+00:00,17,Ipswich Town FC,Newcastle United FC,0,4
2024/25,2024-12-21 15:00:00+00:00,17,West Ham United FC,Brighton & Hove Albion FC,1,1
2024/25,2024-12-21 17:30:00+00:00,17,Crystal Palace FC,Arsenal FC,1,5
2024/25,2024-12-22 14:00:00+00:00,17,Everton FC,Chelsea FC,0,0
2024/25,2024-12-22 14:00:00+00:00,17,Fulham FC,Southampton FC,0,0
2024/25,2024-12-22 14:00:00+00:00,17,Leicester City FC,Wolverhampton Wanderers FC,0,3
2024/25,2024-12-22 14:00:00+00:00,17,Manchester United FC,AFC Bournemouth,0,3
2024/25,2024-12-22 16:30:00+00:00,17,Tottenham Hotspur FC,Liverpool FC,3,6
2024/25,2024-12-26 12:30:00+00:00,18,Manchester City FC,Everton FC,1,1
2024/25,2024-12-26 15:00:00+00:00,18,Southampton FC,West Ham United FC,0,1
2024/25,2024-12-26 15:00:00+00:00,18,Nottingham Forest FC,Tottenham Hotspur FC,1,0
2024/25,2024-12-26 15:00:00+00:00,18,Chelsea FC,Fulham FC,1,2
2024/25,2024-12-26 15:00:00+00:00,18,AFC Bournemouth,Crystal Palace FC,0,0
2024/25,2024-12-26 15:00:00+00:00,18,Newcastle United FC,Aston Villa FC,3,0
2024/25,2024-12-26 17:30:00+00:00,18,Wolverhampton Wanderers FC,Manchester United FC,2,0
2024/25,2024-12-26 20:00:00+00:00,18,Liverpool FC,Leicester City FC,3,1
2024/25,2024-12-27 19:30:00+00:00,18,Brighton & Hove Albion FC,Brentford FC,0,0
2024/25,2024-12-27 20:15:00+00:00,18,Arsenal FC,Ipswich Town FC,1,0
2024/25,2024-12-29 14:30:00+00:00,19,Leicester City FC,Manchester City FC,0,2
2024/25,2024-12-29 15:00:00+00:00,19,Tottenham Hotspur FC,Wolverhampton Wanderers FC,2,2
2024/25,2024-12-29 15:00:00+00:00,19,Everton FC,Nottingham Forest FC,0,2
2024/25,2024-12-29 15:00:00+00:00,19,Crystal Palace FC,Southampton FC,2,1
2024/25,2024-12-29 15:00:00+00:00,19,Fulham FC,AFC Bournemouth,2,2
2024/25,2024-12-29 17:15:00+00:00,19,West Ham United FC,Liverpool FC,0,5
2024/25,2024-12-30 19:45:00+00:00,19,Aston Villa FC,Brighton & Hove Albion FC,2,2
2024/25,2024-12-30 19:45:00+00:00,19,Ipswich Town FC,Chelsea FC,2,0
2024/25,2024-12-30 20:00:00+00:00,19,Manchester United FC,Newcastle United FC,0,2
2024/25,2025-01-01 17:30:00+00:00,19,Brentford FC,Arsenal FC,1,3
2024/25,2025-01-04 12:30:00+00:00,20,Tottenham Hotspur FC,Newcastle United FC,1,2
2024/25,2025-01-04 15:00:00+00:00,20,Crystal Palace FC,Chelsea FC,1,1
2024/25,2025-01-04 15:00:00+00:00,20,Manchester City FC,West Ham United FC,4,1
2024/25,2025-01-04 15:00:00+00:00,20,Southampton FC,Brentford FC,0,5
2024/25,2025-01-04 15:00:00+00:00,20,AFC Bournemouth,Everton FC,1,0
2024/25,2025-01-04 15:00:00+00:00,20,Aston Villa FC,Leicester City FC,2,1
2024/25,2025-01-04 17:30:00+00:00,20,Brighton & Hove Albion FC,Arsenal FC,1,1
2024/25,2025-01-05 14:00:00+00:00,20,Fulham FC,Ipswich Town FC,2,2
2024/25,2025-01-05 16:30:00+00:00,20,Liverpool FC,Manchester United FC,2,2
2024/25,2025-01-06 20:00:00+00:00,20,Wolverhampton Wanderers FC,Nottingham Forest FC,0,3
2024/25,2025-01-14 19:30:00+00:00,21,Brentford FC,Manchester City FC,2,2
2024/25,2025-01-14 19:30:00+00:00,21,Chelsea FC,AFC Bournemouth,2,2
2024/25,2025-01-14 19:30:00+00:00,21,West Ham United FC,Fulham FC,3,2
2024/25,2025-01-14 20:00:00+00:00,21,Nottingham Forest FC,Liverpool FC,1,1
2024/25,2025-01-15 19:30:00+00:00,21,Everton FC,Aston Villa FC,0,1
2024/25,2025-01-15 19:30:00+00:00,21,Leicester City FC,Crystal Palace FC,0,2
2024/25,2025-01-15 19:30:00+00:00,21,Newcastle United FC,Wolverhampton Wanderers FC,3,0
2024/25,2025-01-15 20:00:00+00:00,21,Arsenal FC,Tottenham Hotspur FC,2,1
2024/25,2025-01-16 19:30:00+00:00,21,Ipswich Town FC,Brighton & Hove Albion FC,0,2
2024/25,2025-01-16 20:00:00+00:00,21,Manchester United FC,Southampton FC,3,1
2024/25,2025-01-18 12:30:00+00:00,22,Newcastle United FC,AFC Bournemouth,1,4
2024/25,2025-01-18 15:00:00+00:00,22,West Ham United FC,Crystal Palace FC,0,2
2024/25,2025-01-18 15:00:00+00:00,22,Leicester City FC,Fulham FC,0,2
2024/25,2025-01-18 15:00:00+00:00,22,Brentford FC,Liverpool FC,0,2
2024/25,2025-01-18 17:30:00+00:00,22,Arsenal FC,Aston Villa FC,2,2
2024/25,2025-01-19 14:00:00+00:00,22,Everton FC,Tottenham Hotspur FC,3,2
2024/25,2025-01-19 14:00:00+00:00,22,Nottingham Forest FC,Southampton FC,3,2
2024/25,2025-01-19 14:00:00+00:00,22,Manchester United FC,Brighton & Hove Albion FC,1,3
2024/25,2025-01-19 16:30:00+00:00,22,Ipswich Town FC,Manchester City FC,0,6
2024/25,2025-01-20 20:00:00+00:00,22,Chelsea FC,Wolverhampton Wanderers FC,3,1
2024/25,2025-01-25 15:00:00+00:00,23,Liverpool FC,Ipswich Town FC,4,1
2024/25,2025-01-25 15:00:00+00:00,23,Wolverhampton Wanderers FC,Arsenal FC,0,1
2024/25,2025-01-25 15:00:00+00:00,23,Brighton & Hove Albion FC,Everton FC,0,1
2024/25,2025-01-25 15:00:00+00:00,23,Southampton FC,Newcastle United FC,1,3
2024/25,2025-01-25 15:00:00+00:00,23,AFC Bournemouth,Nottingham Forest FC,5,0
2024/25,2025-01-25 17:30:00+00:00,23,Manchester City FC,Chelsea FC,3,1
2024/25,2025-01-26 14:00:00+00:00,23,Crystal Palace FC,Brentford FC,1,2
2024/25,2025-01-26 14:00:00+00:00,23,Tottenham Hotspur FC,Leicester City FC,1,2
2024/25,2025-01-26 16:30:00+00:00,23,Aston Villa FC,West Ham United FC,1,1
2024/25,2025-01-26 19:00:00+00:00,23,Fulham FC,Manchester United FC,0,1
2024/25,2025-02-01 12:30:00+00:00,24,Nottingham Forest FC,Brighton & Hove Albion FC,7,0
2024/25,2025-02-01 15:00:00+00:00,24,Ipswich Town FC,Southampton FC,1,2
2024/25,2025-02-01 15:00:00+00:00,24,Everton FC,Leicester City FC,4,0
2024/25,2025-02-01 15:00:00+00:00,24,Newcastle United FC,Fulham FC,1,2
2024/25,2025-02-01 15:00:00+00:00,24,AFC Bournemouth,Liverpool FC,0,2
2024/25,2025-02-01 17:30:00+00:00,24,Wolverhampton Wanderers FC,Aston Villa FC,2,0
2024/25,2025-02-02 14:00:00+00:00,24,Manchester United FC,Crystal Palace FC,0,2
2024/25,2025-02-02 14:00:00+00:00,24,Brentford FC,Tottenham Hotspur FC,0,2
2024/25,2025-02-02 16:30:00+00:00,24,Arsenal FC,Manchester City FC,5,1
2024/25,2025-02-03 20:00:00+00:00,24,Chelsea FC,West Ham United FC,2,1
2024/25,2025-02-12 19:30:00+00:00,15,Everton FC,Liverpool FC,2,2
2024/25,2025-02-14 20:00:00+00:00,25,Brighton & Hove Albion FC,Chelsea FC,3,0
2024/25,2025-02-15 12:30:00+00:00,25,Leicester City FC,Arsenal FC,0,2
2024/25,2025-02-15 15:00:00+00:00,25,Southampton FC,AFC Bournemouth,1,3
2024/25,2025-02-15 15:00:00+00:00,25,West Ham United FC,Brentford FC,0,1
2024/25,2025-02-15 15:00:00+00:00,25,Aston Villa FC,Ipswich Town FC,1,1
2024/25,2025-02-15 15:00:00+00:00,25,Manchester City FC,Newcastle United FC,4,0
2024/25,2025-02-15 15:00:00+00:00,25,Fulham FC,Nottingham Forest FC,2,1
2024/25,2025-02-15 17:30:00+00:00,25,Crystal Palace FC,Everton FC,1,2
2024/25,2025-02-16 14:00:00+00:00,25,Liverpool FC,Wolverhampton Wanderers FC,2,1
2024/25,2025-02-16 16:30:00+00:00,25,Tottenham Hotspur FC,Manchester United FC,1,0
2024/25,2025-02-19 19:30:00+00:00,29,Aston Villa FC,Liverpool FC,2,2
2024/25,2025-02-21 20:00:00+00:00,26,Leicester City FC,Brentford FC,0,4
2024/25,2025-02-22 12:30:00+00:00,26,Everton FC,Manchester United FC,2,2
2024/25,2025-02-22 15:00:00+00:00,26,Ipswich Town FC,Tottenham Hotspur FC,1,4
2024/25,2025-02-22 15:00:00+00:00,26,Fulham FC,Crystal Palace FC,0,2
2024/25,2025-02-22 15:00:00+00:00,26,Arsenal FC,West Ham United FC,0,1
2024/25,2025-02-22 15:00:00+00:00,26,AFC Bournemouth,Wolverhampton Wanderers FC,0,1
2024/25,2025-02-22 15:00:00+00:00,26,Southampton FC,Brighton & Hove Albion FC,0,4
2024/25,2025-02-22 17:30:00+00:00,26,Aston Villa FC,Chelsea FC,2,1
2024/25,2025-02-23 14:00:00+00:00,26,Newcastle United FC,Nottingham Forest FC,4,3
2024/25,2025-02-23 16:30:00+00:00,26,Manchester City FC,Liverpool FC,0,2
2024/25,2025-02-25 19:30:00+00:00,27,Brighton & Hove Albion FC,AFC Bournemouth,2,1
2024/25,2025-02-25 19:30:00+00:00,27,Crystal Palace FC,Aston Villa FC,4,1
2024/25,2025-02-25 19:30:00+00:00,27,Wolverhampton Wanderers FC,Fulham FC,1,2
2024/25,2025-02-25 20:15:00+00:00,27,Chelsea FC,Southampton FC,4,0
2024/25,2025-02-26 19:30:00+00:00,27,Brentford FC,Everton FC,1,1
2024/25,2025-02-26 19:30:00+00:00,27,Manchester United FC,Ipswich Town FC,3,2
2024/25,2025-02-26 19:30:00+00:00,27,Nottingham Forest FC,Arsenal FC,0,0
2024/25,2025-02-26 19:30:00+00:00,27,Tottenham Hotspur FC,Manchester City FC,0,1
2024/25,2025-02-26 20:15:00+00:00,27,Liverpool FC,Newcastle United FC,2,0
2024/25,2025-02-27 20:00:00+00:00,27,West Ham United FC,Leicester City FC,2,0
2024/25,2025-03-08 12:30:00+00:00,28,Nottingham Forest FC,Manchester City FC,1,0
2024/25,2025-03-08 15:00:00+00:00,28,Brighton & Hove Albion FC,Fulham FC,2,1
2024/25,2025-03-08 15:00:00+00:00,28,Crystal Palace FC,Ipswich Town FC,1,0
2024/25,2025-03-08 15:00:00+00:00,28,Liverpool FC,Southampton FC,3,1
2024/25,2025-03-08 17:30:00+00:00,28,Brentford FC,Aston Villa FC,0,1
2024/25,2025-03-08 20:00:00+00:00,28,Wolverhampton Wanderers FC,Everton FC,1,1
2024/25,2025-03-09 14:00:00+00:00,28,Tottenham Hotspur FC,AFC Bournemouth,2,2
2024/25,2025-03-09 14:00:00+00:00,28,Chelsea FC,Leicester City FC,1,0
2024/25,2025-03-09 16:30:00+00:00,28,Manchester United FC,Arsenal FC,1,1
2024/25,2025-03-10 20:00:00+00:00,28,West Ham United FC,Newcastle United FC,0,1
2024/25,2025-03-15 15:00:00+00:00,29,Everton FC,West Ham United FC,1,1
2024/25,2025-03-15 15:00:00+00:00,29,Ipswich Town FC,Nottingham Forest FC,2,4
2024/25,2025-03-15 15:00:00+00:00,29,Manchester City FC,Brighton & Hove Albion FC,2,2
2024/25,2025-03-15 15:00:00+00:00,29,Southampton FC,Wolverhampton Wanderers FC,1,2
2024/25,2025-03-15 17:30:00+00:00,29,AFC Bournemouth,Brentford FC,1,2
2024/25,2025-03-16 13:30:00+00:00,29,Fulham FC,Tottenham Hotspur FC,2,0
2024/25,2025-03-16 13:30:00+00:00,29,Arsenal FC,Chelsea FC,1,0
2024/25,2025-03-16 19:00:00+00:00,29,Leicester City FC,Manchester United FC,0,3
2024/25,2025-04-01 18:45:00+00:00,30,Arsenal FC,Fulham FC,2,1
2024/25,2025-04-01 18:45:00+00:00,30,Wolverhampton Wanderers FC,West Ham United FC,1,0
2024/25,2025-04-01 19:00:00+00:00,30,Nottingham Forest FC,Manchester United FC,1,0
2024/25,2025-04-02 18:45:00+00:00,30,AFC Bournemouth,Ipswich Town FC,1,2
2024/25,2025-04-02 18:45:00+00:00,30,Brighton & Hove Albion FC,Aston Villa FC,0,3
2024/25,2025-04-02 18:45:00+00:00,30,Manchester City FC,Leicester City FC,2,0
2024/25,2025-04-02 18:45:00+00:00,30,Newcastle United FC,Brentford FC,2,1
2024/25,2025-04-02 18:45:00+00:00,30,Southampton FC,Crystal Palace FC,1,1
2024/25,2025-04-02 19:00:00+00:00,30,Liverpool FC,Everton FC,1,0
2024/25,2025-04-03 19:00:00+00:00,30,Chelsea FC,Tottenham Hotspur FC,1,0
2024/25,2025-04-05 11:30:00+00:00,31,Everton FC,Arsenal FC,1,1
2024/25,2025-04-05 14:00:00+00:00,31,West Ham United FC,AFC Bournemouth,2,2
2024/25,2025-04-05 14:00:00+00:00,31,Ipswich Town FC,Wolverhampton Wanderers FC,1,2
2024/25,2025-04-05 14:00:00+00:00,31,Crystal Palace FC,Brighton & Hove Albion FC,2,1
2024/25,2025-04-05 16:30:00+00:00,31,Aston Villa FC,Nottingham Forest FC,2,1
2024/25,2025-04-06 13:00:00+00:00,31,Fulham FC,Liverpool FC,3,2
2024/25,2025-04-06 13:00:00+00:00,31,Tottenham Hotspur FC,Southampton FC,3,1
2024/25,2025-04-06 13:00:00+00:00,31,Brentford FC,Chelsea FC,0,0
2024/25,2025-04-06 15:30:00+00:00,31,Manchester United FC,Manchester City FC,0,0
2024/25,2025-04-07 19:00:00+00:00,31,Leicester City FC,Newcastle United FC,0,3
2024/25,2025-04-12 11:30:00+00:00,32,Manchester City FC,Crystal Palace FC,5,2
2024/25,2025-04-12 14:00:00+00:00,32,Brighton & Hove Albion FC,Leicester City FC,2,2
2024/25,2025-04-12 14:00:00+00:00,32,Nottingham Forest FC,Everton FC,0,1
2024/25,2025-04-12 14:00:00+00:00,32,Southampton FC,Aston Villa FC,0,3
2024/25,2025-04-12 16:30:00+00:00,32,Arsenal FC,Brentford FC,1,1
2024/25,2025-04-13 13:00:00+00:00,32,Chelsea FC,Ipswich Town FC,2,2
2024/25,2025-04-13 13:00:00+00:00,32,Liverpool FC,West Ham United FC,2,1
2024/25,2025-04-13 13:00:00+00:00,32,Wolverhampton Wanderers FC,Tottenham Hotspur FC,4,2
2024/25,2025-04-13 15:30:00+00:00,32,Newcastle United FC,Manchester United FC,4,1
2024/25,2025-04-14 19:00:00+00:00,32,AFC Bournemouth,Fulham FC,1,0
2024/25,2025-04-16 18:30:00+00:00,29,Newcastle United FC,Crystal Palace FC,5,0
2024/25,2025-04-19 14:00:00+00:00,33,Brentford FC,Brighton & Hove Albion FC,4,2
2024/25,2025-04-19 14:00:00+00:00,33,Crystal Palace FC,AFC Bournemouth,0,0
2024/25,2025-04-19 14:00:00+00:00,33,Everton FC,Manchester City FC,0,2
2024/25,2025-04-19 14:00:00+00:00,33,West Ham United FC,Southampton FC,1,1
2024/25,2025-04-19 16:30:00+00:00,33,Aston Villa FC,Newcastle United FC,4,1
2024/25,2025-04-20 13:00:00+00:00,33,Fulham FC,Chelsea FC,1,2
2024/25,2025-04-20 13:00:00+00:00,33,Ipswich Town FC,Arsenal FC,0,4
2024/25,2025-04-20 13:00:00+00:00,33,Manchester United FC,Wolverhampton Wanderers FC,0,1
2024/25,2025-04-20 15:30:00+00:00,33,Leicester City FC,Liverpool FC,0,1
2024/25,2025-04-21 19:00:00+00:00,33,Tottenham Hotspur FC,Nottingham Forest FC,1,2
2024/25,2025-04-22 19:00:00+00:00,34,Manchester City FC,Aston Villa FC,2,1
2024/25,2025-04-23 19:00:00+00:00,34,Arsenal FC,Crystal Palace FC,2,2
2024/25,2025-04-26 11:30:00+00:00,34,Chelsea FC,Everton FC,1,0
2024/25,2025-04-26 14:00:00+00:00,34,Wolverhampton Wanderers FC,Leicester City FC,3,0
2024/25,2025-04-26 14:00:00+00:00,34,Newcastle United FC,Ipswich Town FC,3,0
2024/25,2025-04-26 14:00:00+00:00,34,Brighton & Hove Albion FC,West Ham United FC,3,2
2024/25,2025-04-26 14:00:00+00:00,34,Southampton FC,Fulham FC,1,2
2024/25,2025-04-27 13:00:00+00:00,34,AFC Bournemouth,Manchester United FC,1,1
2024/25,2025-04-27 15:30:00+00:00,34,Liverpool FC,Tottenham Hotspur FC,5,1
2024/25,2025-05-01 18:30:00+00:00,34,Nottingham Forest FC,Brentford FC,0,2
2024/25,2025-05-02 19:00:00+00:00,35,Manchester City FC,Wolverhampton Wanderers FC,1,0
2024/25,2025-05-03 11:30:00+00:00,35,Aston Villa FC,Fulham FC,1,0
2024/25,2025-05-03 14:00:00+00:00,35,Everton FC,Ipswich Town FC,2,2
2024/25,2025-05-03 14:00:00+00:00,35,Leicester City FC,Southampton FC,2,0
2024/25,2025-05-03 16:30:00+00:00,35,Arsenal FC,AFC Bournemouth,1,2
2024/25,2025-05-04 13:00:00+00:00,35,West Ham United FC,Tottenham Hotspur FC,1,1
2024/25,2025-05-04 13:00:00+00:00,35,Brentford FC,Manchester United FC,4,3
2024/25,2025-05-04 13:00:00+00:00,35,Brighton & Hove Albion FC,Newcastle United FC,1,1
2024/25,2025-05-04 15:30:00+00:00,35,Chelsea FC,Liverpool FC,3,1
2024/25,2025-05-05 19:00:00+00:00,35,Crystal Palace FC,Nottingham Forest FC,1,1
2024/25,2025-05-10 14:00:00+00:00,36,Fulham FC,Everton FC,1,3
2024/25,2025-05-10 14:00:00+00:00,36,Ipswich Town FC,Brentford FC,0,1
2024/25,2025-05-10 14:00:00+00:00,36,Southampton FC,Manchester City FC,0,0
2024/25,2025-05-10 14:00:00+00:00,36,Wolverhampton Wanderers FC,Brighton & Hove Albion FC,0,2
2024/25,2025-05-10 16:30:00+00:00,36,AFC Bournemouth,Aston Villa FC,0,1
2024/25,2025-05-11 11:00:00+00:00,36,Newcastle United FC,Chelsea FC,2,0
2024/25,2025-05-11 13:15:00+00:00,36,Tottenham Hotspur FC,Crystal Palace FC,0,2
2024/25,2025-05-11 13:15:00+00:00,36,Manchester United FC,West Ham United FC,0,2
2024/25,2025-05-11 13:15:00+00:00,36,Nottingham Forest FC,Leicester City FC,2,2
2024/25,2025-05-11 15:30:00+00:00,36,Liverpool FC,Arsenal FC,2,2
2024/25,2025-05-16 18:30:00+00:00,37,Aston Villa FC,Tottenham Hotspur FC,2,0
2024/25,2025-05-16 19:15:00+00:00,37,Chelsea FC,Manchester United FC,1,0
2024/25,2025-05-18 11:00:00+00:00,37,Everton FC,Southampton FC,2,0
2024/25,2025-05-18 13:15:00+00:00,37,West Ham United FC,Nottingham Forest FC,1,2
2024/25,2025-05-18 14:00:00+00:00,37,Brentford FC,Fulham FC,2,3
2024/25,2025-05-18 14:00:00+00:00,37,Leicester City FC,Ipswich Town FC,2,0
2024/25,2025-05-18 15:30:00+00:00,37,Arsenal FC,Newcastle United FC,1,0
2024/25,2025-05-19 19:00:00+00:00,37,Brighton & Hove Albion FC,Liverpool FC,3,2
2024/25,2025-05-20 19:00:00+00:00,37,Crystal Palace FC,Wolverhampton Wanderers FC,4,2
2024/25,2025-05-20 19:00:00+00:00,37,Manchester City FC,AFC Bournemouth,3,1
2024/25,2025-05-25 15:00:00+00:00,38,Wolverhampton Wanderers FC,Brentford FC,1,1
2024/25,2025-05-25 15:00:00+00:00,38,Southampton FC,Arsenal FC,1,2
2024/25,2025-05-25 15:00:00+00:00,38,Tottenham Hotspur FC,Brighton & Hove Albion FC,1,4
2024/25,2025-05-25 15:00:00+00:00,38,Nottingham Forest FC,Chelsea FC,0,1
2024/25,2025-05-25 15:00:00+00:00,38,Fulham FC,Manchester City FC,0,2
2024/25,2025-05-25 15:00:00+00:00,38,Manchester United FC,Aston Villa FC,2,0
2024/25,2025-05-25 15:00:00+00:00,38,Newcastle United FC,Everton FC,0,1
2024/25,2025-05-25 15:00:00+00:00,38,AFC Bournemouth,Leicester City FC,2,0
2024/25,2025-05-25 15:00:00+00:00,38,Liverpool FC,Crystal Palace FC,1,1
2024/25,2025-05-25 15:00:00+00:00,38,Ipswich Town FC,West Ham United FC,1,3
2025/26,2025-08-15 19:00:00+00:00,1,Liverpool FC,AFC Bournemouth,4,2
2025/26,2025-08-16 11:30:00+00:00,1,Aston Villa FC,Newcastle United FC,0,0
2025/26,2025-08-16 14:00:00+00:00,1,Brighton & Hove Albion FC,Fulham FC,1,1
2025/26,2025-08-16 14:00:00+00:00,1,Sunderland AFC,West Ham United FC,3,0
2025/26,2025-08-16 14:00:00+00:00,1,Tottenham Hotspur FC,Burnley FC,3,0
2025/26,2025-08-16 16:30:00+00:00,1,Wolverhampton Wanderers FC,Manchester City FC,0,4
2025/26,2025-08-17 13:00:00+00:00,1,Nottingham Forest FC,Brentford FC,3,1
2025/26,2025-08-17 13:00:00+00:00,1,Chelsea FC,Crystal Palace FC,0,0
2025/26,2025-08-17 15:30:00+00:00,1,Manchester United FC,Arsenal FC,0,1
2025/26,2025-08-18 19:00:00+00:00,1,Leeds United FC,Everton FC,1,0
2025/26,2025-08-22 19:00:00+00:00,2,West Ham United FC,Chelsea FC,1,5
2025/26,2025-08-23 11:30:00+00:00,2,Manchester City FC,Tottenham Hotspur FC,0,2
2025/26,2025-08-23 14:00:00+00:00,2,Burnley FC,Sunderland AFC,2,0
2025/26,2025-08-23 14:00:00+00:00,2,AFC Bournemouth,Wolverhampton Wanderers FC,1,0
2025/26,2025-08-23 14:00:00+00:00,2,Brentford FC,Aston Villa FC,1,0
2025/26,2025-08-23 16:30:00+00:00,2,Arsenal FC,Leeds United FC,5,0
2025/26,2025-08-24 13:00:00+00:00,2,Crystal Palace FC,Nottingham Forest FC,1,1
2025/26,2025-08-24 13:00:00+00:00,2,Everton FC,Brighton & Hove Albion FC,2,0
2025/26,2025-08-24 15:30:00+00:00,2,Fulham FC,Manchester United FC,1,1
2025/26,2025-08-25 19:00:00+00:00,2,Newcastle United FC,Liverpool FC,2,3
2025/26,2025-08-30 11:30:00+00:00,3,Chelsea FC,Fulham FC,2,0
2025/26,2025-08-30 14:00:00+00:00,3,Sunderland AFC,Brentford FC,2,1
2025/26,2025-08-30 14:00:00+00:00,3,Manchester United FC,Burnley FC,3,2
2025/26,2025-08-30 14:00:00+00:00,3,Tottenham Hotspur FC,AFC Bournemouth,0,1
2025/26,2025-08-30 14:00:00+00:00,3,Wolverhampton Wanderers FC,Everton FC,2,3
2025/26,2025-08-30 16:30:00+00:00,3,Leeds United FC,Newcastle United FC,0,0
2025/26,2025-08-31 13:00:00+00:00,3,Nottingham Forest FC,West Ham United FC,0,3
2025/26,2025-08-31 13:00:00+00:00,3,Brighton & Hove Albion FC,Manchester City FC,2,1
2025/26,2025-08-31 15:30:00+00:00,3,Liverpool FC,Arsenal FC,1,0
2025/26,2025-08-31 18:00:00+00:00,3,Aston Villa FC,Crystal Palace FC,0,3
2025/26,2025-09-13 11:30:00+00:00,4,Arsenal FC,Nottingham Forest FC,3,0
2025/26,2025-09-13 14:00:00+00:00,4,AFC Bournemouth,Brighton & Hove Albion FC,2,1
2025/26,2025-09-13 14:00:00+00:00,4,Crystal Palace FC,Sunderland AFC,0,0
2025/26,2025-09-13 14:00:00+00:00,4,Everton FC,Aston Villa FC,0,0
2025/26,2025-09-13 14:00:00+00:00,4,Fulham FC,Leeds United FC,1,0
2025/26,2025-09-13 14:00:00+00:00,4,Newcastle United FC,Wolverhampton Wanderers FC,1,0
2025/26,2025-09-13 16:30:00+00:00,4,West Ham United FC,Tottenham Hotspur FC,0,3
2025/26,2025-09-13 19:00:00+00:00,4,Brentford FC,Chelsea FC,2,2
2025/26,2025-09-14 13:00:00+00:00,4,Burnley FC,Liverpool FC,0,1
2025/26,2025-09-14 15:30:00+00:00,4,Manchester City FC,Manchester United FC,3,0
2025/26,2025-09-20 11:30:00+00:00,5,Liverpool FC,Everton FC,2,1
2025/26,2025-09-20 14:00:00+00:00,5,West Ham United FC,Crystal Palace FC,1,2
2025/26,2025-09-20 14:00:00+00:00,5,Wolverhampton Wanderers FC,Leeds United FC,1,3
2025/26,2025-09-20 14:00:00+00:00,5,Brighton & Hove Albion FC,Tottenham Hotspur FC,2,2
2025/26,2025-09-20 14:00:00+00:00,5,Burnley FC,Nottingham Forest FC,1,1
2025/26,2025-09-20 16:30:00+00:00,5,Manchester United FC,Chelsea FC,2,1
2025/26,2025-09-20 19:00:00+00:00,5,Fulham FC,Brentford FC,3,1
2025/26,2025-09-21 13:00:00+00:00,5,AFC Bournemouth,Newcastle United FC,0,0
2025/26,2025-09-21 13:00:00+00:00,5,Sunderland AFC,Aston Villa FC,1,1
2025/26,2025-09-21 15:30:00+00:00,5,Arsenal FC,Manchester City FC,1,1
2025/26,2025-09-27 11:30:00+00:00,6,Brentford FC,Manchester United FC,3,1
2025/26,2025-09-27 14:00:00+00:00,6,Manchester City FC,Burnley FC,5,1
2025/26,2025-09-27 14:00:00+00:00,6,Chelsea FC,Brighton & Hove Albion FC,1,3
2025/26,2025-09-27 14:00:00+00:00,6,Crystal Palace FC,Liverpool FC,2,1
2025/26,2025-09-27 14:00:00+00:00,6,Leeds United FC,AFC Bournemouth,2,2
2025/26,2025-09-27 16:30:00+00:00,6,Nottingham Forest FC,Sunderland AFC,0,1
2025/26,2025-09-27 19:00:00+00:00,6,Tottenham Hotspur FC,Wolverhampton Wanderers FC,1,1
2025/26,2025-09-28 13:00:00+00:00,6,Aston Villa FC,Fulham FC,3,1
2025/26,2025-09-28 15:30:00+00:00,6,Newcastle United FC,Arsenal FC,1,2
2025/26,2025-09-29 19:00:00+00:00,6,Everton FC,West Ham United FC,1,1
2025/26,2025-10-03 19:00:00+00:00,7,AFC Bournemouth,Fulham FC,3,1
2025/26,2025-10-04 11:30:00+00:00,7,Leeds United FC,Tottenham Hotspur FC,1,2
2025/26,2025-10-04 14:00:00+00:00,7,Manchester United FC,Sunderland AFC,2,0
2025/26,2025-10-04 14:00:00+00:00,7,Arsenal FC,West Ham United FC,2,0
2025/26,2025-10-04 16:30:00+00:00,7,Chelsea FC,Liverpool FC,2,1
2025/26,2025-10-05 13:00:00+00:00,7,Aston Villa FC,Burnley FC,2,1
2025/26,2025-10-05 13:00:00+00:00,7,Everton FC,Crystal Palace FC,2,1
2025/26,2025-10-05 13:00:00+00:00,7,Newcastle United FC,Nottingham Forest FC,2,0
2025/26,2025-10-05 13:00:00+00:00,7,Wolverhampton Wanderers FC,Brighton & Hove Albion FC,1,1
2025/26,2025-10-05 15:30:00+00:00,7,Brentford FC,Manchester City FC,0,1
2025/26,2025-10-18 11:30:00+00:00,8,Nottingham Forest FC,Chelsea FC,0,3
2025/26,2025-10-18 14:00:00+00:00,8,Crystal Palace FC,AFC Bournemouth,3,3
2025/26,2025-10-18 14:00:00+00:00,8,Burnley FC,Leeds United FC,2,0
2025/26,2025-10-18 14:00:00+00:00,8,Manchester City FC,Everton FC,2,0
2025/26,2025-10-18 14:00:00+00:00,8,Sunderland AFC,Wolverhampton Wanderers FC,2,0
2025/26,2025-10-18 14:00:00+00:00,8,Brighton & Hove Albion FC,Newcastle United FC,2,1
2025/26,2025-10-18 16:30:00+00:00,8,Fulham FC,Arsenal FC,0,1
2025/26,2025-10-19 13:00:00+00:00,8,Tottenham Hotspur FC,Aston Villa FC,1,2
2025/26,2025-10-19 15:30:00+00:00,8,Liverpool FC,Manchester United FC,1,2
2025/26,2025-10-20 19:00:00+00:00,8,West Ham United FC,Brentford FC,0,2
2025/26,2025-10-24 19:00:00+00:00,9,Leeds United FC,West Ham United FC,2,1
2025/26,2025-10-25 14:00:00+00:00,9,Chelsea FC,Sunderland AFC,1,2
2025/26,2025-10-25 14:00:00+00:00,9,Newcastle United FC,Fulham FC,2,1
2025/26,2025-10-25 16:30:00+00:00,9,Manchester United FC,Brighton & Hove Albion FC,4,2
2025/26,2025-10-25 19:00:00+00:00,9,Brentford FC,Liverpool FC,3,2
2025/26,2025-10-26 14:00:00+00:00,9,AFC Bournemouth,Nottingham Forest FC,2,0
2025/26,2025-10-26 14:00:00+00:00,9,Aston Villa FC,Manchester City FC,1,0
2025/26,2025-10-26 14:00:00+00:00,9,Arsenal FC,Crystal Palace FC,1,0
2025/26,2025-10-26 14:00:00+00:00,9,Wolverhampton Wanderers FC,Burnley FC,2,3
2025/26,2025-10-26 16:30:00+00:00,9,Everton FC,Tottenham Hotspur FC,0,3
2025/26,2025-11-01 15:00:00+00:00,10,Brighton & Hove Albion FC,Leeds United FC,3,0
2025/26,2025-11-01 15:00:00+00:00,10,Crystal Palace FC,Brentford FC,2,0
2025/26,2025-11-01 15:00:00+00:00,10,Burnley FC,Arsenal FC,0,2
2025/26,2025-11-01 15:00:00+00:00,10,Fulham FC,Wolverhampton Wanderers FC,3,0
2025/26,2025-11-01 15:00:00+00:00,10,Nottingham Forest FC,Manchester United FC,2,2
2025/26,2025-11-01 17:30:00+00:00,10,Tottenham Hotspur FC,Chelsea FC,0,1
2025/26,2025-11-01 20:00:00+00:00,10,Liverpool FC,Aston Villa FC,2,0
2025/26,2025-11-02 14:00:00+00:00,10,West Ham United FC,Newcastle United FC,3,1
2025/26,2025-11-02 16:30:00+00:00,10,Manchester City FC,AFC Bournemouth,3,1
2025/26,2025-11-03 20:00:00+00:00,10,Sunderland AFC,Everton FC,1,1
2025/26,2025-11-08 12:30:00+00:00,11,Tottenham Hotspur FC,Manchester United FC,2,2
2025/26,2025-11-08 15:00:00+00:00,11,Everton FC,Fulham FC,2,0
2025/26,2025-11-08 15:00:00+00:00,11,West Ham United FC,Burnley FC,3,2
2025/26,2025-11-08 17:30:00+00:00,11,Sunderland AFC,Arsenal FC,2,2
2025/26,2025-11-08 20:00:00+00:00,11,Chelsea FC,Wolverhampton Wanderers FC,3,0
2025/26,2025-11-09 14:00:00+00:00,11,Aston Villa FC,AFC Bournemouth,4,0
2025/26,2025-11-09 14:00:00+00:00,11,Crystal Palace FC,Brighton & Hove Albion FC,0,0
2025/26,2025-11-09 14:00:00+00:00,11,Brentford FC,Newcastle United FC,3,1
2025/26,2025-11-09 14:00:00+00:00,11,Nottingham Forest FC,Leeds United FC,3,1
2025/26,2025-11-09 16:30:00+00:00,11,Manchester City FC,Liverpool FC,3,0
2025/26,2025-11-22 12:30:00+00:00,12,Burnley FC,Chelsea FC,0,2
2025/26,2025-11-22 15:00:00+00:00,12,AFC Bournemouth,West Ham United FC,2,2
2025/26,2025-11-22 15:00:00+00:00,12,Brighton & Hove Albion FC,Brentford FC,2,1
2025/26,2025-11-22 15:00:00+00:00,12,Fulham FC,Sunderland AFC,1,0
2025/26,2025-11-22 15:00:00+00:00,12,Liverpool FC,Nottingham Forest FC,0,3
2025/26,2025-11-22 15:00:00+00:00,12,Wolverhampton Wanderers FC,Crystal Palace FC,0,2
2025/26,2025-11-22 17:30:00+00:00,12,Newcastle United FC,Manchester City FC,2,1
2025/26,2025-11-23 14:00:00+00:00,12,Leeds United FC,Aston Villa FC,1,2
2025/26,2025-11-23 16:30:00+00:00,12,Arsenal FC,Tottenham Hotspur FC,4,1
2025/26,2025-11-24 20:00:00+00:00,12,Manchester United FC,Everton FC,0,1
2025/26,2025-11-29 15:00:00+00:00,13,Sunderland AFC,AFC Bournemouth,3,2
2025/26,2025-11-29 15:00:00+00:00,13,Brentford FC,Burnley FC,3,1
2025/26,2025-11-29 15:00:00+00:00,13,Manchester City FC,Leeds United FC,3,2
2025/26,2025-11-29 17:30:00+00:00,13,Everton FC,Newcastle United FC,1,4
2025/26,2025-11-29 20:00:00+00:00,13,Tottenham Hotspur FC,Fulham FC,1,2
2025/26,2025-11-30 12:00:00+00:00,13,Crystal Palace FC,Manchester United FC,1,2
2025/26,2025-11-30 14:05:00+00:00,13,Aston Villa FC,Wolverhampton Wanderers FC,1,0
2025/26,2025-11-30 14:05:00+00:00,13,Nottingham Forest FC,Brighton & Hove Albion FC,0,2
2025/26,2025-11-30 14:05:00+00:00,13,West Ham United FC,Liverpool FC,0,2
2025/26,2025-11-30 16:30:00+00:00,13,Chelsea FC,Arsenal FC,1,1
2025/26,2025-12-02 19:30:00+00:00,14,AFC Bournemouth,Everton FC,0,1
2025/26,2025-12-02 19:30:00+00:00,14,Fulham FC,Manchester City FC,4,5
2025/26,2025-12-02 20:15:00+00:00,14,Newcastle United FC,Tottenham Hotspur FC,2,2
2025/26,2025-12-03 19:30:00+00:00,14,Arsenal FC,Brentford FC,2,0
2025/26,2025-12-03 19:30:00+00:00,14,Wolverhampton Wanderers FC,Nottingham Forest FC,0,1
2025/26,2025-12-03 19:30:00+00:00,14,Brighton & Hove Albion FC,Aston Villa FC,3,4
2025/26,2025-12-03 19:30:00+00:00,14,Burnley FC,Crystal Palace FC,0,1
2025/26,2025-12-03 20:15:00+00:00,14,Liverpool FC,Sunderland AFC,1,1
2025/26,2025-12-03 20:15:00+00:00,14,Leeds United FC,Chelsea FC,3,1
2025/26,2025-12-04 20:00:00+00:00,14,Manchester United FC,West Ham United FC,1,1
2025/26,2025-12-06 12:30:00+00:00,15,Aston Villa FC,Arsenal FC,2,1
2025/26,2025-12-06 15:00:00+00:00,15,AFC Bournemouth,Chelsea FC,0,0
2025/26,2025-12-06 15:00:00+00:00,15,Everton FC,Nottingham Forest FC,3,0
2025/26,2025-12-06 15:00:00+00:00,15,Manchester City FC,Sunderland AFC,3,0
2025/26,2025-12-06 15:00:00+00:00,15,Newcastle United FC,Burnley FC,2,1
2025/26,2025-12-06 15:00:00+00:00,15,Tottenham Hotspur FC,Brentford FC,2,0
2025/26,2025-12-06 17:30:00+00:00,15,Leeds United FC,Liverpool FC,3,3
2025/26,2025-12-07 14:00:00+00:00,15,Brighton & Hove Albion FC,West Ham United FC,1,1
2025/26,2025-12-07 16:30:00+00:00,15,Fulham FC,Crystal Palace FC,1,2
2025/26,2025-12-08 20:00:00+00:00,15,Wolverhampton Wanderers FC,Manchester United FC,1,4
2025/26,2025-12-13 15:00:00+00:00,16,Liverpool FC,Brighton & Hove Albion FC,2,0
2025/26,2025-12-13 15:00:00+00:00,16,Chelsea FC,Everton FC,2,0
2025/26,2025-12-13 17:30:00+00:00,16,Burnley FC,Fulham FC,2,3
2025/26,2025-12-13 20:00:00+00:00,16,Arsenal FC,Wolverhampton Wanderers FC,2,1
2025/26,2025-12-14 14:00:00+00:00,16,Sunderland AFC,Newcastle United FC,1,0
2025/26,2025-12-14 14:00:00+00:00,16,Crystal Palace FC,Manchester City FC,0,3
2025/26,2025-12-14 14:00:00+00:00,16,Nottingham Forest FC,Tottenham Hotspur FC,3,0
2025/26,2025-12-14 14:00:00+00:00,16,West Ham United FC,Aston Villa FC,2,3
2025/26,2025-12-14 16:30:00+00:00,16,Brentford FC,Leeds United FC,1,1
2025/26,2025-12-15 20:00:00+00:00,16,Manchester United FC,AFC Bournemouth,4,4
2025/26,2025-12-20 12:30:00+00:00,17,Newcastle United FC,Chelsea FC,2,2
2025/26,2025-12-20 15:00:00+00:00,17,AFC Bournemouth,Burnley FC,1,1
2025/26,2025-12-20 15:00:00+00:00,17,Brighton & Hove Albion FC,Sunderland AFC,0,0
2025/26,2025-12-20 15:00:00+00:00,17,Manchester City FC,West Ham United FC,3,0
2025/26,2025-12-20 15:00:00+00:00,17,Wolverhampton Wanderers FC,Brentford FC,0,2
2025/26,2025-12-20 17:30:00+00:00,17,Tottenham Hotspur FC,Liverpool FC,1,2
2025/26,2025-12-20 20:00:00+00:00,17,Leeds United FC,Crystal Palace FC,4,1
2025/26,2025-12-20 20:00:00+00:00,17,Everton FC,Arsenal FC,0,1
2025/26,2025-12-21 16:30:00+00:00,17,Aston Villa FC,Manchester United FC,2,1
2025/26,2025-12-22 20:00:00+00:00,17,Fulham FC,Nottingham Forest FC,1,0
2025/26,2025-12-26 20:00:00+00:00,18,Manchester United FC,Newcastle United FC,1,0
2025/26,2025-12-27 12:30:00+00:00,18,Nottingham Forest FC,Manchester City FC,1,2
2025/26,2025-12-27 15:00:00+00:00,18,Arsenal FC,Brighton & Hove Albion FC,2,1
2025/26,2025-12-27 15:00:00+00:00,18,Brentford FC,AFC Bournemouth,4,1
2025/26,2025-12-27 15:00:00+00:00,18,Burnley FC,Everton FC,0,0
2025/26,2025-12-27 15:00:00+00:00,18,Liverpool FC,Wolverhampton Wanderers FC,2,1
2025/26,2025-12-27 15:00:00+00:00,18,West Ham United FC,Fulham FC,0,1
2025/26,2025-12-27 17:30:00+00:00,18,Chelsea FC,Aston Villa FC,1,2
2025/26,2025-12-28 14:00:00+00:00,18,Sunderland AFC,Leeds United FC,1,1
2025/26,2025-12-28 16:30:00+00:00,18,Crystal Palace FC,Tottenham Hotspur FC,0,1
2025/26,2025-12-30 19:30:00+00:00,19,Burnley FC,Newcastle United FC,1,3
2025/26,2025-12-30 19:30:00+00:00,19,Chelsea FC,AFC Bournemouth,2,2
2025/26,2025-12-30 19:30:00+00:00,19,Nottingham Forest FC,Everton FC,0,2
2025/26,2025-12-30 19:30:00+00:00,19,West Ham United FC,Brighton & Hove Albion FC,2,2
2025/26,2025-12-30 20:15:00+00:00,19,Arsenal FC,Aston Villa FC,4,1
2025/26,2025-12-30 20:15:00+00:00,19,Manchester United FC,Wolverhampton Wanderers FC,1,1
2025/26,2026-01-01 17:30:00+00:00,19,Liverpool FC,Leeds United FC,0,0
2025/26,2026-01-01 17:30:00+00:00,19,Crystal Palace FC,Fulham FC,1,1
2025/26,2026-01-01 20:00:00+00:00,19,Sunderland AFC,Manchester City FC,0,0
2025/26,2026-01-01 20:00:00+00:00,19,Brentford FC,Tottenham Hotspur FC,0,0
2025/26,2026-01-03 12:30:00+00:00,20,Aston Villa FC,Nottingham Forest FC,3,1
2025/26,2026-01-03 15:00:00+00:00,20,Brighton & Hove Albion FC,Burnley FC,2,0
2025/26,2026-01-03 15:00:00+00:00,20,Wolverhampton Wanderers FC,West Ham United FC,3,0
2025/26,2026-01-03 17:30:00+00:00,20,AFC Bournemouth,Arsenal FC,2,3
2025/26,2026-01-04 12:30:00+00:00,20,Leeds United FC,Manchester United FC,1,1
2025/26,2026-01-04 15:00:00+00:00,20,Everton FC,Brentford FC,2,4
2025/26,2026-01-04 15:00:00+00:00,20,Newcastle United FC,Crystal Palace FC,2,0
2025/26,2026-01-04 15:00:00+00:00,20,Tottenham Hotspur FC,Sunderland AFC,1,1
2025/26,2026-01-04 15:15:00+00:00,20,Fulham FC,Liverpool FC,2,2
2025/26,2026-01-04 17:30:00+00:00,20,Manchester City FC,Chelsea FC,1,1
2025/26,2026-01-06 20:00:00+00:00,21,West Ham United FC,Nottingham Forest FC,1,2
2025/26,2026-01-07 19:30:00+00:00,21,Manchester City FC,Brighton & Hove Albion FC,1,1
2025/26,2026-01-07 19:30:00+00:00,21,Fulham FC,Chelsea FC,2,1
2025/26,2026-01-07 19:30:00+00:00,21,Everton FC,Wolverhampton Wanderers FC,1,1
2025/26,2026-01-07 19:30:00+00:00,21,Crystal Palace FC,Aston Villa FC,0,0
2025/26,2026-01-07 19:30:00+00:00,21,Brentford FC,Sunderland AFC,3,0
2025/26,2026-01-07 19:30:00+00:00,21,AFC Bournemouth,Tottenham Hotspur FC,3,2
2025/26,2026-01-07 20:15:00+00:00,21,Burnley FC,Manchester United FC,2,2
2025/26,2026-01-07 20:15:00+00:00,21,Newcastle United FC,Leeds United FC,4,3
2025/26,2026-01-08 20:00:00+00:00,21,Arsenal FC,Liverpool FC,0,0
2025/26,2026-01-17 12:30:00+00:00,22,Manchester United FC,Manchester City FC,2,0
2025/26,2026-01-17 15:00:00+00:00,22,Sunderland AFC,Crystal Palace FC,2,1
2025/26,2026-01-17 15:00:00+00:00,22,Chelsea FC,Brentford FC,2,0
2025/26,2026-01-17 15:00:00+00:00,22,Liverpool FC,Burnley FC,1,1
2025/26,2026-01-17 15:00:00+00:00,22,Leeds United FC,Fulham FC,1,0
2025/26,2026-01-17 15:00:00+00:00,22,Tottenham Hotspur FC,West Ham United FC,1,2
2025/26,2026-01-17 17:30:00+00:00,22,Nottingham Forest FC,Arsenal FC,0,0
2025/26,2026-01-18 14:00:00+00:00,22,Wolverhampton Wanderers FC,Newcastle United FC,0,0
2025/26,2026-01-18 16:30:00+00:00,22,Aston Villa FC,Everton FC,0,1
2025/26,2026-01-19 20:00:00+00:00,22,Brighton & Hove Albion FC,AFC Bournemouth,1,1
2025/26,2026-01-24 12:30:00+00:00,23,West Ham United FC,Sunderland AFC,3,1
2025/26,2026-01-24 15:00:00+00:00,23,Manchester City FC,Wolverhampton Wanderers FC,2,0
2025/26,2026-01-24 15:00:00+00:00,23,Fulham FC,Brighton & Hove Albion FC,2,1
2025/26,2026-01-24 15:00:00+00:00,23,Burnley FC,Tottenham Hotspur FC,2,2
2025/26,2026-01-24 17:30:00+00:00,23,AFC Bournemouth,Liverpool FC,3,2
2025/26,2026-01-25 14:00:00+00:00,23,Crystal Palace FC,Chelsea FC,1,3
2025/26,2026-01-25 14:00:00+00:00,23,Brentford FC,Nottingham Forest FC,0,2
2025/26,2026-01-25 14:00:00+00:00,23,Newcastle United FC,Aston Villa FC,0,2
2025/26,2026-01-25 16:30:00+00:00,23,Arsenal FC,Manchester United FC,2,3
2025/26,2026-01-26 20:00:00+00:00,23,Everton FC,Leeds United FC,1,1
2025/26,2026-01-31 15:00:00+00:00,24,Brighton & Hove Albion FC,Everton FC,1,1
2025/26,2026-01-31 15:00:00+00:00,24,Leeds United FC,Arsenal FC,0,4
2025/26,2026-01-31 15:00:00+00:00,24,Wolverhampton Wanderers FC,AFC Bournemouth,0,2
2025/26,2026-01-31 17:30:00+00:00,24,Chelsea FC,West Ham United FC,3,2
2025/26,2026-01-31 20:00:00+00:00,24,Liverpool FC,Newcastle United FC,4,1
2025/26,2026-02-01 14:00:00+00:00,24,Aston Villa FC,Brentford FC,0,1
2025/26,2026-02-01 14:00:00+00:00,24,Manchester United FC,Fulham FC,3,2
2025/26,2026-02-01 14:00:00+00:00,24,Nottingham Forest FC,Crystal Palace FC,1,1
2025/26,2026-02-01 16:30:00+00:00,24,Tottenham Hotspur FC,Manchester City FC,2,2
2025/26,2026-02-02 20:00:00+00:00,24,Sunderland AFC,Burnley FC,3,0
2025/26,2026-02-06 20:00:00+00:00,25,Leeds United FC,Nottingham Forest FC,3,1
2025/26,2026-02-07 12:30:00+00:00,25,Manchester United FC,Tottenham Hotspur FC,2,0
2025/26,2026-02-07 15:00:00+00:00,25,Wolverhampton Wanderers FC,Chelsea FC,1,3
2025/26,2026-02-07 15:00:00+00:00,25,Fulham FC,Everton FC,1,2
2025/26,2026-02-07 15:00:00+00:00,25,AFC Bournemouth,Aston Villa FC,1,1
2025/26,2026-02-07 15:00:00+00:00,25,Arsenal FC,Sunderland AFC,3,0
2025/26,2026-02-07 15:00:00+00:00,25,Burnley FC,West Ham United FC,0,2
2025/26,2026-02-07 17:30:00+00:00,25,Newcastle United FC,Brentford FC,2,3
2025/26,2026-02-08 14:00:00+00:00,25,Brighton & Hove Albion FC,Crystal Palace FC,0,1
2025/26,2026-02-08 16:30:00+00:00,25,Liverpool FC,Manchester City FC,1,2
2025/26,2026-02-10 19:30:00+00:00,26,Chelsea FC,Leeds United FC,2,2
2025/26,2026-02-10 19:30:00+00:00,26,Everton FC,AFC Bournemouth,1,2
2025/26,2026-02-10 19:30:00+00:00,26,Tottenham Hotspur FC,Newcastle United FC,1,2
2025/26,2026-02-10 20:15:00+00:00,26,West Ham United FC,Manchester United FC,1,1
2025/26,2026-02-11 19:30:00+00:00,26,Aston Villa FC,Brighton & Hove Albion FC,1,0
2025/26,2026-02-11 19:30:00+00:00,26,Manchester City FC,Fulham FC,3,0
2025/26,2026-02-11 19:30:00+00:00,26,Nottingham Forest FC,Wolverhampton Wanderers FC,0,0
2025/26,2026-02-11 19:40:00+00:00,26,Crystal Palace FC,Burnley FC,2,3
2025/26,2026-02-11 20:15:00+00:00,26,Sunderland AFC,Liverpool FC,0,1
2025/26,2026-02-12 20:00:00+00:00,26,Brentford FC,Arsenal FC,1,1
2025/26,2026-02-18 20:00:00+00:00,31,Wolverhampton Wanderers FC,Arsenal FC,2,2
2025/26,2026-02-21 15:00:00+00:00,27,Aston Villa FC,Leeds United FC,1,1
2025/26,2026-02-21 15:00:00+00:00,27,Brentford FC,Brighton & Hove Albion FC,0,2
2025/26,2026-02-21 15:00:00+00:00,27,Chelsea FC,Burnley FC,1,1
2025/26,2026-02-21 17:30:00+00:00,27,West Ham United FC,AFC Bournemouth,0,0
2025/26,2026-02-21 20:00:00+00:00,27,Manchester City FC,Newcastle United FC,2,1
2025/26,2026-02-22 14:00:00+00:00,27,Sunderland AFC,Fulham FC,1,3
2025/26,2026-02-22 14:00:00+00:00,27,Crystal Palace FC,Wolverhampton Wanderers FC,1,0
2025/26,2026-02-22 14:00:00+00:00,27,Nottingham Forest FC,Liverpool FC,0,1
2025/26,2026-02-22 16:30:00+00:00,27,Tottenham Hotspur FC,Arsenal FC,1,4
2025/26,2026-02-23 20:00:00+00:00,27,Everton FC,Manchester United FC,0,1
2025/26,2026-02-27 20:00:00+00:00,28,Wolverhampton Wanderers FC,Aston Villa FC,2,0
2025/26,2026-02-28 12:30:00+00:00,28,AFC Bournemouth,Sunderland AFC,1,1
2025/26,2026-02-28 15:00:00+00:00,28,Newcastle United FC,Everton FC,2,3
2025/26,2026-02-28 15:00:00+00:00,28,Liverpool FC,West Ham United FC,5,2
2025/26,2026-02-28 15:00:00+00:00,28,Burnley FC,Brentford FC,3,4
2025/26,2026-02-28 17:30:00+00:00,28,Leeds United FC,Manchester City FC,0,1
2025/26,2026-03-01 14:00:00+00:00,28,Fulham FC,Tottenham Hotspur FC,2,1
2025/26,2026-03-01 14:00:00+00:00,28,Manchester United FC,Crystal Palace FC,2,1
2025/26,2026-03-01 14:00:00+00:00,28,Brighton & Hove Albion FC,Nottingham Forest FC,2,1
2025/26,2026-03-01 16:30:00+00:00,28,Arsenal FC,Chelsea FC,2,1
2025/26,2026-03-03 19:30:00+00:00,29,AFC Bournemouth,Brentford FC,0,0
2025/26,2026-03-03 19:30:00+00:00,29,Everton FC,Burnley FC,2,0
2025/26,2026-03-03 19:30:00+00:00,29,Leeds United FC,Sunderland AFC,0,1
2025/26,2026-03-03 20:15:00+00:00,29,Wolverhampton Wanderers FC,Liverpool FC,2,1
2025/26,2026-03-04 19:30:00+00:00,29,Aston Villa FC,Chelsea FC,1,4
2025/26,2026-03-04 19:30:00+00:00,29,Brighton & Hove Albion FC,Arsenal FC,0,1
2025/26,2026-03-04 19:30:00+00:00,29,Fulham FC,West Ham United FC,0,1
2025/26,2026-03-04 19:30:00+00:00,29,Manchester City FC,Nottingham Forest FC,2,2
2025/26,2026-03-04 20:15:00+00:00,29,Newcastle United FC,Manchester United FC,2,1
2025/26,2026-03-05 20:00:00+00:00,29,Tottenham Hotspur FC,Crystal Palace FC,1,3
2025/26,2026-03-14 15:00:00+00:00,30,Burnley FC,AFC Bournemouth,0,0
2025/26,2026-03-14 15:00:00+00:00,30,Sunderland AFC,Brighton & Hove Albion FC,0,1
2025/26,2026-03-14 17:30:00+00:00,30,Arsenal FC,Everton FC,2,0
2025/26,2026-03-14 17:30:00+00:00,30,Chelsea FC,Newcastle United FC,0,1
2025/26,2026-03-14 20:00:00+00:00,30,West Ham United FC,Manchester City FC,1,1
2025/26,2026-03-15 14:00:00+00:00,30,Crystal Palace FC,Leeds United FC,0,0
2025/26,2026-03-15 14:00:00+00:00,30,Manchester United FC,Aston Villa FC,3,1
2025/26,2026-03-15 14:00:00+00:00,30,Nottingham Forest FC,Fulham FC,0,0
2025/26,2026-03-15 16:30:00+00:00,30,Liverpool FC,Tottenham Hotspur FC,1,1
2025/26,2026-03-16 20:00:00+00:00,30,Brentford FC,Wolverhampton Wanderers FC,2,2
2025/26,2026-03-20 20:00:00+00:00,31,AFC Bournemouth,Manchester United FC,2,2
2025/26,2026-03-21 12:45:00+00:00,31,Brighton & Hove Albion FC,Liverpool FC,2,1
2025/26,2026-03-21 15:00:00+00:00,31,Fulham FC,Burnley FC,3,1
2025/26,2026-03-21 17:30:00+00:00,31,Everton FC,Chelsea FC,3,0
2025/26,2026-03-21 20:00:00+00:00,31,Leeds United FC,Brentford FC,0,0
2025/26,2026-03-22 12:00:00+00:00,31,Newcastle United FC,Sunderland AFC,1,2
2025/26,2026-03-22 14:15:00+00:00,31,Aston Villa FC,West Ham United FC,2,0
2025/26,2026-03-22 14:15:00+00:00,31,Tottenham Hotspur FC,Nottingham Forest FC,0,3
2025/26,2026-04-10 19:00:00+00:00,32,West Ham United FC,Wolverhampton Wanderers FC,4,0
2025/26,2026-04-11 11:30:00+00:00,32,Arsenal FC,AFC Bournemouth,1,2
2025/26,2026-04-11 14:00:00+00:00,32,Burnley FC,Brighton & Hove Albion FC,0,2
2025/26,2026-04-11 14:00:00+00:00,32,Brentford FC,Everton FC,2,2
2025/26,2026-04-11 16:30:00+00:00,32,Liverpool FC,Fulham FC,2,0
2025/26,2026-04-12 13:00:00+00:00,32,Sunderland AFC,Tottenham Hotspur FC,1,0
2025/26,2026-04-12 13:00:00+00:00,32,Crystal Palace FC,Newcastle United FC,2,1
2025/26,2026-04-12 13:00:00+00:00,32,Nottingham Forest FC,Aston Villa FC,1,1
2025/26,2026-04-12 15:30:00+00:00,32,Chelsea FC,Manchester City FC,0,3
2025/26,2026-04-13 19:00:00+00:00,32,Manchester United FC,Leeds United FC,1,2
2025/26,2026-04-18 11:30:00+00:00,33,Brentford FC,Fulham FC,0,0
2025/26,2026-04-18 14:00:00+00:00,33,Newcastle United FC,AFC Bournemouth,1,2
2025/26,2026-04-18 14:00:00+00:00,33,Leeds United FC,Wolverhampton Wanderers FC,3,0
2025/26,2026-04-18 16:30:00+00:00,33,Tottenham Hotspur FC,Brighton & Hove Albion FC,2,2
2025/26,2026-04-18 19:00:00+00:00,33,Chelsea FC,Manchester United FC,0,1
2025/26,2026-04-19 13:00:00+00:00,33,Nottingham Forest FC,Burnley FC,4,1
2025/26,2026-04-19 13:00:00+00:00,33,Aston Villa FC,Sunderland AFC,4,3
2025/26,2026-04-19 13:00:00+00:00,33,Everton FC,Liverpool FC,1,2
2025/26,2026-04-19 15:30:00+00:00,33,Manchester City FC,Arsenal FC,2,1
2025/26,2026-04-20 19:00:00+00:00,33,Crystal Palace FC,West Ham United FC,0,0
2025/26,2026-04-21 19:00:00+00:00,34,Brighton & Hove Albion FC,Chelsea FC,3,0
2025/26,2026-04-22 19:00:00+00:00,34,Burnley FC,Manchester City FC,0,1
2025/26,2026-04-22 19:00:00+00:00,34,AFC Bournemouth,Leeds United FC,2,2
2025/26,2026-04-24 19:00:00+00:00,34,Sunderland AFC,Nottingham Forest FC,0,5
2025/26,2026-04-25 11:30:00+00:00,34,Fulham FC,Aston Villa FC,1,0
2025/26,2026-04-25 14:00:00+00:00,34,Liverpool FC,Crystal Palace FC,3,1
2025/26,2026-04-25 14:00:00+00:00,34,West Ham United FC,Everton FC,2,1
2025/26,2026-04-25 14:00:00+00:00,34,Wolverhampton Wanderers FC,Tottenham Hotspur FC,0,1
2025/26,2026-04-25 16:30:00+00:00,34,Arsenal FC,Newcastle United FC,1,0
2025/26,2026-04-27 19:00:00+00:00,34,Manchester United FC,Brentford FC,2,1
2025/26,2026-05-01 19:00:00+00:00,35,Leeds United FC,Burnley FC,3,1
2025/26,2026-05-02 14:00:00+00:00,35,Brentford FC,West Ham United FC,3,0
2025/26,2026-05-02 14:00:00+00:00,35,Newcastle United FC,Brighton & Hove Albion FC,3,1
2025/26,2026-05-02 14:00:00+00:00,35,Wolverhampton Wanderers FC,Sunderland AFC,1,1
2025/26,2026-05-02 16:30:00+00:00,35,Arsenal FC,Fulham FC,3,0
2025/26,2026-05-03 13:00:00+00:00,35,AFC Bournemouth,Crystal Palace FC,3,0
2025/26,2026-05-03 14:30:00+00:00,35,Manchester United FC,Liverpool FC,3,2
2025/26,2026-05-03 18:00:00+00:00,35,Aston Villa FC,Tottenham Hotspur FC,1,2
2025/26,2026-05-04 14:00:00+00:00,35,Chelsea FC,Nottingham Forest FC,1,3
2025/26,2026-05-04 19:00:00+00:00,35,Everton FC,Manchester City FC,3,3
2025/26,2026-05-09 11:30:00+00:00,36,Liverpool FC,Chelsea FC,1,1
2025/26,2026-05-09 14:00:00+00:00,36,Sunderland AFC,Manchester United FC,0,0
2025/26,2026-05-09 14:00:00+00:00,36,Brighton & Hove Albion FC,Wolverhampton Wanderers FC,3,0
2025/26,2026-05-09 14:00:00+00:00,36,Fulham FC,AFC Bournemouth,0,1
2025/26,2026-05-09 16:30:00+00:00,36,Manchester City FC,Brentford FC,3,0
2025/26,2026-05-10 13:00:00+00:00,36,Crystal Palace FC,Everton FC,2,2
2025/26,2026-05-10 13:00:00+00:00,36,Burnley FC,Aston Villa FC,2,2
2025/26,2026-05-10 13:00:00+00:00,36,Nottingham Forest FC,Newcastle United FC,1,1
2025/26,2026-05-10 15:30:00+00:00,36,West Ham United FC,Arsenal FC,0,1
2025/26,2026-05-11 19:00:00+00:00,36,Tottenham Hotspur FC,Leeds United FC,1,1
2025/26,2026-05-13 19:00:00+00:00,31,Manchester City FC,Crystal Palace FC,3,0
2025/26,2026-05-15 19:00:00+00:00,37,Aston Villa FC,Liverpool FC,4,2
2025/26,2026-05-17 11:30:00+00:00,37,Manchester United FC,Nottingham Forest FC,3,2
2025/26,2026-05-17 14:00:00+00:00,37,Wolverhampton Wanderers FC,Fulham FC,1,1
2025/26,2026-05-17 14:00:00+00:00,37,Leeds United FC,Brighton & Hove Albion FC,1,0
2025/26,2026-05-17 14:00:00+00:00,37,Brentford FC,Crystal Palace FC,2,2
2025/26,2026-05-17 14:00:00+00:00,37,Everton FC,Sunderland AFC,1,3
2025/26,2026-05-17 16:30:00+00:00,37,Newcastle United FC,West Ham United FC,3,1
2025/26,2026-05-18 19:00:00+00:00,37,Arsenal FC,Burnley FC,1,0
2025/26,2026-05-19 18:30:00+00:00,37,AFC Bournemouth,Manchester City FC,1,1
2025/26,2026-05-19 19:15:00+00:00,37,Chelsea FC,Tottenham Hotspur FC,2,1
2025/26,2026-05-24 15:00:00+00:00,38,Sunderland AFC,Chelsea FC,2,1
2025/26,2026-05-24 15:00:00+00:00,38,Brighton & Hove Albion FC,Manchester United FC,0,3
2025/26,2026-05-24 15:00:00+00:00,38,Crystal Palace FC,Arsenal FC,1,2
2025/26,2026-05-24 15:00:00+00:00,38,Burnley FC,Wolverhampton Wanderers FC,1,1
2025/26,2026-05-24 15:00:00+00:00,38,Fulham FC,Newcastle United FC,2,0
2025/26,2026-05-24 15:00:00+00:00,38,Liverpool FC,Brentford FC,1,1
2025/26,2026-05-24 15:00:00+00:00,38,Manchester City FC,Aston Villa FC,1,2
2025/26,2026-05-24 15:00:00+00:00,38,Nottingham Forest FC,AFC Bournemouth,1,1
2025/26,2026-05-24 15:00:00+00:00,38,Tottenham Hotspur FC,Everton FC,1,0
2025/26,2026-05-24 15:00:00+00:00,38,West Ham United FC,Leeds United FC,3,0
